first_seen_at,module,version
2026-09-24T17:19:20.403032Z,github.com/zitadel/zitadel,v1.80.0-v2.20.0.20260717062331-baf6ed501b68
2026-09-24T17:19:20.811952Z,github.com/wyma/wym,v0.0.0-20260924164428-0438fccb13c0
2026-09-24T17:19:21.376297Z,github.com/GoogleCloudPlatform/opentelemetry-operations-collector,v0.0.0-20260924163310-492a1b1cbbb8
2026-09-24T17:19:21.667449Z,github.com/shouni/go-remote-io,v1.13.0
2026-09-24T17:19:24.144121Z,github.com/volkanceylan/Serenity,v0.0.0-20260924165754-295bddab8191
2026-09-24T17:19:25.320274Z,github.com/PratikKumar125/go-microservices,v0.0.0-20250516130926-a17978e0a945
2026-09-24T17:19:26.426622Z,github.com/scttnlsn/tree.js,v0.1.3-0.20260916160509-e310c42f3402
2026-09-24T17:19:27.122301Z,github.com/fernandez14/go-siftscience,v0.0.0-20160319212922-a71bc26fcb07
2026-09-24T17:19:27.62134Z,github.com/grafana/shared-workflows/actions/trigger-argo-workflow,v0.0.0-20260924171214-f6df5e35ed37
2026-09-24T17:19:27.996001Z,github.com/prattlOrg/go-pyenv,v0.2.3-0.20241029210555-965d356859f8
2026-09-24T17:19:28.38964Z,github.com/PratikforCoding/chirpy,v0.0.0-20230911181633-6cbb510e45c7
2026-09-24T17:19:31.668131Z,github.com/ungerik/go-httpx,v0.0.0-20170625165119-9b91eda6a730
2026-09-24T17:19:31.903975Z,github.com/open-markets-initiative/wireshark-lua,v0.0.0-20260924171736-0cd1a9ca6e4d
2026-09-24T17:19:32.925904Z,github.com/trustoverip/dtgwg-trust-tasks-tf/trust-tasks-go,v0.2.7
2026-09-24T17:19:33.259688Z,k8s.io/cloud-provider-azure,v1.34.1-0.20260924065016-1f871d0ec83c
2026-09-24T17:19:36.309005Z,github.com/TencentBlueKing/bkmonitor-datalink/pkg/collector/example/tars,v0.0.0-20260924085143-8c3c859f0fd2
2026-09-24T17:19:36.781018Z,github.com/PratyushTripathy/pyrsgis,v0.3.4-0.20250531011915-e5c17804d0ab
2026-09-24T17:19:37.153021Z,github.com/stevendborrelli/crossplane-runtime/v2,v2.0.0-20260924171919-0ac039011740
2026-09-24T17:19:38.515996Z,buf.build/gen/go/idmission/data-glossary/protocolbuffers/go,v1.34.2-20260917071411-8472f02484e8.1
2026-09-24T17:19:40.46177Z,github.com/zhyonc/TMSLauncher,v2.1.1+incompatible
2026-09-24T17:19:43.335111Z,github.com/sdr-enthusiasts/docker-shipfeeder,v0.0.0-20260924143342-91dc850de485
2026-09-24T17:19:45.457125Z,github.com/eweitnauer/tree.js,v1.1.0
2026-09-24T17:19:47.882288Z,github.com/redpanda-data/redpanda-operator/alias,v0.0.0-20260924160423-f909da885963
2026-09-24T17:19:50.706738Z,github.com/systicore/systicore_go/fiberv3,v0.1.0
2026-09-24T17:19:50.741214Z,github.com/kubereboot/kured,v0.0.0-20260924171011-d0c4091d7566
2026-09-24T17:19:50.842246Z,github.com/shouni/gcp-kit,v1.20.0
2026-09-24T17:19:51.53877Z,buf.build/gen/go/viamrobotics/api/grpc/go,v1.6.2-20260924170714-ef8037d0310f.1
2026-09-24T17:19:51.978254Z,github.com/cloudfoundry/routing-release,v0.395.0
2026-09-24T17:19:52.416161Z,github.com/li0ard/kuznyechik,v0.1.1
2026-09-24T17:19:55.051982Z,github.com/kensho-technologies/check-more-types,v2.12.0+incompatible
2026-09-24T17:19:55.150929Z,github.com/PrairieLearn/PrairieLearn,v1.11.1-0.20260924140622-636792db6312
2026-09-24T17:19:55.59776Z,github.com/PRBonn/semantic-kitti-api,v0.0.0-20241018181657-b269bb43f37e
2026-09-24T17:19:56.049412Z,github.com/systicore/systicore_go/fiberv2,v0.1.0
2026-09-24T17:19:58.87759Z,github.com/lemmego/cli,v0.1.44
2026-09-24T17:20:01.531526Z,github.com/BekzatS8/KUB,v0.0.0-20260924171256-01d20622a59d
2026-09-24T17:20:04.184522Z,github.com/deicod/auth,v1.0.2
2026-09-24T17:20:05.712646Z,github.com/deckhouse/hugo-web-product-module,v0.1.27
2026-09-24T17:20:10.767626Z,github.com/prebid/Prebid.js,v0.0.0-20170508231110-32053f7e4ac2
2026-09-24T17:20:11.109059Z,github.com/nodeca/js-yaml,v0.0.0-20260731174630-ab85ae2c622b
2026-09-24T17:20:19.059741Z,github.com/kranz-org/kranz,v0.16.1
2026-09-24T17:20:25.67008Z,github.com/cychiang/xp-provider-gen,v0.0.0-20260924075913-830ff33cec81
2026-09-24T17:20:28.023257Z,github.com/dfandrich/testclutch,v0.0.0-20260923031401-b80ae0e6df52
2026-09-24T17:20:39.235738Z,github.com/googleapis/node-gtoken,v5.0.5+incompatible
2026-09-24T17:20:44.45832Z,github.com/hbai-ltd/toonflow-app,v2.0.0+incompatible
2026-09-24T17:20:47.759121Z,github.com/bigeasy/switch,v0.0.0-20130406160126-05137c676647
2026-09-24T17:20:49.536744Z,github.com/valkey-io/valkey-glide,v2.5.3+incompatible
2026-09-24T17:20:51.178584Z,github.com/rancher-sandbox/rancher-desktop/src/go/rdctl,v0.0.0-20260924172002-1817fef156ea
2026-09-24T17:20:51.74948Z,buf.build/gen/go/insecta/barqouq/grpc-ecosystem/gateway/v2,v2.30.0-20260924144154-b4ae639ab306.3
2026-09-24T17:20:55.580458Z,github.com/gentoo/gentoo,v0.0.0-20260924171831-94715e2ebaa4
2026-09-24T17:20:56.929488Z,github.com/openshift/enhancements,v0.0.0-20260924144448-ee587391fa6a
2026-09-24T17:20:57.943384Z,github.com/benjuh/stew,v1.8.5
2026-09-24T17:20:58.558832Z,kubeops.dev/kubed,v0.15.5
2026-09-24T17:21:00.041985Z,github.com/vcmi/vcmi,v0.0.0-20260924165616-c184eba1fd4b
2026-09-24T17:21:02.495045Z,github.com/kyma-project/telemetry-manager/internal/tools,v0.0.0-20260924172035-b908b138aab4
2026-09-24T17:21:06.828909Z,gitlab.freedesktop.org/poppler/poppler,v0.0.0-20260924143953-f2ef272f822f
2026-09-24T17:21:07.311685Z,github.com/sprout-foundry/sinter,v0.6.0
2026-09-24T17:21:08.081184Z,github.com/3-lines-studio/bifrost,v1.3.10-0.20260924172017-52e2a42f77d0
2026-09-24T17:21:11.49366Z,github.com/mstgnz/go-minio-cdn,v1.12.1
2026-09-24T17:21:11.797714Z,github.com/qwenlm/qwen-code,v0.24.5
2026-09-24T17:21:14.259529Z,github.com/google/android-cuttlefish/tools/baseimage,v0.0.0-20260924151255-ea0f180da553
2026-09-24T17:21:16.27028Z,github.com/aliyun/aliyun-openapi-meta,v0.0.0-20260924165935-7bac8d2cd7b0
2026-09-24T17:21:17.017002Z,github.com/loft-sh/vcluster-docs,v0.0.0-20260924171306-f266375a82db
2026-09-24T17:21:18.211177Z,github.com/open-cluster-management/backplane-operator,v0.0.0-20260924160628-d9c7ac3ba678
2026-09-24T17:21:19.807606Z,github.com/hashicorp/consul/internal/tools/protoc-gen-consul-rate-limit,v0.0.0-20260924072256-85cae40655a5
2026-09-24T17:21:25.431444Z,github.com/SumoLogic/sumologic-otel-collector/pkg/configprovider/globprovider,v0.149.0-sumo-0.0.20260421115209-dd931b89442d
2026-09-24T17:21:26.655443Z,github.com/e2b-dev/infra/packages/orchestrator,v0.0.0-20260924170709-d13ee7e0d194
2026-09-24T17:21:28.444038Z,github.com/plutext/docx4j,v0.0.0-20260923210327-8e8f6ea83eaa
2026-09-24T17:21:29.284947Z,github.com/enisdenjo/graphql-ws,v6.3.0+incompatible
2026-09-24T17:21:33.656293Z,github.com/kartikeyakotkar/nselib-go,v0.1.1-0.20260924171614-4d0e49db5b64
2026-09-24T17:21:34.763533Z,github.com/zerkereod/hashdom,v2.1.3-0.20260924141415-d8a27730afef+incompatible
2026-09-24T17:21:35.848743Z,kubestash.dev/installer,v0.0.0-20260924171102-e66b96196df3
2026-09-24T17:21:36.302019Z,github.com/keepSoftwareSimple/compass-calendar,v1.2.454
2026-09-24T17:21:37.376917Z,github.com/elastic/opentelemetry-collector-components/internal/tools,v0.0.0-20260924162932-e7df91e7b8e3
2026-09-24T17:21:39.13172Z,github.com/hashicorp/cap/saml,v0.0.0-20260924133822-6e94e71abe57
2026-09-24T17:21:43.499709Z,github.com/oxia-db/oxia,v0.17.2-0.20260924162541-ee734f3103a4
2026-09-24T17:21:46.641118Z,github.com/SumoLogic/sumologic-otel-collector/pkg/configprovider/providerutil,v0.149.0-sumo-0.0.20260421115209-dd931b89442d
2026-09-24T17:21:53.030331Z,github.com/pranavkv/goLib_v1,v1.0.1-0.20230810141726-e8d13db8a172
2026-09-24T17:21:53.466859Z,github.com/canonical/charm,v0.0.0-20260924160725-5b55b182fe4b
2026-09-24T17:21:54.891856Z,go.vanburen.xyz/buf-check-reserved-keywords,v0.0.0-20260924170743-aafc0428a892
2026-09-24T17:21:55.766716Z,github.com/nicksieger/obsidian-cli-mcp,v0.0.0-20260604141525-a7ceeb6d0ae7
2026-09-24T17:22:01.318832Z,github.com/gost-dom/browser,v0.11.1-0.20260507053748-38a93d009544
2026-09-24T17:22:03.355543Z,github.com/robshakir/robshakir,v0.0.0-20260924170744-27f36df5528c
2026-09-24T17:22:05.249334Z,github.com/sari3l/cve-Monitor,v0.0.0-20260924143741-efbf1a6e23cc
2026-09-24T17:22:11.383688Z,github.com/itchio/wharf,v0.0.0-20171212174931-ee4ac7ed553c
2026-09-24T17:22:13.501521Z,codeberg.org/Limine/Limine,v3.20221030.0+incompatible
2026-09-24T17:22:14.511716Z,github.com/inverse-inc/packetfence/go,v0.0.0-20260924134550-a312f9b25f0c
2026-09-24T17:22:26.041374Z,github.com/rabbitmq/rabbitmq-website,v0.0.0-20260924151523-6e7a5ff1cb50
2026-09-24T17:22:38.112089Z,github.com/pppscn/smsforwarder,v3.5.1-0.20260914064628-a3d23026f005+incompatible
2026-09-24T17:22:38.382155Z,github.com/eclipse-che/che-operator,v0.0.0-20260924154719-1cd5ea7e58aa
2026-09-24T17:22:46.076811Z,github.com/Gkrumbach07/openshell-dashboard,v0.0.0-20260923225712-71335e5d091e
2026-09-24T17:22:48.069112Z,go.uber.org/atomic,v0.0.0-20260921091749-2d2bdbd262f9
2026-09-24T17:22:49.227123Z,github.com/nvidia/nvcf,v0.0.0-20260924163812-3414c0333e45
2026-09-24T17:22:55.22541Z,bitbucket.org/_slace_/clients/go/crmapi,v0.0.0-20260924172153-e1c902cb5388
2026-09-24T17:22:56.484788Z,google.golang.org/grpc/cmd/protoc-gen-go-grpc,v1.6.3-0.20260924115737-1274845c21b3
2026-09-24T17:22:59.629123Z,github.com/NVIDIA/OpenShell/sdk/go,v0.0.0-20260924151008-e60098d74893
2026-09-24T17:23:03.227754Z,github.com/zeke/all-the-package-repos,v2.0.3150+incompatible
2026-09-24T17:23:05.194468Z,launchpad.net/bluez,v0.0.0-20260923165114-8b4a41760638
2026-09-24T17:23:05.926379Z,github.com/WymA/wym,v0.0.0-20260924164428-0438fccb13c0
2026-09-24T17:23:08.683891Z,github.com/gkrumbach07/openshell-dashboard,v0.0.0-20260923225712-71335e5d091e
2026-09-24T17:23:08.965937Z,github.com/heptio/ark,v0.0.0-20260924070247-dfabab70bf7f
2026-09-24T17:23:08.969596Z,buf.build/gen/go/brevdev/devplane/protocolbuffers/go,v1.36.11-20260924164119-c81218e75d92.1
2026-09-24T17:23:09.045696Z,go.uber.org/cadence,v0.0.0-20260923191046-efb293b250c0
2026-09-24T17:23:14.524811Z,github.com/project-oak/oak,v0.0.0-20260924170147-0db5a4fda57a
2026-09-24T17:23:18.418262Z,github.com/elagoht/collage,v0.10.0
2026-09-24T17:23:20.514565Z,launchpad.net/cloud-init,v0.0.0-20260923185322-ea16ec1eabde
2026-09-24T17:23:21.341853Z,github.com/jdx/usage/integrations/cobra,v0.0.0-20260924172236-2d88eaf1c32c
2026-09-24T17:23:21.644389Z,github.com/Gaurav-Gosain/tuios,v0.7.1-0.20260924121041-94dbf2bd82b3
2026-09-24T17:23:22.349293Z,github.com/jdx/usage/go,v0.0.0-20260924172236-2d88eaf1c32c
2026-09-24T17:23:34.45058Z,github.com/nimezhu/data,v0.0.0-20171218143352-8dad8ac7335a
2026-09-24T17:23:34.786584Z,codeberg.org/limine/limine,v3.0.3+incompatible
2026-09-24T17:23:37.716068Z,github.com/radare/radare2,v0.0.0-20260924170617-469956ed62d6
2026-09-24T17:23:38.711721Z,github.com/googollee/go-socket.io,v0.0.0-20150711134038-5525e3de4613
2026-09-24T17:23:38.837308Z,github.com/component/notification,v0.0.0-20150721184426-8f316d14d496
2026-09-24T17:23:41.485206Z,github.com/kolabse/KolabseCarsCan,v0.51.30
2026-09-24T17:23:41.633496Z,github.com/sonic-net/sonic-mgmt,v0.0.0-20260924170037-28eaf7c41c1f
2026-09-24T17:23:51.32434Z,launchpad.net/glibc,v0.0.0-20260923084916-04a3995650ec
2026-09-24T17:23:54.294396Z,aalyria.com/spacetime/nbi/resources,v1.0.1790267830-alpha.1790267830
2026-09-24T17:23:56.630718Z,github.com/mat-sz/upload,v1.3.2
2026-09-24T17:23:58.816532Z,github.com/Termux/termux-packages,v0.0.0-20260924171711-dc64d4d1fee8
2026-09-24T17:23:59.554665Z,launchpad.net/snapd,v0.0.0-20260924081818-d07ce96253ff
2026-09-24T17:24:00.838538Z,github.com/googlecloudplatform/k8s-config-connector,v0.0.0-20260924161331-d36aa42f52b6
2026-09-24T17:24:03.849518Z,github.com/facebook/fbthrift,v0.0.0-20260924163506-65cac7d641e9
2026-09-24T17:24:13.128914Z,github.com/lathoub/Arduino-AppleMidi-Library,v2.1.0+incompatible
2026-09-24T17:24:13.951896Z,github.com/0kaba0hub/go-xapian,v0.2.1-0.20260924171720-61fd5d6dec71
2026-09-24T17:24:16.069664Z,github.com/bomgar/fbmirrors,v0.0.5-0.20260901160919-6eb8b6d8a65d
2026-09-24T17:24:18.210919Z,github.com/OpenTollgate/tollgate-module-basic-go/src,v0.0.0-20260924170924-5dff568c9402
2026-09-24T17:24:19.942237Z,github.com/termux/termux-packages,v0.0.0-20260924171711-dc64d4d1fee8
2026-09-24T17:24:27.557093Z,github.com/Luzifer/sqlapi,v0.0.0-20260922194117-a3adea533e92
2026-09-24T17:24:27.634455Z,sigs.k8s.io/cluster-api-provider-vsphere/api,v1.17.0-rc.0.0.20260924124818-0c81134cad94
2026-09-24T17:24:29.603024Z,github.com/runtimeconditions/runtime-conditions-crd,v0.0.0-20260915085941-fc6753703f71
2026-09-24T17:24:39.889659Z,github.com/karman-digital/hubspot,v0.0.0-20260924170535-f4f7de1c19ca
2026-09-24T17:24:47.809524Z,aalyria.com/spacetime/scheduling,v1.0.1790267830-alpha.1790267830
2026-09-24T17:24:50.871814Z,github.com/depben/PT7C4339-RTC,v0.1.1-devel
2026-09-24T17:24:50.935843Z,github.com/Paymentbox-com/grpc-service-mesh-go,v0.4.0
2026-09-24T17:24:51.821946Z,github.com/CourtHive/competition-factory,v7.1.0+incompatible
2026-09-24T17:24:52.189044Z,github.com/GoogleCloudPlatform/k8s-config-connector,v0.0.0-20260924161331-d36aa42f52b6
2026-09-24T17:24:52.545074Z,github.com/pradumnasaraf/contributors,v1.9.3-0.20260923144641-c043a4ccea97
2026-09-24T17:24:54.983667Z,github.com/courthive/competition-factory,v7.1.0+incompatible
2026-09-24T17:25:02.77268Z,github.com/serverpod/serverpod,v0.0.0-20260924172010-e9374a55f050
2026-09-24T17:25:02.922438Z,github.com/genshinsim/gcsim,v1.15.2-0.20260924021439-3d48bd5044b2
2026-09-24T17:25:05.970581Z,github.com/inference-sh/agentprotocol,v0.10.0
2026-09-24T17:25:10.764289Z,github.com/marimo-team/marimo,v0.0.0-20260924170912-48eb3f83ee88
2026-09-24T17:25:10.889196Z,github.com/heymaikol/network-doctor,v0.0.0-20260924172126-65500ed683e0
2026-09-24T17:25:11.144754Z,github.com/khoih-prog/MDNS_Generic,v1.3.0
2026-09-24T17:25:12.801301Z,github.com/teamreflex/discordphp,v10.59.0+incompatible
2026-09-24T17:25:13.871353Z,github.com/EliteaAI/elitea-platform,v1.63.1
2026-09-24T17:25:18.281986Z,github.com/knadh/koanf/v2,v2.3.7
2026-09-24T17:25:24.210951Z,github.com/paymentbox-com/grpc-service-mesh-go,v0.4.0
2026-09-24T17:25:32.709723Z,github.com/chainreactors/crtm,v0.0.3-0.20260924103954-9432523918ae
2026-09-24T17:25:37.543443Z,github.com/smartcontractkit/chainlink-sui,v0.0.0-20260924171909-24aa70083bb1
2026-09-24T17:25:39.516197Z,github.com/WebAssembly/binaryen,v0.0.0-20260924171029-2dc30e28281e
2026-09-24T17:25:45.178177Z,github.com/confighub/sdk,v0.0.0-20260924031448-de397e66e2d2
2026-09-24T17:25:47.350692Z,github.com/Apple/foundationdb,v0.0.0-20260924170910-731df1913fc7
2026-09-24T17:25:47.471958Z,github.com/spatie/laravel-blade-x,v0.0.0-20200303072503-a6d43adefb58
2026-09-24T17:25:48.459898Z,github.com/conductorone/baton-aws,v0.4.20
2026-09-24T17:25:54.263882Z,github.com/opena2a-org/agent-identity-management/apps/backend,v0.0.0-20260924171646-b69f3ebbb48d
2026-09-24T17:25:54.522513Z,github.com/pr0ger/go-logger,v1.5.1-0.20241126112517-91a9d3a0d4e4
2026-09-24T17:25:59.959133Z,github.com/0xMarcio/cve,v0.0.0-20260924171017-06a8c7091827
2026-09-24T17:26:01.369002Z,github.com/pradumnasaraf/gencli,v1.11.1-0.20260909042902-157c81496c57
2026-09-24T17:26:02.739592Z,github.com/nikolay-ngrok/yaml/v2,v2.4.0
2026-09-24T17:26:03.037486Z,github.com/PostHog/duckgres,v0.0.0-20260924172525-1e87470d06a7
2026-09-24T17:26:03.718955Z,github.com/nvidia/nvsentinel/commons,v0.0.0-20260924123634-c8a4a510de5f
2026-09-24T17:26:06.596908Z,llvm.googlesource.com/llvm-project/libcxxabi.git,v0.0.0-20260924163933-567b1a9958d0
2026-09-24T17:26:08.643377Z,github.com/witwave-ai/witself/infra/pulumi,v0.0.0-20260924161818-18314a5bca4e
2026-09-24T17:26:10.550806Z,github.com/leanprover-community/proofwidgets4,v0.0.114-0.20260921093608-c084253f73c3
2026-09-24T17:26:14.440597Z,github.com/OpenBB-finance/OpenBB,v3.2.0+incompatible
2026-09-24T17:26:18.451128Z,llvm.googlesource.com/llvm-project/libcxx.git,v0.0.0-20260924165624-f13c12f59c42
2026-09-24T17:26:18.934715Z,github.com/viktordanov/uagent-harness,v0.0.0-20260924172431-1eaf9fcc367a
2026-09-24T17:26:20.88489Z,github.com/giantswarm/pr-gatekeeper,v0.0.0-20260924072953-16f41bf147b6
2026-09-24T17:26:21.120731Z,github.com/kadevland/kassetpack,v0.11.2
2026-09-24T17:26:26.64437Z,sigs.k8s.io/agent-sandbox,v1.0.4
2026-09-24T17:26:28.503428Z,lore.kernel.org/damon/0.git,v0.0.0-20260924084315-ac5079e20bee
2026-09-24T17:26:28.614538Z,lore.kernel.org/kernel-janitors/0.git,v0.0.0-20260924071954-6f2aff81f411
2026-09-24T17:26:28.680535Z,lore.kernel.org/fstests/0.git,v0.0.0-20260924135658-3516398743e8
2026-09-24T17:26:28.766567Z,lore.kernel.org/b4-sent/0.git,v0.0.0-20260924151512-b0bda1fe3d7c
2026-09-24T17:26:28.884681Z,lore.kernel.org/linux-api/0.git,v0.0.0-20260924170114-4e2bad834d95
2026-09-24T17:26:30.987373Z,lore.kernel.org/linux-input/0.git,v0.0.0-20260924151132-32f10bc0d6d6
2026-09-24T17:26:31.569845Z,lore.kernel.org/linux-btrace/0.git,v0.0.0-20260923124021-e4eb21decb64
2026-09-24T17:26:32.884984Z,github.com/projectbeskar/virtrigaud,v0.0.0-20260924164414-5c4a3351d2ff
2026-09-24T17:26:33.807315Z,lore.kernel.org/linux-serial/0.git,v0.0.0-20260924160213-4c6c93d3a851
2026-09-24T17:26:34.00128Z,lore.kernel.org/linux-leds/0.git,v0.0.0-20260924172113-33a7e8243b48
2026-09-24T17:26:35.596004Z,github.com/rarebit-one/heyarr-core,v0.5.0
2026-09-24T17:26:36.259627Z,github.com/tannevaled/ldap,v0.1.0
2026-09-24T17:26:38.543564Z,git.authwise.com/authwise/apis,v0.6.0
2026-09-24T17:26:44.07878Z,llvm.googlesource.com/llvm-project/libc.git,v0.0.0-20260924160209-c7cd85f11b07
2026-09-24T17:26:44.307226Z,lore.kernel.org/platform-driver-x86/0.git,v0.0.0-20260924171955-f93f243ebf93
2026-09-24T17:26:46.135155Z,lore.kernel.org/tools/0.git,v0.0.0-20260924125335-d07d7ca7081e
2026-09-24T17:26:57.892194Z,github.com/atoz-project/httpx,v1.9.1-0.20260408103728-5be0d000e57c
2026-09-24T17:26:59.743859Z,github.com/radareorg/radare2,v0.0.0-20260924170617-469956ed62d6
2026-09-24T17:27:18.115941Z,github.com/block/cachew,v0.5.2
2026-09-24T17:27:18.699461Z,github.com/std-uritemplate/std-uritemplate/go/v2,v2.0.9-0.20260305004039-102d05a37288
2026-09-24T17:27:19.719532Z,aalyria.com/spacetime/model,v1.0.1790267830
2026-09-24T17:27:21.439664Z,github.com/MoneroOcean/node-cryptonight-hashing,v29.2.10+incompatible
2026-09-24T17:27:27.45289Z,github.com/marcfranquesa/expledger,v0.0.0-20260924172433-3fc63a569fde
2026-09-24T17:27:30.469638Z,github.com/reearth/reearth-cms/server,v0.0.0-20260924170958-3282fae8d11c
2026-09-24T17:27:31.65757Z,github.com/mogenius/renovate-operator,v0.0.0-20260924141355-542bf3e6e6ba
2026-09-24T17:27:35.161698Z,github.com/cnuss/libtunnel,v0.1.8
2026-09-24T17:27:41.736203Z,github.com/sashko/go-uinput,v0.2.1
2026-09-24T17:27:43.045798Z,m31labs.dev/tqwebp,v0.0.0-20260924042748-9c4604b37764
2026-09-24T17:27:43.235877Z,github.com/locationtech/geomesa,v0.0.0-20260924153652-f70c00d64919
2026-09-24T17:27:43.975458Z,github.com/lichess-org/lila-ws,v0.0.0-20260923024054-24053fc0f0eb
2026-09-24T17:27:55.626206Z,github.com/andig/evcc,v0.0.0-20260924172458-cee08c344fec
2026-09-24T17:27:57.984506Z,github.com/asynccnu/ccnubox-be/be-classlist,v0.0.0-20260924074238-adbf9cef14db
2026-09-24T17:28:00.887168Z,github.com/potterli20/trojan-go-fork,v0.0.0-20260924165250-60b56beecdc4
2026-09-24T17:28:07.155353Z,github.com/hazel-js/hazeljs,v2.0.8+incompatible
2026-09-24T17:28:13.218833Z,github.com/depben/pt7c4339-rtc,v0.1.2-devel
2026-09-24T17:28:13.335889Z,github.com/khoih-prog/mdns_generic,v1.3.0
2026-09-24T17:28:16.540996Z,github.com/NovaSky-AI/skyrl,v0.0.0-20260924143648-9a8eba119757
2026-09-24T17:28:24.135545Z,github.com/signalfx/splunk-otel-collector/internal/tools,v0.0.0-20260924171217-49aebbb6386d
2026-09-24T17:28:33.897489Z,github.com/martin3zra/forge,v0.2.9
2026-09-24T17:28:35.872866Z,github.com/andig/ulm,v0.0.0-20260924172458-cee08c344fec
2026-09-24T17:28:36.259267Z,github.com/posthog/duckgres,v0.0.0-20260924172525-1e87470d06a7
2026-09-24T17:28:39.177046Z,github.com/stacksjs/stacks,v0.74.62
2026-09-24T17:28:45.180571Z,github.com/Fission-AI/openspec,v1.13.2
2026-09-24T17:28:48.931083Z,github.com/tailscale/wireguard-go,v0.0.0-20260924172511-cbffc0a83ffa
2026-09-24T17:28:49.726059Z,github.com/signalfx/splunk-otel-collector/tests,v0.0.0-20260924171217-49aebbb6386d
2026-09-24T17:28:51.058974Z,github.com/kihlh/hmc-win32,v0.0.0-20241019202341-f6307a08cc59
2026-09-24T17:28:55.694593Z,github.com/google/android-cuttlefish/frontend/src/liboperator,v0.0.0-20260924151255-ea0f180da553
2026-09-24T17:29:00.099336Z,github.com/hetznercloud/hcloud-cloud-controller-manager,v1.7.1-0.20201001101437-be4b286969da
2026-09-24T17:29:00.936209Z,github.com/qartik/actupdate,v0.2.2
2026-09-24T17:29:05.746567Z,github.com/quay/quay/config-tool,v0.0.0-20260924171326-4b582c095a71
2026-09-24T17:29:16.227501Z,github.com/enfein/mieru/v3,v3.37.1-0.20260920221152-006534db9124
2026-09-24T17:29:17.118262Z,github.com/akuity/kargo,v1.12.0-rc.1.0.20260924172743-a6aabbe6333b
2026-09-24T17:29:17.889966Z,matto.club/vetrina,v0.0.0-20260923123318-a611e24efb2b
2026-09-24T17:29:28.433034Z,github.com/52cik/node-walkdir,v0.0.0-20180203164730-8cbefa5bea85
2026-09-24T17:29:32.788185Z,github.com/ariga/atlas-operator,v0.7.52
2026-09-24T17:29:33.163175Z,github.com/dapr/dapr/tests/apps/service_invocation_grpc_proxy_server,v0.0.0-20260924171246-0692a6746df3
2026-09-24T17:29:34.466195Z,sigs.k8s.io/kueue/hack/tools,v0.0.0-20260924172417-cd0258ca94db
2026-09-24T17:29:36.645057Z,github.com/home-assistant/frontend,v0.0.0-20260924172420-f4bb4e242d63
2026-09-24T17:29:38.020381Z,github.com/webassembly/binaryen,v0.0.0-20260924171029-2dc30e28281e
2026-09-24T17:29:44.754892Z,github.com/grafana/loki/v3,v3.0.0-20260924164334-aa996672964a
2026-09-24T17:29:51.955878Z,github.com/moneroocean/node-cryptonight-hashing,v29.2.10+incompatible
2026-09-24T17:29:53.671434Z,github.com/luxfi/indexer,v1.5.15
2026-09-24T17:30:00.228332Z,github.com/nice-registry/all-the-package-names,v2.0.2572+incompatible
2026-09-24T17:30:06.633256Z,github.com/denischeremisov/ch-encode,v0.0.0-20170719194207-f52bf1154cec
2026-09-24T17:30:07.971598Z,github.com/langchain-ai/deepagents,v0.0.0-20260924170557-737621ba73c3
2026-09-24T17:30:09.085822Z,megpoid.dev/go/go-s3-backup,v0.0.0-20260917132719-8b8fa088c350
2026-09-24T17:30:11.054151Z,github.com/clerk/clerk-sdk-go/v2,v2.7.1-0.20260924164554-1070a07994f9
2026-09-24T17:30:11.81091Z,github.com/smartcontractkit/chainlink-sui/codec,v0.0.0-20260924171909-24aa70083bb1
2026-09-24T17:30:13.442269Z,github.com/langwatch/langwatch/sdk-go,v0.0.0-20260421153409-ae633695d3a7
2026-09-24T17:30:14.539667Z,github.com/microsoft/gvfs,v0.0.0-20260923184700-f4728ba1bc58
2026-09-24T17:30:20.678915Z,github.com/txn2/mcp-data-platform,v1.135.2
2026-09-24T17:30:20.697304Z,github.com/google/tcmalloc,v0.0.0-20260924172441-25f8e53d063b
2026-09-24T17:30:24.910107Z,github.com/railwayapp/railpack-go,v0.40.0
2026-09-24T17:30:26.37934Z,github.com/busterjs/samsam,v10.0.2+incompatible
2026-09-24T17:30:27.539885Z,github.com/mindburn-labs/helm-oss/core,v0.0.0-20260924172433-95ae89bbccc4
2026-09-24T17:30:28.739812Z,github.com/block/spirit,v0.17.1-0.20260924165444-24949215adf7
2026-09-24T17:30:31.606531Z,github.com/Economic/data,v0.0.0-20260923145125-a435355926df
2026-09-24T17:30:32.650006Z,github.com/Mzack9999/goimpacket,v0.0.0-20260924172814-be4c818158a9
2026-09-24T17:30:33.726054Z,github.com/mediawiki/mediawiki,v0.0.0-20260924155947-b4af0c73ddce
2026-09-24T17:30:34.726592Z,github.com/flarco/g,v0.2.1
2026-09-24T17:30:41.209429Z,github.com/lewtec/lewkit,v0.0.0-20260924172916-363fac3090d3
2026-09-24T17:30:42.872284Z,github.com/broadinstitute/hail,v0.0.0-20260924165850-e10cc355bc8c
2026-09-24T17:30:47.263536Z,github.com/devantler-tech/ksail/v7,v7.193.2
2026-09-24T17:30:53.480645Z,github.com/langgenius/dify-plugin-daemon,v0.0.0-20250520091444-c799d90e884d
2026-09-24T17:31:04.164362Z,github.com/ravendb/ravendb,v0.0.0-20260924164039-4edfd044259e
2026-09-24T17:31:21.869845Z,github.com/shellhub-io/shellhub/agent,v0.0.0-20260924140636-2d2ce3453f84
2026-09-24T17:31:25.419737Z,github.com/jemmyphan/reactstrap,v0.0.0-20170511172643-ab71b1977589
2026-09-24T17:31:30.882682Z,github.com/conda-forge/conda-forge-repodata-patches-feedstock,v0.0.0-20260924112444-816aa73103a7
2026-09-24T17:31:42.711779Z,github.com/dubinc/dub,v0.0.0-20260924162716-1927ace8731a
2026-09-24T17:31:48.754045Z,github.com/radaptech/ginmw,v0.1.0
2026-09-24T17:31:50.280506Z,github.com/fmhy/edit,v0.0.0-20260924171523-eca555afaea5
2026-09-24T17:31:52.128933Z,github.com/hidatara-ds/evolipia-radar,v0.0.0-20260924172305-58dd4e2c526d
2026-09-24T17:31:53.908776Z,github.com/opensearch-project/opensearch-go/v4,v4.8.0
2026-09-24T17:31:53.954469Z,github.com/lnashier/goarc/v2,v2.0.3
2026-09-24T17:32:02.112392Z,github.com/prajyot-parab/cluster-api-provider-ibmcloud,v0.13.1-0.20260909095554-fcd5ad56623b
2026-09-24T17:32:13.049971Z,github.com/privateerproj/privateer-sdk,v1.34.0
2026-09-24T17:32:20.844768Z,github.com/tencentblueking/bkmonitor-datalink/pkg/collector/example/tars,v0.0.0-20260924085143-8c3c859f0fd2
2026-09-24T17:32:25.238249Z,github.com/hownowstephen/mist,v0.4.0
2026-09-24T17:32:31.498994Z,github.com/pPrecel/hydroform,v0.0.0-20210818073527-a84e09007d6a
2026-09-24T17:32:33.896211Z,github.com/Mattilsynet/h8s,v0.6.2
2026-09-24T17:32:37.398448Z,github.com/delinoio/oss,v0.0.0-20260924172753-a5f783810a18
2026-09-24T17:32:37.583875Z,github.com/Jinnrry/PMail/server,v0.0.0-20260924002624-7e868f592f48
2026-09-24T17:32:46.386884Z,github.com/stricttools/strictspec/go,v0.4.0
2026-09-24T17:32:56.685252Z,github.com/datastax/astra-client-go/v2,v2.3.4
2026-09-24T17:32:58.777365Z,github.com/radeox/radeox-configs,v0.0.0-20260924171942-42f62d6f7b0a
2026-09-24T17:33:04.633278Z,github.com/dv1x3r/w2go,v0.2.88
2026-09-24T17:33:08.527717Z,github.com/parserpp/ip_ports,v0.0.0-20260924171158-07750c0a20ea
2026-09-24T17:33:09.677152Z,github.com/signalfx/splunk-otel-collector/tests/tools,v0.0.0-20260924171217-49aebbb6386d
2026-09-24T17:33:12.917331Z,aalyria.com/spacetime/common,v1.0.1790268245
2026-09-24T17:33:13.107008Z,github.com/prairielearn/prairielearn,v1.11.1-0.20260924140622-636792db6312
2026-09-24T17:33:17.645239Z,github.com/Luzifer/ots,v0.0.0-20260924141832-0716b8ef4fce
2026-09-24T17:33:18.562856Z,github.com/nuxt-contrib/opencollective,v0.4.1
2026-09-24T17:33:21.278525Z,github.com/luzifer/ots,v0.0.0-20260924141832-0716b8ef4fce
2026-09-24T17:33:21.449509Z,github.com/bekzats8/kub,v0.0.0-20260924171256-01d20622a59d
2026-09-24T17:33:23.06464Z,github.com/Merovelous/strainer,v1.1.1
2026-09-24T17:33:26.656649Z,github.com/suykerbuyk/go-proxmox,v0.8.2-pveforge.3
2026-09-24T17:33:29.649016Z,github.com/awslabs/amazon-eks-ami/nodeadm,v0.0.0-20260924170904-5a1a37263e8d
2026-09-24T17:33:32.15422Z,go.skia.org/infra,v0.0.0-20260924172522-256dd80ffef4
2026-09-24T17:33:37.97151Z,github.com/go-simd/matchlen-wasm,v0.0.0-20260923204500-ca401a877fcc
2026-09-24T17:33:41.045419Z,aalyria.com/spacetime/types,v1.0.1790267830
2026-09-24T17:33:49.632941Z,bitbucket.org/_SLACE_/clients/go/paymentsapi,v0.0.0-20260924172153-e1c902cb5388
2026-09-24T17:33:51.932307Z,github.com/nginx/nginx,v0.0.0-20260924161639-1967e2bdc468
2026-09-24T17:33:58.022846Z,aalyria.com/spacetime/federation/interconnect,v1.0.1790268245-alpha.1790268245
2026-09-24T17:34:00.287198Z,github.com/pratyushtripathy/pyrsgis,v0.3.4-0.20250920211418-21fc6784f71c
2026-09-24T17:34:02.690657Z,github.com/numaproj/numaflow,v0.0.0-20230616162313-97db1984ac5f
2026-09-24T17:34:06.68741Z,github.com/faisalhardin/medilink,v0.0.0-20260924164713-b5240584dee3
2026-09-24T17:34:07.891283Z,github.com/sumologic/sumologic-otel-collector/pkg/configprovider/globprovider,v0.149.0-sumo-0.0.20260421115209-dd931b89442d
2026-09-24T17:34:11.447246Z,github.com/Hydoc/guess-dev,v0.0.0-20260924171648-e7aec82ee30a
2026-09-24T17:34:18.774908Z,github.com/mjbommar/glaurung,v0.0.0-20260924152635-5c57a6cc8535
2026-09-24T17:34:26.086262Z,github.com/hydoc/guess-dev,v0.0.0-20260924171648-e7aec82ee30a
2026-09-24T17:34:26.900587Z,github.com/sumologic/sumologic-otel-collector/pkg/configprovider/providerutil,v0.149.0-sumo-0.0.20260421115209-dd931b89442d
2026-09-24T17:34:33.135024Z,webtyp.com/devflow,v0.4.104
2026-09-24T17:34:33.620919Z,github.com/graphql-python/gqL,v4.0.1-0.20260923130658-374a70df4590+incompatible
2026-09-24T17:34:33.776711Z,gitlab.com/gitlab-org/gitaly/tools/protoc-gen-go-grpc,v0.0.0-20260924173315-2e054a2ef12a
2026-09-24T17:34:36.068933Z,github.com/openshift/origin,v0.0.0-20260924161650-eea038de24fb
2026-09-24T17:34:40.621616Z,github.com/colemurray/background-agents,v0.0.0-20260924005527-9fc10213bad4
2026-09-24T17:34:44.297749Z,github.com/google/gopacket,v1.1.20-0.20220810144427-65a1dfb3db2a
2026-09-24T17:34:50.807937Z,github.com/smartcontractkit/chainlink-sui/deployment,v0.0.0-20260924171909-24aa70083bb1
2026-09-24T17:34:51.810601Z,github.com/dapr/dapr/tests/apps/pluggable_redis-statestore,v0.0.0-20260924171246-0692a6746df3
2026-09-24T17:34:52.575843Z,github.com/nietthijmen/vite-fonts,v0.2.1
2026-09-24T17:34:52.576564Z,aalyria.com/spacetime/telemetry,v1.0.1790267830-alpha.1790267830
2026-09-24T17:34:54.565641Z,github.com/nilathedragon/gadb,v0.0.0-20260924172956-8d5e893b783c
2026-09-24T17:34:56.554278Z,github.com/mindburn-labs/helm-oss,v0.0.0-20260924165509-187cf0a1419c
2026-09-24T17:34:58.660775Z,github.com/inngest/inngest,v1.45.2-0.20260924173115-b2cd17c27247
2026-09-24T17:35:03.706786Z,github.com/Potterli20/file,v0.0.0-20230125055639-b4a0543d5ed2
2026-09-24T17:35:05.39639Z,github.com/apache/thrift/lib/go/test,v0.0.0-20260924164822-2299ea815e8d
2026-09-24T17:35:11.014659Z,github.com/apache/thrift/test/go,v0.0.0-20260924164822-2299ea815e8d
2026-09-24T17:35:13.600869Z,github.com/lightseekorg/smg,v1.11.0
2026-09-24T17:35:14.359249Z,github.com/ceph/ceph-csi,v0.0.0-20260924161542-0bd878c2481a
2026-09-24T17:35:18.484932Z,github.com/superradcompany/microsandbox,v0.0.0-20260924135509-f9f40e1a3419
2026-09-24T17:35:19.443034Z,github.com/adr/ad-guidance-tool,v1.1.1
2026-09-24T17:35:22.284558Z,webtyp.com/dom,v0.13.17
2026-09-24T17:35:22.516043Z,github.com/LarsArtmann/SQLC-Wizzard,v0.0.0-20260922155136-d317d03de76f
2026-09-24T17:35:25.909843Z,github.com/prosperity-solutions/veld,v0.0.0-20260924170539-7dfbbb79da17
2026-09-24T17:35:26.961447Z,github.com/graphql-python/gQL,v4.0.1-0.20260923130658-374a70df4590+incompatible
2026-09-24T17:35:27.501894Z,github.com/graphql-python/GQl,v4.0.1-0.20260923130658-374a70df4590+incompatible
2026-09-24T17:35:27.616886Z,github.com/graphql-python/GqL,v4.0.1-0.20260923130658-374a70df4590+incompatible
2026-09-24T17:35:28.136071Z,github.com/heavycaffeiner/stowcloud,v0.0.0-20260924144148-b2fac5a67df5
2026-09-24T17:35:28.176483Z,github.com/graphql-python/Gql,v4.0.1-0.20260923130658-374a70df4590+incompatible
2026-09-24T17:35:28.471531Z,github.com/graphql-python/gQl,v4.0.1-0.20260923130658-374a70df4590+incompatible
2026-09-24T17:35:28.818074Z,github.com/NVIDIA/nvcf,v0.0.0-20260924163812-3414c0333e45
2026-09-24T17:35:29.063159Z,github.com/Graphql-python/gqL,v4.0.1-0.20260923130658-374a70df4590+incompatible
2026-09-24T17:35:30.219378Z,github.com/Graphql-python/gQl,v4.0.1-0.20260923130658-374a70df4590+incompatible
2026-09-24T17:35:33.109649Z,github.com/vultisig/vultisig-sdk,v8.0.0+incompatible
2026-09-24T17:35:33.176002Z,github.com/Graphql-python/GQL,v4.0.1-0.20260923130658-374a70df4590+incompatible
2026-09-24T17:35:33.369384Z,github.com/Graphql-python/GqL,v4.0.1-0.20260923130658-374a70df4590+incompatible
2026-09-24T17:35:33.448436Z,github.com/Graphql-python/Gql,v4.0.1-0.20260923130658-374a70df4590+incompatible
2026-09-24T17:35:33.575611Z,github.com/Graphql-python/gQL,v4.0.1-0.20260923130658-374a70df4590+incompatible
2026-09-24T17:35:33.614122Z,github.com/Graphql-python/GQl,v4.0.1-0.20260923130658-374a70df4590+incompatible
2026-09-24T17:35:33.759035Z,github.com/graphql-Python/gql,v4.0.1-0.20260923130658-374a70df4590+incompatible
2026-09-24T17:35:33.862481Z,github.com/William10101995/argly,v0.0.0-20260924171817-102c87fbbc61
2026-09-24T17:35:34.270222Z,github.com/microsoft/retina,v0.0.0-20260924171125-3a9b17d9b6e5
2026-09-24T17:35:34.72903Z,github.com/graphql-Python/gqL,v4.0.1-0.20260923130658-374a70df4590+incompatible
2026-09-24T17:35:35.511881Z,github.com/graphql-Python/gQl,v4.0.1-0.20260923130658-374a70df4590+incompatible
2026-09-24T17:35:37.326419Z,github.com/graphql-Python/Gql,v4.0.1-0.20260923130658-374a70df4590+incompatible
2026-09-24T17:35:38.099643Z,github.com/GraphQL-python/gql,v4.0.1-0.20260923130658-374a70df4590+incompatible
2026-09-24T17:35:38.298715Z,github.com/graphql-Python/GQL,v4.0.1-0.20260923130658-374a70df4590+incompatible
2026-09-24T17:35:38.32454Z,github.com/graphql-Python/GqL,v4.0.1-0.20260923130658-374a70df4590+incompatible
2026-09-24T17:35:38.563589Z,github.com/graphql-Python/GQl,v4.0.1-0.20260923130658-374a70df4590+incompatible
2026-09-24T17:35:38.896951Z,github.com/GraphQL-python/gqL,v4.0.1-0.20260923130658-374a70df4590+incompatible
2026-09-24T17:35:39.029212Z,github.com/graphql-Python/gQL,v4.0.1-0.20260923130658-374a70df4590+incompatible
2026-09-24T17:35:41.112654Z,github.com/GraphQL-python/gQl,v4.0.1-0.20260923130658-374a70df4590+incompatible
2026-09-24T17:35:42.844759Z,github.com/GraphQL-python/gQL,v4.0.1-0.20260923130658-374a70df4590+incompatible
2026-09-24T17:35:43.003685Z,github.com/GraphQL-python/GqL,v4.0.1-0.20260923130658-374a70df4590+incompatible
2026-09-24T17:35:43.235915Z,github.com/lynx-go/lynx,v1.8.1-0.20260924152105-d99afc18a9fd
2026-09-24T17:35:43.863723Z,github.com/GraphQL-python/Gql,v4.0.1-0.20260923130658-374a70df4590+incompatible
2026-09-24T17:35:43.960663Z,github.com/GraphQL-python/GQL,v4.0.1-0.20260923130658-374a70df4590+incompatible
2026-09-24T17:35:45.183115Z,github.com/Graphql-Python/gqL,v4.0.1-0.20260923130658-374a70df4590+incompatible
2026-09-24T17:35:47.811873Z,github.com/GraphQL-python/GQl,v4.0.1-0.20260923130658-374a70df4590+incompatible
2026-09-24T17:35:48.163013Z,github.com/Graphql-Python/gQL,v4.0.1-0.20260923130658-374a70df4590+incompatible
2026-09-24T17:35:48.236103Z,github.com/Graphql-Python/gQl,v4.0.1-0.20260923130658-374a70df4590+incompatible
2026-09-24T17:35:48.242109Z,github.com/Graphql-Python/Gql,v4.0.1-0.20260923130658-374a70df4590+incompatible
2026-09-24T17:35:48.301905Z,github.com/Graphql-Python/GQL,v4.0.1-0.20260923130658-374a70df4590+incompatible
2026-09-24T17:35:48.424004Z,github.com/Graphql-Python/gql,v4.0.1-0.20260923130658-374a70df4590+incompatible
2026-09-24T17:35:48.513441Z,github.com/Graphql-Python/GQl,v4.0.1-0.20260923130658-374a70df4590+incompatible
2026-09-24T17:35:49.651209Z,github.com/GRAPHQL-PYTHON/gql,v4.0.1-0.20260923130658-374a70df4590+incompatible
2026-09-24T17:35:49.692253Z,github.com/Graphql-Python/GqL,v4.0.1-0.20260923130658-374a70df4590+incompatible
2026-09-24T17:35:50.130486Z,github.com/GRAPHQL-PYTHON/gqL,v4.0.1-0.20260923130658-374a70df4590+incompatible
2026-09-24T17:35:50.39415Z,github.com/dundee/gdu/v5,v5.33.1-0.20260306154242-df95c12abef1
2026-09-24T17:35:51.556366Z,github.com/GRAPHQL-PYTHON/gQl,v4.0.1-0.20260923130658-374a70df4590+incompatible
2026-09-24T17:35:51.702043Z,github.com/oxia-db/oxia/cmd,v0.0.0-20260924172707-3898a6178b04
2026-09-24T17:35:53.165996Z,github.com/GRAPHQL-PYTHON/Gql,v4.0.1-0.20260923130658-374a70df4590+incompatible
2026-09-24T17:35:54.056038Z,github.com/GRAPHQL-PYTHON/GQL,v4.0.1-0.20260923130658-374a70df4590+incompatible
2026-09-24T17:35:54.277825Z,github.com/GRAPHQL-PYTHON/gQL,v4.0.1-0.20260923130658-374a70df4590+incompatible
2026-09-24T17:35:54.664114Z,github.com/GRAPHQL-PYTHON/GqL,v4.0.1-0.20260923130658-374a70df4590+incompatible
2026-09-24T17:35:54.887493Z,github.com/graphql-pythoN/gql,v4.0.1-0.20260923130658-374a70df4590+incompatible
2026-09-24T17:35:55.583776Z,github.com/GRAPHQL-PYTHON/GQl,v4.0.1-0.20260923130658-374a70df4590+incompatible
2026-09-24T17:35:56.367003Z,github.com/graphql-pythoN/gqL,v4.0.1-0.20260923130658-374a70df4590+incompatible
2026-09-24T17:35:57.025799Z,github.com/graphql-pythoN/gQL,v4.0.1-0.20260923130658-374a70df4590+incompatible
2026-09-24T17:35:57.404156Z,github.com/lynx-go/lynx/contrib/watermill,v1.7.0
2026-09-24T17:35:58.852076Z,github.com/graphql-pythoN/Gql,v4.0.1-0.20260923130658-374a70df4590+incompatible
2026-09-24T17:35:59.081355Z,github.com/graphql-pythoN/GQL,v4.0.1-0.20260923130658-374a70df4590+incompatible
2026-09-24T17:35:59.184144Z,github.com/graphql-pythoN/GqL,v4.0.1-0.20260923130658-374a70df4590+incompatible
2026-09-24T17:36:00.383662Z,github.com/graphql-pythoN/GQl,v4.0.1-0.20260923130658-374a70df4590+incompatible
2026-09-24T17:36:00.656934Z,github.com/graphql-pythoN/gQl,v4.0.1-0.20260923130658-374a70df4590+incompatible
2026-09-24T17:36:01.57441Z,github.com/amartyasinha/nova-operator,v0.0.0-20260924155005-2b2c46d963b0
2026-09-24T17:36:03.084819Z,github.com/nvidia/openshell/sdk/go,v0.0.0-20260924151008-e60098d74893
2026-09-24T17:36:04.01815Z,github.com/easylist/ruadlist,v0.0.0-20260924172101-22e6676dbaf6
2026-09-24T17:36:05.732504Z,github.com/dapr/dapr/tests/apps/perf/service_invocation_http,v0.0.0-20260924171246-0692a6746df3
2026-09-24T17:36:07.706525Z,github.com/william10101995/argly,v0.0.0-20260924171817-102c87fbbc61
2026-09-24T17:36:20.510932Z,github.com/tangle-network/agent-knowledge,v17.1.1+incompatible
2026-09-24T17:36:22.156488Z,github.com/NVIDIA/aistore/cmd/ishard,v0.0.0-20260924155951-167f25a985f5
2026-09-24T17:36:35.501684Z,github.com/DataDog/go-control-plane/envoy,v1.39.1-dd0
2026-09-24T17:36:40.790158Z,github.com/facebook/dhcplb,v0.0.0-20260819142229-36d6ab8da271
2026-09-24T17:36:46.994534Z,github.com/microsoft/wsl,v0.0.0-20260924171348-a153d883d692
2026-09-24T17:36:48.535515Z,github.com/caiolandgraf/dwight,v0.1.0
2026-09-24T17:36:51.201517Z,github.com/Xeeynamo/sotn-decomp,v0.0.0-20260924113536-ebda68c34dbf
2026-09-24T17:36:54.566825Z,github.com/OpenChargingCloud/WWCP_OCPP,v0.0.0-20260924173141-bcabe6b81282
2026-09-24T17:36:54.760858Z,github.com/zeroroot-ai/gibson,v0.138.3
2026-09-24T17:36:55.518914Z,github.com/foxglove/mcap/go/conformance/test-read-conformance,v0.0.0-20260924171730-5336ce02b19f
2026-09-24T17:36:55.793315Z,github.com/openchargingcloud/wwcp_ocpp,v0.0.0-20260924173141-bcabe6b81282
2026-09-24T17:36:57.22229Z,github.com/paketo-buildpacks/github-config/actions/dispatch/entrypoint,v0.0.0-20260924105209-ddfc75d37ca5
2026-09-24T17:37:02.582301Z,github.com/Zeyu2001/zeyu2001,v0.0.0-20260924131724-255ef3c2ba6e
2026-09-24T17:37:03.905412Z,github.com/Opensuse/umoci,v0.0.0
2026-09-24T17:37:04.737446Z,github.com/estuary/connectors,v0.0.0-20260924172607-aac9caf27652
2026-09-24T17:37:08.230546Z,github.com/fluent/fluent-bit/tests/runtime_shell/go_plugins,v0.0.0-20260923220249-c90d9b492a75
2026-09-24T17:37:08.831685Z,github.com/ZeusAutomacao/DFe.NET,v0.0.0-20260924141603-08743cd5f5b8
2026-09-24T17:37:09.332561Z,github.com/mahdibland/v2rayaggregator,v0.0.0-20260924173133-7f4e976e1431
2026-09-24T17:37:09.777944Z,buf.build/gen/go/insecta/common/grpc-ecosystem/gateway/v2,v2.30.0-20260924144154-eee942fda282.3
2026-09-24T17:37:11.895213Z,go.lumeweb.com/web/go/portal-plugin-lbry,v0.0.0-20260924172146-b57b0830c543
2026-09-24T17:37:13.297082Z,github.com/zeyu2001/zeyu2001,v0.0.0-20260924131724-255ef3c2ba6e
2026-09-24T17:37:20.676826Z,github.com/zeusautomacao/dfe.net,v0.0.0-20260924141603-08743cd5f5b8
2026-09-24T17:37:23.252864Z,github.com/gaurav-gosain/tuios,v0.7.1-0.20260924121041-94dbf2bd82b3
2026-09-24T17:37:23.763634Z,buf.build/gen/go/bufbuild/buf/protocolbuffers/go,v1.33.0-20260923195651-7813dea5505a.1
2026-09-24T17:37:27.236241Z,github.com/brave/brave-browser,v1.98.30
2026-09-24T17:37:29.829117Z,github.com/onsi/gomega,v1.44.0
2026-09-24T17:37:30.909788Z,istio.io/proxy,v0.0.0-20260924171753-77fd9db93323
2026-09-24T17:37:35.279486Z,github.com/Fody/Fody,v0.0.0-20260924112451-759c1146bfde
2026-09-24T17:37:39.747796Z,github.com/rdkcentral/xconfadmin,v0.0.0-20260924161223-557e420b9720
2026-09-24T17:37:41.156186Z,github.com/mahdibland/V2RayAggregator,v0.0.0-20260924173133-7f4e976e1431
2026-09-24T17:37:45.91555Z,github.com/jiahwa/vue-loader-v16,v15.9.3+incompatible
2026-09-24T17:37:52.356618Z,github.com/opentollgate/tollgate-module-basic-go/src,v0.0.0-20260924170924-5dff568c9402
2026-09-24T17:37:55.252427Z,github.com/fody/fody,v0.0.0-20260924112451-759c1146bfde
2026-09-24T17:37:59.93718Z,github.com/luzifer/sqlapi,v0.0.0-20260922194117-a3adea533e92
2026-09-24T17:38:00.772849Z,github.com/wyusgw/xray-core,v0.0.0-20260924165505-da20a7db078e
2026-09-24T17:38:03.814645Z,github.com/qovery/qovery-cli,v1.171.2
2026-09-24T17:38:06.406949Z,archuser.org/muse,v0.0.0-20260924170107-39d9452d1ef4
2026-09-24T17:38:06.57256Z,github.com/smartcontractkit/chainlink/system-tests/tests/regression/cre/http,v0.0.0-20260924172308-b80a201befe2
2026-09-24T17:38:06.714249Z,github.com/smartcontractkit/chainlink/system-tests/tests/regression/cre/evm/evmwrite-negative,v0.0.0-20260924172308-b80a201befe2
2026-09-24T17:38:08.607718Z,github.com/OpenCSGs/csglite,v0.9.85
2026-09-24T17:38:11.274941Z,github.com/precize/OWASP-Agentic-AI,v0.0.0-20260406172705-17d3b7a5c4a6
2026-09-24T17:38:12.276704Z,github.com/nomad-software/stream,v1.0.11
2026-09-24T17:38:13.971697Z,github.com/DylanVann/react-native-fast-image,v8.6.14+incompatible
2026-09-24T17:38:16.112083Z,github.com/PredictiveOps/Pred,v0.0.0-20260511075942-6195c7fb0c52
2026-09-24T17:38:18.221104Z,github.com/GovTechSG/sgds-web-component,v3.29.0+incompatible
2026-09-24T17:38:19.555075Z,github.com/golang/go,v0.0.0-20260508142938-6dea79a07ad8
2026-09-24T17:38:21.386028Z,github.com/Preetam/cistern,v0.0.0-20150301165137-f1fe7903bc9a
2026-09-24T17:38:22.07441Z,github.com/Predr0/ps-stemis,v0.0.0-20260320221358-fed8aa37aaab
2026-09-24T17:38:22.251581Z,github.com/Preetam/lm2,v1.4.2-0.20170627032201-beec538cb746
2026-09-24T17:38:23.694741Z,github.com/tomochain/tomochain,v1.5.5-0.20260909031236-9f9fbe1bc39e
2026-09-24T17:38:25.564283Z,github.com/brotherlogic/goserver,v0.0.0-20180728011509-5f8ff1af73d0
2026-09-24T17:38:28.398209Z,github.com/Preetam/mysqllog,v0.2.1-0.20180717064532-0b5ea34ca9dc
2026-09-24T17:38:28.988987Z,github.com/PreetamJinka/cistern,v0.0.0-20150301165137-f1fe7903bc9a
2026-09-24T17:38:29.597681Z,github.com/preethimaliMalki/crud,v0.0.0-20220112172929-c977424ae92f
2026-09-24T17:38:29.892541Z,github.com/Preetam/siesta,v0.0.0-20160822184926-d3bb1906d7bf
2026-09-24T17:38:31.284507Z,github.com/brotherlogic/godiscogs,v0.0.0-20180719212010-11a4b807af25
2026-09-24T17:38:35.070972Z,github.com/PrefectHQ/prefect,v0.0.0-20190131195615-976b2053c077
2026-09-24T17:38:35.546969Z,github.com/brotherlogic/recordcollection,v0.0.0-20180730221042-bf5aec5c4c10
2026-09-24T17:38:35.613819Z,github.com/OpendTect/OpendTect,v0.0.0-20260924144531-900d1aa95dbc
2026-09-24T17:38:36.445058Z,github.com/benoitpetit/xsh,v0.0.7
2026-09-24T17:38:39.517796Z,github.com/foliojs/unicode-trie,v2.0.0+incompatible
2026-09-24T17:38:41.129153Z,github.com/microsoft/fhir-server,v0.0.0-20260924173602-94b463f08789
2026-09-24T17:38:53.917997Z,github.com/charmbracelet/x/examples/charmtone,v0.0.0-20260924144451-d676b019604b
2026-09-24T17:38:57.228644Z,github.com/SmartHealthNetwork/shn-kit,v0.20.0
2026-09-24T17:38:57.666005Z,github.com/canadian-ai/girl,v0.1.29
2026-09-24T17:38:59.17413Z,github.com/thoughtbot/factory_girl_rails,v6.5.1+incompatible
2026-09-24T17:39:01.933863Z,buf.build/gen/go/brevdev/devplane/grpc/go,v1.6.1-20260924155952-ea881d72b65c.1
2026-09-24T17:39:02.869459Z,github.com/grafana/mimir,v1.3.1-0.20260924172628-4f1b3766fd35
2026-09-24T17:39:04.353241Z,github.com/oxia-db/oxia/oxiad,v0.0.0-20260924172707-3898a6178b04
2026-09-24T17:39:06.817177Z,github.com/GNOME/gimp,v0.0.0-20260924161632-4ad98bc5b897
2026-09-24T17:39:07.354909Z,github.com/thunderbird/thunderbird-android,v0.0.0-20260924154521-ef4f388cb581
2026-09-24T17:39:12.446215Z,github.com/sneat-dev/wb,v0.164.2
2026-09-24T17:39:21.957267Z,github.com/redis/go-redis/example/scan-struct,v0.0.0-20260924131129-2fc3ccd4e373
2026-09-24T17:39:22.821867Z,github.com/smarthealthnetwork/shn-kit,v0.20.0
2026-09-24T17:39:26.02778Z,github.com/cdcgov/cdc-open-viz,v0.0.0-20260924173441-4107963ddc6b
2026-09-24T17:39:26.070792Z,github.com/smartcontractkit/chainlink/system-tests/tests/smoke/cre/solana/solwrite,v0.0.0-20260924172308-b80a201befe2
2026-09-24T17:39:27.104518Z,github.com/solveacx/new-api,v0.0.0-20260924131323-58e6918c891d
2026-09-24T17:39:27.227248Z,github.com/kserve/kserve/qpext,v0.0.0-20260924171828-6e71677b27b1
2026-09-24T17:39:29.22216Z,github.com/apple/foundationdb/contrib/replay,v0.0.0-20260924170910-731df1913fc7
2026-09-24T17:39:31.494359Z,github.com/enterprise-contract/hacks,v0.0.0-20260924122124-a43198f34a77
2026-09-24T17:39:33.052257Z,github.com/paularlott/lmchatkit,v0.10.3
2026-09-24T17:39:33.840704Z,github.com/telekom/controlplane/admin/api,v0.0.0-20260924143530-8e991b0de1c8
2026-09-24T17:39:35.583841Z,github.com/forgeplex/appkit,v0.9.7
2026-09-24T17:39:47.839084Z,github.com/Ark0N/Codeman,v0.0.0-20260924161706-d67da5c9d01e
2026-09-24T17:39:50.671345Z,github.com/dylanvann/react-native-fast-image,v8.6.14+incompatible
2026-09-24T17:39:50.82498Z,github.com/forgeplex/appkit/lint,v0.9.7
2026-09-24T17:39:51.120742Z,github.com/spatie/phpunit-snapshot-assertions,v0.0.0-20190207133536-51ed5f7ced24
2026-09-24T17:39:55.887572Z,github.com/opena2a-org/agent-identity-management,v0.0.0-20260924102143-8f0404900a9e
2026-09-24T17:39:55.91416Z,github.com/Azure/sonic-mgmt-common,v0.0.0-20260924172943-ecec7f93a6e7
2026-09-24T17:39:56.094195Z,github.com/soenneker/soenneker.blazor.filepond,v4.0.3958+incompatible
2026-09-24T17:40:03.640361Z,storj.io/storj/testsuite/playwright-ui,v0.0.0-20260924164556-bbc3aa8f4cf0
2026-09-24T17:40:04.875415Z,github.com/prestodb/presto,v0.0.0-20260924173636-85505dacfd64
2026-09-24T17:40:05.881179Z,github.com/otiai10/cwl.go,v0.0.0-20170920042616-87fc6e36da7b
2026-09-24T17:40:06.881803Z,github.com/sudoswedenab/dockyards-backend/api,v0.0.0-20260924070035-220e90de58f3
2026-09-24T17:40:10.680747Z,github.com/kthomas/go-aws-wrapper,v0.0.0-20190108084703-c2c5006aab29
2026-09-24T17:40:12.255306Z,github.com/gravitee-io/gravitee-api-management,v0.0.0-20260924172232-c04989824681
2026-09-24T17:40:14.181422Z,github.com/kubestellar/kubestellar,v0.0.0-20260409195636-13280523023f
2026-09-24T17:40:15.389558Z,github.com/datadog/go-control-plane/envoy,v1.39.1-dd0
2026-09-24T17:40:19.954416Z,github.com/kthomas/go-db-config,v0.0.0-20160703185341-fe566ecb4d7e
2026-09-24T17:40:22.811094Z,github.com/ovh/cds/tools/smtpmock,v0.0.0-20260924154902-efa68e88c86a
2026-09-24T17:40:24.207805Z,github.com/develar/go-fs-util,v0.0.0-20180307174413-a3e79ac365a0
2026-09-24T17:40:24.802182Z,github.com/zilliztech/woodpecker/deployments/operator,v0.0.0-20260924083029-7d1e0b4cbc6c
2026-09-24T17:40:26.415114Z,gitlab.com/gitlab-org/gitaly/tools/go-licenses,v0.0.0-20260924173315-2e054a2ef12a
2026-09-24T17:40:33.669174Z,github.com/govtechsg/sgds-web-component,v3.29.0+incompatible
2026-09-24T17:40:34.104288Z,github.com/alphagov/content-block-manager,v0.0.0-20260924080002-7e80dd4d7c98
2026-09-24T17:40:34.274203Z,github.com/mystenlabs/sui,v0.0.0-20260924173138-580cc5bf5e9c
2026-09-24T17:40:35.719351Z,github.com/ever-co/gauzy,v111.44.51+incompatible
2026-09-24T17:40:36.827224Z,github.com/verifytests/verify.nodatime,v0.0.0-20260924113138-212860b3c4e2
2026-09-24T17:40:37.60437Z,github.com/kthomas/go-logger,v0.0.0-20170506164437-230b452f1919
2026-09-24T17:40:40.28649Z,github.com/OpenAI/codex,v0.0.0-20260924172618-83b56bc5ad94
2026-09-24T17:40:41.72278Z,github.com/element-hq/element-x-ios,v0.0.0-20260924125034-c2f1dcc02421
2026-09-24T17:40:46.654183Z,github.com/0XPolygonHermez/zkevm-node,v0.0.3-RC11
2026-09-24T17:40:48.135028Z,github.com/archie0125/osop-spec,v0.0.0-20260924131116-83a47ce4476c
2026-09-24T17:40:51.222218Z,github.com/kthomas/go-natsutil,v0.0.0-20190303211113-a16a55e7dc26
2026-09-24T17:40:52.871255Z,github.com/evergreen-ci/evergreen/cmd/sign-executable,v0.0.0-20260924165114-fced4cb0d2a0
2026-09-24T17:40:53.824838Z,github.com/rustls/rustls,v0.0.0-20260924151216-99f2358cae29
2026-09-24T17:40:55.061796Z,github.com/hyperledger-labs/fabric-builder-k8s/samples/go-contract,v0.0.0-20260924120528-ac70fb2c639b
2026-09-24T17:40:56.764219Z,bitbucket.org/_slace_/clients/go/paymentsapi,v0.0.0-20260924172153-e1c902cb5388
2026-09-24T17:41:01.393189Z,github.com/alphagov/notifications-admin,v0.0.0-20260924085729-27c0719897e3
2026-09-24T17:41:02.764499Z,github.com/Kubernetes-sigs/cluster-api,v1.2.0-beta.2
2026-09-24T17:41:06.916082Z,github.com/winebarrel/pistachio,v1.64.0
2026-09-24T17:41:08.859122Z,github.com/speakeasy-api/gram,v0.0.0-20260924171300-3e44b5ec6399
2026-09-24T17:41:10.64817Z,github.com/carpetsage/Egg,v0.0.0-20260924160218-e35407242914
2026-09-24T17:41:17.97741Z,github.com/dispatchrun/coroutine,v0.0.0-20230917231541-3a2d9ed67a18
2026-09-24T17:41:19.109971Z,github.com/delta-s-labs/chakra_mcp,v0.0.0-20260924142213-3cabc71e220d
2026-09-24T17:41:21.88811Z,github.com/libsdl-org/SDL,v0.0.0-20260924173947-70e125ba8ef2
2026-09-24T17:41:22.474044Z,github.com/go-pkgx/bk,v0.0.0-20260924172513-09090b953748
2026-09-24T17:41:23.407603Z,pkg.akt.dev/node/v2,v2.1.2
2026-09-24T17:41:27.662921Z,github.com/Goharbor/harbor,v2.15.3-rc2+incompatible
2026-09-24T17:41:30.253721Z,github.com/PolymeshAssociation/polymesh-sdk,v24.4.0-alpha.1+incompatible
2026-09-24T17:41:31.250925Z,github.com/ScoopInstaller/Main,v0.0.0-20260924173830-ba1ce904b2e5
2026-09-24T17:41:34.076245Z,github.com/FreeCAD/FreeCAD,v0.0.0-20260924170526-03cc6671e318
2026-09-24T17:41:36.223513Z,github.com/google/android-cuttlefish/e2etests,v0.0.0-20260924151255-ea0f180da553
2026-09-24T17:41:37.187626Z,github.com/google/android-cuttlefish/frontend/src/libhoclient,v0.0.0-20260924151255-ea0f180da553
2026-09-24T17:41:40.304184Z,github.com/google/android-cuttlefish/frontend/src/host_orchestrator,v0.0.0-20260924151255-ea0f180da553
2026-09-24T17:41:40.358305Z,github.com/pydata/conda,v0.0.0-20260924115604-2f78e64a2489
2026-09-24T17:41:46.531682Z,github.com/provideapp/goldmine,v0.9.8
2026-09-24T17:41:48.938157Z,github.com/mohitjoshi-hey/stlgo,v0.1.0
2026-09-24T17:41:49.746632Z,github.com/brotherlogic/recordsorganiser,v0.0.0-20180728191526-c1421962dcfa
2026-09-24T17:41:49.892181Z,github.com/mzack9999/goimpacket,v0.0.0-20260924172814-be4c818158a9
2026-09-24T17:41:49.925644Z,github.com/kbravh/skills,v0.0.0-20260923154823-67ee599babb1
2026-09-24T17:41:50.294732Z,sourcecraft.dev/farmpilotonline/proto-contracts,v0.0.0-20260924100055-384e617b8bbc
2026-09-24T17:41:53.189051Z,github.com/moltbot/imsg,v0.15.9
2026-09-24T17:41:53.241446Z,github.com/red-hat-storage/ocs-operator/api/v4,v4.0.0-20260924165133-7e97e00d377b
2026-09-24T17:41:54.267619Z,github.com/reearth/reearth-cms,v0.0.0-20260924170958-3282fae8d11c
2026-09-24T17:41:55.120019Z,github.com/rocketchat/rocket.chat,v0.0.0-20260924164406-6df9543243cc
2026-09-24T17:41:58.108481Z,github.com/OpenNSW/nsw-agency/backend,v0.0.0-20260924104329-966f0ecaa7ec
2026-09-24T17:41:59.480322Z,github.com/firefart/websitewatcher,v0.0.0-20260924170257-08f2e0135b5d
2026-09-24T17:42:03.16288Z,github.com/projectsveltos/addon-controller/hack/tools,v0.0.0-20260924173130-23f6debdb2a8
2026-09-24T17:42:05.103258Z,gitlab.com/arcmenu/arcmenu.git,v0.0.0-20260924155810-c0b8a4d3e303
2026-09-24T17:42:08.973852Z,github.com/arda-labs/arda,v0.0.0-20260924093952-c3c96299f064
2026-09-24T17:42:12.790941Z,github.com/fwupd/fwupd,v0.0.0-20260924103845-0b291035f4a2
2026-09-24T17:42:16.728442Z,github.com/Mertcikla/tld/v2,v2.3.4-beta.3
2026-09-24T17:42:18.155206Z,github.com/Maskviva/Pier,v26.32.1+incompatible
2026-09-24T17:42:19.832769Z,github.com/elliottophellia/yakumo,v0.0.0-20260924173618-c2a054c1d75b
2026-09-24T17:42:20.059026Z,cosmossdk.io,v0.0.0-20241216161728-eb1a8e88a4dd
2026-09-24T17:42:20.95442Z,github.com/abelmokadem/tap-spec,v0.0.0-20180312155700-366326e46ada
2026-09-24T17:42:22.763624Z,github.com/opnsense/core,v0.0.0-20260924131427-21923995f15f
2026-09-24T17:42:25.63514Z,github.com/kthomas/go-self-signed-cert,v0.0.0-20190323094036-35b13d736994
2026-09-24T17:42:26.181856Z,github.com/milvus-io/milvus,v0.0.0-20260924165023-15fdc9599854
2026-09-24T17:42:27.860812Z,github.com/larsartmann/sqlc-wizzard,v0.0.0-20260922155136-d317d03de76f
2026-09-24T17:42:28.56212Z,lore.kernel.org/linux-cxl/0.git,v0.0.0-20260924173410-cbf22ad87a28
2026-09-24T17:42:28.700279Z,go.lumeweb.com/web/go/portal-abuse-report,v0.0.0-20260924172146-b57b0830c543
2026-09-24T17:42:32.342439Z,github.com/VinGarcia/kbuilder,v1.12.4
2026-09-24T17:42:32.641948Z,github.com/skypilot-org/skypilot/addons/fuse-proxy,v0.0.0-20260924174049-587875b1af38
2026-09-24T17:42:33.297336Z,github.com/mystenlabs/fastnft,v0.0.0-20260924173138-580cc5bf5e9c
2026-09-24T17:42:33.616085Z,github.com/getgrav/grav,v0.0.0-20260924152135-64c39ae93fcc
2026-09-24T17:42:36.933472Z,github.com/dalroot/rex/rex-cli,v0.0.0-20260924163347-f84ad8bea370
2026-09-24T17:42:39.308529Z,github.com/Elliottophellia/yakumo,v0.0.0-20260924173618-c2a054c1d75b
2026-09-24T17:42:40.707101Z,github.com/discord4j/discord4j,v0.0.0-20260924151105-4e2925e6d016
2026-09-24T17:42:40.773849Z,github.com/composer/semver,v0.0.0-20260924143851-f7a296f4c4cf
2026-09-24T17:42:42.51915Z,github.com/google/android-cuttlefish,v0.0.0-20260924151255-ea0f180da553
2026-09-24T17:42:43.388816Z,github.com/pprecel/hydroform,v0.0.0-20210818073527-a84e09007d6a
2026-09-24T17:42:46.82089Z,github.com/reze-dev/ctOS,v0.0.0-20260923174115-1e5490693da8
2026-09-24T17:42:51.733847Z,codeberg.org/alex-ilchukov/grim,v0.0.0-20260924120949-21f0e719f1ff
2026-09-24T17:42:52.41924Z,github.com/riscv/riscv-isa-manual,v0.0.0-20260924095335-3496d46d01d7
2026-09-24T17:42:53.033433Z,github.com/railwayapp/railpack,v0.40.0
2026-09-24T17:42:53.53331Z,github.com/cilium/tetragon/api,v0.0.0-20260924162424-a58fbc7409b2
2026-09-24T17:42:54.825252Z,github.com/prabhatparihar/GoBootCamp,v0.0.0-20251128061519-3ef752359391
2026-09-24T17:42:58.522071Z,github.com/enisoc/helm,v2.0.0-alpha.2+incompatible
2026-09-24T17:42:59.532656Z,github.com/libsdl-org/sdl,v0.0.0-20260924173947-70e125ba8ef2
2026-09-24T17:43:01.510786Z,github.com/secamc93/probability,v0.0.0-20260924172802-3d660c893ed2
2026-09-24T17:43:05.858401Z,github.com/lemmego/gpabun,v0.1.5
2026-09-24T17:43:05.953817Z,github.com/jinnrry/pmail/server,v0.0.0-20260924002624-7e868f592f48
2026-09-24T17:43:07.553082Z,github.com/lemmego/gpamongo,v0.1.4
2026-09-24T17:43:07.575668Z,github.com/lemmego/gparedis,v0.1.4
2026-09-24T17:43:07.903035Z,github.com/apache/spamassassin,v0.0.0-20260924172915-408df87136bc
2026-09-24T17:43:17.694701Z,github.com/DeviceFarmer/stf,v3.8.0+incompatible
2026-09-24T17:43:23.597411Z,github.com/Trade-Tariff/trade-tariff-backend,v0.0.0-20260924125836-221107a793ce
2026-09-24T17:43:23.659541Z,github.com/cerbos/cerbos/hack/tools/testsplit,v0.0.0-20260924115023-b71fb4fb98f8
2026-09-24T17:43:23.894418Z,blake.io/wait,v0.7.5
2026-09-24T17:43:26.770436Z,github.com/doocs/jvm,v0.0.0-20260924071301-cd6cc9ff3b8c
2026-09-24T17:43:29.18617Z,github.com/prebid/Prebid.Js,v0.0.0-20260924120334-811bee05283e
2026-09-24T17:43:30.276771Z,github.com/patriceckhart/zot,v0.3.95
2026-09-24T17:43:31.017568Z,github.com/igorwojda/android-showcase,v0.0.0-20260924174312-84d200382ef8
2026-09-24T17:43:34.932301Z,github.com/open-telemetry/opentelemetry-operator/tests/test-e2e-apps/bridge-server,v0.0.0-20260924164348-2d811cc86014
2026-09-24T17:43:39.14096Z,review.coreboot.org/coreboot.git/util/hda-decoder,v0.0.0-20260924173415-3b40da0a6f11
2026-09-24T17:43:41.153008Z,github.com/kkamara/useful,v0.0.0-20260924125817-31fb231522a0
2026-09-24T17:43:41.976693Z,github.com/springernature/halfpipe,v0.0.0-20260924111147-00d1e2f12686
2026-09-24T17:43:45.287913Z,github.com/escapingnetwork/borai,v0.0.0-20260924082910-104e74d4e516
2026-09-24T17:43:51.347781Z,bitbucket.org/_SLACE_/clients/go/crmapi,v0.0.0-20260924172153-e1c902cb5388
2026-09-24T17:43:58.53346Z,github.com/archlinuxcn/repo,v0.0.0-20260924172248-de7b149fa699
2026-09-24T17:44:01.311065Z,github.com/polymeshassociation/polymesh-sdk,v24.7.0-alpha.11+incompatible
2026-09-24T17:44:04.712661Z,github.com/pardnchiu/go-llm-router,v0.7.1
2026-09-24T17:44:08.532243Z,github.com/stackitcloud/stackit-sdk-go/examples/serviceenablement,v0.0.0-20260924122429-c4957b0b8c8b
2026-09-24T17:44:09.03159Z,github.com/GENTOO/gentoo,v0.0.0-20260924171831-94715e2ebaa4
2026-09-24T17:44:09.808194Z,github.com/rilldata/rill,v0.90.1
2026-09-24T17:44:15.208418Z,github.com/kode4food/spuds/engine,v0.0.0-20260924103614-8c3fbe2750c8
2026-09-24T17:44:21.419771Z,github.com/madfam-org/enclii/apps/waybill,v0.0.0-20260924173222-b954d1c533e3
2026-09-24T17:44:26.333186Z,github.com/Energy-Sparks/energy-sparks,v0.0.0-20260924151842-d2fb7630347a
2026-09-24T17:44:29.681281Z,github.com/QwenLM/qwen-code,v0.24.5
2026-09-24T17:44:30.200138Z,github.com/BloomBooks/BloomDesktop,v0.0.0-20260924172646-f478edd095db
2026-09-24T17:44:31.809719Z,github.com/tibrezus/harmostes,v1.2.0-276
2026-09-24T17:44:32.60076Z,github.com/guettli/otelhousereport,v0.0.0-20260924083543-199f0c305238
2026-09-24T17:44:37.810018Z,github.com/reF1nd/sing,v0.8.1
2026-09-24T17:44:39.715465Z,github.com/mrdimidium/nanoid,v0.1.0
2026-09-24T17:44:39.94223Z,github.com/lavamoat/lavamoat,v0.0.0-20260924115419-92ef20f65246
2026-09-24T17:44:40.869898Z,github.com/cloudx-io/openauction,v0.0.0-20260924144521-372ee59e8c93
2026-09-24T17:44:42.925974Z,github.com/redhat-developer/rhdh-operator,v0.0.0-20260924145625-f4c031835af9
2026-09-24T17:44:44.032057Z,github.com/ishankgupta95/panchang/source/go/v5,v5.4.0
2026-09-24T17:44:48.04722Z,github.com/kelvran/gateway,v0.0.0-20260924141733-b155b7f3e910
2026-09-24T17:44:48.728048Z,github.com/martianoff/gala-tui,v0.0.0-20260924130142-1f5efc5f8ee5
2026-09-24T17:44:53.565201Z,github.com/adieu/helm,v2.0.0-beta.1+incompatible
2026-09-24T17:44:57.62906Z,github.com/movsb/fbiw,v0.0.0-20260924173811-45efa8c0f731
2026-09-24T17:45:00.560384Z,github.com/snonux/foostore,v0.9.2
2026-09-24T17:45:00.811943Z,github.com/honeycombio/terraform-provider-honeycombio,v0.55.0
2026-09-24T17:45:07.821274Z,github.com/RECHE23/real-regex/bindings/go,v0.3.6
2026-09-24T17:45:09.427185Z,github.com/stolostron/multicluster-role-assignment,v0.0.0-20260924134043-68bc874b0bd3
2026-09-24T17:45:09.434117Z,github.com/devicefarmer/stf,v3.8.0+incompatible
2026-09-24T17:45:13.604579Z,github.com/stealthrocket/coroutine,v0.0.0-20230917231541-3a2d9ed67a18
2026-09-24T17:45:16.228817Z,github.com/kerberos-io/agent,v3.12.4+incompatible
2026-09-24T17:45:21.814055Z,github.com/mirceanton/talswitcher,v1.2.1-0.20260920034756-9cca90891980
2026-09-24T17:45:24.28543Z,github.com/onflow/flow-cli/pkg/flowkit,v0.0.0-20230303080902-0e67eccbf200
2026-09-24T17:45:28.89672Z,github.com/reF1nd/quic-go,v0.52.0-sing-box-mod.2
2026-09-24T17:45:30.924252Z,github.com/kausys/azync,v0.0.10
2026-09-24T17:45:33.021852Z,github.com/prismlauncher/prismlauncher,v0.0.0-20260924165244-e3ebea1198e1
2026-09-24T17:45:35.870881Z,github.com/PHPOffice/PhpSpreadsheet,v0.0.0-20230512143541-40203ff6cb18
2026-09-24T17:45:35.967168Z,github.com/Elagoht/collage,v0.10.1-0.20260924172033-1cb588146d19
2026-09-24T17:45:36.194253Z,github.com/meaningful-data/dpmcore,v0.0.0-20260924111659-256a22050189
2026-09-24T17:45:45.11347Z,github.com/vingarcia/kbuilder/adapters/modernc-ksqlite,v1.12.4
2026-09-24T17:45:48.830221Z,github.com/microsoft/agent-framework,v0.0.0-20260924171131-2c46deb91e70
2026-09-24T17:45:51.850379Z,github.com/inference-sh/agentprotocol/transcript/sqlite,v0.4.2
2026-09-24T17:45:52.964299Z,github.com/vingarcia/kbuilder/adapters/ksqlite3,v1.12.4
2026-09-24T17:45:56.392697Z,github.com/vingarcia/kbuilder/adapters/kpgx5,v1.12.4
2026-09-24T17:45:57.152788Z,github.com/bpmn-io/diagram-js,v15.27.0+incompatible
2026-09-24T17:46:01.092229Z,github.com/observerly/astrometry,v0.70.0
2026-09-24T17:46:01.956689Z,github.com/ARelle/arelle,v0.0.0-20260924173542-17dcc0885c93
2026-09-24T17:46:03.574491Z,github.com/sensu/uchiwa,v0.0.0-20180110174613-f735ce6f7b57
2026-09-24T17:46:06.421173Z,git.apache.org/kafka.git,v0.0.0-20260924160219-2d6548e5455b
2026-09-24T17:46:11.354262Z,github.com/provideservices/provide-chainpoint,v0.0.0-20190211190650-ad02d0ad7c3f
2026-09-24T17:46:12.666565Z,github.com/jonaskello/tsconfig-paths-webpack-plugin,v4.2.0+incompatible
2026-09-24T17:46:17.507797Z,github.com/cain19811028/go-notebook,v0.0.0-20260924160045-27948828e84b
2026-09-24T17:46:21.743854Z,github.com/googlecloudplatform/magic-modules/mmv1,v0.0.0-20260924173404-ad71531f36af
2026-09-24T17:46:22.233367Z,px.dev/pixie,v0.0.0-20260924045455-cad1388a8d00
2026-09-24T17:46:22.88767Z,github.com/GoogleCloudPlatform/magic-modules/tools/issue-labeler,v0.0.0-20260924173404-ad71531f36af
2026-09-24T17:46:42.938761Z,github.com/kite-plus/kite,v0.0.0-20260924170048-32804a199539
2026-09-24T17:46:43.24943Z,github.com/secamc93/probability/back/central,v0.0.0-20260924172802-3d660c893ed2
2026-09-24T17:46:43.434193Z,github.com/balaji-singh/owlpane-sdk/packages/go,v0.1.2-0.20260924165317-434bd6ae5756
2026-09-24T17:46:44.484897Z,github.com/lalternative/packages/go/cortex/connectors,v0.5.1-0.20260924170114-377ae72432e2
2026-09-24T17:46:45.385469Z,github.com/duglin/tools,v0.0.0-20260924170027-7b081d37d684
2026-09-24T17:46:46.832794Z,github.com/facebook/fbthrift/thrift/lib/go/thrift,v0.0.0-20260924172655-4cb3637d7f43
2026-09-24T17:46:48.180723Z,greedy.guru/greedy,v0.6.3-0.20260924165527-e524bc8647bb
2026-09-24T17:46:51.325227Z,github.com/KKloudTarus/taurus-jev-sdk-go,v0.1.1-0.20260924164056-78d0cfc13454
2026-09-24T17:46:53.851584Z,github.com/kubeshop/testkube,v1.17.69-beta048.0.20260924174533-f3dae87d31c0
2026-09-24T17:46:55.787174Z,github.com/rsdoiel/knowledge,v0.0.13-0.20260924164754-12801c2c31f5
2026-09-24T17:46:56.167997Z,github.com/wago-org/wago/cli/wago-installer,v0.1.0-beta.10.0.20260924172902-f76a207837d3
2026-09-24T17:46:56.514197Z,github.com/GoogleCloudPlatform/magic-modules/tools/teamcity-generator,v0.0.0-20260924173404-ad71531f36af
2026-09-24T17:46:58.270491Z,qpid.apache.org,v0.0.0-20260924012319-2d202d444510
2026-09-24T17:47:01.717694Z,go.datum.net/compute,v0.10.8-0.20260924171601-30afa9c4accc
2026-09-24T17:47:01.960171Z,github.com/potterli20/file,v0.0.0-20230125055639-b4a0543d5ed2
2026-09-24T17:47:02.272012Z,github.com/openclaw/crabbox,v0.66.1-0.20260924164235-9073c90a6d8d
2026-09-24T17:47:05.277374Z,github.com/vortex-data/vortex,v0.0.0-20260924170124-2d9414a2b289
2026-09-24T17:47:09.435947Z,github.com/yaling888/quic-hy2,v0.63.0
2026-09-24T17:47:09.571228Z,github.com/zalando/skipper,v0.28.6
2026-09-24T17:47:24.216266Z,github.com/nvidia/nvsentinel/plugins/slinky-drainer,v0.0.0-20260924123634-c8a4a510de5f
2026-09-24T17:47:28.565784Z,github.com/imbstack/netlink,v0.0.0-20260924174512-c73780f85101
2026-09-24T17:47:33.564725Z,github.com/voluzi/cosmoguard,v0.1.8-0.20260924142226-2d3a0093fbc2
2026-09-24T17:47:35.313623Z,github.com/GizClaw/gizclaw-go,v0.21.1
2026-09-24T17:47:36.322316Z,go.lumeweb.com/web/go/portal-plugin-billing,v0.0.0-20260924172146-b57b0830c543
2026-09-24T17:47:37.982979Z,github.com/nvidia/aistore/cmd/ishard,v0.0.0-20260924155951-167f25a985f5
2026-09-24T17:47:40.098274Z,repo1.dso.mil/big-bang/bigbang,v0.0.0-20260924154926-1ae99967f9b6
2026-09-24T17:47:42.938104Z,github.com/geogebra/geogebra,v0.0.0-20260923211813-4873cd881d12
2026-09-24T17:47:45.184268Z,repo1.dso.mil/platform-one/big-bang/bigbang,v0.0.0-20260924154926-1ae99967f9b6
2026-09-24T17:47:45.954185Z,repo1.dso.mil/platform-one/big-bang/bigbang.git,v0.0.0-20260924154926-1ae99967f9b6
2026-09-24T17:47:45.954902Z,github.com/linuxfoundation/lfx-v2-member-service,v0.10.24
2026-09-24T17:47:47.156853Z,github.com/BeryJu/authentik,v0.0.0-20260924173451-0a8a36bfb54c
2026-09-24T17:47:47.689767Z,github.com/ishankgupta95/panchang,v5.4.0+incompatible
2026-09-24T17:47:53.890741Z,github.com/scoopinstaller/extras,v0.0.0-20260924173625-aed366ee2a8f
2026-09-24T17:47:58.932294Z,github.com/JokeTrue/otus-golang,v0.0.0-20200623093833-b24c060d6472
2026-09-24T17:48:00.445756Z,github.com/automattic/pocket-casts-ios,v0.0.0-20260924174414-d4a6050e6d4a
2026-09-24T17:48:01.878874Z,go.chromium.org/chromiumos/infra/proto/go,v0.0.0-20260924174146-66abf8deccea
2026-09-24T17:48:02.815217Z,github.com/deckhouse/deckhouse/pkg/metrics-storage,v0.3.1-0.20260924173956-334cce3f0869
2026-09-24T17:48:05.962949Z,github.com/deckhouse/deckhouse/pkg/log,v0.2.2-0.20260924173956-334cce3f0869
2026-09-24T17:48:07.690049Z,github.com/deckhouse/deckhouse/pkg/registry,v0.0.2-0.20260924173956-334cce3f0869
2026-09-24T17:48:16.76656Z,repo.or.cz/tinycc.git,v0.0.0-20260922223225-3dc99dbc82f8
2026-09-24T17:48:17.015507Z,github.com/NexgenCloud/hyperstack-sdk-go,v0.1.0
2026-09-24T17:48:23.646345Z,github.com/agglayer/agglayer-contracts,v1.1.0-fork.4
2026-09-24T17:48:25.668554Z,github.com/compozy/compozy-web-assets,v0.0.290
2026-09-24T17:48:26.238586Z,github.com/darkweak/souin/plugins/skipper,v1.7.9
2026-09-24T17:48:30.311288Z,github.com/LeSim/tps,v0.0.0-20181105131940-00f0f0051049
2026-09-24T17:48:33.27651Z,github.com/Verolop/multigres,v0.0.0-20260924085434-d96b2f9c5e51
2026-09-24T17:48:40.521195Z,github.com/endoflife-date/release-data,v0.0.0-20260924172043-2f1360cf4525
2026-09-24T17:48:48.115969Z,github.com/hectorvent/floci,v0.0.0-20260924173042-02ad6aa76821
2026-09-24T17:48:49.026572Z,gitlab.com/mergetb/portal/services,v1.7.51
2026-09-24T17:48:51.968204Z,github.com/munnik/uuid/v5,v5.6.0
2026-09-24T17:48:52.359733Z,github.com/marin-community/marin,v0.0.0-20260924172039-628a2edb57c3
2026-09-24T17:48:55.339191Z,github.com/vacp2p/nim-libp2p,v2.3.5+incompatible
2026-09-24T17:48:56.544601Z,github.com/docker/sandbox-kit-spec/v3,v3.0.0-m.6.0.20260924172901-99d248ea5ae2
2026-09-24T17:48:57.151057Z,github.com/MaaXYZ/MaaEnd/agent/go-service,v0.0.0-20260924171444-bd7c273a3b0f
2026-09-24T17:48:59.006492Z,github.com/breml/go-uptime-kuma-client,v0.5.3-0.20260920210351-8abe4bb1606c
2026-09-24T17:49:01.444224Z,github.com/shouni/go-utils,v1.8.1
2026-09-24T17:49:01.904836Z,github.com/code-payments/flipcash2-protobuf-api,v1.25.1-0.20260924174832-14737aaed7cb
2026-09-24T17:49:03.888738Z,github.com/speakeasy-api/openapi-generation/v2,v2.941.0
2026-09-24T17:49:04.905907Z,github.com/SawaMEN/3x-ui/v3,v3.9.5-0.20260924174401-23caf741cb89
2026-09-24T17:49:07.294324Z,github.com/ditto-assistant/ditto-subnet,v0.307.1
2026-09-24T17:49:07.843142Z,github.com/goreleaser/goreleaser/v2,v2.6.2-0.20250128104328-a3d46256b11d
2026-09-24T17:49:08.150726Z,github.com/tanemahuta/goselfie,v0.0.0-20260923060526-ecfe29052df1
2026-09-24T17:49:11.39307Z,github.com/smartcontractkit/capabilities/libs,v0.0.0-20260924150307-26e2ee0f241e
2026-09-24T17:49:13.280424Z,github.com/smartcontractkit/capabilities/http_trigger,v0.0.0-20260924150307-26e2ee0f241e
2026-09-24T17:49:21.81618Z,github.com/fleetdm/fleet/tools/hangar,v0.0.0-20260924172039-c4750ae36511
2026-09-24T17:49:25.286914Z,buf.build/gen/go/safedep/api/connectrpc/go,v1.20.0-20260924172335-b3803903c9fd.1
2026-09-24T17:49:25.376092Z,buf.build/gen/go/safedep/api/grpc/go,v1.6.2-20260924172335-b3803903c9fd.1
2026-09-24T17:49:26.477141Z,buf.build/gen/go/safedep/api/protocolbuffers/go,v1.36.12-20260924172335-b3803903c9fd.1
2026-09-24T17:49:26.483893Z,github.com/itchio/go-itchio,v0.0.0-20260924174910-9da9e84dec25
2026-09-24T17:49:27.90854Z,github.com/f-droid/fdroiddata,v0.0.0-20260924173539-95cccf79951c
2026-09-24T17:49:42.072018Z,github.com/yulab-smu/clusterprofiler,v0.0.0-20260924044846-33b36f13f372
2026-09-24T17:49:44.245136Z,github.com/reche23/real-regex/bindings/go,v0.3.6
2026-09-24T17:49:44.992626Z,rmazur.io/narys,v0.0.0-20260923180456-e5d520da8c80
2026-09-24T17:49:47.445287Z,github.com/h0rn3t/Graft,v0.1.4-0.20260924164144-c9f39f5d8f58
2026-09-24T17:49:50.992459Z,github.com/ScoopInstaller/Extras,v0.0.0-20260924173625-aed366ee2a8f
2026-09-24T17:49:52.429092Z,github.com/Maps4HTML/Web-Map-Custom-Element,v0.18.0
2026-09-24T17:49:52.638505Z,github.com/nspcc-dev/neo-go/examples/timer,v0.0.0-20260924161830-412000af56ab
2026-09-24T17:49:59.186716Z,github.com/michaeljustin/daraja-framework,v3.3.0+incompatible
2026-09-24T17:50:01.302285Z,github.com/zap-proto/zip,v1.37.19
2026-09-24T17:50:09.354656Z,github.com/git-lfs/git-lfs/v3,v3.7.1-0.20260304225126-f4ebf5fecd84
2026-09-24T17:50:24.561225Z,github.com/smartcontractkit/chainlink/system-tests/tests/smoke/cre/vaultsecret,v0.0.0-20260924172308-b80a201befe2
2026-09-24T17:50:35.627557Z,github.com/lalternative/packages/go/cortex,v0.14.1-0.20260924170114-377ae72432e2
2026-09-24T17:50:36.120971Z,github.com/Limine-bootloader/Limine,v0.2.1
2026-09-24T17:50:37.750144Z,github.com/gnome/gimp,v0.0.0-20260924161632-4ad98bc5b897
2026-09-24T17:50:38.701075Z,github.com/maps4html/web-map-custom-element,v0.18.0
2026-09-24T17:50:39.658169Z,github.com/rust-lang/rustup,v0.0.0-20260924164113-4d2484572052
2026-09-24T17:50:44.119954Z,github.com/danielmiessler/fabric,v1.4.481
2026-09-24T17:50:45.915507Z,github.com/GoogleCloudPlatform/magic-modules/tools/template-check,v0.0.0-20260924173404-ad71531f36af
2026-09-24T17:50:50.70682Z,github.com/coleifer/peewee,v0.0.0-20260924133826-05d502150bd0
2026-09-24T17:50:51.967181Z,github.com/maximhq/bifrost/tests/cmd/seed,v0.0.0-20260924174505-edff1f05837a
2026-09-24T17:50:57.140673Z,github.com/dapr/dapr/tests/apps/perf/actor-activation-locker,v0.0.0-20260924171246-0692a6746df3
2026-09-24T17:50:59.559826Z,github.com/huggin/lc,v0.0.0-20260924011047-c1aa2abdd5f9
2026-09-24T17:51:02.253403Z,github.com/rancher-sandbox/rancher-desktop/src/go/nerdctl-stub/generate,v0.0.0-20260924172002-1817fef156ea
2026-09-24T17:51:04.454346Z,github.com/metamask/metamask-docs,v0.0.0-20260924121754-8be8eb9887f4
2026-09-24T17:51:04.804914Z,github.com/Homebrew/Homebrew-core,v0.0.0-20260924173909-e2add1d58dff
2026-09-24T17:51:04.811157Z,github.com/almeidandres/go,v0.30.0-panda.0
2026-09-24T17:51:06.598308Z,github.com/weaviate/weaviate/test/benchmark_bm25,v0.0.0-20260924173817-e3f4df7ba89f
2026-09-24T17:51:08.132821Z,github.com/facebook/dns/dnsrocks,v0.0.0-20260924104231-9875b2096cd7
2026-09-24T17:51:08.559917Z,github.com/samapriya/awesome-gee-community-datasets,v0.0.0-20260924174321-33e9771adee7
2026-09-24T17:51:10.055538Z,github.com/vertikon/sdk-hulk.vertikon.com.br,v0.0.0-20260924174905-01e9a544ccff
2026-09-24T17:51:12.534992Z,github.com/facebook/dns/dnswatch,v0.0.0-20260924104231-9875b2096cd7
2026-09-24T17:51:15.408585Z,github.com/blaxel-ai/toolkit,v0.1.115
2026-09-24T17:51:16.93138Z,github.com/opendtect/opendtect,v0.0.0-20260924144531-900d1aa95dbc
2026-09-24T17:51:24.886728Z,github.com/ypares/agent-skills,v0.0.0-20260924131309-405ab2a4c691
2026-09-24T17:51:28.551317Z,buf.build/gen/go/stigmer/stigmer/protocolbuffers/go,v1.36.12-20260923225700-ee753c266bba.2
2026-09-24T17:51:30.006294Z,github.com/smartcontractkit/chainlink/system-tests/tests/smoke/cre/evm/logtrigger,v0.0.0-20260924172308-b80a201befe2
2026-09-24T17:51:30.900578Z,go.chromium.org/chromiumos/config,v0.0.0-20260924173025-6c13c3b083e3
2026-09-24T17:51:32.441038Z,github.com/facebookarchive/esprima,v0.0.0-20151221211114-61fb00a55bc2
2026-09-24T17:51:37.545129Z,github.com/METABYTECODE/battlemetrics_free_api,v0.0.0-20260924175110-784e7f747da6
2026-09-24T17:51:37.907878Z,github.com/smm-h/rlsbl,v0.126.0
2026-09-24T17:51:43.233795Z,github.com/GoogleCloudPlatform/magic-modules/tools/test-reader,v0.0.0-20260924173404-ad71531f36af
2026-09-24T17:51:51.090085Z,github.com/protolambda/devtest,v0.3.0
2026-09-24T17:51:52.746445Z,github.com/openvax/isovar,v1.29.3-0.20260924175112-5ceda731f631
2026-09-24T17:51:53.182337Z,github.com/ceph/ceph-csi/actions/retest,v0.0.0-20260924161542-0bd878c2481a
2026-09-24T17:51:53.443484Z,salsa.debian.org/chromium-team/chromium,v0.0.0-20260924071612-1ebee127dfbf
2026-09-24T17:51:54.080592Z,github.com/godotengine/godot,v0.0.0-20260924172334-30caae98b79e
2026-09-24T17:51:57.79724Z,github.com/microsoft/onnxruntime/go,v0.0.0-20260924170642-fb8905ba1635
2026-09-24T17:52:01.475841Z,github.com/laravel/vue-starter-kit,v1.0.2
2026-09-24T17:52:04.065865Z,salsa.debian.org/apt-team/apt,v0.0.0-20260924134159-95a76da70011
2026-09-24T17:52:06.485495Z,github.com/koxudaxi/datamodel-code-generator,v0.0.0-20260924145650-e62b1e03d095
2026-09-24T17:52:10.098701Z,salsa.debian.org/exim-team/exim4,v0.0.0-20260922093408-ddac3933eda6
2026-09-24T17:52:10.418348Z,salsa.debian.org/exim-team/exim4.git,v0.0.0-20260922093408-ddac3933eda6
2026-09-24T17:52:11.241606Z,github.com/Wenaixi/nazhi-cli,v1.7.1
2026-09-24T17:52:15.955579Z,github.com/nknapp/grunt-saucelabs,v8.0.0+incompatible
2026-09-24T17:52:18.875946Z,github.com/h0rn3t/graft,v0.1.4-0.20260924164144-c9f39f5d8f58
2026-09-24T17:52:22.628983Z,go.yaml.in/yaml/v4,v4.0.0-rc.6.0.20260924175008-59db6cd010bf
2026-09-24T17:52:23.460983Z,github.com/olliw42/mlrs,v0.0.0-20260924150032-f3f12e1af684
2026-09-24T17:52:26.408654Z,github.com/cspotcode/source-map,v0.0.0-20210721210728-6c4c3351f4b6
2026-09-24T17:52:29.477931Z,github.com/Portll/actionlint,v1.6.13
2026-09-24T17:52:36.787888Z,github.com/Azure/custom-script-extension-linux,v0.0.0-20260228012558-aa2eb2a9724c
2026-09-24T17:52:43.6176Z,github.com/chroma-core/chroma/go,v0.0.0-20260924175106-da4f68beced4
2026-09-24T17:52:43.635338Z,github.com/smartcontractkit/chainlink/system-tests/tests/regression/cre/evm/evmread-negative,v0.0.0-20260924172308-b80a201befe2
2026-09-24T17:52:44.990429Z,buf.build/gen/go/insecta/barqouq/grpc/go,v1.6.2-20260924144154-b4ae639ab306.1
2026-09-24T17:52:46.912021Z,github.com/jdx/usage,v0.0.0-20260924172236-2d88eaf1c32c
2026-09-24T17:52:47.760429Z,github.com/beryju/authentik,v0.0.0-20260924173451-0a8a36bfb54c
2026-09-24T17:52:50.591965Z,github.com/grafana/shared-workflows,v0.0.0-20260924171214-f6df5e35ed37
2026-09-24T17:52:52.806554Z,github.com/ark0n/codeman,v0.0.0-20260924161706-d67da5c9d01e
2026-09-24T17:52:53.644514Z,github.com/stricttools/selfdoc,v0.43.1
2026-09-24T17:52:54.554124Z,salsa.debian.org/python-team/packages/more-itertools,v0.0.0-20260924174815-846b249736e2
2026-09-24T17:52:54.797721Z,salsa.debian.org/python-team/packages/more-itertools.git,v0.0.0-20260924174815-846b249736e2
2026-09-24T17:52:54.906099Z,gitee.com/h79/gomem,v1.0.3
2026-09-24T17:52:55.80255Z,github.com/rancher-sandbox/rancher-desktop,v1.15.2-0.20240911164922-5443d1a11011
2026-09-24T17:52:57.656782Z,github.com/bhperry/openshift-api,v0.0.0-20260924173737-f2a522dff140
2026-09-24T17:52:58.949608Z,github.com/Thanhphan1147/root-mn,v0.1.25
2026-09-24T17:53:01.891934Z,github.com/Uspacy/uspacy-go-sdk,v1.5.9-0.20260924155211-f82f39af0f26
2026-09-24T17:53:02.758073Z,github.com/rancher-sandbox/rancher-desktop/src/go/guestagent,v0.0.0-20260924172002-1817fef156ea
2026-09-24T17:53:04.215288Z,github.com/primes-today/primeweb/bot,v0.0.0-20260924173521-dd7341b9bd26
2026-09-24T17:53:06.600697Z,github.com/azure/sonic-mgmt-common,v0.0.0-20260924172943-ecec7f93a6e7
2026-09-24T17:53:13.610999Z,github.com/waku-org/go-waku,v0.7.1-0.20230830143357-229fb7a970c6
2026-09-24T17:53:16.248641Z,salsa.debian.org/mariadb-team/mariadb-server,v0.0.0-20260923101755-ac3d3ea93481
2026-09-24T17:53:17.042356Z,github.com/mrsirg97-rgb/rig,v0.8.0
2026-09-24T17:53:20.066196Z,salsa.debian.org/security-tracker-team/security-tracker,v0.0.0-20260924172129-1f7d6838896a
2026-09-24T17:53:20.339396Z,github.com/logos-messaging/logos-delivery-go,v0.7.1-0.20230830143357-229fb7a970c6
2026-09-24T17:53:22.243782Z,github.com/csibbitt/telemetry-operator/api,v0.0.0-20260924173934-e2d0e1240928
2026-09-24T17:53:26.27881Z,salsa.debian.org/rust-team/debcargo-conf,v0.0.0-20260924173655-b4e99feabafa
2026-09-24T17:53:27.893549Z,github.com/signalfx/splunk-otel-collector,v0.0.0-20260924171217-49aebbb6386d
2026-09-24T17:53:31.698381Z,github.com/mieczkowski/goflow2/v3,v3.0.0-20260924165626-0ca0de73cda2
2026-09-24T17:53:35.540885Z,sbinet.org/x/aranet4,v0.15.2
2026-09-24T17:53:38.191767Z,github.com/wenaixi/nazhi-cli,v1.7.1
2026-09-24T17:53:41.21036Z,github.com/asynccnu/ccnubox-be/common,v0.0.0-20260924074238-adbf9cef14db
2026-09-24T17:53:44.532779Z,github.com/thanhphan1147/root-mn,v0.1.25
2026-09-24T17:53:47.112752Z,github.com/portll/actionlint,v1.6.13
2026-09-24T17:53:49.204867Z,github.com/pkar/gap2,v0.1.0-alpha.2
2026-09-24T17:53:52.839516Z,github.com/bhperry/openshift-client-go,v0.0.0-20260924175319-b4557ed31ab1
2026-09-24T17:53:53.600474Z,github.com/NVIDIA/OpenShell,v0.0.0-20260924151008-e60098d74893
2026-09-24T17:53:54.626433Z,github.com/exphp/THTK,v0.0.0-20200802232100-15d27a8bc392
2026-09-24T17:53:57.588006Z,github.com/Revolutionary-Games/thrivedevcenter,v0.0.0-20260923100246-bbdb3a9e7f53
2026-09-24T17:53:59.842236Z,github.com/inverse-inc/packetfence,v0.0.0-20260924134550-a312f9b25f0c
2026-09-24T17:54:00.810872Z,github.com/th08/Th08,v0.0.0-20251013214837-67ae503fb195
2026-09-24T17:54:08.945682Z,github.com/gocomply/xsd2go,v0.1.12-0.20260514082147-b9a4c836bda0
2026-09-24T17:54:10.636738Z,k8s.io/autoscaler/vertical-pod-autoscaler,v0.0.0-20260924150616-11cddea31c67
2026-09-24T17:54:10.943956Z,github.com/kyma-project/telemetry-manager,v0.0.0-20260924172035-b908b138aab4
2026-09-24T17:54:13.059166Z,github.com/obot-platform/kinm,v0.0.0-20260924174344-9ce3bb8dba5e
2026-09-24T17:54:13.652545Z,github.com/xiph/rav1e,v0.0.0-20191210114654-3f711947d749
2026-09-24T17:54:15.193342Z,github.com/GoogleCloudPlatform/magic-modules/tools/diff-processor,v0.0.0-20260924173404-ad71531f36af
2026-09-24T17:54:24.575193Z,github.com/emindeniz99/apple-purchase-receipt-verifier/go,v0.6.0
2026-09-24T17:54:35.461094Z,github.com/avienor/bediz,v1.0.0-rc.1.0.20260924162814-e913df9fd03a
2026-09-24T17:54:52.341335Z,bitbucket.org/amotus/getenv,v0.0.8
2026-09-24T17:54:54.498147Z,github.com/opensearch-project/security,v0.0.0-20260924152050-e44d36f4daf1
2026-09-24T17:55:04.082274Z,github.com/DDP-projekt/DDPLS,v0.0.1
2026-09-24T17:55:11.660248Z,github.com/canonical/charmcraft,v0.0.0-20260924160725-5b55b182fe4b
2026-09-24T17:55:14.021587Z,github.com/conda-forge/staged-recipes,v0.0.0-20260924174659-927ca48c89fc
2026-09-24T17:55:16.58081Z,github.com/hashicorp/terraform-provider-google-beta,v1.20.1-0.20260924174941-432f724a13cc
2026-09-24T17:55:18.165433Z,github.com/web-platform-tests/wpt-metadata,v0.0.0-20260924174310-c4307e0916e3
2026-09-24T17:55:30.162667Z,github.com/shellhub-io/shellhub/tests,v0.0.0-20260924174857-0720b6b2ac15
2026-09-24T17:55:30.267299Z,github.com/banksean/apple-container,v0.1.5
2026-09-24T17:55:30.471142Z,github.com/grpc/grpc/tools/http2_interop,v0.0.0-20260924173503-88f984bbbd15
2026-09-24T17:55:34.666414Z,github.com/hanzoai/ai,v1.833.234
2026-09-24T17:55:35.848029Z,github.com/TencentBlueKing/bk-bcs/bcs-services/bcs-helm-manager,v0.0.0-20260924090632-95440472e83f
2026-09-24T17:55:43.649086Z,github.com/witwave-ai/witself,v0.0.0-20260924161818-18314a5bca4e
2026-09-24T17:55:46.974588Z,github.com/std-uritemplate/std-uritemplate,v2.0.9-0.20260305004039-102d05a37288+incompatible
2026-09-24T17:55:57.938155Z,github.com/carpetsage/egg,v0.0.0-20260924160218-e35407242914
2026-09-24T17:56:02.858569Z,github.com/GoogleCloudPlatform/magic-modules/mmv1,v0.0.0-20260924173404-ad71531f36af
2026-09-24T17:56:05.69408Z,github.com/OpenTollgate/tollgate-module-basic-go,v0.0.0-20260924170924-5dff568c9402
2026-09-24T17:56:16.465513Z,shadop.dev/pkg/sdk-go,v0.18.0
2026-09-24T17:56:18.988536Z,github.com/redis/lettuce-core,v0.0.0-20260924143134-4d12c0c3da24
2026-09-24T17:56:21.16681Z,github.com/MarkWestbroek/Bitemporal_2026/bitemporal_go_API_v01,v0.0.0-20260924174933-ce43445ae8c4
2026-09-24T17:56:21.220039Z,github.com/GoogleCloudPlatform/magic-modules/tools/teamcity-diff-check,v0.0.0-20260924173404-ad71531f36af
2026-09-24T17:56:21.611028Z,github.com/relizaio/rearm-client-go,v0.1.7-0.20260924175322-108e8bc5223f
2026-09-24T17:56:27.126291Z,github.com/TanStack/query,v5.90.4-0.20260924100248-077230bf29dc+incompatible
2026-09-24T17:56:27.434723Z,github.com/qfox/reserved-words,v0.1.2
2026-09-24T17:56:30.970051Z,github.com/dapr/dapr,v0.0.0-20260924171246-0692a6746df3
2026-09-24T17:56:31.113056Z,k8s.io/minikube,v0.0.0-20260924163214-066662a9d331
2026-09-24T17:56:35.757272Z,github.com/F-droid/fdroiddata,v0.0.0-20260924175347-da59c0161ed1
2026-09-24T17:56:37.27215Z,github.com/quay/quay,v0.0.0-20260924171326-4b582c095a71
2026-09-24T17:56:39.051782Z,github.com/lephyrius/zeroscaler,v0.0.0-20260924172815-7750977babbb
2026-09-24T17:56:39.176579Z,github.com/scoopinstaller/main,v0.0.0-20260924173830-ba1ce904b2e5
2026-09-24T17:56:46.898686Z,github.com/celzero/firestack,v0.0.0-20260924141157-0cb550c50e4b
2026-09-24T17:56:48.663096Z,github.com/johanix/tdns/tdns/edns0,v0.0.0-20260924160515-6d3e5aafdbbb
2026-09-24T17:56:48.980758Z,github.com/ava-labs/simplex,v0.0.0-20260924174910-e3136c5cd74d
2026-09-24T17:56:50.685826Z,gvisor.dev/gvisor,v0.0.0-20260924175619-20f4b91eec04
2026-09-24T17:56:51.030003Z,github.com/CompassLabs/cli,v0.1.72-rc.0
2026-09-24T17:56:52.258318Z,github.com/nixys/nxs-backup,v0.0.0-20260804130841-5bc213e830fc
2026-09-24T17:56:52.92866Z,github.com/Orogenesis/FireX-Proxy,v0.0.0-20260924170727-aa7184393412
2026-09-24T17:56:54.189282Z,github.com/leorolland/sortir.in,v0.9.0
2026-09-24T17:56:55.914375Z,github.com/opennsw/nsw-agency/backend,v0.0.0-20260924104329-966f0ecaa7ec
2026-09-24T17:57:00.704845Z,github.com/nvidia/nvsentinel/fault-quarantine,v0.0.0-20260924123634-c8a4a510de5f
2026-09-24T17:57:02.940633Z,github.com/itchio/mitch,v0.0.0-20260924175625-fb2c53abddae
2026-09-24T17:57:08.112602Z,github.com/compasslabs/cli,v0.1.72-rc.1
2026-09-24T17:57:09.720564Z,github.com/PrefectHQ/prefect-operator,v0.0.0-20240906014324-4b59ffdded30
2026-09-24T17:57:12.835898Z,github.com/username1565/text-encoding,v0.8.1
2026-09-24T17:57:15.68029Z,git.launchpad.net/snapd.git,v0.0.0-20260924081818-d07ce96253ff
2026-09-24T17:57:15.946406Z,github.com/zxing-js/text-encoding,v0.9.0
2026-09-24T17:57:16.484553Z,github.com/tkmchain/go-tkmchain,v1.21.30
2026-09-24T17:57:17.872992Z,github.com/PrefKarafuto/ex0ch,v0.0.0-20250702141105-9829684cae95
2026-09-24T17:57:19.978829Z,github.com/Grafana/Grafana/pkg/plugins,v0.0.0-20260924173512-0a8abf1eac20
2026-09-24T17:57:21.755521Z,github.com/PrefKarafuto/New_0ch_Plus,v0.0.0-20250704111848-b1fd39659af3
2026-09-24T17:57:27.739993Z,github.com/opensms-io/opensms-go,v0.1.1
2026-09-24T17:57:29.675239Z,github.com/Prekols-Inc/Markdown-editor,v0.0.2-0.20251124205225-49d0beb431be
2026-09-24T17:57:29.924793Z,github.com/heroku/heroku-cli,v11.10.1-beta.0+incompatible
2026-09-24T17:57:30.715882Z,github.com/googlecloudplatform/magic-modules/tools/teamcity-diff-check,v0.0.0-20260924173404-ad71531f36af
2026-09-24T17:57:32.168876Z,git.maid.zone/stuff/soundcloak,v0.0.0-20260924122217-bc050491611a
2026-09-24T17:57:36.687427Z,github.com/tanstack/query,v5.90.4-0.20260924100248-077230bf29dc+incompatible
2026-09-24T17:57:36.896731Z,sigs.k8s.io/agent-sandbox/dev/tools,v0.0.0-20260924172817-db55d9f296a0
2026-09-24T17:57:37.031793Z,github.com/hiero-ledger/hiero-mirror-node/rosetta,v0.0.0-20260924175708-8b6f5ca5bc8c
2026-09-24T17:57:39.418547Z,sigs.k8s.io/agent-sandbox/examples/chrome-sandbox,v0.0.0-20260924172817-db55d9f296a0
2026-09-24T17:57:40.99657Z,github.com/reze-dev/ctos,v0.0.0-20260923174115-1e5490693da8
2026-09-24T17:57:42.033022Z,github.com/golang/go/misc,v0.0.0-20260924175458-beaf715aaab1
2026-09-24T17:57:42.842129Z,github.com/prestashop/Php-cssjanus,v1.1.3
2026-09-24T17:57:44.228496Z,github.com/nova-video-player/aos-AVP,v6.5.1+incompatible
2026-09-24T17:57:44.514338Z,github.com/chipsalliance/caliptra-dpe,v0.0.0-20260923194238-7c210f121747
2026-09-24T17:57:46.095565Z,sigs.k8s.io/aws-fsx-openzfs-csi-driver,v1.3.3
2026-09-24T17:57:50.11341Z,github.com/MaaAssistantArknights/MaaAssistantArknights/src/Golang,v0.0.0-20260924150301-dfbe725150f3
2026-09-24T17:57:53.608907Z,github.com/yakyak/yakyak,v1.5.12-0.20210408130106-047f976a32b2
2026-09-24T17:57:53.802135Z,github.com/denoland/std,v0.20.1-0.20230824154209-a8d7c9e6b48d
2026-09-24T17:57:54.496665Z,github.com/zeebe-io/zeebe,v0.0.0-20260924173415-2a6b951b5d9d
2026-09-24T17:57:57.736813Z,sigs.k8s.io/blobfuse-csi-driver,v1.27.11
2026-09-24T17:57:58.126358Z,github.com/PRESIDENTru/protos,v0.0.0-20251109154952-1b4741dd35fc
2026-09-24T17:58:02.66485Z,github.com/aontu-lang/aontu/go,v0.76.0
2026-09-24T17:58:05.473925Z,github.com/PrestaShop/blockwishlist,v0.0.0-20210309142952-82e699250051
2026-09-24T17:58:06.700795Z,github.com/valkey-io/valkey-glide/go/v2,v2.0.0-20260924170152-799eb62e48c3
2026-09-24T17:58:07.41083Z,github.com/PrestaShop/blockreassurance,v0.0.0-20200717141246-ba730eb184e6
2026-09-24T17:58:08.254776Z,github.com/PrestaShop/circuit-breaker,v0.0.0-20241121102447-25fcd9babceb
2026-09-24T17:58:08.621259Z,github.com/PrestaShop/contactform,v0.0.0-20180326095609-bef34d2f69ce
2026-09-24T17:58:08.84516Z,github.com/PressMaximum/customify,v0.4.16-0.20260525042916-4acf23f2f1eb
2026-09-24T17:58:10.244525Z,github.com/PrestaShop/csaGuzzleBundle,v0.0.0-20201126161558-7282d8983496
2026-09-24T17:58:10.316089Z,github.com/Project-HAMI/HAMI-core,v0.0.0-20260924094908-ec5d85a3d709
2026-09-24T17:58:10.740354Z,github.com/maximhq/bifrost/core,v1.10.2
2026-09-24T17:58:12.89055Z,github.com/PrestaShop/dashgoals,v0.0.0-20230322161612-13667ef6458c
2026-09-24T17:58:12.922492Z,github.com/PrestaShop/dashactivity,v0.0.0-20221201104027-21e90c2d98dc
2026-09-24T17:58:12.938025Z,github.com/PrestaShop/dashproducts,v0.0.0-20251114121420-cfb0cb933fcc
2026-09-24T17:58:13.037065Z,github.com/PrestaShop/gsitemap,v0.0.0-20251124072420-44ad0f5eafda
2026-09-24T17:58:13.308999Z,github.com/PrestaShop/decimal,v0.0.0-20170810140238-b39e1c3f4c90
2026-09-24T17:58:15.542306Z,github.com/Prestashop/php-cssjanus,v0.0.0-20180108095729-7866b8a6f7ad
2026-09-24T17:58:16.223966Z,github.com/PrestaShop/php-cssjanus,v0.0.0-20170314205708-0fd44d8a3f1f
2026-09-24T17:58:16.254538Z,github.com/PrestaShop/pagesnotfound,v0.0.0-20251028171450-3e6a5526d708
2026-09-24T17:58:17.68274Z,github.com/PREP-NexT/PREP-SHOT,v1.11.2-0.20260508055228-ae4eeb7b287a
2026-09-24T17:58:19.037973Z,github.com/cameronpyne-smith/ordo,v0.0.0-20260924144931-cc31636d309b
2026-09-24T17:58:19.495586Z,github.com/PrestaShop/phpstan-prestashop,v0.0.0-20210107163253-f6eec01334d6
2026-09-24T17:58:21.854109Z,github.com/ls1intum/prompt2/servers/core,v0.0.0-20260924142941-cae3c3955739
2026-09-24T17:58:23.027066Z,github.com/nova-video-player/aos-avp,v6.5.1+incompatible
2026-09-24T17:58:23.858032Z,sigs.k8s.io/cloud-provider-azure/tests,v0.0.0-20260924065016-1f871d0ec83c
2026-09-24T17:58:26.891302Z,github.com/kubernetes-sigs/cluster-api,v1.14.0-rc.0.0.20260924083417-bf7e43e5ec14
2026-09-24T17:58:27.567473Z,sigs.k8s.io/cluster-api-provider-gcp/hack/tools,v0.0.0-20260923072210-a9ebb3795da1
2026-09-24T17:58:28.862546Z,github.com/Azure/azure-dev,v0.0.0-20260924165558-e0e24a8a0a36
2026-09-24T17:58:30.067861Z,github.com/verifytests/verify.icsharpcode.decompiler,v0.0.0-20260924113055-d95fa0679767
2026-09-24T17:58:33.091265Z,github.com/canonical/identity-platform-api,v0.0.0-20260924175044-8c1a27b95cef
2026-09-24T17:58:35.480717Z,sigs.k8s.io/cluster-api-provider-openstack/hack/tools,v0.0.0-20260922090214-ab7923577a73
2026-09-24T17:58:37.089722Z,github.com/project-hami/hami-core,v0.0.0-20260924094908-ec5d85a3d709
2026-09-24T17:58:38.490589Z,github.com/massgov/openmass,v0.0.0-20260924174557-b7f13548715e
2026-09-24T17:58:40.617404Z,github.com/osmandapp/OsmAnd-core,v0.0.0-20260924104210-d0693feaee59
2026-09-24T17:58:41.869553Z,github.com/JokeTrue/otus-golang/hw12_13_14_15_calendar,v0.0.0-20200623093833-b24c060d6472
2026-09-24T17:58:41.960029Z,github.com/PrestaShop/ps_banner,v0.0.0-20170222130316-304c9207adb3
2026-09-24T17:58:42.321678Z,github.com/PrestaShop/ps_dataprivacy,v0.0.0-20170623094526-7635ac3a3d37
2026-09-24T17:58:42.585805Z,github.com/PrestaShop/productcomments,v0.0.0-20251113144603-9e6a1f63b70c
2026-09-24T17:58:43.530851Z,github.com/PrestaShop/ps_crossselling,v0.0.0-20230222104449-c0c5cfe8ac4e
2026-09-24T17:58:43.569853Z,github.com/PrestaShop/ps_categorytree,v0.0.0-20251110090327-93182899122a
2026-09-24T17:58:45.169098Z,github.com/Prestashop/ps_facetedsearch,v0.0.0-20190521090132-41cbc9f08cc0
2026-09-24T17:58:48.108461Z,go.chromium.org/chromiumos/infra/proto,v0.0.0-20260924174146-66abf8deccea
2026-09-24T17:58:48.834181Z,github.com/PrestaShop/ps_facetedsearch,v0.0.0-20190521090132-41cbc9f08cc0
2026-09-24T17:58:49.332073Z,github.com/PrestaShop/ps_featuredproducts,v0.0.0-20231002092944-7a2af5e20c98
2026-09-24T17:58:49.400118Z,github.com/PrestaShop/ps_faviconnotificationbo,v0.0.0-20190426102918-7f594cacf3b5
2026-09-24T17:58:50.626745Z,github.com/PrestaShop/ps_languageselector,v0.0.0-20170322143627-4d853eb47fca
2026-09-24T17:58:52.33301Z,github.com/Prestashop/ps_linklist,v0.0.0-20220902155111-f27df3c4b703
2026-09-24T17:58:54.448382Z,github.com/PrestaShop/ps_searchbar,v0.0.0-20220413105658-e02b6b2b5e60
2026-09-24T17:58:54.520945Z,github.com/laststate/protocol/implementations/go,v0.0.0-20260924175809-3debd4a7ad0f
2026-09-24T17:58:54.658569Z,github.com/PrestaShop/ps_linklist,v0.0.0-20240909140031-d75fb386d1ee
2026-09-24T17:58:56.257026Z,github.com/jkheadley/instar,v1.3.1274
2026-09-24T17:58:56.770773Z,github.com/elastic/elasticsearch-specification,v0.0.0-20260924170102-199223b1eb9d
2026-09-24T17:58:56.853335Z,github.com/PrestaShop/ps_shoppingcart,v0.0.0-20231120143544-6f3845a09f62
2026-09-24T17:58:56.90195Z,github.com/PrestaShop/statsbestcustomers,v0.0.0-20170130154732-af70d4ef462e
2026-09-24T17:58:57.598164Z,github.com/PrestaShop/statsbestcategories,v0.0.0-20220106183943-fee7b7c679ec
2026-09-24T17:58:57.899234Z,github.com/PrestaShop/ps_themecusto,v0.0.0-20240307093526-f6d61045450d
2026-09-24T17:58:58.773346Z,github.com/PrestaShop/statsbestproducts,v0.0.0-20220111075237-0f5e03455cce
2026-09-24T17:58:59.807163Z,github.com/PrestaShop/statsbestsuppliers,v0.0.0-20230322090744-07c685bb744b
2026-09-24T17:59:00.156314Z,github.com/PrestaShop/statsbestvouchers,v0.0.0-20220110142522-9b9a8e1af451
2026-09-24T17:59:00.35746Z,github.com/PrestaShop/statscarrier,v0.0.0-20170130170351-3ccfe3914dd1
2026-09-24T17:59:00.99489Z,github.com/YakDriver/swissshepherd,v0.23.0
2026-09-24T17:59:01.132929Z,github.com/Prestashop/statscheckup,v0.0.0-20170130172908-b6371adaa368
2026-09-24T17:59:02.7522Z,github.com/PrestaShop/statsforecast,v0.0.0-20170131172009-f7b6175c1091
2026-09-24T17:59:03.069699Z,github.com/alexcanessa/github-release-notes,v0.0.0-20210325105907-ff0ddae3938d
2026-09-24T17:59:03.838416Z,github.com/honestbank/mfa-lib,v1.14.0
2026-09-24T17:59:03.8554Z,github.com/PrestaShop/statspersonalinfos,v0.0.0-20170131172136-dcac5f7768a4
2026-09-24T17:59:04.022098Z,github.com/PrestaShop/statscheckup,v0.0.0-20170130172908-b6371adaa368
2026-09-24T17:59:04.716445Z,github.com/nobl9/sloctl,v0.29.0
2026-09-24T17:59:05.195661Z,github.com/PrestaShop/statsnewsletter,v0.0.0-20220111160142-cca041983fee
2026-09-24T17:59:05.861656Z,github.com/PrestaShop/statsregistrations,v0.0.0-20170131172219-51d79fb12770
2026-09-24T17:59:07.20463Z,github.com/playframework/scalatestplus-play,v0.0.0-20260924135446-ec3be9fc9176
2026-09-24T17:59:07.272756Z,github.com/PrestaShop/statssales,v0.0.0-20220408125857-35a14881b522
2026-09-24T17:59:07.828724Z,sigs.k8s.io/cri-tools/hack/tools,v0.0.0-20260924043023-e97cdaba9d85
2026-09-24T17:59:09.578613Z,github.com/Prestashop/TCPDF,v0.0.0-20170713061747-58d7550f1f77
2026-09-24T17:59:09.647865Z,github.com/HOTELSDOTCOM/go-docker-client,v0.0.0-20180416102915-569c194a5d2d
2026-09-24T17:59:09.704162Z,latere.ai/x/cella,v0.5.0
2026-09-24T17:59:10.288129Z,github.com/lukesampson/scoop-extras,v0.0.0-20260924173625-aed366ee2a8f
2026-09-24T17:59:10.348249Z,github.com/PrestaShop/tcpdf,v0.0.0-20170713061747-58d7550f1f77
2026-09-24T17:59:13.266862Z,github.com/masim05/github-release-notes,v0.0.0-20190619173019-06d7a73e9fd7
2026-09-24T17:59:13.927283Z,github.com/Prestashop/Translationtoolsbundle,v0.0.0-20240105155825-b4e6c4140fab
2026-09-24T17:59:14.097155Z,github.com/romanSPB15/acell,v1.1.2-0.20260924175854-b5c61b6c9972
2026-09-24T17:59:14.418144Z,github.com/PrestaShop/TranslationToolsBundle,v0.0.0-20240105155825-b4e6c4140fab
2026-09-24T17:59:15.280042Z,github.com/takwolf/pixel-font-knife,v0.0.0-20260924161307-899ee3b14890
2026-09-24T17:59:16.149426Z,sigs.k8s.io/gateway-api/tools,v0.0.0-20260924135817-ddbd6bafd2a7
2026-09-24T17:59:16.156206Z,github.com/Prestashop/welcome,v0.0.0-20190502154846-a0ad26a5fdeb
2026-09-24T17:59:16.275531Z,sigs.k8s.io/gateway-api/tests,v0.0.0-20260924135817-ddbd6bafd2a7
2026-09-24T17:59:17.068445Z,github.com/PrestaShop/TCPDF,v0.0.0-20210720144320-172540dcbfdf
2026-09-24T17:59:17.763585Z,github.com/PrestaShop/welcome,v0.0.0-20190502154846-a0ad26a5fdeb
2026-09-24T17:59:20.103099Z,github.com/PrestoBot/gotorch,v0.0.0-20200814174807-9f487ae0c8bf
2026-09-24T17:59:20.562359Z,github.com/anthropics/claude-cookbooks,v0.0.0-20260924170505-c5ff1dc523e2
2026-09-24T17:59:24.49994Z,github.com/prestodb/RPresto,v1.4.9-0.20251203151313-f1016681480f
2026-09-24T17:59:24.680777Z,git.picodata.io/core/tarantool,v0.0.0-20260924124734-b73602652ff0
2026-09-24T17:59:32.528359Z,github.com/PrestonKnopp/tree-sitter-gdscript,v0.0.0-20250717182939-c370d711dc9e
2026-09-24T17:59:32.675642Z,github.com/yakdriver/swissshepherd,v0.23.0
2026-09-24T17:59:33.885312Z,github.com/laravel/fortify,v1.40.0
2026-09-24T17:59:36.262939Z,github.com/7dog7/flash-hijack,v0.0.0-20191109013403-c83ebedc777c
2026-09-24T17:59:40.317937Z,github.com/EliEladElrom/Flash-Optimizing-Tools,v0.0.0-20140116171840-c8beebf49ad8
2026-09-24T17:59:40.57626Z,github.com/5DPLAY-Game-Studio/BleachVsNaruto,v0.0.0-20260831024506-891f5776dbdf
2026-09-24T17:59:41.683133Z,github.com/rstreamlabs/rstream-go,v1.32.1
2026-09-24T17:59:46.013034Z,github.com/drypa/receiptcollector/dispose,v0.0.0-20260924122143-b47c4da1ad6c
2026-09-24T17:59:46.406145Z,github.com/osmandapp/osmand-core,v0.0.0-20260924104210-d0693feaee59
2026-09-24T17:59:47.706438Z,github.com/openebs/openebs-e2e/common,v0.0.0-20260924062937-84014cd34a6f
2026-09-24T17:59:51.105038Z,github.com/kjx98/avl,v0.0.0-20181218103930-a36da2df35fb
2026-09-24T17:59:52.266214Z,github.com/drypa/ReceiptCollector/dispose,v0.0.0-20260924122143-b47c4da1ad6c
2026-09-24T17:59:55.755347Z,github.com/PretendoNetwork/account,v0.0.0-20260806123341-edb4b02e9fe9
2026-09-24T17:59:56.432263Z,github.com/gRPC/grpc/tools/http2_interop,v0.0.0-20260924173503-88f984bbbd15
2026-09-24T17:59:59.473614Z,github.com/Wordpress/WordPress,v0.0.0-20260924163147-4478405d6576
2026-09-24T17:59:59.568469Z,github.com/PretendoNetwork/friends-secure,v0.0.0-20210912040615-55a19b1009c4
2026-09-24T18:00:01.156963Z,github.com/fardog/primeweb,v0.0.0-20260924173521-dd7341b9bd26
2026-09-24T18:00:01.491005Z,github.com/Scrivener07/FO4_Games,v1.1.1
2026-09-24T18:00:01.518861Z,github.com/charmbracelet/x/exp/toner,v0.0.0-20260924144451-d676b019604b
2026-09-24T18:00:02.912982Z,github.com/openai/orchard,v0.0.0-20260924170108-f101ade5d8fd
2026-09-24T18:00:03.125303Z,github.com/bloombooks/bloomdesktop,v0.0.0-20260924172646-f478edd095db
2026-09-24T18:00:03.931497Z,github.com/charmbracelet/x/examples,v0.0.0-20260924144451-d676b019604b
2026-09-24T18:00:05.295966Z,github.com/PretendoNetwork/grpc,v0.0.0-20260419103626-1150246a1d6c
2026-09-24T18:00:07.675406Z,github.com/PretendoNetwork/mario-kart-7-secure,v0.0.0-20240727162135-dd4522928d2c
2026-09-24T18:00:07.977416Z,github.com/appsecco/json-flash-csrf-poc,v0.0.0-20180205130730-ece61a457422
2026-09-24T18:00:08.584656Z,github.com/PretendoNetwork/grpc-go,v1.0.3-0.20260409020419-9082a90bb965
2026-09-24T18:00:09.733286Z,github.com/dl-alexandre/Grokipedia-CLI,v0.0.4
2026-09-24T18:00:10.12649Z,github.com/OvidijusParsiunas/deep-chat,v0.0.0-20260924145337-2b2f6f525ff4
2026-09-24T18:00:10.17428Z,github.com/PretendoNetwork/nex-go,v0.0.0-20211003065947-c0354ef79e95
2026-09-24T18:00:11.485957Z,github.com/redstone-finance/redstone-oracles-monorepo,v0.0.0-20260924154016-f50595db0ee5
2026-09-24T18:00:11.644818Z,github.com/Microsoft/fhir-server,v0.0.0-20260924173602-94b463f08789
2026-09-24T18:00:11.727891Z,github.com/kyrremann/beers,v0.0.0-20260924112805-54731feac706
2026-09-24T18:00:12.592593Z,github.com/drone-plugins/drone-buildx-acr,v1.5.9
2026-09-24T18:00:13.006515Z,github.com/buggerlogger/datadome-solver/go,v0.0.0-20260819203811-86061fa520aa
2026-09-24T18:00:17.841417Z,github.com/PretendoNetwork/nex-protocols-go,v0.0.0-20211102224409-0096666dfe3a
2026-09-24T18:00:19.75138Z,github.com/daginatsuko/www-rpcs3,v0.0.0-20260924152300-51b8d6c0f9e4
2026-09-24T18:00:20.171269Z,github.com/google/android-cuttlefish/frontend/src/operator,v0.0.0-20260924151255-ea0f180da553
2026-09-24T18:00:20.731936Z,github.com/PretendoNetwork/pokemon-rumble-world-secure,v0.0.0-20240727162252-40e3f421f25e
2026-09-24T18:00:20.733314Z,github.com/TheAlgorithms/python,v0.0.0-20260924173522-8b11aeae4dc4
2026-09-24T18:00:21.133352Z,github.com/PretendoNetwork/nimbus,v2.0.0+incompatible
2026-09-24T18:00:21.273657Z,github.com/postgres/postgres,v0.0.0-20260924173150-8be38b238a61
2026-09-24T18:00:23.136009Z,github.com/aontu-lang/aontu,v0.76.0
2026-09-24T18:00:23.429787Z,github.com/johanix/tdns/tdns,v0.0.0-20260924160515-6d3e5aafdbbb
2026-09-24T18:00:24.22341Z,github.com/argus-labs/world-engine,v0.16.8-regen
2026-09-24T18:00:26.599874Z,github.com/PrettyCoffee/fluidity,v0.0.0-20260218220308-dd5c14fe11a4
2026-09-24T18:00:26.993169Z,github.com/prettyCoders/golibs,v0.0.5-0.20210304042111-11d63f54eaa4
2026-09-24T18:00:30.955621Z,github.com/reF1nd/wireguard-go,v0.0.8-0.20260924180017-2736c480f8ac
2026-09-24T18:00:31.088213Z,github.com/PrettyGoodCapital/finance-flow,v0.0.0-20260608114809-f7268f171ea8
2026-09-24T18:00:34.207809Z,github.com/PreVeil/fsnotify,v1.4.8-0.20210512042125-26739553ed3e
2026-09-24T18:00:34.537848Z,github.com/kriszyp/compose,v0.2.2
2026-09-24T18:00:34.72183Z,github.com/cms-enterprise/mint-app,v0.0.0-20260924164408-06d0f335e6ff
2026-09-24T18:00:35.654994Z,sigs.k8s.io/lws/site,v0.0.0-20260924075018-d4f1525f15a4
2026-09-24T18:00:36.142523Z,github.com/scrivener07/fo4_games,v1.1.1
2026-09-24T18:00:36.421401Z,github.com/PrettyPepeBoy/Protos,v0.0.3-0.20240410121046-af1ca3cef75f
2026-09-24T18:00:38.729046Z,github.com/PriateXYF/quasar-go-sdk,v1.0.3-0.20220508150753-9c470f72b7a1
2026-09-24T18:00:39.30347Z,github.com/flashflashrevolution/rCubed,v2.0.4+incompatible
2026-09-24T18:00:39.680759Z,git.snix.dev/snix/snix,v0.0.0-20260924135337-22ca63bdb71c
2026-09-24T18:00:40.809714Z,github.com/sqlite/sqlite,v0.0.0-20260924170956-2503dc6182a9
2026-09-24T18:00:45.167737Z,github.com/threatwinds/go-sdk,v1.1.36
2026-09-24T18:00:47.649319Z,sigs.k8s.io/node-local-dns,v0.0.0-20260924145418-a2bb08306186
2026-09-24T18:00:48.62419Z,github.com/PrimaKu/pubsub,v0.0.0-20240809084106-bb57a61fccec
2026-09-24T18:00:49.847395Z,github.com/primaKu/pubsub,v1.0.4-0.20241025033345-1abd649eea66
2026-09-24T18:00:56.135268Z,github.com/clerk/clerk-docs,v0.0.0-20260924151058-3bbed894dc66
2026-09-24T18:00:57.476137Z,github.com/flashflashrevolution/rcubed,v2.0.4+incompatible
2026-09-24T18:01:00.094714Z,sigs.k8s.io/release-notes,v0.0.0-20260922120012-639705e09b42
2026-09-24T18:01:00.257717Z,github.com/Canonical/go-dqlite/v3,v3.0.0
2026-09-24T18:01:00.944052Z,github.com/prime31/Nez,v0.0.0-20251214163536-0d81e8080ad9
2026-09-24T18:01:01.710814Z,github.com/jlowin/fastmcp,v4.0.9+incompatible
2026-09-24T18:01:02.817841Z,sigs.k8s.io/signalhound,v0.0.0-20260923182216-d65349f3efe9
2026-09-24T18:01:03.415952Z,github.com/gnss-pro/flash-player,v0.0.0-20190213075645-991a6ab64806
2026-09-24T18:01:04.25848Z,github.com/bombshell-dev/clack,v0.0.0-20260922155517-f2bc46b5a3a8
2026-09-24T18:01:04.622595Z,github.com/PrimeIntellect-ai/nano-rlm,v0.0.0-20260911132002-3045e4cd965d
2026-09-24T18:01:05.460088Z,github.com/diygod/rsshub,v0.0.0-20260924172854-27ef2dd36d8b
2026-09-24T18:01:05.870364Z,github.com/duneanalytics/spellbook,v0.0.0-20260924132951-6504449c74ca
2026-09-24T18:01:06.350237Z,github.com/Australian-Imaging-Service/pipelines,v0.0.0-20260924110136-715f202750c2
2026-09-24T18:01:11.736195Z,github.com/Blincast/blincast-go-libs,v0.0.0-20260924164714-7bbfd9478095
2026-09-24T18:01:11.882238Z,github.com/Blincast/blincast-go-libs/telemetry,v0.0.0-20260924164714-7bbfd9478095
2026-09-24T18:01:13.891192Z,github.com/PrimeIntellect-ai/prime,v0.5.54-0.20260326031206-fe1afb439112
2026-09-24T18:01:17.288651Z,gopkg.in/streamlink/streamlink.v0,v0.0.0-20260924174338-d47154868663
2026-09-24T18:01:21.562453Z,github.com/c3xdev/c3x,v0.3.8
2026-09-24T18:01:22.049Z,sigs.k8s.io/seccomp-operator,v1.1.0
2026-09-24T18:01:22.808584Z,github.com/RC-CHN/ReuleauxCoder,v0.11.1
2026-09-24T18:01:23.909523Z,github.com/krys64/FlashToGodotExport,v0.0.0-20260913174302-6644e0e8e295
2026-09-24T18:01:26.216043Z,github.com/openrouterteam/docs,v0.0.0-20260924174215-801388070b0d
2026-09-24T18:01:28.629411Z,github.com/PrimeIntellect-ai/prime-cli,v0.6.34-0.20260907211053-c7a05e2dfcbb
2026-09-24T18:01:28.91555Z,github.com/cline/cline,v4.1.21+incompatible
2026-09-24T18:01:29.457079Z,github.com/odysseia-greek/mykenai/lysandros,v0.0.0-20260924134118-5af7575c7a2c
2026-09-24T18:01:30.64735Z,github.com/PrimeIntellect-ai/prime-agent,v0.7.5-0.20260821200523-34b294f8318e
2026-09-24T18:01:31.972006Z,gitlab.com/gitlab-org/gitaly/tools/dlv,v0.0.0-20260924173315-2e054a2ef12a
2026-09-24T18:01:32.958865Z,github.com/PrimeIntellect-ai/residency-environments,v0.0.0-20260901215334-583d9b1db49a
2026-09-24T18:01:33.268947Z,github.com/PrimeIntellect-ai/rlm,v0.0.0-20260911132002-3045e4cd965d
2026-09-24T18:01:33.907741Z,github.com/driftlessaf/go-driftlessaf,v0.10.131
2026-09-24T18:01:34.09551Z,github.com/axiom-studio/skills.sdk,v0.0.0-20260923173003-cf5c109378fe
2026-09-24T18:01:34.839495Z,github.com/PrimeIntellect-ai/rlm-harness,v0.0.0-20260902020007-dd2c04f42767
2026-09-24T18:01:37.885596Z,github.com/pingcap/ticdc/tools/workload,v0.0.0-20260924114213-2449aa4743cd
2026-09-24T18:01:41.785721Z,github.com/dyoshikawa/rulesync,v18.0.0+incompatible
2026-09-24T18:01:42.280285Z,github.com/PrimeIntellect-ai/research-environments,v0.0.0-20260904220740-cb9cffdd0f08
2026-09-24T18:01:43.476022Z,github.com/PrimeIntellect-ai/prime-rl,v0.9.1-0.20260831225711-799ac2625808
2026-09-24T18:01:43.625774Z,github.com/azure/azure-verified-modules,v0.0.0-20260924174554-11157ac12801
2026-09-24T18:01:44.719245Z,github.com/rc-chn/reuleauxcoder,v0.11.1
2026-09-24T18:01:45.624699Z,github.com/PrimeIntellect-ai/verifiers,v0.1.13-0.20260422162310-35a108a48735
2026-09-24T18:01:47.434808Z,github.com/australian-imaging-service/pipelines,v0.0.0-20260924110136-715f202750c2
2026-09-24T18:01:49.473569Z,github.com/JayantGoel001/JayantGoel001,v0.0.0-20260924172511-9ffbf4cae10a
2026-09-24T18:02:02.010629Z,github.com/phpoffice/phpspreadsheet,v0.0.0-20230512143541-40203ff6cb18
2026-09-24T18:02:08.272994Z,github.com/scratchfoundation/scratch-flash,v0.0.0-20190205183033-2e4a402ceb20
2026-09-24T18:02:12.165666Z,github.com/sxmad/MarbleMap-RPG-Game-Map-Editor,v0.0.0-20140414134333-e844828c1414
2026-09-24T18:02:14.847377Z,github.com/brotherlogic/monitor,v0.0.0-20170322023427-4982eeca8d73
2026-09-24T18:02:20.831738Z,github.com/chronosphereio/terraform-provider-chronosphere,v1.37.1-0.20260924175812-a1d8e3034f4a
2026-09-24T18:02:25.965092Z,github.com/Rocketable/platform,v0.1.1
2026-09-24T18:02:26.659638Z,github.com/maximhq/bifrost/framework,v1.7.4
2026-09-24T18:02:27.939628Z,github.com/romanspb15/acell,v1.1.2-0.20260924175854-b5c61b6c9972
2026-09-24T18:02:33.903427Z,github.com/jinnrry/pmail,v0.0.0-20260924002624-7e868f592f48
2026-09-24T18:02:34.518983Z,github.com/claymore666/dhcp-golib,v1.1.0
2026-09-24T18:02:36.480891Z,github.com/pingcap/monitoring,v0.0.0-20260924141407-83c0e43f2c1b
2026-09-24T18:02:38.135661Z,github.com/tylerzhu/linkupGame,v0.0.0-20130129105824-250f171c9fa5
2026-09-24T18:02:43.165665Z,github.com/hyperledger-labs/fabric-builder-k8s,v0.0.0-20260924120528-ac70fb2c639b
2026-09-24T18:02:44.391227Z,github.com/vendasta/api-gateway-docs,v0.0.0-20260924180223-128c301e96d7
2026-09-24T18:02:45.899176Z,codeberg.org/1-1sam/img2txt,v0.0.0-20260414173842-870036910735
2026-09-24T18:02:51.825907Z,sogvin.com/lmac,v0.10.1
2026-09-24T18:02:53.199476Z,github.com/googlecloudplatform/magic-modules/tools/issue-labeler,v0.0.0-20260924173404-ad71531f36af
2026-09-24T18:02:54.673862Z,github.com/splunk/security-content,v4.21.0+incompatible
2026-09-24T18:02:56.448586Z,github.com/polidea/RxBluetoothKit,v0.0.0-20200904122013-20a0736b5f53
2026-09-24T18:02:58.20024Z,go.googlesource.com/go.git,v0.0.0-20260924175458-beaf715aaab1
2026-09-24T18:02:58.607974Z,github.com/OpenNSW/nsw-agency,v0.0.0-20260924104329-966f0ecaa7ec
2026-09-24T18:02:58.68693Z,github.com/PoCInnovation/DagViz,v1.0.1-0.20220804161150-c95e025d78d5
2026-09-24T18:03:01.674723Z,github.com/apache/thrift,v0.0.0-20260924164822-2299ea815e8d
2026-09-24T18:03:02.046899Z,github.com/mertcikla/tld/v2,v2.3.5-0.20260924120952-5e84055c8766
2026-09-24T18:03:08.736774Z,github.com/getstingrai/dive,v1.33.0
2026-09-24T18:03:08.747797Z,github.com/farmOS/farmOS,v0.0.0-20260924140914-41f6e4091dba
2026-09-24T18:03:08.866422Z,github.com/function61/gokit,v0.0.0-20190119191753-cc1894e8af24
2026-09-24T18:03:13.6146Z,github.com/topfreegames/avro,v1.0.2-0.20180204165005-f44d169a0983
2026-09-24T18:03:15.138491Z,github.com/thebadinteger/p2pwn,v0.0.0-20260924171505-c0a04aa87be5
2026-09-24T18:03:16.958246Z,github.com/kkloudtarus/taurus-jev-sdk-go,v0.1.1-0.20260924164056-78d0cfc13454
2026-09-24T18:03:19.326963Z,github.com/dalroot/rex,v0.0.0-20260924163347-f84ad8bea370
2026-09-24T18:03:20.571644Z,github.com/fluent/fluent-bit,v0.0.0-20260923220249-c90d9b492a75
2026-09-24T18:03:21.687658Z,github.com/Primexz/KrakenDCA,v1.2.6-0.20240512184702-c3ec56bb01a6
2026-09-24T18:03:23.91655Z,github.com/googlecloudplatform/magic-modules/tools/teamcity-generator,v0.0.0-20260924173404-ad71531f36af
2026-09-24T18:03:26.503172Z,github.com/grafana/grafana-elasticsearch-datasource,v0.0.0-20260924174343-38603a47144a
2026-09-24T18:03:26.532871Z,github.com/ref1nd/wireguard-go,v0.0.7
2026-09-24T18:03:27.708291Z,github.com/favonia/cloudflare-ddns,v1.17.2-0.20260924035043-ef587f95d3a0
2026-09-24T18:03:28.528814Z,github.com/primeintellect-ai/prime-cli,v0.7.3
2026-09-24T18:03:32.306615Z,github.com/nvidia/openshell,v0.0.0-20260924172246-6af5520f37a6
2026-09-24T18:03:32.638572Z,sourcecraft.dev/farmpilotonline/proto-contracts/service_boundary/go,v0.0.0-20260924100055-384e617b8bbc
2026-09-24T18:03:33.792215Z,sourcecraft.dev/farmpilotonline/proto-contracts/objectfields_fl/go,v0.0.0-20260924100055-384e617b8bbc
2026-09-24T18:03:34.645013Z,github.com/PrinceNarteh/go-ecommerce-api,v0.0.0-20211102041722-1caca7716f08
2026-09-24T18:03:34.692574Z,github.com/smithersai/smithers,v1.0.0-rc.0.0.20260924180155-0c94c121de38
2026-09-24T18:03:35.734579Z,github.com/brotherlogic/cdprocessor,v0.0.0-20181203000449-43a794395fb1
2026-09-24T18:03:38.76065Z,sourcecraft.dev/farmpilotonline/proto-contracts/service_preliminary_planning/go,v0.0.0-20260924100055-384e617b8bbc
2026-09-24T18:03:38.847697Z,sourcecraft.dev/farmpilotonline/proto-contracts/service_croprotation/go,v0.0.0-20260924100055-384e617b8bbc
2026-09-24T18:03:39.082334Z,sourcecraft.dev/farmpilotonline/proto-contracts/service_industrialzone/go,v0.0.0-20260924100055-384e617b8bbc
2026-09-24T18:03:39.377351Z,github.com/jayantgoel001/jayantgoel001,v0.0.0-20260924172511-9ffbf4cae10a
2026-09-24T18:03:39.577681Z,sourcecraft.dev/farmpilotonline/proto-contracts/service_cropseasons/go,v0.0.0-20260924100055-384e617b8bbc
2026-09-24T18:03:39.946647Z,sourcecraft.dev/farmpilotonline/proto-contracts/service_storage/go,v0.0.0-20260924100055-384e617b8bbc
2026-09-24T18:03:43.649768Z,github.com/princeton-nlp/SWE-agent,v1.1.1-0.20251018032548-8089c8baa55b
2026-09-24T18:03:43.999485Z,github.com/PrincetonUniversity/job_defense_shield,v1.3.2-0.20260529195004-76b98632bada
2026-09-24T18:03:45.000755Z,github.com/PrinsFrank/standards,v3.16.8-0.20260728171915-a379b998e80b+incompatible
2026-09-24T18:03:45.009057Z,github.com/rocketable/platform,v0.1.1
2026-09-24T18:03:47.866979Z,github.com/parseapi/go,v1.7.0
2026-09-24T18:03:49.281077Z,github.com/joketrue/otus-golang,v0.0.0-20200623093833-b24c060d6472
2026-09-24T18:03:54.020673Z,github.com/golang/Go,v0.0.0-20260924175458-beaf715aaab1
2026-09-24T18:03:54.518782Z,github.com/prinzpiuz/Clappy,v0.0.0-20240518073521-f3c2e4943958
2026-09-24T18:03:54.890473Z,github.com/konstpic/sharx-code/v2,v2.0.0-20260924180120-d604399d1955
2026-09-24T18:03:55.554177Z,github.com/tylerzhu/linkupgame,v0.0.0-20130129105824-250f171c9fa5
2026-09-24T18:03:59.249958Z,github.com/superfly/docs,v0.0.0-20260924173333-dd9b569608e8
2026-09-24T18:04:00.606704Z,github.com/Prism-Shadow/penguin-harness,v0.2.10-0.20260901171953-9d219c7d49d9
2026-09-24T18:04:06.583329Z,github.com/opentollgate/tollgate-module-basic-go,v0.0.0-20260924173622-cff55e5e0034
2026-09-24T18:04:07.878765Z,github.com/foxglove/mcap,v0.0.0-20260924171730-5336ce02b19f
2026-09-24T18:04:10.033127Z,github.com/chainguard-dev/terraform-infra-common,v1.48.5
2026-09-24T18:04:13.856437Z,github.com/primeintellect-ai/rlm-harness,v0.0.0-20260924035407-b425f2d1e6bc
2026-09-24T18:04:20.200689Z,github.com/Pumpkin-MC/Pumpkin,v0.0.0-20260924095906-10a2ad56b83c
2026-09-24T18:04:25.538647Z,github.com/webtyp/devflow,v0.4.105
2026-09-24T18:04:26.820331Z,github.com/Querz/mcaselector,v0.0.0-20260924170313-d31bee6a7a4e
2026-09-24T18:04:35.362859Z,github.com/chromiumembedded/cef,v0.0.0-20260924180227-30b4fc6c8dd3
2026-09-24T18:04:39.756554Z,sourceware.org/git/newlib-cygwin.git,v0.0.0-20260924150821-04f9e88ce783
2026-09-24T18:04:41.487244Z,github.com/getzep/zep-go/v3,v3.30.0
2026-09-24T18:04:46.6422Z,github.com/ArtifexSoftware/mupdf,v0.0.0-20260924174451-d587982f971e
2026-09-24T18:04:47.867831Z,github.com/bifrost-finance/go-substrate-rpc-client,v1.1.0
2026-09-24T18:04:48.155955Z,github.com/Files-com/terraform-provider-files,v0.1.1088
2026-09-24T18:04:48.7598Z,github.com/lesim/tps,v0.0.0-20181105131940-00f0f0051049
2026-09-24T18:04:55.477691Z,github.com/Dawil/draiver,v0.0.5
2026-09-24T18:04:56.44466Z,gitlab.com/mergetb/engine,v1.7.51
2026-09-24T18:04:56.936046Z,github.com/verolop/multigres,v0.0.0-20260924085434-d96b2f9c5e51
2026-09-24T18:04:58.545302Z,github.com/perfume-dev/example-flash,v0.0.0-20120608104232-f8550d36169a
2026-09-24T18:04:59.929011Z,webtyp.com/components,v0.6.34
2026-09-24T18:05:01.330008Z,webtyp.com/layout,v0.2.59
2026-09-24T18:05:02.697137Z,github.com/riusksk/FlashScanner,v0.0.0-20160626031152-6815b0215e49
2026-09-24T18:05:03.152547Z,sourceware.org/git/glibc.git,v0.0.0-20260923084916-04a3995650ec
2026-09-24T18:05:03.507132Z,github.com/PrismarineJS/node-minecraft-data,v0.0.0-20260815110357-3024c90a4197
2026-09-24T18:05:05.03985Z,github.com/PrismarineJS/mineflayer,v0.0.0-20241026221154-3d6e2344751c
2026-09-24T18:05:06.130382Z,github.com/PrismarineJS/node-minecraft-protocol,v0.0.0-20211103001552-562389b4656e
2026-09-24T18:05:09.671245Z,github.com/Effect-ts/effect,v0.0.0-20260924143231-3788b63bd629
2026-09-24T18:05:09.870327Z,github.com/MetaMask/metamask-storybook,v0.0.0-20260924173650-eb5b92c77a58
2026-09-24T18:05:12.630778Z,github.com/FacileStudio/nacelle,v0.28.1
2026-09-24T18:05:12.863388Z,src.agwa.name/go-util,v0.13.0
2026-09-24T18:05:13.086547Z,github.com/maaxyz/maaend/agent/go-service,v0.0.0-20260924171444-bd7c273a3b0f
2026-09-24T18:05:15.482077Z,webtyp.com/form,v0.4.17
2026-09-24T18:05:16.49818Z,github.com/open-telemetry/opentelemetry-operator,v0.0.0-20260924164348-2d811cc86014
2026-09-24T18:05:21.167123Z,src.fedoraproject.org/rpms/anaconda,v0.0.0-20260922150237-c2609b7a87d5
2026-09-24T18:05:26.561272Z,github.com/vmware-tanzu/vm-operator/external/mobility-operator,v0.0.0-20260924180132-a184e9361963
2026-09-24T18:05:30.611313Z,github.com/artsy/force,v0.0.0-20260924174214-3facc9e477ac
2026-09-24T18:05:33.023515Z,github.com/grafana/Grafana,v0.0.0-20260924173512-0a8abf1eac20
2026-09-24T18:05:33.112104Z,github.com/files-com/terraform-provider-files,v0.1.1092
2026-09-24T18:05:33.399159Z,go.lumeweb.com/web,v0.0.0-20260924172146-b57b0830c543
2026-09-24T18:05:34.080782Z,github.com/hashicorp/vault/vault/hcp_link/proto,v0.0.0-20260924180255-7afbab7392bd
2026-09-24T18:05:36.786689Z,github.com/Prismatik/dotenv_safe,v0.0.0-20160729121255-a9492fccf366
2026-09-24T18:05:38.208151Z,github.com/sawamen/3x-ui/v3,v3.9.5-0.20260924174401-23caf741cb89
2026-09-24T18:05:38.331515Z,github.com/telekom/controlplane/admin,v0.0.0-20260924143530-8e991b0de1c8
2026-09-24T18:05:39.615063Z,github.com/facilestudio/nacelle,v0.28.1
2026-09-24T18:05:39.631585Z,github.com/dawil/draiver,v0.0.5
2026-09-24T18:05:42.114788Z,github.com/PrismJS/prism-themes,v0.0.0-20170702215721-afb4116547cd
2026-09-24T18:05:43.26796Z,github.com/madfam-org/enclii,v0.0.0-20260924173222-b954d1c533e3
2026-09-24T18:05:43.311201Z,github.com/Prismer-AI/PrismerCloud,v1.7.5-0.20260414200816-5ec2f817507f
2026-09-24T18:05:44.331384Z,github.com/PrismJS/prism,v1.24.2-0.20210703115451-158f25d40cf9
2026-09-24T18:05:45.632581Z,github.com/PrismLauncher/meta,v0.0.0-20260718112144-a3eaacb3d9e1
2026-09-24T18:05:46.191833Z,github.com/PrismLauncher/Meta,v0.0.0-20260530123250-23f6efd91f07
2026-09-24T18:05:46.432946Z,github.com/kirodotdev/kirocrew,v0.7.0
2026-09-24T18:05:46.964693Z,github.com/artifexsoftware/mupdf,v0.0.0-20260924174451-d587982f971e
2026-09-24T18:05:54.332042Z,github.com/manateelazycat/rime-ice-installer,v0.1.8
2026-09-24T18:05:55.964148Z,github.com/hashicorp/vault/api/auth/cert,v0.0.0-20260924180255-7afbab7392bd
2026-09-24T18:06:01.650921Z,github.com/googlecloudplatform/k8s-config-connector/experiments/tools/licensescan,v0.0.0-20260924173613-1b514a77740c
2026-09-24T18:06:06.535261Z,github.com/Camunda/camunda,v0.0.0-20260924173415-2a6b951b5d9d
2026-09-24T18:06:09.624462Z,github.com/nanostack-dev/echopoint-runner,v0.53.0
2026-09-24T18:06:11.529089Z,github.com/kerberos-io/agent/machinery,v0.0.0-20260924172452-e242882f2405
2026-09-24T18:06:12.11129Z,github.com/olgunozoktas/gorender,v0.3.0
2026-09-24T18:06:13.823644Z,github.com/vendasta/api-gateway-docs/examples/go/access-token,v0.0.0-20260924180223-128c301e96d7
2026-09-24T18:06:16.186564Z,github.com/PrismLauncher/PrismLauncher,v0.0.0-20241025061909-d766de5fbf62
2026-09-24T18:06:23.64192Z,github.com/PrismLauncher/meta-launcher,v0.0.0-20260808070508-3f9ba82883ce
2026-09-24T18:06:23.884792Z,github.com/googlecloudplatform/magic-modules/tools/template-check,v0.0.0-20260924173404-ad71531f36af
2026-09-24T18:06:24.119228Z,github.com/kausys/azync/driver/azyncpgx,v0.0.10
2026-09-24T18:06:25.381696Z,code.qt.io/qt/qtqa.git/src/createchangelog,v0.0.0-20260924172954-55cef12b60b6
2026-09-24T18:06:25.577369Z,go.datum.net/network-services-operator,v0.28.4
2026-09-24T18:06:27.071688Z,github.com/hashicorp/vault/sdk,v0.26.0
2026-09-24T18:06:40.082228Z,github.com/solana-foundation/pay-kit/go,v0.0.0-20260924175833-c294f8903f18
2026-09-24T18:06:40.805986Z,github.com/rohanthewiz/cats-todo,v0.33.2
2026-09-24T18:06:41.446803Z,github.com/metabytecode/battlemetrics_free_api,v0.0.0-20260924175110-784e7f747da6
2026-09-24T18:06:41.622913Z,github.com/gentleman-programming/engram/v2,v2.1.1-0.20260924174011-0f78c745f719
2026-09-24T18:06:43.495006Z,github.com/apple/sourcekit-lsp,v0.0.0-20260924152733-045c18e9e9ea
2026-09-24T18:06:43.92314Z,github.com/Goldziher/kreuzberg,v1.2.9
2026-09-24T18:06:44.785132Z,github.com/KDE/plasma-desktop,v6.7.91+incompatible
2026-09-24T18:06:47.16764Z,github.com/openharmony/third_party_musl,v0.0.0-20260922065221-e3dce2bb16f2
2026-09-24T18:06:51.555478Z,github.com/lukas-krecan/shedlock,v0.0.0-20260924154400-0b49cd1a2266
2026-09-24T18:06:52.859333Z,github.com/religiosa1/tgnotifier,v1.3.0
2026-09-24T18:06:54.898272Z,github.com/googlecloudplatform/magic-modules/tools/test-reader,v0.0.0-20260924173404-ad71531f36af
2026-09-24T18:06:56.40264Z,github.com/azure/azure-dev,v0.0.0-20260924165558-e0e24a8a0a36
2026-09-24T18:06:56.525365Z,github.com/prinsfrank/standards,v3.16.9-0.20260921182727-fc5fadc1352d+incompatible
2026-09-24T18:06:57.925486Z,github.com/tomasruud/advent/2022,v0.0.0-20260922080438-68ba5260ba51
2026-09-24T18:07:00.437746Z,github.com/tomasruud/advent,v0.0.0-20260922080438-68ba5260ba51
2026-09-24T18:07:01.071597Z,github.com/ThePrimeagen/vim-apm,v0.0.0-20200817030014-873cdaef9edc
2026-09-24T18:07:02.041417Z,github.com/conductorone/baton-sdk,v0.32.2
2026-09-24T18:07:02.199546Z,github.com/GoogleCloudPlatform/k8s-config-connector/mockgcp,v0.0.0-20260924173613-1b514a77740c
2026-09-24T18:07:02.677821Z,storj.io/gateway-mt/testsuite,v0.0.0-20260922060121-fc59454008d4
2026-09-24T18:07:03.342688Z,git.sr.ht/~rabbits/drifblim,v0.0.0-20260924181159-41727c913011
2026-09-24T18:07:04.643524Z,github.com/kde/plasma-desktop,v6.7.91+incompatible
2026-09-24T18:07:05.9157Z,github.com/collaboraonline/online,v0.0.0-20260924124737-4e32e121610f
2026-09-24T18:07:05.926049Z,github.com/goldziher/kreuzberg,v1.2.9
2026-09-24T18:07:07.48511Z,github.com/wso2/api-platform/gateway/gateway-builder,v0.0.0-20260924175219-9a7ff24ad7f2
2026-09-24T18:07:08.566315Z,github.com/bsv-blockchain/teranode,v0.16.0-beta-13
2026-09-24T18:07:08.81783Z,github.com/red-hat-storage/ocs-operator/services/provider/api/v4,v4.0.0-20260924165133-7e97e00d377b
2026-09-24T18:07:13.625544Z,github.com/ls1intum/prompt2/servers/assessment,v0.0.0-20260924142941-cae3c3955739
2026-09-24T18:07:14.440487Z,github.com/apache/activemq,v0.0.0-20260924161334-23796e5dffa7
2026-09-24T18:07:17.557029Z,github.com/azure/custom-script-extension-linux,v0.0.0-20260228012558-aa2eb2a9724c
2026-09-24T18:07:20.591621Z,storj.io/uplink/testsuite,v0.0.0-20260924092809-764fb8b1e07d
2026-09-24T18:07:20.970262Z,github.com/bazelbuild/continuous-integration,v0.0.0-20260924155706-fb5e3670f6be
2026-09-24T18:07:25.718084Z,github.com/MyCarrier-DevOps/golibMyCarrier,v1.4.0-feat-devops-367-claim-wedge.42
2026-09-24T18:07:26.657734Z,github.com/maximhq/bifrost/plugins/governance,v1.8.3
2026-09-24T18:07:27.448214Z,github.com/uspacy/uspacy-go-sdk,v1.5.9-0.20260924155211-f82f39af0f26
2026-09-24T18:07:27.757677Z,github.com/cloudlena/s3manager,v0.10.0
2026-09-24T18:07:27.890516Z,github.com/nvidia/k8s-launch-kit,v0.0.0-20260924143709-bdd06574d082
2026-09-24T18:07:32.340091Z,k8s.io/kubernetes/hack/tools/instrumentation,v0.0.0-20260924180615-aad8ca0ff918
2026-09-24T18:07:32.768856Z,github.com/odysseia-greek/mykenai,v0.0.0-20260924134118-5af7575c7a2c
2026-09-24T18:07:35.360334Z,stvz.io/coral,v0.0.0-20260924092825-5ba60a3ade28
2026-09-24T18:07:36.835333Z,github.com/googlecloudplatform/k8s-config-connector/mockgcp,v0.0.0-20260924173613-1b514a77740c
2026-09-24T18:07:39.043221Z,github.com/vkohaupt/vokoscreenng,v0.0.0-20260924163522-75a60170c5d9
2026-09-24T18:07:40.371001Z,github.com/cloudevents/sdk-go/samples/nats,v0.0.0-20260923162818-c78fc2b0a297
2026-09-24T18:07:44.444274Z,github.com/freda-ab/adk-go/v2,v2.0.0-20260924180659-ddc4a707aa8c
2026-09-24T18:07:44.908983Z,github.com/laravel-lang/lang,v0.0.0-20260924113830-1a2c2ec36aa1
2026-09-24T18:07:45.327575Z,github.com/gnome/gparted,v0.0.0-20260924140558-c5c3c04c0e51
2026-09-24T18:07:46.997953Z,github.com/AreteAcademy/brevis,v0.15.1
2026-09-24T18:07:52.029498Z,github.com/democracyclub/uk-polling-stations,v0.0.0-20260924110754-e1c9575c9a56
2026-09-24T18:07:52.140053Z,github.com/SwitchbackTech/compass,v1.2.455
2026-09-24T18:07:54.374666Z,github.com/hashiCorp/terraform,v1.17.0-beta2
2026-09-24T18:07:57.395607Z,github.com/kniren/gota,v0.7.1-0.20171003072042-e7f4a01dace1
2026-09-24T18:07:58.433618Z,github.com/OXID-eSales/oxideshop_ce,v7.4.5+incompatible
2026-09-24T18:08:01.828097Z,github.com/sigstore/cosign/v3,v3.0.0-20260924115814-f9285f2d29f2
2026-09-24T18:08:02.379296Z,github.com/simonw/datasette,v0.0.0-20260924180441-287e8ba3b298
2026-09-24T18:08:03.217413Z,github.com/ovidijusparsiunas/deep-chat,v0.0.0-20260924145337-2b2f6f525ff4
2026-09-24T18:08:03.884033Z,github.com/switchbacktech/compass,v1.2.455
2026-09-24T18:08:06.866682Z,github.com/projectsveltos/addon-controller,v0.0.0-20260924173130-23f6debdb2a8
2026-09-24T18:08:10.236478Z,golang.org/x/tools/gopls,v0.0.0-20260924175301-1cea8e0f56b8
2026-09-24T18:08:12.024373Z,github.com/cvc5/cvc5,v0.0.0-20260924171916-61b5b9d104d0
2026-09-24T18:08:13.474212Z,github.com/googlecloudplatform/magic-modules/tools/diff-processor,v0.0.0-20260924173404-ad71531f36af
2026-09-24T18:08:15.186041Z,github.com/areteacademy/brevis,v0.15.1
2026-09-24T18:08:15.377882Z,github.com/zilliztech/woodpecker,v0.0.0-20260924083029-7d1e0b4cbc6c
2026-09-24T18:08:17.887336Z,github.com/kuhlman-labs/fishhawk,v0.0.0-20260924175416-f72d221865f1
2026-09-24T18:08:18.871914Z,github.com/Jinnrry/PMail,v0.0.0-20260924002624-7e868f592f48
2026-09-24T18:08:26.067769Z,github.com/beyondessential/tamanu,v2.63.3+incompatible
2026-09-24T18:08:26.801296Z,github.com/maximhq/bifrost/plugins/mocker,v1.6.6
2026-09-24T18:08:28.35037Z,github.com/GoogleCloudPlatform/magic-modules,v0.0.0-20260924173404-ad71531f36af
2026-09-24T18:08:31.449397Z,github.com/pearch-ai/pearch-client,v0.0.0-20260924174657-4ac245fc2c7e
2026-09-24T18:08:33.336514Z,github.com/tsouza/prometheus,v0.0.37-cerberus-parser
2026-09-24T18:08:33.389895Z,github.com/prithvidevs/persistenceSDK,v0.1.1-0.20210711035138-d6c7cd036032
2026-09-24T18:08:34.939883Z,github.com/skypilot-org/skypilot,v0.0.0-20260924174049-587875b1af38
2026-09-24T18:08:36.897792Z,github.com/giantswarm/substrate,v0.0.0-20260924180651-7fd771154a15
2026-09-24T18:08:39.144066Z,aalyria.com/spacetime/provisioning,v1.1.1790267830-alpha.1790267830
2026-09-24T18:08:39.989649Z,github.com/hashicorp/vault/api/auth/kubernetes,v0.12.1-0.20260924180255-7afbab7392bd
2026-09-24T18:08:40.623029Z,github.com/maximhq/bifrost/plugins/compat,v0.3.3
2026-09-24T18:08:40.924857Z,github.com/trycourier/courier-go/v4,v4.36.0
2026-09-24T18:08:41.660227Z,github.com/external-secrets/external-secrets/e2e,v0.0.0-20260924124519-687c8ace0c5c
2026-09-24T18:08:41.780907Z,github.com/edrosten/TooN,v0.0.0-20150623140857-4610c8bd35d2
2026-09-24T18:08:42.025677Z,github.com/alanshaw/ucantone,v0.0.0-20260924160040-c31dec73d9b3
2026-09-24T18:08:43.037387Z,github.com/googlecloudplatform/magic-modules,v0.0.0-20260924173404-ad71531f36af
2026-09-24T18:08:43.582263Z,github.com/PritOriginal/problem-map-server,v0.0.0-20251014140312-f9e32ffcb590
2026-09-24T18:08:43.860561Z,github.com/maximhq/bifrost/plugins/maxim,v1.7.6
2026-09-24T18:08:44.853395Z,github.com/bitomia/realm,v0.2.8-rc3
2026-09-24T18:08:50.436884Z,github.com/edrosten/toon,v0.0.0-20150623140857-4610c8bd35d2
2026-09-24T18:08:50.782723Z,github.com/p0dalirius/ZuluSCSI-firmware,v1.0.2
2026-09-24T18:08:56.829214Z,github.com/GoogleCloudPlatform/k8s-config-connector/dev/tools/controllerbuilder,v0.0.0-20260924173613-1b514a77740c
2026-09-24T18:08:57.80503Z,github.com/cirruslabs/orchard,v0.0.0-20260924170108-f101ade5d8fd
2026-09-24T18:08:58.166906Z,github.com/Ozark-Connect/NetworkOptimizer,v2.9.0-preview1+incompatible
2026-09-24T18:09:02.991725Z,github.com/prism-shadow/penguin-harness,v0.2.14-0.20260923080903-9eebc91c0917
2026-09-24T18:09:03.028118Z,github.com/Paymentbox-com/grpc-service-mesh-api,v0.1.2-0.20260924174525-76b571657726
2026-09-24T18:09:03.074352Z,github.com/hashicorp/vault/internalshared,v0.0.0-20260924180255-7afbab7392bd
2026-09-24T18:09:03.560382Z,github.com/alanshaw/libracha,v0.0.0-20260924165456-6d072ddc75f7
2026-09-24T18:09:04.217897Z,github.com/dbut2/dbut2.github.io,v0.0.0-20260922134505-6041bf78ebbc
2026-09-24T18:09:04.570501Z,github.com/OpenPLi/openpli-oe-core,v0.0.0-20260924180820-d53801f912c4
2026-09-24T18:09:07.049749Z,hanzo.ai/ci,v1.0.119-0.20260924174716-3ceb54383c48
2026-09-24T18:09:07.524885Z,goa.design/goa-ai,v0.86.2
2026-09-24T18:09:09.498554Z,github.com/siutsin/otaru,v0.0.0-20260924175310-4ecb96d11404
2026-09-24T18:09:13.042706Z,github.com/ozark-connect/networkoptimizer,v2.9.0-preview1+incompatible
2026-09-24T18:09:13.447881Z,github.com/cdapio/cdap,v3.6.0+incompatible
2026-09-24T18:09:14.88051Z,github.com/surajssd/dotfiles,v0.0.0-20260924155109-06efe28be84e
2026-09-24T18:09:15.857729Z,github.com/IBM/sarama/examples/consumergroup,v0.0.0-20241227220300-01318648d74c
2026-09-24T18:09:16.54106Z,github.com/tencentblueking/bk-bcs/bcs-services/bcs-helm-manager,v0.0.0-20260924090632-95440472e83f
2026-09-24T18:09:18.38244Z,github.com/vngcloud/terraform-provider-vngcloud,v1.3.21
2026-09-24T18:09:19.348516Z,github.com/oxid-esales/oxideshop_ce,v7.4.5+incompatible
2026-09-24T18:09:24.606262Z,github.com/GoogleCloudPlatform/k8s-config-connector/experiments/kubectl-plan,v0.0.0-20260924173613-1b514a77740c
2026-09-24T18:09:29.908276Z,github.com/SmartBase-SK/django-smartbase-admin,v0.0.0-20260924132840-583ab3452b41
2026-09-24T18:09:31.541633Z,github.com/guacsec/guac,v0.0.0-20260924152519-8dae94e60eee
2026-09-24T18:09:32.331533Z,github.com/cloudfoundry/runtime-ci,v0.0.0-20260924150900-0f44c6886bfa
2026-09-24T18:09:32.702336Z,github.com/apache/impala,v0.0.0-20260924151912-a6af29eee028
2026-09-24T18:09:35.278501Z,github.com/berkay-digital/Proxy-Scraper,v0.0.0-20260924143611-abf6ab6a7f29
2026-09-24T18:09:37.332514Z,github.com/Microsoft/pyright,v0.0.0-20260924174934-b6bb1887c3f0
2026-09-24T18:09:40.112832Z,github.com/michelangelo-ai/michelangelo/proto-go,v0.0.0-20260924160859-fe2d1f4c2feb
2026-09-24T18:09:40.528758Z,code.nochebuena.dev/einherjar/contracts,v1.9.0
2026-09-24T18:09:40.897315Z,github.com/bloomberg/comdb2,v0.0.0-20260924180732-8b7c913e35b2
2026-09-24T18:09:41.003769Z,github.com/nalind/docker/client,v0.0.0-20260924085253-8bc88f10b9be
2026-09-24T18:09:42.944695Z,github.com/emosbaugh/yaml,v0.0.0-20181120234527-2abc69c54a51
2026-09-24T18:09:43.030256Z,github.com/OpenAPITools/openapi-generator/samples/client/petstore/go,v0.0.0-20260924170303-f81c416b76bc
2026-09-24T18:09:48.636228Z,github.com/arloliu/go-secs/v2,v2.4.2
2026-09-24T18:09:50.820658Z,github.com/venusprotocol/venus-protocol,v10.3.0-dev.8+incompatible
2026-09-24T18:09:52.375883Z,github.com/khryptorgraphics/novacron/backend/core/orchestration,v0.0.0-20260924131339-35e2591c322b
2026-09-24T18:09:58.063722Z,github.com/CVC4/CVC4,v0.0.0-20260924171916-61b5b9d104d0
2026-09-24T18:10:01.246362Z,github.com/gsxhq/gsxui,v0.0.0-20260923150818-f4a696483900
2026-09-24T18:10:05.13501Z,github.com/sonarsource/sonar-iac/sonar-helm-for-iac,v0.0.0-20260924143551-97e4355d2c1d
2026-09-24T18:10:07.355604Z,github.com/bruin-data/bruin/semantic-engine,v0.0.0-20260924161642-2b79332d7f61
2026-09-24T18:10:15.166923Z,github.com/aZure/azure-pipeline-go,v0.2.3
2026-09-24T18:10:16.137237Z,github.com/fa0311/TwitterInternalAPIDocument,v0.0.0-20260924132955-d7cae82dbeea
2026-09-24T18:10:16.918934Z,code.nochebuena.dev/einherjar/core,v1.9.0
2026-09-24T18:10:21.177888Z,github.com/cameron314/concurrentqueue,v0.0.0-20260403212444-9afb99746f0f
2026-09-24T18:10:21.909338Z,github.com/maximhq/bifrost/plugins/otel,v1.5.6
2026-09-24T18:10:22.481766Z,github.com/p0dalirius/zuluscsi-firmware,v2024.12.12+incompatible
2026-09-24T18:10:25.607825Z,github.com/emindeniz99/apple-purchase-receipt-verifier,v0.6.0
2026-09-24T18:10:27.850533Z,code.nochebuena.dev/einherjar/worker,v1.9.0
2026-09-24T18:10:30.027232Z,github.com/maximhq/bifrost/plugins/logging,v1.8.3
2026-09-24T18:10:32.869219Z,github.com/orogenesis/firex-proxy,v0.0.0-20260924170727-aa7184393412
2026-09-24T18:10:33.34346Z,github.com/maximhq/bifrost/plugins/routing,v1.1.3
2026-09-24T18:10:35.073273Z,github.com/maximhq/bifrost/plugins/prompts,v1.1.6
2026-09-24T18:10:38.040416Z,github.com/siderolabs/talos/tools/docgen,v0.0.0-20260924171557-59ff84267cd6
2026-09-24T18:10:39.429891Z,github.com/siderolabs/talos/tools/labeled-squashfs,v0.0.0-20260924171557-59ff84267cd6
2026-09-24T18:10:39.982924Z,github.com/siderolabs/talos/tools/redactgen,v0.0.0-20260924171557-59ff84267cd6
2026-09-24T18:10:42.60899Z,github.com/semaphoreio/semaphore/mcp_server,v0.0.0-20260924131714-04932acc9960
2026-09-24T18:10:42.674313Z,github.com/siderolabs/talos/tools/sbom-builder,v0.0.0-20260924171557-59ff84267cd6
2026-09-24T18:10:43.532578Z,gn.googlesource.com/gn.git,v0.0.0-20260924160832-2dfb8cbd3b74
2026-09-24T18:10:46.711064Z,github.com/aZure/azure-sdk-for-go/sdk/azidentity,v1.7.0
2026-09-24T18:10:48.380811Z,github.com/deepmind/mujoco,v0.0.0-20260924173843-bd7a48b9e3f9
2026-09-24T18:10:52.519835Z,github.com/dnsid-ai/dnsid-go,v0.36.0
2026-09-24T18:10:53.003524Z,github.com/aZure/azure-sdk-for-go/sdk/internal,v1.10.0
2026-09-24T18:10:53.830982Z,github.com/gyson/koa-convert,v2.0.0+incompatible
2026-09-24T18:10:54.130894Z,github.com/aZure/azure-sdk-for-go/sdk/keyvault/azkeys,v0.10.0
2026-09-24T18:10:55.881561Z,github.com/SonarSource/sonar-iac/sonar-helm-for-iac,v0.0.0-20260924143551-97e4355d2c1d
2026-09-24T18:10:59.249795Z,github.com/ergebnis/composer-normalize,v0.0.0-20260924163207-36bcbe266caf
2026-09-24T18:11:00.077101Z,github.com/ls1intum/prompt2/servers/self_team_allocation,v0.0.0-20260924142941-cae3c3955739
2026-09-24T18:11:01.338225Z,github.com/aZure/azure-sdk-for-go/sdk/keyvault/internal,v0.7.1
2026-09-24T18:11:03.124087Z,github.com/maximhq/bifrost/plugins/modelcatalogresolver,v1.1.6
2026-09-24T18:11:08.550675Z,github.com/aZure/azure-sdk-for-go/sdk/resourcemanager/compute/armcompute/v5,v5.7.0
2026-09-24T18:11:13.201593Z,github.com/oswaldom-code/seqfetch,v0.1.0
2026-09-24T18:11:13.675864Z,github.com/maximhq/bifrost/plugins/semanticcache,v1.6.6
2026-09-24T18:11:15.497115Z,github.com/PRIV-Creation/Awesome-Controllable-T2I-Diffusion-Models,v0.0.0-20241007002643-56e2727cde8d
2026-09-24T18:11:17.945208Z,m4o.io/gslog,v0.25.0
2026-09-24T18:11:18.040701Z,github.com/aZure/azure-sdk-for-go/sdk/resourcemanager/network/armnetwork/v4,v4.3.0
2026-09-24T18:11:19.00489Z,github.com/maximhq/bifrost/plugins/telemetry,v1.8.2
2026-09-24T18:11:19.783782Z,github.com/Priultimus/certificates,v0.29.1-0.20260206180419-ffa1659d5f10
2026-09-24T18:11:20.301322Z,github.com/MystenLabs/sui,v0.0.0-20260924173138-580cc5bf5e9c
2026-09-24T18:11:22.766738Z,github.com/spesmilo/electrum,v0.0.0-20260924141841-554daca66d97
2026-09-24T18:11:29.145979Z,github.com/kubzej/deepstock,v0.0.0-20260923184046-bfe49463cb15
2026-09-24T18:11:29.364417Z,github.com/angular/angular-devkit-schematics-builds,v0.0.0-20260924175943-ddf6b1271ddd
2026-09-24T18:11:35.969176Z,thde.io/unamegen,v0.4.0
2026-09-24T18:11:36.9461Z,github.com/evergreen-ci/evergreen,v0.0.0-20260924175553-c6dd4b74319a
2026-09-24T18:11:37.536154Z,github.com/aZure/azure-sdk-for-go/sdk/security/keyvault/azkeys,v1.0.1
2026-09-24T18:11:41.64765Z,github.com/aZure/azure-storage-blob-go,v0.15.0
2026-09-24T18:11:44.299213Z,github.com/keepsoftwaresimple/compass-calendar,v1.2.455
2026-09-24T18:11:46.021623Z,github.com/weaveworks/kured,v0.0.0-20260924171011-d0c4091d7566
2026-09-24T18:11:47.474291Z,github.com/GoogleCloudPlatform/k8s-config-connector/third_party/github.com/hashicorp/terraform-provider-google-beta,v0.0.0-20260924173613-1b514a77740c
2026-09-24T18:11:50.62551Z,github.com/aZure/azure-sdk-for-go/sdk/security/keyvault/internal,v1.0.0
2026-09-24T18:11:53.313385Z,github.com/Privasys/ra-tls-clients,v0.4.4
2026-09-24T18:11:53.333533Z,code.nochebuena.dev/einherjar/web,v1.9.0
2026-09-24T18:11:54.197853Z,github.com/aerospike/aerospike-client-go/v8,v8.9.0
2026-09-24T18:11:55.558067Z,github.com/aZure/go-autorest/autorest,v0.11.29
2026-09-24T18:11:55.648657Z,github.com/aZure/go-autorest,v14.2.0+incompatible
2026-09-24T18:11:56.548174Z,github.com/apple/swift-foundation,v0.0.0-20260924180832-79bd76017c52
2026-09-24T18:11:58.420122Z,github.com/aZure/go-autorest/autorest/adal,v0.9.24
2026-09-24T18:12:01.986046Z,github.com/aZure/go-autorest/autorest/date,v0.3.0
2026-09-24T18:12:04.674324Z,github.com/aZure/go-autorest/autorest/mocks,v0.4.2
2026-09-24T18:12:07.819945Z,github.com/aZure/go-autorest/autorest/to,v0.4.0
2026-09-24T18:12:10.866212Z,github.com/aZure/go-autorest/autorest/validation,v0.3.1
2026-09-24T18:12:13.799158Z,github.com/aZure/go-autorest/logger,v0.2.1
2026-09-24T18:12:16.749801Z,github.com/aZure/go-autorest/tracing,v0.6.0
2026-09-24T18:12:17.224988Z,github.com/lagom/lagom,v0.0.0-20170124033249-3d5760fa6e04
2026-09-24T18:12:17.75996Z,github.com/grafana/tempo,v1.5.1-0.20260924180803-6c332d00133e
2026-09-24T18:12:19.523786Z,github.com/yoke-project/yoke,v0.0.0-20260924181209-be0fd1482993
2026-09-24T18:12:20.168857Z,github.com/aZure/go-ntlmssp,v0.0.0-20220621081337-cb9428e4ac1e
2026-09-24T18:12:20.80552Z,github.com/webis-de/archive-query-log,v0.0.0-20260209173657-0d48a1cd5b08
2026-09-24T18:12:22.604987Z,github.com/cOde-hEx/go-generics-cache,v1.5.1
2026-09-24T18:12:23.150033Z,github.com/smartcontractkit/capabilities,v0.0.0-20260924150307-26e2ee0f241e
2026-09-24T18:12:26.23759Z,github.com/fZAmbia/eagle,v0.1.0
2026-09-24T18:12:26.37352Z,github.com/googleforgames/agones,v1.61.0
2026-09-24T18:12:26.760414Z,github.com/gearpump/gearpump,v0.0.0-20260504161112-2db0b9dbdb4c
2026-09-24T18:12:27.419817Z,github.com/jdxcode/rtx,v2026.9.13+incompatible
2026-09-24T18:12:30.130438Z,github.com/roffe/fyne/v2,v2.0.0-20260924181033-34b9175ed867
2026-09-24T18:12:32.081457Z,github.com/dapr/components-contrib/tests/certification,v0.0.0-20260924175451-6a7838d26286
2026-09-24T18:12:32.186488Z,github.com/hDrhIstogram/hdrhistogram-go,v1.1.2
2026-09-24T18:12:37.736658Z,github.com/Curl/curl,v0.0.0-20260924140502-6e5dee3fd011
2026-09-24T18:12:38.154084Z,github.com/mAsterminds/semver,v1.5.0
2026-09-24T18:12:39.012915Z,github.com/maxcom/lorsource,v0.0.0-20241230114408-4bd5da63de7f
2026-09-24T18:12:39.098849Z,github.com/oracle/helidon,v0.0.0-20260924181141-ec058541f857
2026-09-24T18:12:40.79005Z,github.com/awslabs/amazon-eks-ami,v0.0.0-20260924170904-5a1a37263e8d
2026-09-24T18:12:41.336345Z,github.com/google/gVisor,v0.0.0-20260924175619-20f4b91eec04
2026-09-24T18:12:41.443694Z,github.com/mAsterminds/sprig/v3,v3.2.3
2026-09-24T18:12:45.936393Z,github.com/nYTImes/gziphandler,v1.1.1
2026-09-24T18:12:47.336396Z,code.nochebuena.dev/einherjar/auth,v1.9.0
2026-09-24T18:12:48.449326Z,github.com/kijimad/sokotwo,v1.276.0
2026-09-24T18:12:49.454038Z,github.com/oNeoFoNe/xxhash,v1.2.2
2026-09-24T18:12:49.856112Z,github.com/umats/pdfcpu,v0.15.1
2026-09-24T18:12:54.082818Z,github.com/pRotonmAil/go-crypto,v0.0.0-20230828082145-3c4c8a2d2371
2026-09-24T18:12:55.098116Z,github.com/dz-market/platform,v0.3.0
2026-09-24T18:12:57.185021Z,github.com/FreeCodeCamp/freeCodeCamp,v0.0.0-20260924172926-b0ed81fb24d2
2026-09-24T18:13:01.61005Z,github.com/johejo/devcontainer-apple,v0.0.0-20260924092608-9ae569e34a85
2026-09-24T18:13:06.038642Z,github.com/expr-lang/expr,v1.17.8-0.20260707065720-4b31df3a2e0e
2026-09-24T18:13:06.515314Z,github.com/agenxy/lanes,v0.0.8
2026-09-24T18:13:08.742717Z,github.com/vIvidcOrtex/mysqlerr,v0.0.0-20170204212430-6c6b55f8796f
2026-09-24T18:13:13.448829Z,github.com/AtCoder-NoviSteps/AtCoderNoviSteps,v0.0.0-20260924110816-9ddd4aeecf6a
2026-09-24T18:13:15.002371Z,github.com/wOrkiva/go-datastructures,v1.1.5
2026-09-24T18:13:15.796917Z,github.com/charmbracelet/fur,v0.52.52
2026-09-24T18:13:18.447373Z,github.com/rOaringbItmap/roaring,v1.9.3
2026-09-24T18:13:19.619134Z,github.com/siderolabs/talos/tools/structprotogen,v0.0.0-20260924171557-59ff84267cd6
2026-09-24T18:13:27.117491Z,github.com/Luzifer/ots/pkg/tplfunc,v0.0.0-20260924141832-0716b8ef4fce
2026-09-24T18:13:32.938542Z,github.com/sudoswedenab/dockyards-backend,v0.0.0-20260924070035-220e90de58f3
2026-09-24T18:13:33.89353Z,github.com/siderolabs/talos/tools/gotagsrewrite,v0.0.0-20260924171557-59ff84267cd6
2026-09-24T18:13:37.571025Z,go.thesmos.sh/core,v0.6.2-0.20260924130501-033ce79e566e
2026-09-24T18:13:44.049004Z,github.com/siderolabs/talos/tools,v0.0.0-20260924171557-59ff84267cd6
2026-09-24T18:13:44.780289Z,github.laiyagushi.com/mrz1836/go-mail,v1.3.0
2026-09-24T18:13:45.729418Z,github.com/OpenRouterTeam/go-sdk,v0.8.23
2026-09-24T18:13:45.850487Z,github.com/aZure/azure-sdk-for-go,v68.0.0+incompatible
2026-09-24T18:13:52.197577Z,github.com/PrivateCaptcha/PrivateCaptcha,v0.0.13-0.20250920015436-67417eb7a4b1
2026-09-24T18:13:57.028605Z,github.com/PrivateGER/patreon-dl,v1.0.3-0.20220601143007-7c84eff8fbe3
2026-09-24T18:14:00.467825Z,github.com/openshift/origin/examples/hello-openshift,v0.0.0-20260924175518-e05ced9a9542
2026-09-24T18:14:00.660082Z,gitlab.com/freedesktop-sdk/mirrors/freedesktop/xorg/lib/libXcursor.git,v0.0.0-20231008174825-5e0f8347cebe
2026-09-24T18:14:01.746077Z,github.com/wago-org/wago,v0.1.0-beta.10.0.20260924172902-f76a207837d3
2026-09-24T18:14:02.874855Z,github.com/rprieto/tldr,v0.0.0-20260924181236-76a816f258fe
2026-09-24T18:14:05.822093Z,github.com/exvillager/nanoserve,v0.2.11
2026-09-24T18:14:09.914646Z,github.com/libsib/nanoserve,v0.2.11
2026-09-24T18:14:11.897309Z,gitlab.com/freedesktop-sdk/mirrors/freedesktop/xorg/lib/libXrandr.git,v0.0.0-20231004225832-512bf0b15b55
2026-09-24T18:14:13.159272Z,github.com/joketrue/otus-golang/hw12_13_14_15_calendar,v0.0.0-20200623093833-b24c060d6472
2026-09-24T18:14:13.525934Z,github.com/juliankahnert/pdf-archiver,v0.0.0-20260922161739-debf72d0946c
2026-09-24T18:14:14.691499Z,github.com/atcoder-novisteps/atcodernovisteps,v0.0.0-20260924110816-9ddd4aeecf6a
2026-09-24T18:14:15.28163Z,github.com/googlecloudplatform/k8s-config-connector/dev/tools/controllerbuilder,v0.0.0-20260924173613-1b514a77740c
2026-09-24T18:14:17.819735Z,github.com/nrodd/rgboo,v0.1.0
2026-09-24T18:14:18.150796Z,gitlab.com/freedesktop-sdk/mirrors/freedesktop/xorg/lib/libXinerama.git,v0.0.0-20230307001339-51c280959516
2026-09-24T18:14:18.94992Z,github.com/openrouterteam/go-sdk,v0.8.23
2026-09-24T18:14:22.241026Z,github.com/lodash-archive/lodash-cli,v0.0.0-20260401194108-88630b757252
2026-09-24T18:14:23.279853Z,gitlab.com/freedesktop-sdk/mirrors/freedesktop/xorg/lib/libXxf86vm.git,v0.0.0-20230309003015-cfda59347e3a
2026-09-24T18:14:25.954412Z,github.com/googlecloudplatform/k8s-config-connector/third_party/github.com/hashicorp/terraform-provider-google-beta,v0.0.0-20260924173613-1b514a77740c
2026-09-24T18:14:28.507382Z,github.com/Priyankasaggu11929/release-sdk,v0.9.2-0.20221018092719-ac90e91c46db
2026-09-24T18:14:28.60302Z,gitlab.com/freedesktop-sdk/mirrors/freedesktop/xorg/lib/libXi.git,v0.0.0-20231013181743-a340bc0424a7
2026-09-24T18:14:29.191516Z,trpc.group/trpc-go/trpc-agent-go/test,v0.0.0-20260924073710-113795fce89e
2026-09-24T18:14:33.372162Z,github.com/Priyakr2205/math-controller,v0.1.1-0.20211008120059-87292c508df6
2026-09-24T18:14:37.961158Z,github.com/phenixblue/k8shark,v1.0.1-rc.1.0.20260924180948-ffa1a283ab27
2026-09-24T18:14:41.765532Z,github.com/YAKYAK/yakyak,v1.5.12-rolling-beta.0.20220110142402-8f8cbc081c66
2026-09-24T18:14:45.826716Z,github.com/plantonhq/project-planton,v0.5.80-skill.multi-cloud-catalog.20260924.1
2026-09-24T18:14:54.39305Z,github.com/crypto-crawler/cmc-global-metrics,v0.0.0-20260924181106-6c3941feb492
2026-09-24T18:14:57.645107Z,github.com/backnotprop/plannotator,v0.27.19
2026-09-24T18:14:57.776986Z,github.com/devopscorner/golang-deployment/src,v0.0.0-20260924164233-28ee266be04a
2026-09-24T18:15:07.919043Z,ptah.run,v0.8.1-0.20260924180123-ad81940fb812
2026-09-24T18:15:08.332461Z,github.com/rubyjs/therubyracer,v0.12.3
2026-09-24T18:15:12.471395Z,github.com/Problem-Company-Toolkit/activity-interceptor,v1.0.1-0.20230518184910-5811b9c461d6
2026-09-24T18:15:14.40469Z,github.com/openpgpjs/jsdoc,v3.0.0+incompatible
2026-09-24T18:15:18.966434Z,github.com/elieladelrom/flash-optimizing-tools,v0.0.0-20140116171840-c8beebf49ad8
2026-09-24T18:15:20.289187Z,github.com/Problem-Company-Toolkit/s3bucket,v1.0.1-0.20230625021424-5c0f3af62466
2026-09-24T18:15:21.152537Z,github.com/ministryofjustice/opg-sirius-supervision-firm-deputy-hub,v1.192.13-sfs377addpact.38
2026-09-24T18:15:25.599065Z,github.com/JokeTrue/otus-golang/hw01_hello_now,v0.0.0-20200623093833-b24c060d6472
2026-09-24T18:15:26.789794Z,github.com/co2-lab/anchors,v0.1.171
2026-09-24T18:15:27.857596Z,github.com/5dplay-game-studio/bleachvsnaruto,v0.0.0-20260831024506-891f5776dbdf
2026-09-24T18:15:28.364424Z,ubunatic.com/cati,v0.2.6
2026-09-24T18:15:29.683035Z,github.com/supabase-community/scim-go,v0.5.1-0.20260924162459-305a1a9fbf95
2026-09-24T18:15:30.000756Z,github.com/JokeTrue/otus-golang/hw02_unpack_string,v0.0.0-20200623093833-b24c060d6472
2026-09-24T18:15:31.366171Z,github.com/sipwise/rtpengine,v0.0.0-20260924131853-8da4be3355af
2026-09-24T18:15:31.936846Z,github.com/ProbiusOfficial/ctftime,v1.0.1-0.20260917091038-45173bb8dde5
2026-09-24T18:15:33.565325Z,github.com/softwaremill/ox,v1.0.8
2026-09-24T18:15:34.014269Z,github.com/kyma-project/lifecycle-manager,v0.0.0-20260924072320-3cae123f3b77
2026-09-24T18:15:34.34061Z,github.com/bluenviron/gortmplib,v1.0.4-0.20260924181358-abdd729fc341
2026-09-24T18:15:36.015757Z,github.com/cdk8s-team/cdk8s-awscdk-resolver-go,v0.0.0-20260924063045-01a41290fcaa
2026-09-24T18:15:42.614565Z,github.com/JokeTrue/otus-golang/hw03_frequency_analysis,v0.0.0-20200623093833-b24c060d6472
2026-09-24T18:15:45.154065Z,unikraft.com/x/filters,v0.0.0-20260924150916-f7fb037a1bfc
2026-09-24T18:15:45.827269Z,unikraft.com/x/colors,v0.0.0-20260924150916-f7fb037a1bfc
2026-09-24T18:15:46.084938Z,unikraft.com/x/fingerprint,v0.0.0-20260924150916-f7fb037a1bfc
2026-09-24T18:15:46.79576Z,github.com/isdmx/gotp,v0.1.0
2026-09-24T18:15:46.910298Z,github.com/deepset-ai/haystack-core-integrations,v0.0.0-20260924160921-1fe11b0c6bb5
2026-09-24T18:15:47.319352Z,github.com/JokeTrue/otus-golang/hw04_lru_cache,v0.0.0-20200623093833-b24c060d6472
2026-09-24T18:15:48.9059Z,github.com/perltidy/perltidy,v0.0.0-20260924132900-0ff10da29e5d
2026-09-24T18:15:49.935569Z,github.com/saiumesh-letznav/-letznav-shortid,v0.0.0-20180928022943-513af0d6c9e1
2026-09-24T18:15:51.805781Z,github.com/JokeTrue/otus-golang/hw05_parallel_execution,v0.0.0-20200623093833-b24c060d6472
2026-09-24T18:15:58.449763Z,unikraft.com/x/kingkong,v0.0.0-20260924150916-f7fb037a1bfc
2026-09-24T18:15:58.638182Z,unikraft.com/x/io,v0.0.0-20260924150916-f7fb037a1bfc
2026-09-24T18:15:58.809397Z,unikraft.com/x/joinerrgroup,v0.0.0-20260924150916-f7fb037a1bfc
2026-09-24T18:15:59.05225Z,unikraft.com/x/kraftfile,v0.0.0-20260924150916-f7fb037a1bfc
2026-09-24T18:15:59.181798Z,unikraft.com/x/guesstermwidth,v0.0.0-20260924150916-f7fb037a1bfc
2026-09-24T18:15:59.34377Z,unikraft.com/x/limiter,v0.0.0-20260924150916-f7fb037a1bfc
2026-09-24T18:16:01.522934Z,unikraft.com/x/ringbuffer,v0.0.0-20260924150916-f7fb037a1bfc
2026-09-24T18:16:02.326672Z,github.com/gompa/connect-flash,v0.0.0-20221114211536-9d0328987371
2026-09-24T18:16:02.365732Z,unikraft.com/x/ptr,v0.0.0-20260924150916-f7fb037a1bfc
2026-09-24T18:16:02.371306Z,unikraft.com/x/startstopper,v0.0.0-20260924150916-f7fb037a1bfc
2026-09-24T18:16:02.592967Z,unikraft.com/x/oidext,v0.0.0-20260924150916-f7fb037a1bfc
2026-09-24T18:16:02.811489Z,unikraft.com/x/router,v0.0.0-20260924150916-f7fb037a1bfc
2026-09-24T18:16:03.132201Z,github.com/nordic-institute/X-road,v0.0.0-20260924141236-86ee09008b93
2026-09-24T18:16:03.194858Z,unikraft.com/x/text,v0.0.0-20260924150916-f7fb037a1bfc
2026-09-24T18:16:03.904228Z,unikraft.com/x/processmetrics,v0.0.0-20260924150916-f7fb037a1bfc
2026-09-24T18:16:06.204189Z,github.com/iocmd/connect-flash,v1.0.2
2026-09-24T18:16:06.796805Z,unknwon.dev/gmail-blade,v0.0.0-20260923194214-ba37e7467ae6
2026-09-24T18:16:07.219671Z,unikraft.com/x/tools/openapi-gen,v0.0.0-20260924150916-f7fb037a1bfc
2026-09-24T18:16:15.788515Z,github.com/JokeTrue/otus-golang/hw06_pipeline_execution,v0.0.0-20200623093833-b24c060d6472
2026-09-24T18:16:18.271268Z,github.com/saiumesh-apty/-letznav-shortid,v0.0.0-20180928022943-513af0d6c9e1
2026-09-24T18:16:21.51639Z,github.com/newrelic/newrelic-java-agent,v9.5.0+incompatible
2026-09-24T18:16:30.133963Z,github.com/yakYak/yakyak,v1.5.12-rolling-beta.0.20220110142402-8f8cbc081c66
2026-09-24T18:16:31.02271Z,github.com/jakechampion/lang,v0.0.0-20260924175207-080788987446
2026-09-24T18:16:32.008118Z,github.com/ProductHackers/json-rules-engine,v5.0.0-alpha3+incompatible
2026-09-24T18:16:34.160108Z,github.com/JokeTrue/otus-golang/hw07_file_copying,v0.0.0-20200623093833-b24c060d6472
2026-09-24T18:16:36.535293Z,github.com/GoogleCloudPlatform/guest-test-infra/container_images/registry-image-forked,v0.0.0-20260923232001-eb1461672d4f
2026-09-24T18:16:39.578622Z,github.com/PRODYNA/goprobes,v0.0.0-20211112191900-e04f2a2b73f8
2026-09-24T18:16:42.49522Z,github.com/yakyak/YAKYAK,v1.5.12-rolling-beta.0.20220110142402-8f8cbc081c66
2026-09-24T18:16:42.737609Z,github.com/JokeTrue/otus-golang/hw08_envdir_tool,v0.0.0-20200623093833-b24c060d6472
2026-09-24T18:16:46.690842Z,github.com/JokeTrue/otus-golang/hw09_generator_of_validators,v0.0.0-20200623093833-b24c060d6472
2026-09-24T18:16:48.080668Z,github.com/akari-project/xray-core,v0.0.0-20260924114101-c1d7c32646df
2026-09-24T18:16:53.741723Z,github.com/proferosec/log4jScanner,v0.3.0-alpha.5.0.20211218101226-e27f67b181c5
2026-09-24T18:16:54.661318Z,github.com/profMagija/tempo,v0.0.0-20230806061944-4d83a536b416
2026-09-24T18:16:55.4987Z,github.com/clerk/skills,v0.0.0-20260924161525-d01c99c0d8f6
2026-09-24T18:16:56.554619Z,github.com/ProfileCreator/ProfileManifests,v0.0.0-20260909221417-2da692d24daa
2026-09-24T18:16:57.355856Z,github.com/johanix/tdns/tdns/core,v0.0.0-20260924160515-6d3e5aafdbbb
2026-09-24T18:16:59.5487Z,github.com/azure/go-ntlmssp,v0.1.2-0.20260921041900-8354fab69a04
2026-09-24T18:16:59.863925Z,github.com/progala2/Buildenator,v8.2.1-0.20241030191849-eb6125a190a2+incompatible
2026-09-24T18:17:02.316469Z,github.com/prefecthq/prefect-operator,v0.18.1-0.20260917181320-a2fe2173cac4
2026-09-24T18:17:02.452206Z,github.com/ergebnis/license,v0.0.0-20260924163356-557927abb377
2026-09-24T18:17:05.860942Z,github.com/ergebnis/json-printer,v0.0.0-20260924154802-1aa4ca4197bd
2026-09-24T18:17:06.990834Z,github.com/ergebnis/json-normalizer,v0.0.0-20260924141232-875ad1034257
2026-09-24T18:17:07.591336Z,github.com/prody/ProDy,v2.6.2-0.20260309184527-ae6f39ffb832+incompatible
2026-09-24T18:17:09.338517Z,github.com/rollbar/rollbar-go,v1.4.5-0.20220923074539-d66f9f54a4af
2026-09-24T18:17:13.288519Z,github.com/justwasm/wanix,v0.4.55
2026-09-24T18:17:17.166Z,github.com/tus/tusd,v1.10.2-0.20230216115837-8abe05cebfe2
2026-09-24T18:17:17.187556Z,github.com/johanix/tdns/tdns/cache,v0.0.0-20260924160515-6d3e5aafdbbb
2026-09-24T18:17:23.399258Z,github.com/ergebnis/json,v0.0.0-20260924154308-88abfdd65191
2026-09-24T18:17:24.136427Z,github.com/joketrue/otus-golang/hw01_hello_now,v0.0.0-20200623093833-b24c060d6472
2026-09-24T18:17:24.5896Z,github.com/PROGNOSISTool/adapter-quic,v0.0.2-0.20240204201720-d069e1b04cf9
2026-09-24T18:17:24.943112Z,github.com/TheSpeedX/proxy-list,v0.0.0-20260924135745-bb224b9f61e7
2026-09-24T18:17:28.994721Z,connectrpc.com/otelconnect,v0.10.0
2026-09-24T18:17:29.06405Z,github.com/blincast/blincast-go-libs,v0.0.0-20260924164714-7bbfd9478095
2026-09-24T18:17:29.367985Z,github.com/joketrue/otus-golang/hw05_parallel_execution,v0.0.0-20200623093833-b24c060d6472
2026-09-24T18:17:30.805819Z,github.com/programlamb/Final_task,v0.0.0-20240422151917-14602e8439df
2026-09-24T18:17:31.442323Z,github.com/blincast/blincast-go-libs/telemetry,v0.0.0-20260924164714-7bbfd9478095
2026-09-24T18:17:35.355164Z,github.com/Programmerdin/FinancialDataSite_Go,v0.0.0-20250116064527-84e2aeb9d1d2
2026-09-24T18:17:35.437591Z,github.com/ProgrammerAnthony/Anything-Extract,v0.0.0-20260414020111-58d199f30113
2026-09-24T18:17:37.519303Z,github.com/ProgrammerAnthony/Expert-Coding-Harness,v0.0.0-20260420083029-b37d1fca17e3
2026-09-24T18:17:41.478323Z,github.com/prekols-inc/markdown-editor,v0.2.1-0.20251223014405-9a49e4bc5690
2026-09-24T18:17:42.179008Z,vornik.io/vornik,v0.0.0-20260924094117-b91bd1788c2e
2026-09-24T18:17:43.450774Z,github.com/openstack-k8s-operators/infra-operator/apis,v0.6.1-0.20260924175924-54615b98e775
2026-09-24T18:17:43.788403Z,github.com/openstack-k8s-operators/infra-operator,v0.1.1-0.20260924175924-54615b98e775
2026-09-24T18:17:44.2694Z,github.com/docker/docker/man,v0.0.0-20260924180914-cc94e57d0c52
2026-09-24T18:17:46.626638Z,github.com/privatecaptcha/privatecaptcha,v1.43.2-0.20260924155822-9e114f3474c3
2026-09-24T18:17:48.899223Z,github.com/krys64/flashtogodotexport,v0.0.0-20260913174302-6644e0e8e295
2026-09-24T18:17:55.338302Z,github.com/freiheit-com/kuberpult/cli,v0.0.0-20260924132646-bafed37c5969
2026-09-24T18:17:57.365478Z,github.com/progzc/Summary4Golang,v0.0.0-20211007132930-22c9cb76bd83
2026-09-24T18:17:59.523873Z,github.com/doist/todoist-cli,v5.4.0+incompatible
2026-09-24T18:18:07.308501Z,github.com/havenmoney/router,v0.0.0
2026-09-24T18:18:12.222965Z,github.com/azure/azure-sdk-for-go/sdk/security/keyvault/internal,v1.2.1-0.20260924054509-a5cb5a0da72c
2026-09-24T18:18:13.800798Z,github.com/vllm-project/semantic-router/perf,v0.0.0-20260924130418-9fe2fd2db7d2
2026-09-24T18:18:17.608916Z,github.com/joketrue/otus-golang/hw09_generator_of_validators,v0.0.0-20200623093833-b24c060d6472
2026-09-24T18:18:18.97589Z,github.com/openstack-k8s-operators/manila-operator/api,v0.6.1-0.20260924181243-756a9fb6c239
2026-09-24T18:18:22.333304Z,github.com/openstack-k8s-operators/manila-operator,v0.1.1-0.20260924181243-756a9fb6c239
2026-09-24T18:18:25.816813Z,github.com/avalidurl/sp100-financial-tracker,v0.0.0-20260924000729-a13fe415a452
2026-09-24T18:18:27.862153Z,webtyp.com/auth,v0.0.56
2026-09-24T18:18:35.082306Z,github.com/scikit-learn/scikit-learn,v0.0.0-20260924171132-857849927da6
2026-09-24T18:18:41.893106Z,github.com/jancajthaml-openbank/actor-system,v0.0.0-20181202102506-dcf36108b6ae
2026-09-24T18:18:42.129067Z,github.com/docker-library/docs,v0.0.0-20260924181600-2e6ff8a259b4
2026-09-24T18:18:42.699354Z,webtyp.com/deploy,v0.2.41
2026-09-24T18:18:43.715185Z,github.com/azure/azure-sdk-for-go/sdk/internal,v1.12.1-0.20260924054509-a5cb5a0da72c
2026-09-24T18:18:43.948426Z,github.com/intersectmbo/plutus,v0.0.0-20260924180639-39981dd733ae
2026-09-24T18:18:45.72027Z,github.com/IntersectMBO/plutus,v0.0.0-20260924180639-39981dd733ae
2026-09-24T18:18:45.743628Z,webtyp.com/icons,v0.0.14
2026-09-24T18:18:45.748457Z,github.com/Redis/lettuce,v0.0.0-20260924143134-4d12c0c3da24
2026-09-24T18:18:48.046723Z,github.com/pebbe/zmq4,v1.0.1-0.20181128230734-e5666f371e86
2026-09-24T18:18:48.057879Z,webtyp.com/image,v0.1.10
2026-09-24T18:18:48.95398Z,go.fuchsia.dev/jiri,v0.0.0-20260924180005-97fd03f6426a
2026-09-24T18:18:52.108168Z,webtyp.com/sitec,v0.2.28
2026-09-24T18:18:52.550244Z,github.com/progala2/buildenator,v8.7.1-0.20260910083333-b3e89e143923+incompatible
2026-09-24T18:18:52.907671Z,github.com/jehiah/nyc_legislation/scripts,v0.0.0-20260924174728-80cc2db44105
2026-09-24T18:18:53.588504Z,webtyp.com/sqlmcp,v0.0.52
2026-09-24T18:18:54.413219Z,github.com/chainguard-dev/terraform-infra-common/modules/cron/example,v0.0.0-20260924181353-3ffc59a0e4ea
2026-09-24T18:18:58.076804Z,github.com/prep-next/prep-shot,v1.11.2-0.20260813124344-a411bb09e546
2026-09-24T18:18:59.648141Z,github.com/apache/commons-compress,v0.0.0-20260924165702-19278c4f776a
2026-09-24T18:18:59.900455Z,github.com/devopscorner/golang-deployment,v0.0.0-20260924164233-28ee266be04a
2026-09-24T18:19:00.67846Z,github.com/urfave/cli/docs/v3,v3.0.0-20260924124110-d1d810845dbc
2026-09-24T18:19:03.529466Z,github.com/crossplane/provider-AWS,v0.15.0
2026-09-24T18:19:06.365842Z,github.com/sxmad/marblemap-rpg-game-map-editor,v0.0.0-20140414134333-e844828c1414
2026-09-24T18:19:07.58279Z,github.com/shouni/go-notify,v1.6.1
2026-09-24T18:19:07.591502Z,github.com/shouni/go-web-reader,v1.8.1
2026-09-24T18:19:07.793594Z,github.com/lm15-dev/lm15-go,v1.0.1
2026-09-24T18:19:08.166139Z,github.com/RIOT-OS/RIOT,v0.0.0-20260924091709-aad414782e5c
2026-09-24T18:19:20.144795Z,github.com/lemon4ksan/mach,v0.0.0-20260924165838-4be719b602ef
2026-09-24T18:19:21.907657Z,github.com/lemon4ksan/foundation,v0.0.0-20260924181819-d46a891f7602
2026-09-24T18:19:24.319445Z,github.com/grumpycoders/pcsx-redux,v0.0.0-20260924165336-2a80c49208ca
2026-09-24T18:19:25.817338Z,github.com/verifytests/verify.ravendb,v0.0.0-20260924113230-a43903887707
2026-09-24T18:19:26.129664Z,github.com/rivet-gg/rivet,v2.3.21+incompatible
2026-09-24T18:19:26.743614Z,github.com/Tencent/bk-bcs/bcs-services/bcs-mesh-manager,v0.0.0-20260924090632-95440472e83f
2026-09-24T18:19:33.540976Z,github.com/hazame-hub/alder,v1.14.0
2026-09-24T18:19:34.776876Z,go.lumeweb.com/web/go/portal-admin,v0.0.0-20260924172146-b57b0830c543
2026-09-24T18:19:34.932001Z,github.com/bruin-data/dac,v0.0.0-edge.85.faf7955
2026-09-24T18:19:40.370405Z,github.com/prody/prody,v2.6.2-0.20260922190335-b5da31837b13+incompatible
2026-09-24T18:19:41.21547Z,go.lumeweb.com/web/go/portal-plugin-abuse-report,v0.0.0-20260924172146-b57b0830c543
2026-09-24T18:19:42.918664Z,go.lumeweb.com/web/go/portal-plugin-abuse,v0.0.0-20260924172146-b57b0830c543
