first_seen_at,module,version
2026-10-08T10:21:50.310346Z,github.com/GRAphql-pyTHOn/gql,v4.4.0+incompatible
2026-10-08T10:21:51.408682Z,github.com/GRapHQl-PYTHoN/gql,v4.4.0+incompatible
2026-10-08T10:21:52.381499Z,github.com/GrAPHQL-PyThON/gql,v4.4.0+incompatible
2026-10-08T10:21:52.971068Z,github.com/Mikaelemmmm/zero-contrib/router/mux,v0.0.0-20230408110737-bbf87df8ebcb
2026-10-08T10:21:53.57858Z,github.com/GRAPhql-PYthoN/gql,v4.4.0+incompatible
2026-10-08T10:21:53.904396Z,github.com/gRapHql-pYThon/gql,v4.4.0+incompatible
2026-10-08T10:21:54.415374Z,github.com/graPhqL-PYTHoN/gql,v4.4.0+incompatible
2026-10-08T10:21:54.495808Z,github.com/GRaPhqL-PYTHOn/gql,v4.4.0+incompatible
2026-10-08T10:21:55.033593Z,github.com/Graphql-PYThON/gql,v4.4.0+incompatible
2026-10-08T10:21:55.142973Z,github.com/graPHQl-pytHON/gql,v4.4.0+incompatible
2026-10-08T10:21:55.239597Z,github.com/grapHqL-pYtHoN/gql,v4.4.0+incompatible
2026-10-08T10:21:55.464594Z,github.com/GrApHQl-pYThOn/gql,v4.4.0+incompatible
2026-10-08T10:21:55.734573Z,github.com/MetabolicAtlas/standard-GEM,v0.0.0-20261005051859-4749ed0d7e87
2026-10-08T10:21:55.822662Z,github.com/GraPhqL-pyThon/gql,v4.4.0+incompatible
2026-10-08T10:21:55.854908Z,github.com/GRaPhql-PYTHon/gql,v4.4.0+incompatible
2026-10-08T10:21:56.18709Z,github.com/graPhQl-pyTHON/gql,v4.4.0+incompatible
2026-10-08T10:21:56.217902Z,github.com/Kludex/cassetter,v0.14.0
2026-10-08T10:21:56.318097Z,github.com/gRaphQl-pYThON/gql,v4.4.0+incompatible
2026-10-08T10:21:56.57734Z,github.com/gRAphqL-PyTHon/gql,v4.4.0+incompatible
2026-10-08T10:21:56.691165Z,github.com/gRaPHqL-pythoN/gql,v4.4.0+incompatible
2026-10-08T10:21:56.916689Z,github.com/GRaPhqL-pytHoN/gql,v4.4.0+incompatible
2026-10-08T10:21:57.250053Z,github.com/grAPhqL-PytHOn/gql,v4.4.0+incompatible
2026-10-08T10:21:57.488256Z,github.com/GrapHqL-pYTHON/gql,v4.4.0+incompatible
2026-10-08T10:21:57.563329Z,github.com/GrAphql-pYthoN/gql,v4.4.0+incompatible
2026-10-08T10:21:57.641433Z,github.com/graPHQl-PyThoN/gql,v4.4.0+incompatible
2026-10-08T10:21:57.955025Z,github.com/LAION-AI/school-bud-e-openrouter,v0.0.0-20260924072056-61b165b263b7
2026-10-08T10:21:58.007635Z,github.com/pfnet-research/japanese-lm-fin-harness,v0.2.3-0.20260617071107-55d967750fec
2026-10-08T10:21:58.043587Z,github.com/gRApHQl-PYtHon/gql,v4.4.0+incompatible
2026-10-08T10:21:58.185109Z,github.com/graPHQl-pYTHON/gql,v4.4.0+incompatible
2026-10-08T10:21:58.186042Z,github.com/graPhql-Python/gql,v4.4.0+incompatible
2026-10-08T10:21:58.830518Z,github.com/gRApHql-PYthoN/gql,v4.4.0+incompatible
2026-10-08T10:21:59.012819Z,github.com/graphqL-PyThoN/gql,v4.4.0+incompatible
2026-10-08T10:21:59.270316Z,github.com/graPhQL-PyThon/gql,v4.4.0+incompatible
2026-10-08T10:21:59.290524Z,github.com/gRaphqL-PYThon/gql,v4.4.0+incompatible
2026-10-08T10:21:59.340676Z,github.com/gRAPhQl-pYtHon/gql,v4.4.0+incompatible
2026-10-08T10:21:59.489749Z,github.com/GRAPhqL-pYtHoN/gql,v4.4.0+incompatible
2026-10-08T10:21:59.678524Z,github.com/GrAPhQL-PyThoN/gql,v4.4.0+incompatible
2026-10-08T10:21:59.762706Z,github.com/NIPE-Solutions/react-anchored-layer,v1.0.0
2026-10-08T10:21:59.958618Z,github.com/gogo/gogo.github.io,v0.0.0-20160821133430-7bc9de441377
2026-10-08T10:22:00.216131Z,github.com/grAphQL-pythoN/gql,v4.4.0+incompatible
2026-10-08T10:22:00.233203Z,github.com/graPHQL-Python/gql,v4.4.0+incompatible
2026-10-08T10:22:00.430249Z,github.com/grApHQL-PyThON/gql,v4.4.0+incompatible
2026-10-08T10:22:00.726576Z,gitee.com/lionsoul/ip2region,v0.0.0-20261008081544-02f04aa559ac
2026-10-08T10:22:01.028759Z,github.com/LineageOS/android_build,v0.0.0-20260924202336-e5aaa62172df
2026-10-08T10:22:01.214455Z,github.com/GraphqL-pyThOn/gql,v4.4.0+incompatible
2026-10-08T10:22:02.096691Z,github.com/GRAPhql-pYTHON/gql,v4.4.0+incompatible
2026-10-08T10:22:02.175472Z,github.com/graphQL-pYtHON/gql,v4.4.0+incompatible
2026-10-08T10:22:02.228048Z,github.com/GRAPhQl-PYTHOn/gql,v4.4.0+incompatible
2026-10-08T10:22:02.599685Z,github.com/gRApHql-pyThON/gql,v4.4.0+incompatible
2026-10-08T10:22:02.990371Z,github.com/GrapHQL-PytHon/gql,v4.4.0+incompatible
2026-10-08T10:22:03.146419Z,github.com/GRAphQL-PyTHoN/gql,v4.4.0+incompatible
2026-10-08T10:22:03.231771Z,github.com/GRapHqL-pYThoN/gql,v4.4.0+incompatible
2026-10-08T10:22:03.632472Z,github.com/GolangCI/golangci-lint/v2,v2.14.0
2026-10-08T10:22:03.684441Z,github.com/GRAPHqL-pYTHOn/gql,v4.4.0+incompatible
2026-10-08T10:22:03.786278Z,github.com/HiWay-Media/MistServer-go-sdk,v0.0.0-20260929103429-4668b023aeeb
2026-10-08T10:22:03.788597Z,github.com/GRapHql-PYtHON/gql,v4.4.0+incompatible
2026-10-08T10:22:03.794568Z,github.com/gRaPHQl-pyTHOn/gql,v4.4.0+incompatible
2026-10-08T10:22:03.811187Z,github.com/grAphQL-PytHoN/gql,v4.4.0+incompatible
2026-10-08T10:22:03.953819Z,github.com/grAphqL-PYThON/gql,v4.4.0+incompatible
2026-10-08T10:22:04.318944Z,github.com/GrAPhql-PYThOn/gql,v4.4.0+incompatible
2026-10-08T10:22:04.383277Z,github.com/Farama-Foundation/Procgen2,v0.0.0-20261005003956-5f61e5797b70
2026-10-08T10:22:04.459016Z,github.com/GRaPhQl-python/gql,v4.4.0+incompatible
2026-10-08T10:22:04.70352Z,github.com/gRapHQL-pythON/gql,v4.4.0+incompatible
2026-10-08T10:22:04.707937Z,github.com/GraphQL-pythoN/gql,v4.4.0+incompatible
2026-10-08T10:22:05.225445Z,github.com/JohnYezub/NewsFeed_SwiftUI_MVVM,v0.0.0-20261007185920-815e32dcaf4e
2026-10-08T10:22:05.244461Z,github.com/GRAPHqL-pyTHoN/gql,v4.4.0+incompatible
2026-10-08T10:22:05.245397Z,github.com/gRApHQL-pythoN/gql,v4.4.0+incompatible
2026-10-08T10:22:05.529559Z,github.com/GRApHQl-PYthoN/gql,v4.4.0+incompatible
2026-10-08T10:22:05.934006Z,github.com/GrAPHQL-pytHon/gql,v4.4.0+incompatible
2026-10-08T10:22:05.978033Z,github.com/gRaPHqL-PYTHon/gql,v4.4.0+incompatible
2026-10-08T10:22:06.379172Z,github.com/GraPHql-PYThon/gql,v4.4.0+incompatible
2026-10-08T10:22:06.452804Z,github.com/GrAPhQL-pyThON/gql,v4.4.0+incompatible
2026-10-08T10:22:07.13153Z,github.com/JuliaConcurrent/Atomix.jl,v1.6.0
2026-10-08T10:22:07.151307Z,github.com/grAPhqL-pyThON/gql,v4.4.0+incompatible
2026-10-08T10:22:07.481811Z,github.com/GRApHQl-PyTHON/gql,v4.4.0+incompatible
2026-10-08T10:22:07.705944Z,github.com/JayOram/email-css-resets,v0.0.0-20261007091759-4fb846ed4c17
2026-10-08T10:22:07.740865Z,github.com/shw2018/hexo-blog-fly,v0.0.0-20200701090944-2b794ab11889
2026-10-08T10:22:07.898643Z,github.com/GRApHQl-PyTHon/gql,v4.4.0+incompatible
2026-10-08T10:22:07.910265Z,github.com/GrapHql-pyThon/gql,v4.4.0+incompatible
2026-10-08T10:22:08.025109Z,github.com/GRaPHQl-pYThON/gql,v4.4.0+incompatible
2026-10-08T10:22:08.112242Z,github.com/KaguraGateway/logosone/orderlink-backend,v0.0.0-20260930063514-28a9811d50cd
2026-10-08T10:22:08.251577Z,github.com/GrAphQL-PYThON/gql,v4.4.0+incompatible
2026-10-08T10:22:08.261363Z,github.com/GRapHqL-PyTHOn/gql,v4.4.0+incompatible
2026-10-08T10:22:08.449152Z,github.com/GrApHQL-PYThOn/gql,v4.4.0+incompatible
2026-10-08T10:22:08.849287Z,github.com/GrapHQL-pYthoN/gql,v4.4.0+incompatible
2026-10-08T10:22:08.876281Z,github.com/graphQL-pyThon/gql,v4.4.0+incompatible
2026-10-08T10:22:08.989229Z,github.com/GraPHql-pYThon/gql,v4.4.0+incompatible
2026-10-08T10:22:09.067013Z,github.com/andreondra/jekyll-theme-simplex,v0.9.4
2026-10-08T10:22:09.329244Z,github.com/Graphql-pYtHON/gql,v4.4.0+incompatible
2026-10-08T10:22:09.424983Z,github.com/graPHql-PyThoN/gql,v4.4.0+incompatible
2026-10-08T10:22:09.5484Z,github.com/graPhQL-PYtHon/gql,v4.4.0+incompatible
2026-10-08T10:22:09.877495Z,github.com/GRaPhql-PyThON/gql,v4.4.0+incompatible
2026-10-08T10:22:09.929364Z,github.com/GraPHQL-pyThon/gql,v4.4.0+incompatible
2026-10-08T10:22:09.992358Z,github.com/GRAPhqL-pYtHON/gql,v4.4.0+incompatible
2026-10-08T10:22:10.231432Z,github.com/Rohan138/gym-algorithmic,v0.0.0-20210826235603-8049581f8a03
2026-10-08T10:22:10.264924Z,github.com/GrAPhql-pYThON/gql,v4.4.0+incompatible
2026-10-08T10:22:10.36155Z,github.com/GrAphQl-pYThOn/gql,v4.4.0+incompatible
2026-10-08T10:22:10.436454Z,github.com/GRaphql-pyThon/gql,v4.4.0+incompatible
2026-10-08T10:22:10.618053Z,github.com/graPHql-PYTHON/gql,v4.4.0+incompatible
2026-10-08T10:22:10.676272Z,github.com/swsoyee/Bangumi.tv-night-mode-CSS,v0.2.7
2026-10-08T10:22:10.715937Z,github.com/GRaPhQL-PYthoN/gql,v4.4.0+incompatible
2026-10-08T10:22:10.982001Z,github.com/graPhQl-pyTHOn/gql,v4.4.0+incompatible
2026-10-08T10:22:11.213016Z,github.com/graphqL-PYTHon/gql,v4.4.0+incompatible
2026-10-08T10:22:12.122309Z,github.com/zhuozhiyongde/pku-art,v2.6.27+incompatible
2026-10-08T10:22:12.269078Z,github.com/Newrelic/go-agent/v3,v3.45.0
2026-10-08T10:22:12.948564Z,github.com/Jupiterrider/ffi,v0.8.0
2026-10-08T10:22:13.362976Z,github.com/GRAPHQL-pYthon/gql,v4.4.0+incompatible
2026-10-08T10:22:13.534197Z,github.com/GraPhql-PyThon/gql,v4.4.0+incompatible
2026-10-08T10:22:13.751936Z,github.com/grApHqL-pYthon/gql,v4.4.0+incompatible
2026-10-08T10:22:13.79572Z,github.com/graphQL-PyThon/gql,v4.4.0+incompatible
2026-10-08T10:22:13.895697Z,github.com/GrAPHQl-PyThon/gql,v4.4.0+incompatible
2026-10-08T10:22:13.938861Z,github.com/gRaPhQl-pYtHOn/gql,v4.4.0+incompatible
2026-10-08T10:22:13.956864Z,github.com/gRApHql-PYthon/gql,v4.4.0+incompatible
2026-10-08T10:22:13.96881Z,github.com/GRAphQL-PYthOn/gql,v4.4.0+incompatible
2026-10-08T10:22:14.039916Z,github.com/GraPHql-pYThOn/gql,v4.4.0+incompatible
2026-10-08T10:22:14.171041Z,github.com/grapHql-PythoN/gql,v4.4.0+incompatible
2026-10-08T10:22:14.216421Z,github.com/gRAphQL-PyTHON/gql,v4.4.0+incompatible
2026-10-08T10:22:14.270899Z,github.com/isnogudus/obsdconf,v0.2.0
2026-10-08T10:22:14.42239Z,github.com/GraPhQl-pYThoN/gql,v4.4.0+incompatible
2026-10-08T10:22:14.458182Z,github.com/gRAPHqL-PyTHON/gql,v4.4.0+incompatible
2026-10-08T10:22:14.461174Z,github.com/grAPhQL-PyThon/gql,v4.4.0+incompatible
2026-10-08T10:22:14.60201Z,github.com/gRaPhqL-pYTHON/gql,v4.4.0+incompatible
2026-10-08T10:22:14.604205Z,github.com/grapHql-pYTHon/gql,v4.4.0+incompatible
2026-10-08T10:22:14.670109Z,github.com/gRAPhQL-pythON/gql,v4.4.0+incompatible
2026-10-08T10:22:14.697692Z,github.com/LedgerParity/ledger-parity-connectors,v0.0.0-20261007155459-398da94e703b
2026-10-08T10:22:14.831671Z,github.com/GrApHQL-pyThoN/gql,v4.4.0+incompatible
2026-10-08T10:22:14.851381Z,github.com/gRApHQl-PYthON/gql,v4.4.0+incompatible
2026-10-08T10:22:14.932206Z,github.com/GraPhQL-PYthoN/gql,v4.4.0+incompatible
2026-10-08T10:22:15.163851Z,github.com/a2al/A2AL,v0.2.5
2026-10-08T10:22:15.289312Z,github.com/GrAphQl-pytHON/gql,v4.4.0+incompatible
2026-10-08T10:22:15.503603Z,github.com/graphql-pytHon/gql,v4.4.0+incompatible
2026-10-08T10:22:15.551003Z,github.com/LedgerHQ/app-boilerplate,v0.0.0-20261005100205-b2e8c3f700aa
2026-10-08T10:22:15.66271Z,github.com/grapHQL-PYTHON/gql,v4.4.0+incompatible
2026-10-08T10:22:15.669544Z,github.com/gRAPhQl-PYthOn/gql,v4.4.0+incompatible
2026-10-08T10:22:15.78763Z,github.com/Nikola43/web3golangHelper,v0.0.0-20260803184114-e3fdb540c68b
2026-10-08T10:22:15.934925Z,github.com/jekyllbootstrap/theme-the-program,v0.0.0-20120203234532-a5d12547afa9
2026-10-08T10:22:16.066892Z,github.com/LixenWraith/log,v0.1.11
2026-10-08T10:22:16.203188Z,github.com/graphQl-PYTHON/gql,v4.4.0+incompatible
2026-10-08T10:22:16.359541Z,github.com/googlefonts/robotoslab,v0.0.0-20231012090911-67af3ce9c4ca
2026-10-08T10:22:16.510557Z,github.com/gRApHqL-PyThON/gql,v4.4.0+incompatible
2026-10-08T10:22:16.542741Z,github.com/GRAPHqL-pYThOn/gql,v4.4.0+incompatible
2026-10-08T10:22:16.565765Z,github.com/GrAPHqL-PytHoN/gql,v4.4.0+incompatible
2026-10-08T10:22:16.829457Z,github.com/GrAPHqL-pythoN/gql,v4.4.0+incompatible
2026-10-08T10:22:17.063557Z,github.com/GrAPHql-PYTHon/gql,v4.4.0+incompatible
2026-10-08T10:22:17.583628Z,github.com/gRAPhQL-pytHOn/gql,v4.4.0+incompatible
2026-10-08T10:22:17.631276Z,github.com/GRApHQl-pYThon/gql,v4.4.0+incompatible
2026-10-08T10:22:18.473518Z,github.com/GrAphQl-pyThon/gql,v4.4.0+incompatible
2026-10-08T10:22:18.652539Z,github.com/gRApHQL-PYThON/gql,v4.4.0+incompatible
2026-10-08T10:22:18.788068Z,github.com/MikkelScheike/email-provider-links,v6.0.2+incompatible
2026-10-08T10:22:19.380819Z,github.com/GRAPhQl-pyThON/gql,v4.4.0+incompatible
2026-10-08T10:22:19.555681Z,github.com/gRaPHqL-pyTHon/gql,v4.4.0+incompatible
2026-10-08T10:22:19.559819Z,github.com/GraphQl-pYthoN/gql,v4.4.0+incompatible
2026-10-08T10:22:19.613924Z,github.com/GrApHqL-PYThoN/gql,v4.4.0+incompatible
2026-10-08T10:22:19.640366Z,github.com/GraPHQL-pytHon/gql,v4.4.0+incompatible
2026-10-08T10:22:19.799083Z,github.com/LarsArtmann/go-output/markdown,v0.38.4
2026-10-08T10:22:20.160334Z,github.com/NimbleMarkets/bubbletea-charts,v0.5.2
2026-10-08T10:22:20.380872Z,github.com/grAphql-PYtHoN/gql,v4.4.0+incompatible
2026-10-08T10:22:20.615561Z,github.com/GraPhqL-pYthOn/gql,v4.4.0+incompatible
2026-10-08T10:22:20.840758Z,github.com/gRapHQl-PYTHOn/gql,v4.4.0+incompatible
2026-10-08T10:22:20.894676Z,github.com/Minizbot2012/OrbMap,v0.0.0-20231021032514-11f37bb8b572
2026-10-08T10:22:21.147635Z,github.com/GRAPhQl-PytHON/gql,v4.4.0+incompatible
2026-10-08T10:22:21.202681Z,github.com/JetBrains/kotlin,v2.4.21+incompatible
2026-10-08T10:22:21.407787Z,github.com/gRAphqL-pYtHOn/gql,v4.4.0+incompatible
2026-10-08T10:22:22.12862Z,github.com/gRAphQl-PYTHON/gql,v4.4.0+incompatible
2026-10-08T10:22:22.210946Z,github.com/agkozak/jumpstart-z,v0.0.0-20250101200218-490bb3e817f7
2026-10-08T10:22:22.696076Z,github.com/gRApHQL-PYthoN/gql,v4.4.0+incompatible
2026-10-08T10:22:22.736506Z,github.com/GRaPHQl-PYthon/gql,v4.4.0+incompatible
2026-10-08T10:22:22.927591Z,github.com/grAPHql-PYtHON/gql,v4.4.0+incompatible
2026-10-08T10:22:23.050214Z,github.com/GRAPHql-pYtHon/gql,v4.4.0+incompatible
2026-10-08T10:22:23.636225Z,github.com/gRAPhQL-PYthoN/gql,v4.4.0+incompatible
2026-10-08T10:22:23.68174Z,github.com/graPhQL-pYthon/gql,v4.4.0+incompatible
2026-10-08T10:22:23.811769Z,github.com/gRaphql-PYtHON/gql,v4.4.0+incompatible
2026-10-08T10:22:23.944378Z,github.com/GRAphQL-PyThon/gql,v4.4.0+incompatible
2026-10-08T10:22:24.057144Z,github.com/graPHQL-pyTHon/gql,v4.4.0+incompatible
2026-10-08T10:22:24.0658Z,github.com/graPhQL-PYTHOn/gql,v4.4.0+incompatible
2026-10-08T10:22:24.095774Z,github.com/GrAPHQL-pyTHoN/gql,v4.4.0+incompatible
2026-10-08T10:22:24.296444Z,github.com/gRapHQl-pYthOn/gql,v4.4.0+incompatible
2026-10-08T10:22:24.474954Z,github.com/graphql-pYtHon/gql,v4.4.0+incompatible
2026-10-08T10:22:24.675256Z,github.com/gRapHqL-PYthON/gql,v4.4.0+incompatible
2026-10-08T10:22:24.803421Z,github.com/GrAPhql-pyThON/gql,v4.4.0+incompatible
2026-10-08T10:22:25.061336Z,github.com/gRAPhQL-PYtHoN/gql,v4.4.0+incompatible
2026-10-08T10:22:25.075094Z,github.com/HuangNengCSU/compleasm,v0.2.10
2026-10-08T10:22:25.082108Z,github.com/GrapHqL-pYTHOn/gql,v4.4.0+incompatible
2026-10-08T10:22:25.442182Z,github.com/GraPhqL-PythoN/gql,v4.4.0+incompatible
2026-10-08T10:22:25.546982Z,github.com/gRapHqL-PytHoN/gql,v4.4.0+incompatible
2026-10-08T10:22:25.904263Z,github.com/graphql-PYthoN/gql,v4.4.0+incompatible
2026-10-08T10:22:26.528049Z,github.com/GrAphql-pyTHoN/gql,v4.4.0+incompatible
2026-10-08T10:22:26.54343Z,github.com/zdharma-continuum/zsh-cmd-architect,v0.0.0-20230416030052-97fa061f385f
2026-10-08T10:22:26.703745Z,github.com/gRapHQl-PYthON/gql,v4.4.0+incompatible
2026-10-08T10:22:26.904957Z,github.com/GRaPhql-pYThoN/gql,v4.4.0+incompatible
2026-10-08T10:22:27.595515Z,github.com/graPHQl-PYtHOn/gql,v4.4.0+incompatible
2026-10-08T10:22:27.781139Z,github.com/GRApHQl-pytHOn/gql,v4.4.0+incompatible
2026-10-08T10:22:27.861941Z,github.com/grapHqL-PytHon/gql,v4.4.0+incompatible
2026-10-08T10:22:27.862294Z,github.com/Nilsen84/lunar-launcher-inject,v1.4.0
2026-10-08T10:22:27.943677Z,github.com/GRAPhQL-PytHon/gql,v4.4.0+incompatible
2026-10-08T10:22:28.048112Z,github.com/GrApHql-pYtHon/gql,v4.4.0+incompatible
2026-10-08T10:22:28.293906Z,github.com/GRaPhQl-PyTHON/gql,v4.4.0+incompatible
2026-10-08T10:22:28.376664Z,github.com/grapHql-PythON/gql,v4.4.0+incompatible
2026-10-08T10:22:28.443525Z,github.com/GRAPHql-PyTHoN/gql,v4.4.0+incompatible
2026-10-08T10:22:28.472626Z,github.com/GRAphQL-pyTHon/gql,v4.4.0+incompatible
2026-10-08T10:22:28.473648Z,github.com/grAPHql-pYTHon/gql,v4.4.0+incompatible
2026-10-08T10:22:28.554715Z,github.com/gRaphqL-PYThON/gql,v4.4.0+incompatible
2026-10-08T10:22:28.602471Z,github.com/KlausBrunner/gosolarpos/cmd/sol,v0.0.0-20240905131221-aee9d8d4595d
2026-10-08T10:22:29.046661Z,github.com/grapHql-pYThON/gql,v4.4.0+incompatible
2026-10-08T10:22:29.155673Z,github.com/grAphql-pythON/gql,v4.4.0+incompatible
2026-10-08T10:22:29.261616Z,github.com/gorilla/Template,v0.0.0-20130106121210-ad2f1c41567b
2026-10-08T10:22:29.276216Z,github.com/graPHQL-PYThOn/gql,v4.4.0+incompatible
2026-10-08T10:22:29.621719Z,github.com/graphqL-pYtHoN/gql,v4.4.0+incompatible
2026-10-08T10:22:29.803368Z,github.com/JoakimCarlsson/ai/embeddings/mistral,v0.3.3
2026-10-08T10:22:29.896641Z,github.com/grAPhqL-pYthon/gql,v4.4.0+incompatible
2026-10-08T10:22:30.171737Z,github.com/GrapHql-pYthon/gql,v4.4.0+incompatible
2026-10-08T10:22:30.269797Z,github.com/gRAPHQl-PYtHON/gql,v4.4.0+incompatible
2026-10-08T10:22:30.447121Z,github.com/GRaPHql-pYthON/gql,v4.4.0+incompatible
2026-10-08T10:22:30.710166Z,github.com/gRAPHqL-pytHon/gql,v4.4.0+incompatible
2026-10-08T10:22:30.900848Z,github.com/GRaPhqL-pyThON/gql,v4.4.0+incompatible
2026-10-08T10:22:31.626134Z,github.com/GRaphqL-pYthon/gql,v4.4.0+incompatible
2026-10-08T10:22:31.76129Z,github.com/GrapHQL-PytHoN/gql,v4.4.0+incompatible
2026-10-08T10:22:32.160182Z,github.com/gRAPHqL-PythON/gql,v4.4.0+incompatible
2026-10-08T10:22:32.254006Z,github.com/GraPHQl-pyTHON/gql,v4.4.0+incompatible
2026-10-08T10:22:32.386845Z,github.com/GRaPhqL-Python/gql,v4.4.0+incompatible
2026-10-08T10:22:32.774522Z,github.com/GRapHqL-pythOn/gql,v4.4.0+incompatible
2026-10-08T10:22:32.781306Z,github.com/ModOrganizer2/modorganizer-Bsatk,v0.0.0-20261006174248-a0005bf41921
2026-10-08T10:22:33.341652Z,github.com/gRApHQL-pYThoN/gql,v4.4.0+incompatible
2026-10-08T10:22:33.604521Z,github.com/cap-js/openapi,v1.7.0
2026-10-08T10:22:33.765277Z,github.com/gRAPHqL-pYTHon/gql,v4.4.0+incompatible
2026-10-08T10:22:34.017468Z,github.com/gRAPhQl-PYTHON/gql,v4.4.0+incompatible
2026-10-08T10:22:35.236489Z,github.com/gRAPHql-PYtHoN/gql,v4.4.0+incompatible
2026-10-08T10:22:36.638388Z,github.com/Julow/env,v0.0.0-20260930100411-1780f8647021
2026-10-08T10:22:36.964105Z,github.com/grAPhqL-pYtHON/gql,v4.4.0+incompatible
2026-10-08T10:22:37.376315Z,github.com/gRAPHQl-pYthOn/gql,v4.4.0+incompatible
2026-10-08T10:22:37.820977Z,github.com/GrAPHqL-pYthon/gql,v4.4.0+incompatible
2026-10-08T10:22:37.880051Z,github.com/Microsoft/Go-mssqldb,v1.11.2
2026-10-08T10:22:37.933485Z,github.com/GrApHQL-pyTHoN/gql,v4.4.0+incompatible
2026-10-08T10:22:38.264902Z,github.com/Cloud-Exit/ExitBox,v0.2.5
2026-10-08T10:22:38.851186Z,github.com/graPhQL-PytHon/gql,v4.4.0+incompatible
2026-10-08T10:22:39.093962Z,github.com/gRAphqL-PyThon/gql,v4.4.0+incompatible
2026-10-08T10:22:39.580426Z,github.com/grapHQl-pYThON/gql,v4.4.0+incompatible
2026-10-08T10:22:40.572818Z,github.com/grApHQL-pYtHON/gql,v4.4.0+incompatible
2026-10-08T10:22:40.910006Z,github.com/GrAphql-pytHOn/gql,v4.4.0+incompatible
2026-10-08T10:22:41.323372Z,github.com/GrapHQl-python/gql,v4.4.0+incompatible
2026-10-08T10:22:41.47559Z,github.com/gRApHQl-PyThoN/gql,v4.4.0+incompatible
2026-10-08T10:22:41.622106Z,github.com/Juulsgaard/ngx-forms-core,v0.0.0-20261003203659-b17629c1291f
2026-10-08T10:22:42.402794Z,github.com/LibReDWG/libredwg,v0.0.0-20261003083548-a3d51f13f7af
2026-10-08T10:22:42.986051Z,github.com/gRApHQL-PYtHOn/gql,v4.4.0+incompatible
2026-10-08T10:22:43.276141Z,github.com/GraPHQL-PythOn/gql,v4.4.0+incompatible
2026-10-08T10:22:43.379128Z,github.com/gRaphql-PYThon/gql,v4.4.0+incompatible
2026-10-08T10:22:43.59176Z,github.com/Moby/Moby/v2,v2.0.0-beta.26
2026-10-08T10:22:43.672589Z,github.com/grAPhQL-PytHon/gql,v4.4.0+incompatible
2026-10-08T10:22:45.944962Z,github.com/GrApHqL-PYthOn/gql,v4.4.0+incompatible
2026-10-08T10:22:46.005141Z,github.com/MikBin/algorithmsts,v0.0.0-20261007083624-c1ecc0ffe1fb
2026-10-08T10:22:46.734263Z,github.com/joshcap20/finance-mcp,v0.6.1
2026-10-08T10:22:47.813208Z,github.com/grAPhql-PyTHOn/gql,v4.4.0+incompatible
2026-10-08T10:22:48.095841Z,github.com/GraPHQl-pYThoN/gql,v4.4.0+incompatible
2026-10-08T10:22:48.272153Z,github.com/LagPixelLOL/Xray-core,v0.0.0-20260927233921-e5e85ca9dada
2026-10-08T10:22:48.345709Z,github.com/MiladSabri74/spacego,v0.0.0-20261003135416-09d2d43ec53c
2026-10-08T10:22:48.454889Z,github.com/LeonGuertler/TextArena,v0.0.0-20261003194724-1e3160dea659
2026-10-08T10:22:49.919789Z,github.com/Lionsoul2014/ip2region/binding/golang,v0.0.0-20261008081544-02f04aa559ac
2026-10-08T10:22:50.551057Z,github.com/GRAPhQl-pYtHoN/gql,v4.4.0+incompatible
2026-10-08T10:22:50.629838Z,github.com/NorfairKing/opt-env-conf,v0.0.0-20260927103532-e9056ab1b3b8
2026-10-08T10:22:50.93062Z,github.com/gRaphql-pYtHON/gql,v4.4.0+incompatible
2026-10-08T10:22:51.021676Z,github.com/grAphqL-Python/gql,v4.4.0+incompatible
2026-10-08T10:22:51.173698Z,github.com/Cloudzero/cloudzero-agent,v1.3.0
2026-10-08T10:22:51.50753Z,github.com/GrAPHql-pYTHon/gql,v4.4.0+incompatible
2026-10-08T10:22:51.778453Z,github.com/gRaPHQl-PyThoN/gql,v4.4.0+incompatible
2026-10-08T10:22:52.211659Z,github.com/Lobstrco/lobstr-browser-extension,v3.0.0-rc.1+incompatible
2026-10-08T10:22:53.264877Z,github.com/gRAPHQL-PYTHON/gql,v4.4.0+incompatible
2026-10-08T10:22:53.662663Z,github.com/LightBitsLabs/discovery-client,v1.24.0
2026-10-08T10:22:53.795626Z,github.com/graPhqL-PythoN/gql,v4.4.0+incompatible
2026-10-08T10:22:54.175266Z,github.com/GrAphqL-PytHON/gql,v4.4.0+incompatible
2026-10-08T10:22:55.046374Z,github.com/gRApHQL-pYThON/gql,v4.4.0+incompatible
2026-10-08T10:22:55.210004Z,github.com/hynetwork/hysteria/core/v2,v2.13.0
2026-10-08T10:22:55.901254Z,github.com/Loke/pkg,v0.0.0-20260929040749-837005b8cb81
2026-10-08T10:22:56.281139Z,github.com/graphql-PytHOn/gql,v4.4.0+incompatible
2026-10-08T10:22:56.671932Z,github.com/Kioubit/FlapAlerted,v0.0.0-20261007005119-43566cdedcef
2026-10-08T10:22:57.420192Z,github.com/LineageOS/android_device_oneplus_instantnoodlep,v0.0.0-20261007173535-a59b6f31b638
2026-10-08T10:22:57.698589Z,github.com/GraPhql-PYtHon/gql,v4.4.0+incompatible
2026-10-08T10:22:57.76869Z,github.com/gRaPhQl-pYTHon/gql,v4.4.0+incompatible
2026-10-08T10:22:58.361113Z,github.com/juliapluto/pluto.jl,v1.0.4
2026-10-08T10:22:58.365482Z,github.com/GraphQL-pYthOn/gql,v4.4.0+incompatible
2026-10-08T10:22:58.77312Z,github.com/grApHQL-PYThon/gql,v4.4.0+incompatible
2026-10-08T10:22:59.194236Z,github.com/graPHQL-pytHON/gql,v4.4.0+incompatible
2026-10-08T10:22:59.250711Z,github.com/gRAphqL-PYtHon/gql,v4.4.0+incompatible
2026-10-08T10:22:59.767928Z,github.com/gRaPHQl-pYThON/gql,v4.4.0+incompatible
2026-10-08T10:22:59.988281Z,github.com/grapHQL-pytHoN/gql,v4.4.0+incompatible
2026-10-08T10:23:00.747689Z,github.com/gRaphqL-PytHon/gql,v4.4.0+incompatible
2026-10-08T10:23:00.802168Z,github.com/Deahesi/agents-toolchain,v0.1.1
2026-10-08T10:23:01.921127Z,github.com/M0Rf30/nexus3-go,v0.6.0
2026-10-08T10:23:02.744234Z,github.com/grAPHQl-PYthoN/gql,v4.4.0+incompatible
2026-10-08T10:23:02.920169Z,github.com/gRapHQL-pyTHOn/gql,v4.4.0+incompatible
2026-10-08T10:23:03.076221Z,github.com/Kong/go-Kong,v0.79.0
2026-10-08T10:23:03.455784Z,github.com/NimbusNexus/webhooks-go,v0.6.0
2026-10-08T10:23:03.562346Z,github.com/G-Core/terraform-provider-gcore,v0.37.0
2026-10-08T10:23:03.916069Z,github.com/MrPowers/spark-daria,v1.2.4
2026-10-08T10:23:04.191118Z,github.com/GRAphqL-PytHON/gql,v4.4.0+incompatible
2026-10-08T10:23:04.510611Z,github.com/gRaPhql-PYthOn/gql,v4.4.0+incompatible
2026-10-08T10:23:04.823219Z,github.com/Mjansson/rpmalloc,v0.0.0-20261005111429-1d5730b501c9
2026-10-08T10:23:05.646508Z,github.com/gRAphql-PYthON/gql,v4.4.0+incompatible
2026-10-08T10:23:06.54231Z,github.com/embeddings-benchmark/mteb,v0.10.1-0.20261008062839-8938c9533df2
2026-10-08T10:23:06.847496Z,github.com/gRAPHQL-pythoN/gql,v4.4.0+incompatible
2026-10-08T10:23:06.997525Z,github.com/gRaPhQL-PYThon/gql,v4.4.0+incompatible
2026-10-08T10:23:07.22911Z,github.com/GraPHql-pYtHoN/gql,v4.4.0+incompatible
2026-10-08T10:23:07.505335Z,github.com/OCA/l10n-luxemburg,v0.0.0-20250930142727-d41af259c5a3
2026-10-08T10:23:08.079313Z,github.com/GrApHQl-PYTHOn/gql,v4.4.0+incompatible
2026-10-08T10:23:08.237816Z,github.com/gRapHqL-pytHON/gql,v4.4.0+incompatible
2026-10-08T10:23:08.772696Z,github.com/graPHQl-pyTHON/gql,v4.4.0+incompatible
2026-10-08T10:23:09.133368Z,github.com/graPHqL-pYTHOn/gql,v4.4.0+incompatible
2026-10-08T10:23:09.871608Z,github.com/grAPhqL-pYTHOn/gql,v4.4.0+incompatible
2026-10-08T10:23:09.938124Z,github.com/grapHQl-pytHon/gql,v4.4.0+incompatible
2026-10-08T10:23:10.230391Z,github.com/OCA/sale-blanket,v0.0.0-20260811144640-2ff18af8c114
2026-10-08T10:23:10.639634Z,github.com/gRAphQL-PYThoN/gql,v4.4.0+incompatible
2026-10-08T10:23:11.133876Z,github.com/OCA/sale-financial,v0.0.0-20250930142600-3634ac9fd351
2026-10-08T10:23:12.447534Z,github.com/GRaphQL-PytHOn/gql,v4.4.0+incompatible
2026-10-08T10:23:12.539933Z,github.com/ice3man543/subfinder/v2,v2.17.0
2026-10-08T10:23:13.596526Z,github.com/gRApHql-PythOn/gql,v4.4.0+incompatible
2026-10-08T10:23:13.600135Z,github.com/GraPhqL-pYthoN/gql,v4.4.0+incompatible
2026-10-08T10:23:13.776052Z,github.com/grAphQl-pyTHoN/gql,v4.4.0+incompatible
2026-10-08T10:23:14.423575Z,github.com/GRAPHqL-pYtHOn/gql,v4.4.0+incompatible
2026-10-08T10:23:14.484289Z,github.com/casbin/mongodb-adapter/v4,v4.3.1-0.20260805154135-67c101979371
2026-10-08T10:23:14.659162Z,github.com/Moby/Moby/api,v1.56.1
2026-10-08T10:23:14.919997Z,github.com/gRaPhQL-PYtHoN/gql,v4.4.0+incompatible
2026-10-08T10:23:15.054508Z,github.com/gRAphQL-PythOn/gql,v4.4.0+incompatible
2026-10-08T10:23:15.083477Z,github.com/Nvidia/KAI-scheduler,v0.18.3
2026-10-08T10:23:15.16086Z,github.com/OPENGENE/fastp,v1.4.0
2026-10-08T10:23:15.243978Z,github.com/GRApHQl-PYTHoN/gql,v4.4.0+incompatible
2026-10-08T10:23:15.64876Z,github.com/graphql-pytHoN/gql,v4.4.0+incompatible
2026-10-08T10:23:15.745549Z,github.com/GRapHql-PYTHOn/gql,v4.4.0+incompatible
2026-10-08T10:23:15.783405Z,github.com/MultiTechSystems/lorawan-payload-schema,v0.0.0-20261007163031-f09476d8c62d
2026-10-08T10:23:16.202481Z,github.com/jakebailey/dprint-plugin-gofumpt,v0.0.19
2026-10-08T10:23:16.805706Z,github.com/GraphQl-PYtHoN/gql,v4.4.0+incompatible
2026-10-08T10:23:16.968774Z,github.com/MawCeron/lazyftp,v0.4.1
2026-10-08T10:23:17.382091Z,github.com/GRapHqL-pYThOn/gql,v4.4.0+incompatible
2026-10-08T10:23:17.592728Z,github.com/gRAPhql-PythoN/gql,v4.4.0+incompatible
2026-10-08T10:23:18.375115Z,github.com/Kautenja/gym-super-mario-bros,v0.0.0-20260930202424-7ba17c778e1d
2026-10-08T10:23:19.340328Z,github.com/GRaphQl-PYtHON/gql,v4.4.0+incompatible
2026-10-08T10:23:19.549351Z,github.com/gRapHQl-pyTHON/gql,v4.4.0+incompatible
2026-10-08T10:23:19.550337Z,github.com/gRApHQl-pytHOn/gql,v4.4.0+incompatible
2026-10-08T10:23:19.697934Z,github.com/GRAPhQL-pyThOn/gql,v4.4.0+incompatible
2026-10-08T10:23:19.720018Z,github.com/GRApHql-PyTHOn/gql,v4.4.0+incompatible
2026-10-08T10:23:19.983101Z,github.com/grAPhqL-pYThon/gql,v4.4.0+incompatible
2026-10-08T10:23:19.990178Z,github.com/Manapaly/Golang-2023,v0.0.0-20230423161402-92af8c0ecf84
2026-10-08T10:23:20.039634Z,github.com/Multiversx/mx-chain-vm-go,v1.5.51
2026-10-08T10:23:20.141196Z,github.com/GrApHQL-pytHOn/gql,v4.4.0+incompatible
2026-10-08T10:23:20.538798Z,github.com/gRAPHql-PyTHon/gql,v4.4.0+incompatible
2026-10-08T10:23:20.729965Z,github.com/gRaPHQL-PytHoN/gql,v4.4.0+incompatible
2026-10-08T10:23:20.870205Z,github.com/grApHqL-PYTHOn/gql,v4.4.0+incompatible
2026-10-08T10:23:21.598568Z,github.com/Myriad-Dreamin/Blog,v0.0.0-20261008044804-9dc646b0b911
2026-10-08T10:23:21.898243Z,github.com/Kinvolk/Inspektor-Gadget,v0.57.0
2026-10-08T10:23:22.642861Z,github.com/gRAPHqL-pYTHoN/gql,v4.4.0+incompatible
2026-10-08T10:23:22.674098Z,github.com/GraPhQL-PYtHON/gql,v4.4.0+incompatible
2026-10-08T10:23:22.816041Z,github.com/KUAILESHANGWEI/s-ui,v1.6.4
2026-10-08T10:23:23.619095Z,github.com/gRAPhQL-PyTHON/gql,v4.4.0+incompatible
2026-10-08T10:23:23.986352Z,github.com/ManhNho/ManhNho.github.io,v0.0.0-20261008050714-18ff1e64b750
2026-10-08T10:23:24.608877Z,github.com/GRAPHQL-PYThOn/gql,v4.4.0+incompatible
2026-10-08T10:23:24.639671Z,github.com/GrApHQl-pythOn/gql,v4.4.0+incompatible
2026-10-08T10:23:24.70736Z,github.com/GRAPhQl-PYThon/gql,v4.4.0+incompatible
2026-10-08T10:23:24.779246Z,github.com/gRApHQl-PythON/gql,v4.4.0+incompatible
2026-10-08T10:23:24.824252Z,github.com/GrAPHQL-pYtHoN/gql,v4.4.0+incompatible
2026-10-08T10:23:24.998866Z,github.com/MrOlm/drep,v4.0.2+incompatible
2026-10-08T10:23:25.021464Z,github.com/gRAPhQL-PytHon/gql,v4.4.0+incompatible
2026-10-08T10:23:25.050386Z,github.com/gRapHqL-pYthON/gql,v4.4.0+incompatible
2026-10-08T10:23:25.105698Z,github.com/graPHqL-pyThoN/gql,v4.4.0+incompatible
2026-10-08T10:23:25.213411Z,github.com/GRApHQl-PYtHoN/gql,v4.4.0+incompatible
2026-10-08T10:23:28.350763Z,github.com/GraPhQL-pYthOn/gql,v4.4.0+incompatible
2026-10-08T10:23:28.374684Z,github.com/Levap123/Levap123,v0.0.0-20231216064642-d44cf3e2ac3b
2026-10-08T10:23:28.927107Z,github.com/GRAPHQl-PYTHOn/gql,v4.4.0+incompatible
2026-10-08T10:23:28.941621Z,github.com/graPHQL-PYTHoN/gql,v4.4.0+incompatible
2026-10-08T10:23:28.96261Z,github.com/grAphqL-PYThon/gql,v4.4.0+incompatible
2026-10-08T10:23:29.175264Z,github.com/gRaPHql-pYtHoN/gql,v4.4.0+incompatible
2026-10-08T10:23:29.261744Z,github.com/GRaPhQl-PythOn/gql,v4.4.0+incompatible
2026-10-08T10:23:29.262324Z,github.com/GRApHql-pytHon/gql,v4.4.0+incompatible
2026-10-08T10:23:29.276691Z,github.com/GRaPHql-PythoN/gql,v4.4.0+incompatible
2026-10-08T10:23:29.391893Z,github.com/GraPHQL-PYthoN/gql,v4.4.0+incompatible
2026-10-08T10:23:29.583907Z,github.com/graphQl-pYtHon/gql,v4.4.0+incompatible
2026-10-08T10:23:29.837457Z,github.com/KennethEnevoldsen/dacy,v2.9.0+incompatible
2026-10-08T10:23:29.962882Z,github.com/GrAPhQL-PyTHoN/gql,v4.4.0+incompatible
2026-10-08T10:23:30.003793Z,github.com/GraPhQl-PytHoN/gql,v4.4.0+incompatible
2026-10-08T10:23:30.857172Z,github.com/graPhql-pYTHOn/gql,v4.4.0+incompatible
2026-10-08T10:23:31.093667Z,github.com/NF-core/references,v0.0.0-20261007140728-19f92a93bc61
2026-10-08T10:23:31.196504Z,github.com/GRaPhql-PYtHON/gql,v4.4.0+incompatible
2026-10-08T10:23:31.205733Z,github.com/unchartedsoftware/distil-compute,v0.0.0-20190130222453-9745852e0fac
2026-10-08T10:23:31.461141Z,github.com/GRapHQl-PytHOn/gql,v4.4.0+incompatible
2026-10-08T10:23:31.611661Z,github.com/grAPhql-PythOn/gql,v4.4.0+incompatible
2026-10-08T10:23:32.722599Z,github.com/GrApHql-pYtHOn/gql,v4.4.0+incompatible
2026-10-08T10:23:33.042605Z,github.com/jamesits/bgpiano,v0.0.0-20261008030755-a54fcd1a948a
2026-10-08T10:23:33.357399Z,github.com/GraPhql-PYtHOn/gql,v4.4.0+incompatible
2026-10-08T10:23:33.988244Z,github.com/GraphQl-PYThOn/gql,v4.4.0+incompatible
2026-10-08T10:23:34.383086Z,github.com/Gangleri42/kortschak-qr,v0.3.4
2026-10-08T10:23:35.099222Z,github.com/GrAphQL-pYtHon/gql,v4.4.0+incompatible
2026-10-08T10:23:35.215716Z,github.com/grAPHQl-pytHon/gql,v4.4.0+incompatible
2026-10-08T10:23:35.267966Z,github.com/ConductorOne/baton-cloudamqp,v0.3.0
2026-10-08T10:23:35.590088Z,github.com/grApHql-PYThoN/gql,v4.4.0+incompatible
2026-10-08T10:23:35.638206Z,github.com/grapHqL-pytHOn/gql,v4.4.0+incompatible
2026-10-08T10:23:35.847137Z,github.com/graPhqL-PYThON/gql,v4.4.0+incompatible
2026-10-08T10:23:36.29158Z,github.com/GRaPHQl-pYThoN/gql,v4.4.0+incompatible
2026-10-08T10:23:36.753868Z,github.com/NIPE-Solutions/react-data-inspector,v1.0.0
2026-10-08T10:23:37.352862Z,github.com/GRaPhQL-PYThoN/gql,v4.4.0+incompatible
2026-10-08T10:23:38.112276Z,github.com/gRApHqL-pyTHOn/gql,v4.4.0+incompatible
2026-10-08T10:23:38.18298Z,github.com/GRaPHql-pyThON/gql,v4.4.0+incompatible
2026-10-08T10:23:38.220425Z,github.com/Omegaplexx/hpwnr,v1.0.1
2026-10-08T10:23:38.392521Z,github.com/GRAphQL-pyThON/gql,v4.4.0+incompatible
2026-10-08T10:23:39.694818Z,github.com/GrAPHQl-pYThon/gql,v4.4.0+incompatible
2026-10-08T10:23:39.952019Z,github.com/gRApHqL-PyThon/gql,v4.4.0+incompatible
2026-10-08T10:23:40.11078Z,github.com/GRAphqL-pytHOn/gql,v4.4.0+incompatible
2026-10-08T10:23:40.460016Z,github.com/Itz-Agasta/nerrf,v0.0.0-20261005083000-2bb4f75bf56e
2026-10-08T10:23:40.462401Z,github.com/MaisamV/GoCleanMicroservice,v0.0.0-20250831190740-f82bf5e804be
2026-10-08T10:23:40.546722Z,github.com/OCA/l10n-chile,v0.0.0-20250930142639-565c543e7ee6
2026-10-08T10:23:40.561504Z,github.com/gRaphQL-pYtHoN/gql,v4.4.0+incompatible
2026-10-08T10:23:40.865625Z,github.com/GrapHql-PyThon/gql,v4.4.0+incompatible
2026-10-08T10:23:41.057075Z,github.com/GRAphQl-pYtHon/gql,v4.4.0+incompatible
2026-10-08T10:23:41.084968Z,github.com/GrApHql-PyThon/gql,v4.4.0+incompatible
2026-10-08T10:23:41.239437Z,github.com/GRaPHql-PytHON/gql,v4.4.0+incompatible
2026-10-08T10:23:41.242685Z,github.com/gRAPHql-PyTHoN/gql,v4.4.0+incompatible
2026-10-08T10:23:42.051018Z,github.com/GRAPhQl-PytHon/gql,v4.4.0+incompatible
2026-10-08T10:23:42.190448Z,github.com/GrApHQl-pythoN/gql,v4.4.0+incompatible
2026-10-08T10:23:42.207938Z,github.com/KHRONOSGroup/OpenGL-Registry,v0.0.0-20261006164218-6af574a14089
2026-10-08T10:23:42.512812Z,github.com/GRAphql-PytHON/gql,v4.4.0+incompatible
2026-10-08T10:23:42.77018Z,github.com/Open-Harness-Engineering/ai-agents-oss-helper,v0.0.0-20261007053821-ac87386b4608
2026-10-08T10:23:43.587028Z,github.com/Kikobeats/top-crawler-agents,v1.0.41
2026-10-08T10:23:43.902084Z,github.com/OCA/l10n-venezuela,v0.0.0-20250930142819-a42be5078562
2026-10-08T10:23:43.950676Z,github.com/graPHQl-pytHOn/gql,v4.4.0+incompatible
2026-10-08T10:23:44.345507Z,github.com/gRAPhql-pYtHOn/gql,v4.4.0+incompatible
2026-10-08T10:23:44.621546Z,github.com/ImShad0w/hacklab,v0.0.0-20260925063825-8cf834382934
2026-10-08T10:23:44.875597Z,github.com/GRAphQL-pyThOn/gql,v4.4.0+incompatible
2026-10-08T10:23:44.943877Z,github.com/grAPhql-pytHOn/gql,v4.4.0+incompatible
2026-10-08T10:23:45.081809Z,github.com/grAphQl-PyThon/gql,v4.4.0+incompatible
2026-10-08T10:23:45.620793Z,github.com/gRAPHql-PYTHoN/gql,v4.4.0+incompatible
2026-10-08T10:23:45.847962Z,github.com/GRAphqL-Python/gql,v4.4.0+incompatible
2026-10-08T10:23:46.020958Z,github.com/graPHQL-pYthON/gql,v4.4.0+incompatible
2026-10-08T10:23:46.180779Z,github.com/grAPHql-PYthon/gql,v4.4.0+incompatible
2026-10-08T10:23:46.555898Z,github.com/gRAPhQL-pYtHon/gql,v4.4.0+incompatible
2026-10-08T10:23:46.79182Z,github.com/graphQl-pyThoN/gql,v4.4.0+incompatible
2026-10-08T10:23:47.418704Z,github.com/grokify/structured-changelog,v0.16.1
2026-10-08T10:23:47.864944Z,github.com/graPhQL-pyTHon/gql,v4.4.0+incompatible
2026-10-08T10:23:48.151095Z,github.com/IndigoCarmine/sp_fitting_models,v1.3.9
2026-10-08T10:23:48.654661Z,github.com/OpenBB-finance/openbb-docs,v0.0.0-20260929175839-692a7bce3575
2026-10-08T10:23:48.974555Z,github.com/LucaDeSiena/MuRAT,v0.0.0-20261008060721-659d2942a376
2026-10-08T10:23:50.578296Z,github.com/gRAPhQL-PythOn/gql,v4.4.0+incompatible
2026-10-08T10:23:50.685877Z,github.com/grAPHqL-PyTHON/gql,v4.4.0+incompatible
2026-10-08T10:23:51.323896Z,nemith.io/nvueschema,v0.0.0-20261006201510-1d9c2160ae02
2026-10-08T10:23:52.00731Z,github.com/MatTn/go-runewidth,v0.0.31
2026-10-08T10:23:52.092605Z,github.com/NREL/elm,v0.0.51
2026-10-08T10:23:53.258312Z,github.com/MaaXYz/maa-framework-go/v4,v4.0.0-beta.19
2026-10-08T10:23:53.500544Z,github.com/GRAphql-PYthON/gql,v4.4.0+incompatible
2026-10-08T10:23:53.599821Z,github.com/GRaphQl-PyTHOn/gql,v4.4.0+incompatible
2026-10-08T10:23:53.876194Z,github.com/MuratTunc/DataStructersGo,v0.0.0-20250506122009-f576304914b2
2026-10-08T10:23:53.983718Z,github.com/moorhen-coot/moorhen,v1.0.2-0.20260925085209-bfc916740b63
2026-10-08T10:23:54.550714Z,github.com/GrAphqL-pYThoN/gql,v4.4.0+incompatible
2026-10-08T10:23:55.038837Z,github.com/GraPHQL-PYThOn/gql,v4.4.0+incompatible
2026-10-08T10:23:55.85197Z,github.com/graPhQL-PyTHoN/gql,v4.4.0+incompatible
2026-10-08T10:23:57.019036Z,github.com/gRAPhql-PythOn/gql,v4.4.0+incompatible
2026-10-08T10:23:57.074615Z,github.com/grApHQl-pYTHOn/gql,v4.4.0+incompatible
2026-10-08T10:23:57.379827Z,github.com/GRAphql-PYTHOn/gql,v4.4.0+incompatible
2026-10-08T10:23:57.818152Z,github.com/KoBeWi/Metroidvania-System,v0.0.0-20261007104959-0065ae897429
2026-10-08T10:23:57.904091Z,github.com/graphqL-PyTHOn/gql,v4.4.0+incompatible
2026-10-08T10:23:58.03641Z,github.com/GrAphQl-pythoN/gql,v4.4.0+incompatible
2026-10-08T10:23:58.258956Z,github.com/gRAPHql-pYthon/gql,v4.4.0+incompatible
2026-10-08T10:23:58.325207Z,github.com/Maevik/neureka,v0.0.0-20260925171626-5e65a459251b
2026-10-08T10:24:00.292801Z,github.com/MrOlm/dRep,v4.0.2+incompatible
2026-10-08T10:24:00.596752Z,github.com/gRAPHQL-pYthoN/gql,v4.4.0+incompatible
2026-10-08T10:24:00.656398Z,github.com/GRAPhQL-pYthon/gql,v4.4.0+incompatible
2026-10-08T10:24:01.276266Z,github.com/GrApHQL-pyTHON/gql,v4.4.0+incompatible
2026-10-08T10:24:01.421463Z,github.com/GRapHql-pYthOn/gql,v4.4.0+incompatible
2026-10-08T10:24:01.672577Z,github.com/NOAA-MDL/grib2io,v2.8.2+incompatible
2026-10-08T10:24:01.999806Z,github.com/GraPhQL-PYThon/gql,v4.4.0+incompatible
2026-10-08T10:24:02.03326Z,github.com/GRaPHQL-pYThON/gql,v4.4.0+incompatible
2026-10-08T10:24:02.215468Z,github.com/grAPHql-PytHoN/gql,v4.4.0+incompatible
2026-10-08T10:24:02.376506Z,github.com/GrAPHQl-PytHOn/gql,v4.4.0+incompatible
2026-10-08T10:24:02.969134Z,github.com/Libp2p/go-libp2p-pubsub,v0.18.0
2026-10-08T10:24:03.63575Z,github.com/Myriad-Dreamin/blog,v0.0.0-20261008044804-9dc646b0b911
2026-10-08T10:24:03.681395Z,github.com/GetSentry/sentry-go,v0.50.0
2026-10-08T10:24:05.084747Z,github.com/GrAphqL-pYthoN/gql,v4.4.0+incompatible
2026-10-08T10:24:05.445342Z,github.com/gRaphQl-pYTHOn/gql,v4.4.0+incompatible
2026-10-08T10:24:06.231699Z,github.com/Knights-Analytics/hugot,v0.8.2
2026-10-08T10:24:06.582841Z,github.com/gRaPHql-PyTHon/gql,v4.4.0+incompatible
2026-10-08T10:24:06.950513Z,github.com/GraPHQL-pYThon/gql,v4.4.0+incompatible
2026-10-08T10:24:07.218102Z,github.com/MyGUI/mygui,v3.5.2+incompatible
2026-10-08T10:24:08.282379Z,github.com/GrAPHQL-PYTHoN/gql,v4.4.0+incompatible
2026-10-08T10:24:08.434762Z,github.com/Nebulino/Scrobblenaut,v3.0.1+incompatible
2026-10-08T10:24:08.552391Z,github.com/GrapHQL-pytHoN/gql,v4.4.0+incompatible
2026-10-08T10:24:08.576654Z,github.com/gRaphqL-pYtHON/gql,v4.4.0+incompatible
2026-10-08T10:24:08.616347Z,github.com/grAPhql-pyThon/gql,v4.4.0+incompatible
2026-10-08T10:24:08.617783Z,github.com/GRAphqL-PyThON/gql,v4.4.0+incompatible
2026-10-08T10:24:08.755403Z,github.com/fjzzq2002/WeightWatch,v0.0.0-20250925052404-8d3874fb90a0
2026-10-08T10:24:09.388172Z,github.com/graPHql-PythOn/gql,v4.4.0+incompatible
2026-10-08T10:24:10.561099Z,github.com/GraPHqL-PYThOn/gql,v4.4.0+incompatible
2026-10-08T10:24:11.370003Z,new.git.deavmi.assigned.network/mink/libmink.git,v0.0.0-20261006221002-1843e7448cf2
2026-10-08T10:24:11.452951Z,github.com/GrapHql-PythON/gql,v4.4.0+incompatible
2026-10-08T10:24:11.570408Z,github.com/gRAPHQl-PYtHOn/gql,v4.4.0+incompatible
2026-10-08T10:24:11.611609Z,github.com/grAPHqL-pYthOn/gql,v4.4.0+incompatible
2026-10-08T10:24:11.879162Z,github.com/GraphQl-PYTHon/gql,v4.4.0+incompatible
2026-10-08T10:24:12.528344Z,github.com/Ne0nD0g/go-clr,v1.0.4
2026-10-08T10:24:12.532362Z,github.com/GrAPHQl-pythoN/gql,v4.4.0+incompatible
2026-10-08T10:24:14.165778Z,github.com/grapHqL-PYThOn/gql,v4.4.0+incompatible
2026-10-08T10:24:14.547368Z,github.com/OnlyF0uR/naabu/v2,v2.0.0-20230319073149-70d306d26a1e
2026-10-08T10:24:14.7576Z,github.com/GRAPhQL-pYTHon/gql,v4.4.0+incompatible
2026-10-08T10:24:14.867386Z,github.com/gRApHQL-PYThon/gql,v4.4.0+incompatible
2026-10-08T10:24:14.96709Z,github.com/graphqL-pyThOn/gql,v4.4.0+incompatible
2026-10-08T10:24:15.185017Z,github.com/GRaPhQl-PYThOn/gql,v4.4.0+incompatible
2026-10-08T10:24:15.609753Z,github.com/MPUSP/snakemake-simple-mapping,v1.8.2
2026-10-08T10:24:15.826233Z,github.com/gRApHQL-PytHON/gql,v4.4.0+incompatible
2026-10-08T10:24:15.957985Z,github.com/GraphqL-pytHon/gql,v4.4.0+incompatible
2026-10-08T10:24:16.035251Z,github.com/gRAphQL-PYthOn/gql,v4.4.0+incompatible
2026-10-08T10:24:16.152726Z,github.com/MeKo-Christian/algo-dsp,v0.12.4
2026-10-08T10:24:16.159077Z,github.com/GRapHQl-PYThoN/gql,v4.4.0+incompatible
2026-10-08T10:24:16.229927Z,github.com/DJTouchette/witness,v0.6.0
2026-10-08T10:24:16.737549Z,github.com/graPhqL-pythON/gql,v4.4.0+incompatible
2026-10-08T10:24:17.008391Z,github.com/grAphqL-pYthON/gql,v4.4.0+incompatible
2026-10-08T10:24:17.19273Z,github.com/Openlayers/Openlayers,v10.11.0+incompatible
2026-10-08T10:24:17.861144Z,github.com/GRAphqL-pYTHon/gql,v4.4.0+incompatible
2026-10-08T10:24:18.644325Z,github.com/gRaPhQl-Python/gql,v4.4.0+incompatible
2026-10-08T10:24:18.7345Z,github.com/grapHQL-pYTHON/gql,v4.4.0+incompatible
2026-10-08T10:24:18.984904Z,github.com/gRAphQl-pYthoN/gql,v4.4.0+incompatible
2026-10-08T10:24:19.047655Z,github.com/grAPhqL-PYTHOn/gql,v4.4.0+incompatible
2026-10-08T10:24:19.070301Z,github.com/JamesANZ/learn-solidity-with-examples,v0.0.0-20261008054850-aa09e9f7adb7
2026-10-08T10:24:19.232734Z,github.com/gRaPhQL-pYTHON/gql,v4.4.0+incompatible
2026-10-08T10:24:19.684229Z,github.com/GRaphQl-PYTHOn/gql,v4.4.0+incompatible
2026-10-08T10:24:20.189591Z,github.com/gRaphql-pYTHon/gql,v4.4.0+incompatible
2026-10-08T10:24:20.321906Z,github.com/Go-ldap/ldap,v3.4.15+incompatible
2026-10-08T10:24:20.438892Z,github.com/GRaPHql-PYtHoN/gql,v4.4.0+incompatible
2026-10-08T10:24:20.605739Z,github.com/grapHQL-pYthoN/gql,v4.4.0+incompatible
2026-10-08T10:24:20.795224Z,github.com/GrAPHQl-PyThON/gql,v4.4.0+incompatible
2026-10-08T10:24:20.945989Z,github.com/GRaPhqL-pYThon/gql,v4.4.0+incompatible
2026-10-08T10:24:20.979466Z,github.com/GraphQl-pyThON/gql,v4.4.0+incompatible
2026-10-08T10:24:21.397057Z,github.com/GRaPhqL-PyTHON/gql,v4.4.0+incompatible
2026-10-08T10:24:21.49881Z,github.com/GrAphql-pyThON/gql,v4.4.0+incompatible
2026-10-08T10:24:21.8199Z,github.com/GRapHql-PyTHoN/gql,v4.4.0+incompatible
2026-10-08T10:24:22.805943Z,github.com/gRAPHQL-Python/gql,v4.4.0+incompatible
2026-10-08T10:24:23.107251Z,github.com/gRAPhql-pyTHON/gql,v4.4.0+incompatible
2026-10-08T10:24:23.162725Z,github.com/grAphQl-PYTHOn/gql,v4.4.0+incompatible
2026-10-08T10:24:23.463836Z,github.com/GRaphql-PyThoN/gql,v4.4.0+incompatible
2026-10-08T10:24:23.837018Z,github.com/GRaPhqL-pYtHOn/gql,v4.4.0+incompatible
2026-10-08T10:24:24.011291Z,github.com/GRaPhQl-PythoN/gql,v4.4.0+incompatible
2026-10-08T10:24:24.785933Z,github.com/grapHQL-PYthOn/gql,v4.4.0+incompatible
2026-10-08T10:24:24.820854Z,github.com/GRApHql-pYthOn/gql,v4.4.0+incompatible
2026-10-08T10:24:25.026091Z,github.com/Megakuul/voiper,v0.0.0-20261007225800-1abcbb45cf54
2026-10-08T10:24:25.191376Z,github.com/GRAphqL-pYTHOn/gql,v4.4.0+incompatible
2026-10-08T10:24:25.311178Z,github.com/gRaPhQl-PyThON/gql,v4.4.0+incompatible
2026-10-08T10:24:25.461325Z,github.com/Open-Telemetry/opentelemetry-collector-contrib/pkg/experimentalmetricmetadata,v0.162.0
2026-10-08T10:24:25.590097Z,github.com/GRAphql-pytHOn/gql,v4.4.0+incompatible
2026-10-08T10:24:26.011716Z,github.com/grAphQL-PythoN/gql,v4.4.0+incompatible
2026-10-08T10:24:26.338837Z,github.com/GRAPHQl-PYThOn/gql,v4.4.0+incompatible
2026-10-08T10:24:26.569133Z,github.com/graPHqL-pYtHoN/gql,v4.4.0+incompatible
2026-10-08T10:24:26.639387Z,github.com/graPHqL-PYthON/gql,v4.4.0+incompatible
2026-10-08T10:24:27.460459Z,github.com/GrAPHQl-pYThON/gql,v4.4.0+incompatible
2026-10-08T10:24:27.901107Z,github.com/graphQL-pythoN/gql,v4.4.0+incompatible
2026-10-08T10:24:28.142809Z,github.com/GrApHQl-PytHOn/gql,v4.4.0+incompatible
2026-10-08T10:24:28.629224Z,github.com/GrAphqL-pYThON/gql,v4.4.0+incompatible
2026-10-08T10:24:28.690641Z,github.com/import-js/eslint-import-resolver-typescript,v4.4.5+incompatible
2026-10-08T10:24:29.679804Z,github.com/Nf-core/test-datasets,v0.0.0-20261007135507-1d18e982f198
2026-10-08T10:24:30.177381Z,github.com/Miuzarte/JMComic-go,v0.0.0-20261006164530-ce3b531ffb55
2026-10-08T10:24:30.292397Z,github.com/GRApHqL-pyTHoN/gql,v4.4.0+incompatible
2026-10-08T10:24:30.479358Z,github.com/Nginx-Proxy/docker-gen,v0.0.0-20261007220922-1e4e4190d48c
2026-10-08T10:24:30.514278Z,github.com/GraPhQl-pytHOn/gql,v4.4.0+incompatible
2026-10-08T10:24:30.648555Z,github.com/gRaPHql-PYtHoN/gql,v4.4.0+incompatible
2026-10-08T10:24:31.33734Z,github.com/graphQl-PYThon/gql,v4.4.0+incompatible
2026-10-08T10:24:31.887538Z,github.com/grAPHqL-pYTHoN/gql,v4.4.0+incompatible
2026-10-08T10:24:32.419448Z,github.com/PRotonMAil/gopenpgp/v2,v2.11.1
2026-10-08T10:24:33.261252Z,github.com/mediashareorg/yourimageshare/go,v1.1.0
2026-10-08T10:24:33.349974Z,github.com/GRaphQL-pYtHoN/gql,v4.4.0+incompatible
2026-10-08T10:24:33.49384Z,github.com/graPHql-PYThon/gql,v4.4.0+incompatible
2026-10-08T10:24:34.445197Z,github.com/BRO3886/go-eventkit,v0.16.0
2026-10-08T10:24:34.719632Z,github.com/gRAphqL-PytHOn/gql,v4.4.0+incompatible
2026-10-08T10:24:34.802064Z,github.com/gRAPHQL-PYthON/gql,v4.4.0+incompatible
2026-10-08T10:24:35.551918Z,github.com/M2Team/NanaRun,v0.0.0-20261007123148-11f4bd9feeea
2026-10-08T10:24:36.167533Z,github.com/GraPhQL-PYThOn/gql,v4.4.0+incompatible
2026-10-08T10:24:36.777302Z,github.com/gRApHQL-PyTHoN/gql,v4.4.0+incompatible
2026-10-08T10:24:37.039938Z,github.com/Lima1/PureCN,v0.0.0-20261006182026-ae9d1b306e3f
2026-10-08T10:24:37.28546Z,github.com/GrapHQL-PYtHOn/gql,v4.4.0+incompatible
2026-10-08T10:24:37.518082Z,github.com/GRaPHQL-pYtHoN/gql,v4.4.0+incompatible
2026-10-08T10:24:38.057771Z,github.com/GraphqL-pyThon/gql,v4.4.0+incompatible
2026-10-08T10:24:38.289137Z,github.com/NetSampler/goflow2,v1.3.8
2026-10-08T10:24:38.65759Z,github.com/GRaPhQl-PytHON/gql,v4.4.0+incompatible
2026-10-08T10:24:38.774221Z,github.com/grAPhql-PytHoN/gql,v4.4.0+incompatible
2026-10-08T10:24:38.938166Z,github.com/Mattbusel/fin-primitives,v2.14.1+incompatible
2026-10-08T10:24:39.045094Z,github.com/MCSManager/Launcher,v0.0.0-20261007153948-afb063ffc37e
2026-10-08T10:24:39.109956Z,github.com/JJediny/JJediny,v0.0.0-20261007235336-f3f26ec54da8
2026-10-08T10:24:39.223486Z,github.com/grAPhql-PYTHon/gql,v4.4.0+incompatible
2026-10-08T10:24:39.407418Z,github.com/grapHQl-PytHoN/gql,v4.4.0+incompatible
2026-10-08T10:24:39.634693Z,github.com/GRaPHqL-PyTHOn/gql,v4.4.0+incompatible
2026-10-08T10:24:39.941085Z,github.com/gRAPHQl-PyTHon/gql,v4.4.0+incompatible
2026-10-08T10:24:39.977901Z,github.com/GRAPhQL-PythoN/gql,v4.4.0+incompatible
2026-10-08T10:24:40.625177Z,github.com/GrAPHqL-pYthON/gql,v4.4.0+incompatible
2026-10-08T10:24:41.533959Z,github.com/graphql-pyThON/gql,v4.4.0+incompatible
2026-10-08T10:24:41.894663Z,github.com/GRAPhQl-pyThon/gql,v4.4.0+incompatible
2026-10-08T10:24:42.498667Z,github.com/GrAPhql-pYthon/gql,v4.4.0+incompatible
2026-10-08T10:24:42.737212Z,github.com/NVIDIA/nodewright/operator,v0.20.0
2026-10-08T10:24:42.748727Z,github.com/grAPHQL-PYthON/gql,v4.4.0+incompatible
2026-10-08T10:24:42.969252Z,github.com/grAphQL-pYTHOn/gql,v4.4.0+incompatible
2026-10-08T10:24:43.557205Z,github.com/gRaPHql-pytHON/gql,v4.4.0+incompatible
2026-10-08T10:24:43.671854Z,github.com/GRaPHqL-pytHon/gql,v4.4.0+incompatible
2026-10-08T10:24:44.081513Z,github.com/gRaPHQL-pYTHoN/gql,v4.4.0+incompatible
2026-10-08T10:24:45.482785Z,github.com/gRAPHql-pYThON/gql,v4.4.0+incompatible
2026-10-08T10:24:45.667396Z,github.com/GRAPhql-PYThon/gql,v4.4.0+incompatible
2026-10-08T10:24:45.667843Z,github.com/grAphQL-pYthoN/gql,v4.4.0+incompatible
2026-10-08T10:24:45.722356Z,github.com/gRaPhQL-pYTHoN/gql,v4.4.0+incompatible
2026-10-08T10:24:45.946712Z,github.com/grAPhQl-PYthon/gql,v4.4.0+incompatible
2026-10-08T10:24:46.173271Z,github.com/Google/go-containerregistry/cmd/krane,v0.0.0-20261007205041-aa08c1ff04c2
2026-10-08T10:24:46.683884Z,github.com/OpenTofu/opentofu,v1.13.1
2026-10-08T10:24:46.803424Z,github.com/gRaphQL-pYthon/gql,v4.4.0+incompatible
2026-10-08T10:24:47.279816Z,github.com/gRApHql-pYtHon/gql,v4.4.0+incompatible
2026-10-08T10:24:47.655603Z,github.com/juliaconcurrent/atomix.jl,v1.6.0
2026-10-08T10:24:47.853341Z,github.com/GRaPhql-PyTHoN/gql,v4.4.0+incompatible
2026-10-08T10:24:47.966525Z,github.com/swsoyee/bangumi.tv-night-mode-css,v0.2.7
2026-10-08T10:24:47.999395Z,github.com/Nf-core/Test-datasets,v0.0.0-20261007135507-1d18e982f198
2026-10-08T10:24:48.18245Z,github.com/GRaphQL-PYtHoN/gql,v4.4.0+incompatible
2026-10-08T10:24:48.28331Z,github.com/GRaPhqL-PYTHON/gql,v4.4.0+incompatible
2026-10-08T10:24:48.296839Z,github.com/gRaphql-PYtHOn/gql,v4.4.0+incompatible
2026-10-08T10:24:48.457488Z,github.com/GraPHQl-PYThon/gql,v4.4.0+incompatible
2026-10-08T10:24:49.214617Z,github.com/grAPhQl-pYthON/gql,v4.4.0+incompatible
2026-10-08T10:24:49.500069Z,github.com/GraPhQL-pytHon/gql,v4.4.0+incompatible
2026-10-08T10:24:49.735993Z,github.com/GetAlby/ldk-node-go,v0.0.0-20261006051204-5ba434093284
2026-10-08T10:24:49.80849Z,github.com/PYPA/packaging,v0.0.0-20261007220500-ea25b7d2befd
2026-10-08T10:24:50.048558Z,github.com/GrApHqL-pyThoN/gql,v4.4.0+incompatible
2026-10-08T10:24:50.274796Z,github.com/gRaPhQl-pyTHON/gql,v4.4.0+incompatible
2026-10-08T10:24:50.294304Z,github.com/gRaPHql-PytHON/gql,v4.4.0+incompatible
2026-10-08T10:24:50.445805Z,github.com/Clansty/Clansty,v0.0.0-20260924062352-f04e41c52407
2026-10-08T10:24:51.031672Z,github.com/GRaPhql-pYthon/gql,v4.4.0+incompatible
2026-10-08T10:24:51.120211Z,github.com/GRapHql-pyTHoN/gql,v4.4.0+incompatible
2026-10-08T10:24:51.351707Z,github.com/graphqL-PytHon/gql,v4.4.0+incompatible
2026-10-08T10:24:51.428716Z,github.com/GRapHql-PYthOn/gql,v4.4.0+incompatible
2026-10-08T10:24:51.622262Z,github.com/MatjazJogan/psychomatrix,v0.0.0-20261006195541-32f2b91accd0
2026-10-08T10:24:51.852617Z,github.com/gRapHQl-pYtHON/gql,v4.4.0+incompatible
2026-10-08T10:24:51.859035Z,github.com/GrapHql-pyTHOn/gql,v4.4.0+incompatible
2026-10-08T10:24:52.081886Z,github.com/gRaphQl-pyTHon/gql,v4.4.0+incompatible
2026-10-08T10:24:52.153708Z,github.com/GRaPHQL-PYtHon/gql,v4.4.0+incompatible
2026-10-08T10:24:52.22451Z,github.com/LaPingVino/lexington,v1.4.0
2026-10-08T10:24:52.280066Z,github.com/GraPhQL-PythON/gql,v4.4.0+incompatible
2026-10-08T10:24:52.617349Z,github.com/GraPHQL-pyThON/gql,v4.4.0+incompatible
2026-10-08T10:24:53.214246Z,github.com/GRAPhql-pYThON/gql,v4.4.0+incompatible
2026-10-08T10:24:53.689716Z,github.com/devlumuz/wails/v2,v2.0.0-20261005151535-4adbee9c93ec
2026-10-08T10:24:54.026084Z,github.com/graphql-PythoN/gql,v4.4.0+incompatible
2026-10-08T10:24:54.287368Z,github.com/gRapHql-pytHON/gql,v4.4.0+incompatible
2026-10-08T10:24:54.475113Z,github.com/gRAPhqL-PyThOn/gql,v4.4.0+incompatible
2026-10-08T10:24:54.808097Z,github.com/Parz1val02/OM_module,v0.0.0-20261007231621-2db010776481
2026-10-08T10:24:54.928066Z,github.com/gRAPhql-PYTHON/gql,v4.4.0+incompatible
2026-10-08T10:24:55.568278Z,github.com/gRaPHQl-pyTHON/gql,v4.4.0+incompatible
2026-10-08T10:24:55.698041Z,github.com/Mattbusel/fin-stream,v2.11.1+incompatible
2026-10-08T10:24:55.843025Z,github.com/graphQL-PyThoN/gql,v4.4.0+incompatible
2026-10-08T10:24:55.971393Z,github.com/grAPHQl-pYthOn/gql,v4.4.0+incompatible
2026-10-08T10:24:56.082215Z,github.com/NDL-lab/ndlocr-lite,v0.0.0-20261008102358-d5d876e86b6d
2026-10-08T10:24:56.142672Z,github.com/GraPHqL-PYtHoN/gql,v4.4.0+incompatible
2026-10-08T10:24:56.200052Z,github.com/gRApHQl-pYthoN/gql,v4.4.0+incompatible
2026-10-08T10:24:56.289108Z,github.com/nikomalik/strconv2,v1.0.0
2026-10-08T10:24:56.289924Z,github.com/huangnengcsu/compleasm,v0.2.10
2026-10-08T10:24:56.549766Z,github.com/GRAphQL-PytHoN/gql,v4.4.0+incompatible
2026-10-08T10:24:56.820625Z,github.com/LalatinaHub/latinasub-go,v0.0.0-20241228055010-24b3c54d5c54
2026-10-08T10:24:56.971724Z,github.com/grapHqL-PythON/gql,v4.4.0+incompatible
2026-10-08T10:24:57.033934Z,github.com/nimblemarkets/bubbletea-charts,v0.5.2
2026-10-08T10:24:57.314734Z,github.com/GRaphQL-pYtHOn/gql,v4.4.0+incompatible
2026-10-08T10:24:57.480916Z,github.com/GraphQl-pyThOn/gql,v4.4.0+incompatible
2026-10-08T10:24:57.532274Z,github.com/gRaphql-PYTHON/gql,v4.4.0+incompatible
2026-10-08T10:24:57.869294Z,github.com/GRapHql-pYthoN/gql,v4.4.0+incompatible
2026-10-08T10:24:58.089491Z,github.com/graPHqL-pyTHoN/gql,v4.4.0+incompatible
2026-10-08T10:24:58.119524Z,github.com/GRapHQl-PytHoN/gql,v4.4.0+incompatible
2026-10-08T10:24:58.370554Z,github.com/GRaPHqL-pythoN/gql,v4.4.0+incompatible
2026-10-08T10:24:58.786471Z,github.com/grAPhQl-PytHOn/gql,v4.4.0+incompatible
2026-10-08T10:24:59.47501Z,github.com/GRApHQL-PYthOn/gql,v4.4.0+incompatible
2026-10-08T10:25:00.00842Z,github.com/GRAPHQl-pYtHon/gql,v4.4.0+incompatible
2026-10-08T10:25:00.075336Z,github.com/gRaPHQL-pyThoN/gql,v4.4.0+incompatible
2026-10-08T10:25:00.251601Z,github.com/graphQl-pYThoN/gql,v4.4.0+incompatible
2026-10-08T10:25:00.377133Z,github.com/PALLETS/FLASK,v0.0.0-20261007140254-d086db856be1
2026-10-08T10:25:00.39668Z,github.com/gRApHqL-Python/gql,v4.4.0+incompatible
2026-10-08T10:25:00.452023Z,github.com/gRAPHqL-PyThon/gql,v4.4.0+incompatible
2026-10-08T10:25:00.776949Z,github.com/gRAphQL-PyThON/gql,v4.4.0+incompatible
2026-10-08T10:25:00.930247Z,github.com/gRaPHQL-PYtHON/gql,v4.4.0+incompatible
2026-10-08T10:25:00.94536Z,github.com/GrAphqL-PyTHon/gql,v4.4.0+incompatible
2026-10-08T10:25:01.211968Z,github.com/GrApHql-PyThoN/gql,v4.4.0+incompatible
2026-10-08T10:25:01.316771Z,github.com/JoakimCarlsson/ai/stt/google,v0.3.3
2026-10-08T10:25:01.35845Z,github.com/GRAPhqL-pyThOn/gql,v4.4.0+incompatible
2026-10-08T10:25:01.406552Z,github.com/GRApHql-Python/gql,v4.4.0+incompatible
2026-10-08T10:25:01.432089Z,github.com/LABstack/echo/v4,v4.16.0
2026-10-08T10:25:01.441587Z,github.com/graPhql-pyThOn/gql,v4.4.0+incompatible
2026-10-08T10:25:01.708842Z,github.com/gRaphQL-pyTHOn/gql,v4.4.0+incompatible
2026-10-08T10:25:01.769827Z,github.com/GrAPhqL-pYthON/gql,v4.4.0+incompatible
2026-10-08T10:25:02.007121Z,github.com/qiangli/gotreesitter,v0.0.0-20261006115113-c8a5d22bb3f0
2026-10-08T10:25:02.174081Z,github.com/GRApHQL-PYtHOn/gql,v4.4.0+incompatible
2026-10-08T10:25:02.915529Z,github.com/grAphqL-pytHoN/gql,v4.4.0+incompatible
2026-10-08T10:25:03.077589Z,github.com/Mikhalevich/tg-bonus-points-bot,v0.0.0-20261007193833-72c06e459a6e
2026-10-08T10:25:03.09238Z,github.com/gRaphQl-pytHoN/gql,v4.4.0+incompatible
2026-10-08T10:25:04.003331Z,github.com/gRApHqL-PYThOn/gql,v4.4.0+incompatible
2026-10-08T10:25:04.043883Z,github.com/gRaphql-pyThon/gql,v4.4.0+incompatible
2026-10-08T10:25:04.060365Z,github.com/GrapHqL-PYtHoN/gql,v4.4.0+incompatible
2026-10-08T10:25:04.196328Z,github.com/graphql-pYthoN/gql,v4.4.0+incompatible
2026-10-08T10:25:04.55067Z,github.com/GrAPHQl-pytHoN/gql,v4.4.0+incompatible
2026-10-08T10:25:04.898321Z,github.com/GRApHQl-PythON/gql,v4.4.0+incompatible
2026-10-08T10:25:05.036499Z,github.com/GRaPhqL-PYthon/gql,v4.4.0+incompatible
2026-10-08T10:25:05.242027Z,github.com/GRaphql-PYthon/gql,v4.4.0+incompatible
2026-10-08T10:25:05.499211Z,github.com/NorFairKing/autodocodec,v0.0.0-20261007215940-f1aa3efa550a
2026-10-08T10:25:05.610295Z,github.com/NoahTheDuke/netrunner-cards-edn,v0.0.0-20260923104747-78917d587f38
2026-10-08T10:25:05.926539Z,github.com/GRaphQl-pYtHOn/gql,v4.4.0+incompatible
2026-10-08T10:25:06.189492Z,github.com/graphqL-pytHON/gql,v4.4.0+incompatible
2026-10-08T10:25:06.322241Z,github.com/GraPHql-PYThOn/gql,v4.4.0+incompatible
2026-10-08T10:25:06.335847Z,github.com/GRapHqL-pyTHoN/gql,v4.4.0+incompatible
2026-10-08T10:25:06.392668Z,github.com/GRaPhql-PYtHOn/gql,v4.4.0+incompatible
2026-10-08T10:25:06.747805Z,github.com/graphqL-PythOn/gql,v4.4.0+incompatible
2026-10-08T10:25:06.748344Z,github.com/GraPHQL-pytHOn/gql,v4.4.0+incompatible
2026-10-08T10:25:06.779446Z,github.com/gRaPhql-pythoN/gql,v4.4.0+incompatible
2026-10-08T10:25:06.953757Z,github.com/graphql-pyThOn/gql,v4.4.0+incompatible
2026-10-08T10:25:06.967153Z,github.com/GreenmaskIO/storages,v0.3.2
2026-10-08T10:25:07.383385Z,github.com/moriyoshi/pglite-go-aot,v0.1.0
2026-10-08T10:25:07.826711Z,github.com/graPhqL-pyTHOn/gql,v4.4.0+incompatible
2026-10-08T10:25:08.794814Z,github.com/GRaPHQl-PytHon/gql,v4.4.0+incompatible
2026-10-08T10:25:08.916329Z,github.com/grAphql-PythOn/gql,v4.4.0+incompatible
2026-10-08T10:25:09.005941Z,github.com/GrAPhQl-python/gql,v4.4.0+incompatible
2026-10-08T10:25:09.945717Z,github.com/GRAPHqL-pYTHoN/gql,v4.4.0+incompatible
2026-10-08T10:25:10.006889Z,github.com/grapHql-PYTHON/gql,v4.4.0+incompatible
2026-10-08T10:25:10.161253Z,github.com/gRAPhqL-pytHOn/gql,v4.4.0+incompatible
2026-10-08T10:25:10.261969Z,github.com/GraPHql-pyThon/gql,v4.4.0+incompatible
2026-10-08T10:25:10.306419Z,github.com/gRAphQL-pyTHon/gql,v4.4.0+incompatible
2026-10-08T10:25:10.411047Z,github.com/gRAPHql-pYThOn/gql,v4.4.0+incompatible
2026-10-08T10:25:10.521437Z,github.com/gRAPhQl-pYThON/gql,v4.4.0+incompatible
2026-10-08T10:25:10.565018Z,github.com/qiangli/filebrowser/v2,v2.0.0-20261002203458-0b059ae20b79
2026-10-08T10:25:10.664332Z,github.com/Nvidia/aistore,v1.5.1
2026-10-08T10:25:10.699216Z,github.com/GraphQL-pyThoN/gql,v4.4.0+incompatible
2026-10-08T10:25:11.033171Z,github.com/NexGenCloud/hyperstack-terraform-provider,v1.55.10-alpha
2026-10-08T10:25:11.183386Z,github.com/GRAPhql-Python/gql,v4.4.0+incompatible
2026-10-08T10:25:11.365607Z,github.com/Luacat5/AsteroidsR,v0.0.0-20250826065618-926f96104dd6
2026-10-08T10:25:11.403653Z,github.com/GRaPHQl-pYthOn/gql,v4.4.0+incompatible
2026-10-08T10:25:11.403728Z,github.com/gRAphql-PYthon/gql,v4.4.0+incompatible
2026-10-08T10:25:11.760444Z,github.com/gRapHQl-pYtHOn/gql,v4.4.0+incompatible
2026-10-08T10:25:12.159849Z,github.com/lobstrco/lobstr-browser-extension,v3.0.0-rc.1+incompatible
2026-10-08T10:25:12.697744Z,github.com/grApHQl-PyThon/gql,v4.4.0+incompatible
2026-10-08T10:25:12.886097Z,github.com/gRAPHqL-PYtHon/gql,v4.4.0+incompatible
2026-10-08T10:25:12.97986Z,github.com/GrapHQl-PYThon/gql,v4.4.0+incompatible
2026-10-08T10:25:13.006691Z,github.com/GregNBlack/kanso-protocol,v5.21.0+incompatible
2026-10-08T10:25:13.065909Z,github.com/GRaPHQl-PyThon/gql,v4.4.0+incompatible
2026-10-08T10:25:13.192154Z,github.com/GRAPHqL-PyTHOn/gql,v4.4.0+incompatible
2026-10-08T10:25:13.831661Z,github.com/GraPhql-PyThON/gql,v4.4.0+incompatible
2026-10-08T10:25:14.305155Z,github.com/grAphql-pYThon/gql,v4.4.0+incompatible
2026-10-08T10:25:14.311337Z,github.com/unrolled/render,v0.0.0-20160802113806-85272eaa4c49
2026-10-08T10:25:14.386613Z,github.com/itz-agasta/nerrf/tracker,v0.0.0-20261005083000-2bb4f75bf56e
2026-10-08T10:25:14.581776Z,github.com/grAPhQL-PyTHon/gql,v4.4.0+incompatible
2026-10-08T10:25:14.702235Z,github.com/GrAPHql-pytHon/gql,v4.4.0+incompatible
2026-10-08T10:25:14.837547Z,github.com/GraphQL-PYtHon/gql,v4.4.0+incompatible
2026-10-08T10:25:15.046176Z,github.com/grAPhql-PytHON/gql,v4.4.0+incompatible
2026-10-08T10:25:15.176617Z,github.com/GraPhQL-pYThOn/gql,v4.4.0+incompatible
2026-10-08T10:25:15.250969Z,github.com/GraphqL-PYthOn/gql,v4.4.0+incompatible
2026-10-08T10:25:15.2778Z,github.com/GRApHQL-pyTHoN/gql,v4.4.0+incompatible
2026-10-08T10:25:15.87634Z,github.com/gRAphQl-PyTHon/gql,v4.4.0+incompatible
2026-10-08T10:25:16.072989Z,github.com/m0rf30/nexus3-go,v0.6.0
2026-10-08T10:25:16.08043Z,github.com/gRaPHQl-PyThON/gql,v4.4.0+incompatible
2026-10-08T10:25:16.201358Z,github.com/GrAPhql-Python/gql,v4.4.0+incompatible
2026-10-08T10:25:16.296964Z,github.com/GRapHql-pYtHon/gql,v4.4.0+incompatible
2026-10-08T10:25:16.427429Z,github.com/GrapHQl-PYTHON/gql,v4.4.0+incompatible
2026-10-08T10:25:16.501873Z,github.com/GrAPHql-pyTHoN/gql,v4.4.0+incompatible
2026-10-08T10:25:16.510023Z,github.com/GrAPHQl-PytHoN/gql,v4.4.0+incompatible
2026-10-08T10:25:16.578454Z,github.com/ONSDigital/Dp-net/v3,v3.14.0
2026-10-08T10:25:16.61253Z,github.com/grApHQl-pYthON/gql,v4.4.0+incompatible
2026-10-08T10:25:16.642002Z,github.com/GRAPHQl-PYthOn/gql,v4.4.0+incompatible
2026-10-08T10:25:16.900843Z,github.com/Percona-LAb/percona-version-service,v0.0.0-20261008093928-7d8fc8205aeb
2026-10-08T10:25:16.956313Z,github.com/grAphql-pYTHOn/gql,v4.4.0+incompatible
2026-10-08T10:25:16.9847Z,github.com/grAPhQl-pytHOn/gql,v4.4.0+incompatible
2026-10-08T10:25:17.192419Z,github.com/GraphQl-pYtHon/gql,v4.4.0+incompatible
2026-10-08T10:25:17.218737Z,github.com/grAPHQl-pYthon/gql,v4.4.0+incompatible
2026-10-08T10:25:17.249543Z,github.com/deahesi/agents-toolchain,v0.1.1
2026-10-08T10:25:17.303668Z,github.com/g-core/terraform-provider-gcore,v0.37.0
2026-10-08T10:25:18.036631Z,github.com/gRapHql-pYthon/gql,v4.4.0+incompatible
2026-10-08T10:25:18.197977Z,github.com/nimbusnexus/webhooks-go,v0.6.0
2026-10-08T10:25:18.564236Z,github.com/gRAPHql-pyTHON/gql,v4.4.0+incompatible
2026-10-08T10:25:18.739493Z,github.com/GRAPhql-PYtHOn/gql,v4.4.0+incompatible
2026-10-08T10:25:18.828716Z,github.com/GRaPhql-pYThOn/gql,v4.4.0+incompatible
2026-10-08T10:25:18.937282Z,github.com/GRAPHQL-PyThoN/gql,v4.4.0+incompatible
2026-10-08T10:25:19.03287Z,github.com/GrAPHql-PyTHOn/gql,v4.4.0+incompatible
2026-10-08T10:25:19.077173Z,github.com/GraPhQl-PyThON/gql,v4.4.0+incompatible
2026-10-08T10:25:19.269738Z,github.com/GRAPHQL-PYTHOn/gql,v4.4.0+incompatible
2026-10-08T10:25:19.422206Z,github.com/GRaPhql-pYtHOn/gql,v4.4.0+incompatible
2026-10-08T10:25:20.252907Z,github.com/gRapHqL-PyTHOn/gql,v4.4.0+incompatible
2026-10-08T10:25:20.688452Z,github.com/grAPHqL-PYthON/gql,v4.4.0+incompatible
2026-10-08T10:25:21.001643Z,github.com/Lapingvino/lexington,v1.4.0
2026-10-08T10:25:21.062823Z,github.com/GrAphqL-PytHon/gql,v4.4.0+incompatible
2026-10-08T10:25:21.084536Z,github.com/graphql-pYtHON/gql,v4.4.0+incompatible
2026-10-08T10:25:21.181001Z,github.com/Nuzair46/BlockTheSpot-Installer,v1.1.0
2026-10-08T10:25:21.254046Z,github.com/PRotonMail/gopenpgp/v2,v2.11.1
2026-10-08T10:25:21.824605Z,github.com/MatrixOrigin/dragonboat/v4,v4.0.0-20261007015707-18a1f46a2ea6
2026-10-08T10:25:21.834385Z,github.com/GRAPhql-pYThOn/gql,v4.4.0+incompatible
2026-10-08T10:25:21.859265Z,github.com/GRAPhql-PytHoN/gql,v4.4.0+incompatible
2026-10-08T10:25:21.875237Z,github.com/graphQL-PYtHOn/gql,v4.4.0+incompatible
2026-10-08T10:25:21.899097Z,github.com/GrAPHql-pYtHon/gql,v4.4.0+incompatible
2026-10-08T10:25:21.947389Z,github.com/GRAphqL-PYThoN/gql,v4.4.0+incompatible
2026-10-08T10:25:22.204426Z,github.com/GRAphQl-PYTHoN/gql,v4.4.0+incompatible
2026-10-08T10:25:22.267898Z,github.com/gRaPHql-pyTHON/gql,v4.4.0+incompatible
2026-10-08T10:25:22.566404Z,github.com/grapHQL-pYThON/gql,v4.4.0+incompatible
2026-10-08T10:25:22.588218Z,github.com/grapHQl-PYThon/gql,v4.4.0+incompatible
2026-10-08T10:25:22.846632Z,github.com/GRAphQl-PYthoN/gql,v4.4.0+incompatible
2026-10-08T10:25:22.870276Z,github.com/gRAPHQl-pyThOn/gql,v4.4.0+incompatible
2026-10-08T10:25:22.999626Z,github.com/OCA/data-protection,v0.0.0-20260729084634-b918ec849516
2026-10-08T10:25:23.003414Z,github.com/GraphqL-PythON/gql,v4.4.0+incompatible
2026-10-08T10:25:23.42404Z,github.com/GrApHql-PYThoN/gql,v4.4.0+incompatible
2026-10-08T10:25:23.576897Z,github.com/GrAPHQl-PyTHON/gql,v4.4.0+incompatible
2026-10-08T10:25:23.84081Z,github.com/GraPhQL-PYtHoN/gql,v4.4.0+incompatible
2026-10-08T10:25:23.892812Z,github.com/OCA/interface-github,v0.0.0-20250930142940-692cbe577662
2026-10-08T10:25:23.960819Z,github.com/grApHQL-pYtHon/gql,v4.4.0+incompatible
2026-10-08T10:25:23.98157Z,github.com/GRAPHQL-pytHOn/gql,v4.4.0+incompatible
2026-10-08T10:25:24.011021Z,github.com/GRAPHQL-PyTHOn/gql,v4.4.0+incompatible
2026-10-08T10:25:24.872512Z,github.com/GraPHQl-pYthoN/gql,v4.4.0+incompatible
2026-10-08T10:25:24.9577Z,github.com/graPhqL-PytHoN/gql,v4.4.0+incompatible
2026-10-08T10:25:25.022296Z,github.com/graPhQL-pYtHon/gql,v4.4.0+incompatible
2026-10-08T10:25:25.121268Z,github.com/GrAPHql-pyTHon/gql,v4.4.0+incompatible
2026-10-08T10:25:25.552222Z,github.com/gRapHqL-PYThOn/gql,v4.4.0+incompatible
2026-10-08T10:25:25.586438Z,github.com/OCA/l10n-croatia,v0.0.0-20250930142649-bd8d57b3ffd3
2026-10-08T10:25:25.999532Z,github.com/GrAPhQl-pyTHON/gql,v4.4.0+incompatible
2026-10-08T10:25:26.181058Z,github.com/gRaPHQl-PyTHon/gql,v4.4.0+incompatible
2026-10-08T10:25:26.238254Z,github.com/GRaPhqL-PytHON/gql,v4.4.0+incompatible
2026-10-08T10:25:26.489763Z,github.com/OCA/l10n-vietnam,v0.0.0-20250930142822-c11522fb3c31
2026-10-08T10:25:26.59839Z,github.com/gRApHQL-PyThOn/gql,v4.4.0+incompatible
2026-10-08T10:25:26.723396Z,github.com/GRaPhQL-PythoN/gql,v4.4.0+incompatible
2026-10-08T10:25:26.835504Z,github.com/GrApHqL-PythON/gql,v4.4.0+incompatible
2026-10-08T10:25:27.274775Z,github.com/GrapHQl-pyThON/gql,v4.4.0+incompatible
2026-10-08T10:25:27.480002Z,github.com/gRaphql-PythON/gql,v4.4.0+incompatible
2026-10-08T10:25:27.698759Z,github.com/grAphQL-PYThON/gql,v4.4.0+incompatible
2026-10-08T10:25:27.711625Z,github.com/graPhQL-pytHoN/gql,v4.4.0+incompatible
2026-10-08T10:25:27.743186Z,github.com/grAPhql-pythON/gql,v4.4.0+incompatible
2026-10-08T10:25:28.44164Z,github.com/GRaPhQL-PYTHon/gql,v4.4.0+incompatible
2026-10-08T10:25:28.556535Z,github.com/GrApHQl-pYTHon/gql,v4.4.0+incompatible
2026-10-08T10:25:28.61482Z,github.com/GRAPhQL-PYThon/gql,v4.4.0+incompatible
2026-10-08T10:25:28.816379Z,github.com/grAPHQl-PYtHON/gql,v4.4.0+incompatible
2026-10-08T10:25:28.989075Z,github.com/GRaPHQL-PythOn/gql,v4.4.0+incompatible
2026-10-08T10:25:29.38103Z,github.com/nvidia/nodewright/operator,v0.20.0
2026-10-08T10:25:29.48367Z,github.com/graPHQl-pyThOn/gql,v4.4.0+incompatible
2026-10-08T10:25:29.668717Z,github.com/GraPhQl-pythoN/gql,v4.4.0+incompatible
2026-10-08T10:25:30.093866Z,github.com/grAPHqL-pyThON/gql,v4.4.0+incompatible
2026-10-08T10:25:30.1638Z,github.com/gRapHQl-PYTHoN/gql,v4.4.0+incompatible
2026-10-08T10:25:30.220241Z,github.com/grApHQL-pyTHon/gql,v4.4.0+incompatible
2026-10-08T10:25:30.447629Z,github.com/NimbusNexus/webhookd-go,v0.6.0
2026-10-08T10:25:30.55516Z,github.com/GRapHQl-PYtHOn/gql,v4.4.0+incompatible
2026-10-08T10:25:30.558181Z,github.com/GrapHql-PYthOn/gql,v4.4.0+incompatible
2026-10-08T10:25:30.912256Z,github.com/gRApHql-pYthon/gql,v4.4.0+incompatible
2026-10-08T10:25:30.974522Z,github.com/gRAPHql-PythON/gql,v4.4.0+incompatible
2026-10-08T10:25:31.029152Z,github.com/GRapHQl-PYthON/gql,v4.4.0+incompatible
2026-10-08T10:25:31.26345Z,github.com/graPhQl-PYthON/gql,v4.4.0+incompatible
2026-10-08T10:25:31.368366Z,github.com/gRapHQl-pyTHOn/gql,v4.4.0+incompatible
2026-10-08T10:25:31.373712Z,github.com/grapHql-pYThoN/gql,v4.4.0+incompatible
2026-10-08T10:25:31.998293Z,github.com/gRaPhql-pytHOn/gql,v4.4.0+incompatible
2026-10-08T10:25:32.207447Z,github.com/LTH14/fractalgen,v0.0.0-20250225121249-c7d099043dd9
2026-10-08T10:25:32.537061Z,github.com/ONSdigital/dis-search-test-bed,v0.5.0
2026-10-08T10:25:32.68026Z,github.com/gRApHQL-pyThOn/gql,v4.4.0+incompatible
2026-10-08T10:25:32.690595Z,github.com/GRAPHql-PythON/gql,v4.4.0+incompatible
2026-10-08T10:25:32.872564Z,github.com/gRAphQL-pYThOn/gql,v4.4.0+incompatible
2026-10-08T10:25:33.207684Z,github.com/GRAPHql-PYThON/gql,v4.4.0+incompatible
2026-10-08T10:25:33.487739Z,github.com/GRAPHql-pyTHon/gql,v4.4.0+incompatible
2026-10-08T10:25:33.797469Z,github.com/gRaPHql-pYThOn/gql,v4.4.0+incompatible
2026-10-08T10:25:33.971195Z,github.com/GrAPhQl-pYThoN/gql,v4.4.0+incompatible
2026-10-08T10:25:34.242801Z,github.com/gRApHql-pyTHOn/gql,v4.4.0+incompatible
2026-10-08T10:25:34.350222Z,github.com/JuliaConcurrent/UnsafeAtomics.jl,v0.4.0
2026-10-08T10:25:34.456339Z,github.com/gRaPhQl-pytHoN/gql,v4.4.0+incompatible
2026-10-08T10:25:34.482539Z,github.com/LetsEncrypt/borp,v0.0.0-20261002153959-372e71d72b2d
2026-10-08T10:25:34.668813Z,github.com/NF-core/metapep,v0.0.0-20261007131910-32322c127ff7
2026-10-08T10:25:34.698497Z,github.com/GRaphQl-pYtHoN/gql,v4.4.0+incompatible
2026-10-08T10:25:34.901668Z,github.com/PhpGt/CssXPath,v1.6.0
2026-10-08T10:25:35.032018Z,github.com/Nuxt/nuxt,v4.6.0+incompatible
2026-10-08T10:25:35.334288Z,github.com/graPHqL-PYThOn/gql,v4.4.0+incompatible
2026-10-08T10:25:35.548714Z,github.com/GRaPhQL-PYThOn/gql,v4.4.0+incompatible
2026-10-08T10:25:35.627226Z,github.com/JuliaIO/FFMPEG.jl,v0.4.6
2026-10-08T10:25:35.651021Z,github.com/gRapHqL-PythoN/gql,v4.4.0+incompatible
2026-10-08T10:25:35.652409Z,github.com/jetbrains/kotlin,v2.4.21+incompatible
2026-10-08T10:25:35.684848Z,github.com/GrAPhQl-PytHon/gql,v4.4.0+incompatible
2026-10-08T10:25:35.918525Z,github.com/gRaPHqL-PythoN/gql,v4.4.0+incompatible
2026-10-08T10:25:36.11362Z,github.com/gRaPHql-PYTHOn/gql,v4.4.0+incompatible
2026-10-08T10:25:36.438699Z,github.com/gRapHql-PYthoN/gql,v4.4.0+incompatible
2026-10-08T10:25:36.626261Z,github.com/grAphQL-pYtHoN/gql,v4.4.0+incompatible
2026-10-08T10:25:36.681885Z,github.com/GRapHql-PyThON/gql,v4.4.0+incompatible
2026-10-08T10:25:36.763177Z,github.com/GRaPhQL-pythON/gql,v4.4.0+incompatible
2026-10-08T10:25:37.085352Z,github.com/GRApHQl-PythOn/gql,v4.4.0+incompatible
2026-10-08T10:25:37.216334Z,github.com/grapHql-PYThON/gql,v4.4.0+incompatible
2026-10-08T10:25:37.317385Z,github.com/GRaPHql-pythOn/gql,v4.4.0+incompatible
2026-10-08T10:25:37.47528Z,github.com/GRaPHQl-PytHON/gql,v4.4.0+incompatible
2026-10-08T10:25:37.752881Z,github.com/gRaphQL-PYTHON/gql,v4.4.0+incompatible
2026-10-08T10:25:37.768556Z,github.com/grAPHqL-pYtHon/gql,v4.4.0+incompatible
2026-10-08T10:25:37.936586Z,github.com/Graphql-pYthoN/gql,v4.4.0+incompatible
2026-10-08T10:25:38.431385Z,github.com/GRapHqL-PytHoN/gql,v4.4.0+incompatible
2026-10-08T10:25:38.505975Z,github.com/GRAPHql-pYTHoN/gql,v4.4.0+incompatible
2026-10-08T10:25:38.591619Z,github.com/grAPhQL-pythON/gql,v4.4.0+incompatible
2026-10-08T10:25:38.635339Z,github.com/grAPHQl-PYtHon/gql,v4.4.0+incompatible
2026-10-08T10:25:39.020072Z,github.com/GrAPhQL-pyTHon/gql,v4.4.0+incompatible
2026-10-08T10:25:39.514931Z,github.com/JulianLee123/hoplite-go,v0.0.0-20230702164928-8bdaca252877
2026-10-08T10:25:39.643171Z,github.com/graPHQl-pYTHon/gql,v4.4.0+incompatible
2026-10-08T10:25:39.903749Z,github.com/GRAPhQL-Python/gql,v4.4.0+incompatible
2026-10-08T10:25:40.598163Z,github.com/Nulifyer/guget,v1.8.1
2026-10-08T10:25:41.101964Z,github.com/GrapHqL-pYThoN/gql,v4.4.0+incompatible
2026-10-08T10:25:41.197347Z,github.com/GrapHqL-PyThOn/gql,v4.4.0+incompatible
2026-10-08T10:25:41.260155Z,github.com/GrApHql-pyThON/gql,v4.4.0+incompatible
2026-10-08T10:25:41.272165Z,github.com/gRAPHqL-PyThON/gql,v4.4.0+incompatible
2026-10-08T10:25:41.2768Z,github.com/LibP2p/go-libp2p-pubsub,v0.18.0
2026-10-08T10:25:41.345809Z,github.com/larksuite/meegle-cli,v1.0.24
2026-10-08T10:25:41.408449Z,github.com/ObscuritySRL/bun-win32,v0.0.0-20261007201926-871b0030d1f9
2026-10-08T10:25:41.415693Z,github.com/GRApHqL-pYThon/gql,v4.4.0+incompatible
2026-10-08T10:25:41.529136Z,github.com/GrAPhQL-PYthOn/gql,v4.4.0+incompatible
2026-10-08T10:25:41.999787Z,github.com/grAphql-pythOn/gql,v4.4.0+incompatible
2026-10-08T10:25:42.070932Z,github.com/grAphqL-PYTHOn/gql,v4.4.0+incompatible
2026-10-08T10:25:42.198995Z,github.com/gRaPhql-pyTHoN/gql,v4.4.0+incompatible
2026-10-08T10:25:42.209997Z,github.com/GrApHQL-PYTHoN/gql,v4.4.0+incompatible
2026-10-08T10:25:42.338882Z,github.com/GRaPhQl-PYthon/gql,v4.4.0+incompatible
2026-10-08T10:25:42.376142Z,github.com/GraPHQL-PythoN/gql,v4.4.0+incompatible
2026-10-08T10:25:42.64428Z,github.com/GrAPHQl-PYthON/gql,v4.4.0+incompatible
2026-10-08T10:25:42.936157Z,github.com/grAphqL-PythoN/gql,v4.4.0+incompatible
2026-10-08T10:25:42.972834Z,github.com/grApHQl-PYThon/gql,v4.4.0+incompatible
2026-10-08T10:25:42.997613Z,github.com/gRAphQl-PythOn/gql,v4.4.0+incompatible
2026-10-08T10:25:43.240376Z,github.com/grAPhqL-PyThON/gql,v4.4.0+incompatible
2026-10-08T10:25:43.25952Z,github.com/PivotLLM/MCPFusion/cmd/auth,v0.0.0-20261007033644-23372a815a98
2026-10-08T10:25:43.769204Z,github.com/GRAPHql-pYTHon/gql,v4.4.0+incompatible
2026-10-08T10:25:43.809988Z,github.com/NodeBb/nodebb-theme-harmony,v3.3.12+incompatible
2026-10-08T10:25:44.280304Z,github.com/GraPhQL-PytHon/gql,v4.4.0+incompatible
2026-10-08T10:25:44.418742Z,github.com/gRapHQL-pYtHoN/gql,v4.4.0+incompatible
2026-10-08T10:25:44.542972Z,github.com/GraPhql-pyThOn/gql,v4.4.0+incompatible
2026-10-08T10:25:44.710012Z,github.com/Netbsd/pkgsrc,v0.0.0-20261003135300-1d0b4bfd1560
2026-10-08T10:25:44.865435Z,github.com/LibrePCB/librepcb,v0.0.0-20261006202347-6c061150a88f
2026-10-08T10:25:44.937747Z,github.com/gRAPhql-PYThon/gql,v4.4.0+incompatible
2026-10-08T10:25:45.034457Z,github.com/grApHqL-pythoN/gql,v4.4.0+incompatible
2026-10-08T10:25:45.493753Z,github.com/GRaphqL-PYThOn/gql,v4.4.0+incompatible
2026-10-08T10:25:45.520817Z,github.com/GRaPHQl-PYtHon/gql,v4.4.0+incompatible
2026-10-08T10:25:45.660188Z,github.com/Lightprotocol/light-poseidon,v0.4.1
2026-10-08T10:25:45.787992Z,github.com/grAPhql-pYtHoN/gql,v4.4.0+incompatible
2026-10-08T10:25:45.860267Z,github.com/graphQl-PyTHon/gql,v4.4.0+incompatible
2026-10-08T10:25:45.893656Z,github.com/GrAphQL-pYTHOn/gql,v4.4.0+incompatible
2026-10-08T10:25:46.910055Z,github.com/OCA/apps-store,v0.0.0-20250930143310-1c7b6512296b
2026-10-08T10:25:46.960814Z,github.com/grApHqL-pytHoN/gql,v4.4.0+incompatible
2026-10-08T10:25:47.124625Z,github.com/gRaPhQl-pYthOn/gql,v4.4.0+incompatible
2026-10-08T10:25:47.177139Z,github.com/GrApHQL-PYTHON/gql,v4.4.0+incompatible
2026-10-08T10:25:47.444498Z,github.com/GRApHqL-pyTHon/gql,v4.4.0+incompatible
2026-10-08T10:25:47.469558Z,github.com/GrAPhQl-PyThON/gql,v4.4.0+incompatible
2026-10-08T10:25:47.475196Z,github.com/PaymentsNZ/API-Account-Information,v0.0.0-20260622003052-8b2779cbc846
2026-10-08T10:25:47.603792Z,github.com/GrAphQl-PYThoN/gql,v4.4.0+incompatible
2026-10-08T10:25:47.746485Z,github.com/grAPhQl-PYthON/gql,v4.4.0+incompatible
2026-10-08T10:25:47.765992Z,github.com/GRAPhql-pyThOn/gql,v4.4.0+incompatible
2026-10-08T10:25:48.392809Z,github.com/NVIDIA/nvcf/src/compute-plane-services/worker-llm-credentials,v1.1.3
2026-10-08T10:25:48.44713Z,github.com/GraphQL-PYThon/gql,v4.4.0+incompatible
2026-10-08T10:25:48.905016Z,github.com/gRapHQl-pyThoN/gql,v4.4.0+incompatible
2026-10-08T10:25:48.911188Z,github.com/gRapHql-pyThOn/gql,v4.4.0+incompatible
2026-10-08T10:25:48.964797Z,github.com/GRaPHQl-PytHoN/gql,v4.4.0+incompatible
2026-10-08T10:25:49.351286Z,github.com/graphql-PYThoN/gql,v4.4.0+incompatible
2026-10-08T10:25:49.466382Z,github.com/gRAPhql-pyTHoN/gql,v4.4.0+incompatible
2026-10-08T10:25:49.968009Z,github.com/gRaphql-pYTHON/gql,v4.4.0+incompatible
2026-10-08T10:25:50.67737Z,github.com/GrAPhql-PythOn/gql,v4.4.0+incompatible
2026-10-08T10:25:51.515544Z,github.com/grAphQL-PYTHON/gql,v4.4.0+incompatible
2026-10-08T10:25:51.538164Z,github.com/GRaphQL-pYtHON/gql,v4.4.0+incompatible
2026-10-08T10:25:51.669865Z,github.com/MeshNetProtocol/openmesh-cli/go-cli-lib,v0.0.0-20261008022141-fd6de18fa601
2026-10-08T10:25:51.790692Z,github.com/GRAphQl-pYthON/gql,v4.4.0+incompatible
2026-10-08T10:25:52.146517Z,github.com/GRaPHqL-pYtHoN/gql,v4.4.0+incompatible
2026-10-08T10:25:52.15584Z,github.com/GRaPhQL-PYThon/gql,v4.4.0+incompatible
2026-10-08T10:25:52.404674Z,github.com/GrAPHQL-pyThoN/gql,v4.4.0+incompatible
2026-10-08T10:25:52.530366Z,github.com/GRAPHqL-pYthon/gql,v4.4.0+incompatible
2026-10-08T10:25:52.919362Z,github.com/gRaPHql-PyTHON/gql,v4.4.0+incompatible
2026-10-08T10:25:53.049987Z,github.com/grAPHQl-pYThOn/gql,v4.4.0+incompatible
2026-10-08T10:25:53.368704Z,github.com/GraPHql-PyThON/gql,v4.4.0+incompatible
2026-10-08T10:25:53.431347Z,github.com/GRApHql-PYthon/gql,v4.4.0+incompatible
2026-10-08T10:25:53.604538Z,github.com/GRAPhQl-PYTHoN/gql,v4.4.0+incompatible
2026-10-08T10:25:53.843041Z,github.com/grAPHQl-PYThoN/gql,v4.4.0+incompatible
2026-10-08T10:25:53.983571Z,github.com/grAPhQL-pYthon/gql,v4.4.0+incompatible
2026-10-08T10:25:54.323532Z,github.com/GRAPHql-PyThon/gql,v4.4.0+incompatible
2026-10-08T10:25:54.396349Z,github.com/Graphql-pYThOn/gql,v4.4.0+incompatible
2026-10-08T10:25:54.703323Z,github.com/GrAPHqL-pYThON/gql,v4.4.0+incompatible
2026-10-08T10:25:54.779453Z,github.com/grapHql-PYthoN/gql,v4.4.0+incompatible
2026-10-08T10:25:54.818529Z,github.com/GraPhQL-pyThOn/gql,v4.4.0+incompatible
2026-10-08T10:25:54.962046Z,github.com/GrAphQL-PYThoN/gql,v4.4.0+incompatible
2026-10-08T10:25:55.708003Z,github.com/gRaPhQL-PyThon/gql,v4.4.0+incompatible
2026-10-08T10:25:55.72955Z,github.com/GRAPhqL-pyTHon/gql,v4.4.0+incompatible
2026-10-08T10:25:56.076522Z,github.com/graphql-PytHON/gql,v4.4.0+incompatible
2026-10-08T10:25:56.193883Z,github.com/GrApHql-PytHoN/gql,v4.4.0+incompatible
2026-10-08T10:25:56.211074Z,github.com/GRAPhQL-pYthOn/gql,v4.4.0+incompatible
2026-10-08T10:25:56.518436Z,github.com/grApHQL-PytHOn/gql,v4.4.0+incompatible
2026-10-08T10:25:56.623632Z,github.com/GrAPhqL-PYthon/gql,v4.4.0+incompatible
2026-10-08T10:25:56.687325Z,github.com/GraPHQl-pyTHon/gql,v4.4.0+incompatible
2026-10-08T10:25:56.705148Z,github.com/GrAPhQl-PytHoN/gql,v4.4.0+incompatible
2026-10-08T10:25:56.778977Z,github.com/MouriNaruto/MouriNaruto,v0.0.0-20261007120046-13d5040b480c
2026-10-08T10:25:57.292605Z,github.com/graphql-PYTHOn/gql,v4.4.0+incompatible
2026-10-08T10:25:57.448664Z,github.com/GRAPhqL-PYThoN/gql,v4.4.0+incompatible
2026-10-08T10:25:57.848147Z,github.com/gRaphQL-PYthoN/gql,v4.4.0+incompatible
2026-10-08T10:25:57.886942Z,github.com/gRApHqL-PYTHOn/gql,v4.4.0+incompatible
2026-10-08T10:25:57.891822Z,github.com/grAphQL-pytHON/gql,v4.4.0+incompatible
2026-10-08T10:25:58.079415Z,github.com/grAPhqL-PYthon/gql,v4.4.0+incompatible
2026-10-08T10:25:58.451324Z,github.com/gRAPHqL-pYThon/gql,v4.4.0+incompatible
2026-10-08T10:25:58.642566Z,github.com/gRaPHqL-PYthon/gql,v4.4.0+incompatible
2026-10-08T10:25:58.884164Z,github.com/gRAPhqL-PyThon/gql,v4.4.0+incompatible
2026-10-08T10:25:59.068532Z,github.com/Open-telemetry/opentelemetry-go,v1.47.0
2026-10-08T10:25:59.150737Z,github.com/graPHqL-pYthON/gql,v4.4.0+incompatible
2026-10-08T10:25:59.332222Z,github.com/GRapHQL-PyTHON/gql,v4.4.0+incompatible
2026-10-08T10:25:59.334203Z,github.com/GraPhql-pytHon/gql,v4.4.0+incompatible
2026-10-08T10:25:59.439972Z,github.com/GRaphQL-PYThON/gql,v4.4.0+incompatible
2026-10-08T10:25:59.45616Z,github.com/gRaPhQl-PyTHON/gql,v4.4.0+incompatible
2026-10-08T10:25:59.548414Z,github.com/gRApHql-PYThon/gql,v4.4.0+incompatible
2026-10-08T10:25:59.562793Z,github.com/GRapHqL-pyTHon/gql,v4.4.0+incompatible
2026-10-08T10:25:59.707814Z,github.com/OpenBMB/SimpleNav,v0.0.0-20261008081721-fc91d97d8f74
2026-10-08T10:25:59.87963Z,github.com/OCA/l10n-turkey,v0.0.0-20250930142807-af3761079060
2026-10-08T10:26:00.162462Z,github.com/Dicklesworthstone/rust-block,v0.0.0-20261005030122-7c33ca4aabc0
2026-10-08T10:26:00.455385Z,github.com/GrAPHQL-PYtHON/gql,v4.4.0+incompatible
2026-10-08T10:26:00.546107Z,github.com/GRaPhql-pytHoN/gql,v4.4.0+incompatible
2026-10-08T10:26:00.575361Z,github.com/GRaphql-pYThoN/gql,v4.4.0+incompatible
2026-10-08T10:26:00.635304Z,github.com/GRApHql-PythON/gql,v4.4.0+incompatible
2026-10-08T10:26:02.508145Z,github.com/mawceron/lazyftp,v0.4.1
2026-10-08T10:26:02.549364Z,github.com/GrAPhQl-PYThon/gql,v4.4.0+incompatible
2026-10-08T10:26:02.81539Z,github.com/GraPhQL-PYTHON/gql,v4.4.0+incompatible
2026-10-08T10:26:02.877869Z,github.com/gRAPhQL-pytHon/gql,v4.4.0+incompatible
2026-10-08T10:26:03.001702Z,github.com/GRAPhQL-pYThON/gql,v4.4.0+incompatible
2026-10-08T10:26:03.07151Z,github.com/grAPhql-pYthoN/gql,v4.4.0+incompatible
2026-10-08T10:26:03.0782Z,github.com/GRaPHQL-pyThon/gql,v4.4.0+incompatible
2026-10-08T10:26:03.335163Z,github.com/GraPHqL-PyThON/gql,v4.4.0+incompatible
2026-10-08T10:26:03.36966Z,github.com/Open-telemetry/opamp-go,v0.25.0
2026-10-08T10:26:03.427788Z,github.com/GrAphQl-PyThOn/gql,v4.4.0+incompatible
2026-10-08T10:26:03.483262Z,github.com/gRaPHql-pythOn/gql,v4.4.0+incompatible
2026-10-08T10:26:03.526434Z,github.com/GrapHqL-pyThon/gql,v4.4.0+incompatible
2026-10-08T10:26:03.646608Z,github.com/GrAphQl-pythOn/gql,v4.4.0+incompatible
2026-10-08T10:26:03.693018Z,github.com/graPHQl-PytHon/gql,v4.4.0+incompatible
2026-10-08T10:26:03.707873Z,github.com/gRAphQl-pYTHON/gql,v4.4.0+incompatible
2026-10-08T10:26:03.713537Z,github.com/OCA/vertical-construction,v0.0.0-20250930143146-c0e5ba8f05da
2026-10-08T10:26:03.76288Z,github.com/Microchip-MPLAB-Harmony/net,v3.14.7+incompatible
2026-10-08T10:26:03.781561Z,github.com/kuaileshangwei/s-ui,v1.6.4
2026-10-08T10:26:03.872875Z,github.com/GRaphql-PyThon/gql,v4.4.0+incompatible
2026-10-08T10:26:04.544167Z,github.com/GRAphQl-pythOn/gql,v4.4.0+incompatible
2026-10-08T10:26:04.73781Z,github.com/grAPhql-pythoN/gql,v4.4.0+incompatible
2026-10-08T10:26:04.746082Z,github.com/kikobeats/top-crawler-agents,v1.0.41
2026-10-08T10:26:04.898083Z,github.com/gRAphQl-pyTHoN/gql,v4.4.0+incompatible
2026-10-08T10:26:05.074972Z,github.com/GRaphqL-PythON/gql,v4.4.0+incompatible
2026-10-08T10:26:05.086688Z,github.com/gRAPHQL-pyThOn/gql,v4.4.0+incompatible
2026-10-08T10:26:05.392236Z,github.com/GRApHQL-PYthON/gql,v4.4.0+incompatible
2026-10-08T10:26:05.394141Z,github.com/GrAphqL-pyThon/gql,v4.4.0+incompatible
2026-10-08T10:26:05.510338Z,github.com/gRaPHql-pyThoN/gql,v4.4.0+incompatible
2026-10-08T10:26:05.608696Z,github.com/gRAPHql-pyTHoN/gql,v4.4.0+incompatible
2026-10-08T10:26:05.800918Z,github.com/GraPhql-pYtHon/gql,v4.4.0+incompatible
2026-10-08T10:26:06.08811Z,github.com/graphqL-PythON/gql,v4.4.0+incompatible
2026-10-08T10:26:06.144874Z,github.com/gRapHQl-PYthoN/gql,v4.4.0+incompatible
2026-10-08T10:26:06.204998Z,github.com/mrodm/package-spec/v3,v3.0.0-20261008100153-a0100f52fc2e
2026-10-08T10:26:06.559107Z,github.com/GRaphQl-pYthon/gql,v4.4.0+incompatible
2026-10-08T10:26:06.891508Z,github.com/GrApHQl-PYthon/gql,v4.4.0+incompatible
2026-10-08T10:26:07.096532Z,github.com/gRAPhQl-PYThon/gql,v4.4.0+incompatible
2026-10-08T10:26:07.396238Z,github.com/gRaPhQL-PYtHON/gql,v4.4.0+incompatible
2026-10-08T10:26:07.455931Z,github.com/GraPHQl-pYTHON/gql,v4.4.0+incompatible
2026-10-08T10:26:07.566185Z,github.com/gRAPHQL-pytHoN/gql,v4.4.0+incompatible
2026-10-08T10:26:07.653892Z,github.com/grApHQl-PythoN/gql,v4.4.0+incompatible
2026-10-08T10:26:07.746882Z,github.com/gRaPHQl-pytHoN/gql,v4.4.0+incompatible
2026-10-08T10:26:07.991726Z,github.com/GRaPHqL-PYThoN/gql,v4.4.0+incompatible
2026-10-08T10:26:08.372368Z,github.com/nebulino/scrobblenaut,v3.0.1+incompatible
2026-10-08T10:26:08.459069Z,github.com/gRaPhqL-pyThon/gql,v4.4.0+incompatible
2026-10-08T10:26:08.626211Z,github.com/grAphQl-PyTHon/gql,v4.4.0+incompatible
2026-10-08T10:26:08.64472Z,github.com/nrel/elm,v0.0.51
2026-10-08T10:26:08.648461Z,github.com/GrAPHQl-PYThOn/gql,v4.4.0+incompatible
2026-10-08T10:26:08.865159Z,github.com/GrAphQL-pYThoN/gql,v4.4.0+incompatible
2026-10-08T10:26:08.943125Z,github.com/GRAPhQl-PytHoN/gql,v4.4.0+incompatible
2026-10-08T10:26:09.70391Z,github.com/gRAPHQl-PyThON/gql,v4.4.0+incompatible
2026-10-08T10:26:09.764075Z,github.com/graPhql-PytHon/gql,v4.4.0+incompatible
2026-10-08T10:26:09.884474Z,github.com/gRApHql-PyThON/gql,v4.4.0+incompatible
2026-10-08T10:26:09.916696Z,github.com/GrAPHQl-PyThoN/gql,v4.4.0+incompatible
2026-10-08T10:26:10.080792Z,github.com/GRaPHqL-pyThon/gql,v4.4.0+incompatible
2026-10-08T10:26:10.326944Z,github.com/grAphQL-pythOn/gql,v4.4.0+incompatible
2026-10-08T10:26:10.486914Z,github.com/GRAPHQl-pyThoN/gql,v4.4.0+incompatible
2026-10-08T10:26:11.068434Z,github.com/graPHQl-PYThON/gql,v4.4.0+incompatible
2026-10-08T10:26:11.595691Z,github.com/grAPhQL-pYtHOn/gql,v4.4.0+incompatible
2026-10-08T10:26:11.729408Z,github.com/meko-christian/algo-dsp,v0.12.4
2026-10-08T10:26:11.918214Z,github.com/OpenIPC/sandbox-fpv,v0.0.0-20260926130016-7e304e48d1a5
2026-10-08T10:26:12.283255Z,github.com/Open-Telemetry/opentelemetry-collector-contrib/receiver/fluentforwardreceiver,v0.162.0
2026-10-08T10:26:12.336695Z,github.com/NetApp/gcnv-mcp-server,v1.2.1
2026-10-08T10:26:12.567206Z,github.1485827954.workers.dev/topolvm/topolvm,v0.42.0
2026-10-08T10:26:13.8178Z,github.com/Looker-open-source/sdk-codegen/go,v0.26.18
2026-10-08T10:26:15.417886Z,github.com/Juliaarrays/BLockArrays.jl,v1.10.1
2026-10-08T10:26:15.640875Z,github.com/GraPhqL-PYthoN/gql,v4.4.0+incompatible
2026-10-08T10:26:16.086158Z,github.com/Opendigitalradio/ODR-DabMod,v3.2.1+incompatible
2026-10-08T10:26:16.795417Z,github.com/Mattn/Go-runewidth,v0.0.31
2026-10-08T10:26:17.322389Z,github.com/mygui/mygui,v3.5.2+incompatible
2026-10-08T10:26:19.102521Z,github.com/bankdata/styra-controller,v0.46.2
2026-10-08T10:26:19.166598Z,github.com/OpenLibHums/Janeway,v1.8.2
2026-10-08T10:26:19.177882Z,github.com/Projectzkm/Ziren/crates/go-runtime/zkvm_runtime,v0.0.0-20261008035246-01062ca8a8da
2026-10-08T10:26:20.204872Z,github.com/KeDaCore/keda/v2,v2.21.0
2026-10-08T10:26:23.916573Z,github.1485827954.workers.dev/shopspring/decimal,v1.5.0
2026-10-08T10:26:24.125088Z,github.1485827954.workers.dev/breml/bidichk,v0.3.4
2026-10-08T10:26:24.214263Z,github.1485827954.workers.dev/libp2p/go-libp2p-pubsub,v0.18.0
2026-10-08T10:26:24.692292Z,github.com/Plakarkorp/kloset,v1.1.8
2026-10-08T10:26:24.986232Z,github.1485827954.workers.dev/longhorn/backing-image-manager,v1.13.0
2026-10-08T10:26:25.226792Z,github.com/MarshalX/yandex-music-api,v3.2.1+incompatible
2026-10-08T10:26:25.53564Z,github.com/ProtonVPN/proton-vpn-cli,v1.0.5
2026-10-08T10:26:25.744924Z,github.com/ProgramBench/20260429_mini-v2.2.6_gpt-5-mini,v0.0.0-20260929032428-efd0f97e1176
2026-10-08T10:26:27.164785Z,github.com/MonoGame/monogame,v3.8.6+incompatible
2026-10-08T10:26:29.741671Z,github.com/Nadim147c/WayTune,v0.18.1
2026-10-08T10:26:30.186489Z,open-cluster-management.io/argocd-pull-integration,v0.30.0
2026-10-08T10:26:30.226739Z,github.com/HuggingFace/open-r1,v0.0.0-20261002035737-5b6ff22b3fb7
2026-10-08T10:26:32.110214Z,github.com/Nf-core/scrnaseq,v0.0.0-20261008094324-1136d995c7a6
2026-10-08T10:26:32.11115Z,github.com/ProjectZkm/ziren/crates/go-runtime/zkvm_runtime,v0.0.0-20261008035246-01062ca8a8da
2026-10-08T10:26:32.475174Z,github.1485827954.workers.dev/rclone/gofakes3,v0.0.9
2026-10-08T10:26:32.789077Z,github.com/OxCom/amneziawg,v0.0.0-20260928115541-81d6e9d1aba0
2026-10-08T10:26:35.2974Z,github.com/MamangRust/microservice-ecommerce-grpc,v0.0.0-20261006024947-aa4a02994bf8
2026-10-08T10:26:35.596964Z,github.com/NamitBhutani/NamitBhutani.github.io,v0.0.0-20261005145912-61fd17157bfe
2026-10-08T10:26:35.6239Z,github.com/Opentofu/Opentofu,v1.13.1
2026-10-08T10:26:39.57385Z,github.com/M-o-a-T/moat,v0.0.0-20260928195745-9e91186ac8eb
2026-10-08T10:26:39.801403Z,github.com/MetaCubeX/sing,v0.5.8
2026-10-08T10:26:39.885901Z,github.com/Lynthar/ConnVerifier,v0.0.0-20261007052436-fbe0ebc63d3f
2026-10-08T10:26:39.95737Z,github.com/Myra-Security-Gmbh/myrasec-go/v2,v2.61.0
2026-10-08T10:26:41.854955Z,github.com/Open-Telemetry/opentelemetry-go-contrib/propagators/b3,v1.47.0
2026-10-08T10:26:42.968983Z,github.1485827954.workers.dev/txthinking/brook,v0.0.0-20260925045830-5ad0c40c3614
2026-10-08T10:26:43.600304Z,github.1485827954.workers.dev/go-openapi/jsonreference,v1.0.3
2026-10-08T10:26:44.570133Z,github.com/NBISWEDEN/assembly-project-template,v0.0.0-20260925124053-34998c59f0fd
2026-10-08T10:26:44.651358Z,github.com/st143575/SemPlaus-plausibleparrots,v0.1.0
2026-10-08T10:26:48.054946Z,github.com/NF-CORE/test-datasets,v0.0.0-20261007135507-1d18e982f198
2026-10-08T10:26:48.98448Z,github.com/bro3886/go-eventkit,v0.16.0
2026-10-08T10:26:50.504915Z,github.com/Neptune-Crypto/twenty-first,v3.0.0+incompatible
2026-10-08T10:26:54.078434Z,github.com/neonbjb/ocotillo,v0.0.0-20220519170328-3fa8513436a1
2026-10-08T10:26:54.446449Z,opendev.org/openstack/devstack,v0.0.0-20260930193526-64d59574473c
2026-10-08T10:26:56.433297Z,github.com/OpenTermsArchive/deployment,v5.0.0+incompatible
2026-10-08T10:26:57.7628Z,github.com/MSiam/PixFoundation-2.0,v0.0.0-20261001094037-dcef36574e6a
2026-10-08T10:26:57.800146Z,github.com/NF-Core/test-datasets,v0.0.0-20261007135507-1d18e982f198
2026-10-08T10:26:57.919699Z,github.com/Openvpn/openvpn,v2.7.8+incompatible
2026-10-08T10:26:57.99296Z,github.com/MatusOllah/resona,v1.4.0
2026-10-08T10:26:58.150621Z,github.com/ProjectZKM/ZIren/crates/go-runtime/zkvm_runtime,v0.0.0-20261008035246-01062ca8a8da
2026-10-08T10:26:59.352266Z,github.com/NVIDIA/edk2-nvidia,v0.0.0-20260923112054-cb7cff715a2a
2026-10-08T10:27:00.420803Z,github.com/Protocentral/protocentral-ads1292r-arduino,v2.0.0+incompatible
2026-10-08T10:27:01.179645Z,github.com/RAN-GAN/rendis/client/golang,v0.0.0-20261006183605-b604a0df15bf
2026-10-08T10:27:02.370387Z,github.1485827954.workers.dev/weibaohui/k8m,v0.26.21
2026-10-08T10:27:02.44256Z,github.com/IdentityPython/satosa-docker,v0.0.0-20261001072004-b371d344831c
2026-10-08T10:27:03.592114Z,github.com/jayashankarvr/execkit,v0.3.1
2026-10-08T10:27:04.775262Z,github.1485827954.workers.dev/teramoby/speedle-plus,v0.0.0-20261007081223-5cccf4c4e50a
2026-10-08T10:27:04.855266Z,github.com/Netbirdio/management-integrations,v0.0.0-20261006132740-6e6b0cb01f2e
2026-10-08T10:27:05.867019Z,github.com/Milkshiift/GoofCord,v2.3.1+incompatible
2026-10-08T10:27:07.406119Z,github.com/RHysNewell/aviary,v0.13.4
2026-10-08T10:27:07.567411Z,github.com/OpenTofu/OpenTofu,v1.13.1
2026-10-08T10:27:07.6315Z,github.com/EYevinn/mp4ff,v0.59.0
2026-10-08T10:27:07.685213Z,github.com/MoMI-G/biojs-vis-momig-circos,v0.0.0-20261005111656-149ac4da8caa
2026-10-08T10:27:08.545987Z,github.com/Matplotlib/matplotlib,v3.11.2+incompatible
2026-10-08T10:27:08.588801Z,github.com/GanjinZero/CODER,v0.0.0-20220628063549-b2f290f2027d
2026-10-08T10:27:09.182546Z,github.com/nexgencloud/hyperstack-terraform-provider,v1.55.10-alpha
2026-10-08T10:27:09.329774Z,github.com/OCA/connector-cmis,v0.0.0-20250930143352-4f0c181f634d
2026-10-08T10:27:10.428212Z,github.com/PatrickSteil/gtfstidy,v0.0.0-20260823202512-95d4796d9e7c
2026-10-08T10:27:13.181458Z,github.com/gregnblack/kanso-protocol,v5.21.0+incompatible
2026-10-08T10:27:15.385643Z,github.com/PaymentsNZ/API-Payments-Initiation,v0.0.0-20260622003124-4f17b1854a72
2026-10-08T10:27:16.213916Z,github.com/OCUDU/ocudu,v0.0.0-20260930182903-920f88c76a19
2026-10-08T10:27:16.849296Z,github.com/nuzair46/blockthespot-installer,v1.1.0
2026-10-08T10:27:17.598785Z,github.com/Rails-Designer/rails_icons,v1.10.0
2026-10-08T10:27:17.722166Z,github.com/Medialo/gogws,v0.2.0
2026-10-08T10:27:20.287194Z,github.com/ManageIQ/manageiq-content,v0.0.0-20261006175119-3ce9ad240e8a
2026-10-08T10:27:22.484379Z,github.com/Miku0139oao/rta-sales-client-go,v0.4.15
2026-10-08T10:27:22.5375Z,github.com/MochiDiffusion/MochiDiffusion,v6.1.2+incompatible
2026-10-08T10:27:22.969036Z,github.com/Kjopstad-IT/mcp-kit,v0.0.0-20261001125848-d3130f6716a6
2026-10-08T10:27:23.257956Z,github.com/nimbusnexus/webhookd-go,v0.6.0
2026-10-08T10:27:24.586144Z,github.com/OwO-Network/DeepLX,v1.2.5
2026-10-08T10:27:24.895531Z,github.com/MadMaxChow/VLOOK,v0.0.0-20261008091013-9d0148f7af2b
2026-10-08T10:27:25.374421Z,github.com/RantumBits/cleartrace-dex-execution-quality,v0.0.0-20261001201644-3adf48778039
2026-10-08T10:27:26.110789Z,github.com/EhsanShahbazii/CodeForces-Problem-Solutions,v0.0.0-20241231101837-be29fded60fc
2026-10-08T10:27:29.808657Z,github.com/RapidAI/RapidOcrOnnx,v0.0.0-20261004074301-675e73fe4c8b
2026-10-08T10:27:30.10471Z,github.1485827954.workers.dev/jetstack/jetstack-secure,v1.12.0
2026-10-08T10:27:30.816043Z,github.com/nulifyer/guget,v1.8.1
2026-10-08T10:27:31.363296Z,github.com/onsdigital/dis-search-test-bed,v0.5.0
2026-10-08T10:27:33.334874Z,github.1485827954.workers.dev/gardener/machine-controller-manager,v0.63.0
2026-10-08T10:27:34.379596Z,github.com/EleutherAI/aria-utils,v0.0.0-20260930171834-7c815755c688
2026-10-08T10:27:35.42332Z,github.com/OneBusaway/go-gtfs,v1.2.0
2026-10-08T10:27:35.759709Z,github.com/Raunakg2005/quantum-debugger,v1.1.0
2026-10-08T10:27:36.403546Z,github.com/lightprotocol/light-poseidon,v0.4.1
2026-10-08T10:27:37.167441Z,github.com/MiSTer-devel/CoCo3_MiSTer,v0.0.0-20261002050524-8b8cf72d1fb4
2026-10-08T10:27:39.675336Z,github.com/RedbackThomson/Scrolled,v0.0.0-20261007234852-f51985d857db
2026-10-08T10:27:40.739056Z,github.com/RedHat-certification/chart-verifier,v0.0.0-20261006202223-7eeb282fdc50
2026-10-08T10:27:41.676654Z,github.com/nvidia/nvcf/src/compute-plane-services/worker-llm-credentials,v1.1.3
2026-10-08T10:27:42.148336Z,github.com/Nik-U/gopickle,v0.0.0-20260923031413-8e8eb290980b
2026-10-08T10:27:42.392798Z,github.com/Microsoft/recommenders,v0.0.0-20260928135319-aa8332189cd4
2026-10-08T10:27:43.70267Z,github.com/Nomadcxx/sysc-walls,v1.0.2
2026-10-08T10:27:43.737294Z,github.com/MyoHub/myosuite,v3.0.0+incompatible
2026-10-08T10:27:43.993013Z,github.com/MiladSabri74/SpaceGo,v0.0.0-20261003135416-09d2d43ec53c
2026-10-08T10:27:44.690747Z,github.com/EmilStenstrom/justhtml,v3.13.0+incompatible
2026-10-08T10:27:47.630354Z,github.com/bashsharp/bashsharp,v0.0.0-20261008102615-e2495567594a
2026-10-08T10:27:48.171715Z,github.com/RegisterFault/gobench,v0.0.0-20260314153614-9931bb1c4894
2026-10-08T10:27:48.426542Z,github.com/z-lab/paroquant,v0.1.17-0.20260819182023-9ee635a9c2e7
2026-10-08T10:27:48.706739Z,github.com/RetailCRM/api-client-go/v2,v2.3.10
2026-10-08T10:27:49.398311Z,github.com/microchip-mplab-harmony/net,v3.14.7+incompatible
2026-10-08T10:27:49.623708Z,github.com/Nuzair46/omabat,v0.2.0
2026-10-08T10:27:53.308584Z,github.com/MinecraftForge/Installer,v0.0.0-20261003125927-87803a77943a
2026-10-08T10:27:55.149699Z,github.com/PeterRK/protocache-go,v1.0.3
2026-10-08T10:27:55.727094Z,github.com/RajatPawar/test-connectors-clone,v0.0.0-20261007231132-3589eeecb299
2026-10-08T10:27:57.41632Z,github.com/N0zoM1z0/touhou-osu-index,v0.0.0-20261006143557-88b8a7e9645d
2026-10-08T10:27:57.947181Z,github.com/Pendra-Cloud/jinja,v1.7.1
2026-10-08T10:27:58.647634Z,github.com/openbb-finance/openbb-docs,v0.0.0-20260929175839-692a7bce3575
2026-10-08T10:28:01.062881Z,github.com/EnsonO/eirctl,v0.11.30
2026-10-08T10:28:02.977362Z,github.com/Qemu/qemu,v11.1.2+incompatible
2026-10-08T10:28:03.950568Z,github.com/qiangli/ycode,v0.3.1-dev.0.20261008101733-171249334282
2026-10-08T10:28:04.933557Z,github.com/Retropaint/SkelForm,v0.8.1
2026-10-08T10:28:05.902868Z,github.com/LSariol/coveclient,v1.0.0
2026-10-08T10:28:06.630097Z,github.com/LTLA/subpar,v0.5.2
2026-10-08T10:28:06.932572Z,github.com/Portkey-AI/terraform-provider-portkey,v0.4.0
2026-10-08T10:28:07.115904Z,github.com/Ranaroussi/yfinance,v0.0.0-20260930203507-5cae563642b5
2026-10-08T10:28:07.1178Z,github.com/qiangli/ycode/examples/genie,v0.0.0-20261008101733-171249334282
2026-10-08T10:28:07.471805Z,github.com/ModOrganizer2/modorganizer-archive,v0.0.0-20261006173304-422262be70ad
2026-10-08T10:28:10.413156Z,oss.terrastruct.com/d2-playground,v0.0.0-20261005000258-41d0b6fac0e1
2026-10-08T10:28:11.347966Z,github.com/MAXNORM8650/MedAgentSim,v0.0.0-20261006114601-be691b458bed
2026-10-08T10:28:11.375421Z,github.com/AferilVT/neuro-karaoke-wrapper,v1.0.1
2026-10-08T10:28:12.092362Z,github.com/MohammadJavad14/reservation,v0.0.0-20230510165243-953411fa60fa
2026-10-08T10:28:12.733133Z,github.com/Nvidia/go-nvlib,v0.13.0
2026-10-08T10:28:14.150528Z,github.com/jianuo-huang/MaskKV,v0.0.0-20251017030628-428b009ff83d
2026-10-08T10:28:15.175789Z,github.com/Moby/buildkit,v0.34.0
2026-10-08T10:28:15.483623Z,github.com/Nadim147c/EWM,v0.18.1
2026-10-08T10:28:16.392888Z,github.com/Mu-L/fx,v0.0.0-20260929220155-c0e5751c5b1b
2026-10-08T10:28:17.260138Z,github.com/OWO-Network/DLX,v1.2.5
2026-10-08T10:28:17.55073Z,github.com/NF-core/test-datasets,v0.0.0-20261007135507-1d18e982f198
2026-10-08T10:28:19.171362Z,github.com/Nikola43/web3golanghelper,v0.0.0-20260803184114-e3fdb540c68b
2026-10-08T10:28:20.973603Z,github.com/EwanValentine/testbed,v0.0.0-20230811172120-75501e12a614
2026-10-08T10:28:21.514536Z,github.com/PrismarineJS/prismarine-provider-anvil,v0.0.0-20261006053237-0d45bd505788
2026-10-08T10:28:21.646589Z,github.com/PrismarineJS/node-minecraft-data,v0.0.0-20261006052146-308134a80201
2026-10-08T10:28:23.271783Z,github.com/stanfordnlp/dspy,v2.4.13-0.20261007211738-a7e7edb8c680+incompatible
2026-10-08T10:28:23.985735Z,github.com/ExclaveNetwork/LibExclaveCore,v0.0.0-20261005142630-4ed66b04d3d6
2026-10-08T10:28:25.631248Z,github.com/Microsoft/kiota-http-go,v1.5.7
2026-10-08T10:28:27.95136Z,github.com/LedgerHQ/app-starknet,v0.0.0-20260925145923-08ef228147f6
2026-10-08T10:28:28.236276Z,github.com/megakuul/voiper,v0.0.0-20261007225800-1abcbb45cf54
2026-10-08T10:28:28.236289Z,github.com/ProgramBench/20260507_mini-v2.2.6_gpt-5-5,v0.0.0-20260929032429-440b4d2513f3
2026-10-08T10:28:28.360493Z,github.com/Open-Telemetry/opentelemetry-ebpf-profiler,v0.0.202640
2026-10-08T10:28:29.636192Z,github.com/PittYao/system_monitor,v0.0.0-20250427064308-5c07b95b3d94
2026-10-08T10:28:29.676372Z,github.com/MozillaSecurity/autobisect,v9.2.2+incompatible
2026-10-08T10:28:31.249789Z,github.com/OpenCHAMI/ochami,v0.10.4
2026-10-08T10:28:34.828932Z,github.com/MicrosoftDocs/WSL,v0.0.0-20260929163137-a1473a69d10c
2026-10-08T10:28:35.632055Z,github.com/rhysnewell/aviary,v0.13.4
2026-10-08T10:28:36.143777Z,github.com/Nvidia/go-nvml,v0.13.4-1
2026-10-08T10:28:36.56288Z,github.com/O-Shopping-Co-Ltd/appcore,v0.0.0-20230309060503-ae2e059ab6f0
2026-10-08T10:28:36.865068Z,github.com/domeccleston/sharegpt,v1.0.7-0.20240925192129-76554a30a7de
2026-10-08T10:28:37.251314Z,github.com/MsgSync/MsgSync,v0.0.0-20261007095413-57c5ead8d69d
2026-10-08T10:28:38.693768Z,github.com/apache/answer-plugins/search-meilisearch,v1.2.11-0.20260923025438-a575b18c298a
2026-10-08T10:28:38.797622Z,github.com/MiladSabri74/SpaceGo/projects/File-Manager,v0.0.0-20261003135416-09d2d43ec53c
2026-10-08T10:28:39.401361Z,github.com/ProgramBench/20260508_mini-v2.2.6_gpt-5-5-xhigh,v0.0.0-20260929032430-5de3e7f99c08
2026-10-08T10:28:40.307091Z,github.com/laibabareera/kube-bench,v0.0.0-20260928131915-e0ffe5da8fe1
2026-10-08T10:28:40.58579Z,github.com/Mikhalevich/tg-coffee-shop-bot,v0.0.0-20261007193833-72c06e459a6e
2026-10-08T10:28:40.630915Z,github.com/xonsh/xontrib-jupyter,v0.4.1-0.20261006031938-385d943e6072
2026-10-08T10:28:40.858354Z,github.com/Mintplex-Labs/anythingllm-extension,v0.0.0-20260928190238-4b40e861fc58
2026-10-08T10:28:41.391139Z,github.com/OCA/connector-accountedge,v0.0.0-20250930143350-f49421bd6c22
2026-10-08T10:28:41.826928Z,github.com/NateBrune/silk-guardian,v0.0.0-20261007154355-caa9628aded1
2026-10-08T10:28:41.830316Z,github.com/MultiTechSystems/lorawan-payload-schema/go/schema,v0.0.0-20261007163031-f09476d8c62d
2026-10-08T10:28:42.457339Z,github.com/PlaKarKorp/plakar,v1.1.7
2026-10-08T10:28:43.672121Z,github.com/Qmk/qmk_firmware,v0.0.0-20261002171815-7a1bbf37c5c0
2026-10-08T10:28:44.192154Z,github.com/Natooz/MidiTok,v3.1.0+incompatible
2026-10-08T10:28:45.585421Z,github.com/PaperMC/DataConverter,v0.0.0-20261006190241-cc6b1f3e71e9
2026-10-08T10:28:45.991921Z,github.com/Nf-core/funcscan,v0.0.0-20261008081207-3d5e4313a910
2026-10-08T10:28:46.140974Z,github.com/Mirage20/ccstatus-go,v0.6.0
2026-10-08T10:28:46.434612Z,github.com/OpenSIPS/sipssert,v0.0.0-20261007114312-b6166ca0e775
2026-10-08T10:28:46.96559Z,github.com/QUIC-go/QUIC-go,v0.63.0
2026-10-08T10:28:48.937377Z,github.com/Qlustra/conduit,v0.0.21
2026-10-08T10:28:49.12511Z,github.com/Opengamma/Strata,v2.12.77+incompatible
2026-10-08T10:28:49.749128Z,github.com/QuangquyNguyenvo/Sameko-Dev-CPP,v1.3.0
2026-10-08T10:28:50.003203Z,github.com/OCA/l10n-united-kingdom,v0.0.0-20250930142812-309f4ecc9526
2026-10-08T10:28:50.320576Z,github.com/OCA/connector-woocommerce,v0.0.0-20250930143427-e725a8e50ab4
2026-10-08T10:28:50.792196Z,github.com/OCA/project-agile,v0.0.0-20250930143122-df78fbaf857b
2026-10-08T10:28:52.63251Z,github.com/Quamolit/quamolit-workflow,v0.0.0-20261005094145-31c5bfb8db69
2026-10-08T10:28:53.064024Z,github.com/ProtonMail/Crypto,v1.5.2
2026-10-08T10:28:53.227655Z,github.com/pg-spot-ops/pg-spot-operator,v0.0.0-20260522132133-41def6000cc2
2026-10-08T10:28:53.736663Z,github.com/gladiusio/gladius-application-server,v0.0.0-20180726150006-d13066103b18
2026-10-08T10:28:53.868458Z,github.com/QuantumBPM/quantum-python-sdk,v1.2.0
2026-10-08T10:28:54.008003Z,github.com/netapp/gcnv-mcp-server,v1.2.1
2026-10-08T10:28:55.063997Z,github.com/MythicAgents/apollo,v0.1.0-rc4
2026-10-08T10:28:56.287556Z,github.com/ModOrganizer2/modorganizer-helper,v0.0.0-20261006173255-88da375f05b1
2026-10-08T10:28:56.36946Z,paepcke.de/solaredge_exporter,v0.1.9
2026-10-08T10:28:56.563537Z,github.com/ONSDigital/dp-net/v3,v3.14.0
2026-10-08T10:28:57.762924Z,github.com/LuisEnMarroquin/json-as-xlsx,v2.6.5+incompatible
2026-10-08T10:28:57.79162Z,github.com/NetX-lab/Libra,v0.0.0-20261003145314-506a54edf385
2026-10-08T10:28:58.223709Z,github.com/Qriist/LibQurl,v1.3.0
2026-10-08T10:28:58.307288Z,github.com/Nasa/CryptoLib,v1.5.1
2026-10-08T10:28:58.414314Z,github.com/gladiusio/gladius-utils,v0.2.1-0.20180517205753-486e8052c243
2026-10-08T10:28:58.96898Z,github.com/Project-Navi/cd-formalization,v0.0.0-20260930222639-d216937b2f22
2026-10-08T10:29:00.474973Z,github.com/Projectdiscovery/subfinder/v2,v2.17.0
2026-10-08T10:29:02.022141Z,github.com/vega/vega-lite,v6.4.4-0.20261008021916-9f8850e163d0+incompatible
2026-10-08T10:29:02.44144Z,github.com/Premake/premake-core,v5.0.0+incompatible
2026-10-08T10:29:02.540571Z,github.com/MarcosAAlbanoJunior/go-financial-assistant,v0.0.0-20261005182839-d11685381b6f
2026-10-08T10:29:02.816705Z,github.com/epeli/underscore.string,v2.3.3-0.20260130112949-8eb13da0f657+incompatible
2026-10-08T10:29:05.162844Z,github.com/Intelligent-Internet/psql_bm25s,v0.2.5
2026-10-08T10:29:05.394555Z,github.com/SSV682/homework3,v0.0.0-20230401191819-74bc6265b574
2026-10-08T10:29:05.665341Z,github.com/NVIDIA-NeMo/ProRL-Agent-Server,v0.0.0-20261007181202-45feeffe9aa9
2026-10-08T10:29:06.506361Z,github.com/ProjectDiscovery/katana,v1.8.0
2026-10-08T10:29:06.762673Z,github.com/Onsdigital/dp-net/v3,v3.14.0
2026-10-08T10:29:08.15565Z,github.com/PsychArch/weread,v0.2.0
2026-10-08T10:29:09.334629Z,github.com/NVIDIA/attestation-sdk,v0.0.0-20261007153036-11b2bfeb42a1
2026-10-08T10:29:09.831265Z,github.com/ProtonMail/go-Crypto,v1.5.2
2026-10-08T10:29:10.53705Z,github.com/M17-Project/libm17,v0.0.0-20261002121610-735fadd70046
2026-10-08T10:29:14.757758Z,github.com/RMeli/spyrmsd,v0.0.0-20261005080146-97b399afae48
2026-10-08T10:29:16.406345Z,patel.codes/proofs,v0.0.0-20261003005046-d4dc425bc89f
2026-10-08T10:29:18.027641Z,github.com/NousResearch/hermes-example-plugins,v0.0.0-20261005011718-fb6726740efc
2026-10-08T10:29:19.531246Z,github.com/ProgramBench/20260429_mini-v2.2.6_opus-4-7,v0.0.0-20260929032428-270e3a42634e
2026-10-08T10:29:21.449006Z,github.com/Programbench/20260731_mini-v2.4.2_gemini-3-6-flash,v0.0.0-20260929032431-e0d2be6149e0
2026-10-08T10:29:21.655252Z,github.com/OmineDev/neomega-doc,v0.0.0-20260108061956-ab437ec27398
2026-10-08T10:29:22.691429Z,github.com/NationalLibraryOfNorway/veidemann/robots-evaluator,v0.0.0-20261007135449-3be4ba4d1f8e
2026-10-08T10:29:22.716653Z,github.com/LumeraProtocol/rq-library,v0.0.0-20261007175113-2da1efc63895
2026-10-08T10:29:22.879735Z,github.com/SNAKEMAKE-workflows/rna-seq-star-deseq2,v3.1.2+incompatible
2026-10-08T10:29:22.907073Z,github.com/M3db/m3,v1.6.0
2026-10-08T10:29:25.402464Z,github.com/Pyo3/pyo3,v0.29.3
2026-10-08T10:29:25.741347Z,github.com/OmineDev/neomega-dynamic-components,v0.0.0-20240704154756-22af2e40af86
2026-10-08T10:29:26.09487Z,github.com/QCODeS/Qcodes,v0.60.0
2026-10-08T10:29:26.410718Z,github.com/Sammy-T/avda,v1.15.5
2026-10-08T10:29:27.789419Z,github.com/Noineri/vibe_tavern,v1.4.1
2026-10-08T10:29:30.127099Z,github.com/CMA2401PT/mini-agent,v0.0.0-20260616131728-e38edef8f552
2026-10-08T10:29:31.057334Z,github.com/OCA/l10n-mexico,v0.0.0-20261008050119-2d6cc45240f6
2026-10-08T10:29:31.160457Z,github.com/1RB/cheki,v0.0.0-20261007061742-e5aab17bfb90
2026-10-08T10:29:31.224357Z,github.com/RthLanStar/omega_launcher,v2.0.1+incompatible
2026-10-08T10:29:32.554892Z,github.com/PierreSenellart/descriptive-complexity,v1.3.0
2026-10-08T10:29:36.148599Z,github.com/MysteriumNetwork/node,v0.0.0-20260930073528-c2f956c95585
2026-10-08T10:29:36.855392Z,github.com/RTHLanStar/NeOmega-Core,v0.0.0-20241124145044-9583585e2f18
2026-10-08T10:29:37.454347Z,github.com/Open-Telemetry/opentelemetry-collector-contrib/internal/common,v0.162.0
2026-10-08T10:29:38.18097Z,github.com/MyGUI/MyGUI,v3.5.2+incompatible
2026-10-08T10:29:39.108352Z,github.com/NeffIsBack/WSUKS,v1.2.2
2026-10-08T10:29:39.687651Z,github.com/RTHLanStar/FastBuilder,v0.0.0-20240415111602-127f72a9ba32
2026-10-08T10:29:40.026334Z,github.com/NerfTurret/api,v0.0.0-20240307191441-25c231c81ebd
2026-10-08T10:29:41.35443Z,github.com/Platonic-Systems/process-compose-flake,v0.0.0-20261006190811-142d4b084026
2026-10-08T10:29:41.894122Z,github.com/xmpuspus/kb-arena,v0.11.1-0.20260906104709-e233732e13e9
2026-10-08T10:29:42.425179Z,github.com/NeicNORDIC/crypt4gh,v1.16.0
2026-10-08T10:29:42.687648Z,github.com/RAN-GAN/rendis,v0.0.0-20261006183605-b604a0df15bf
2026-10-08T10:29:44.637306Z,github.com/MainfluXlabs/mainflux,v0.44.0
2026-10-08T10:29:44.972054Z,github.com/Happy2018new/user.fastbuilder.pro,v0.0.0-20230715215658-85e09055e496
2026-10-08T10:29:46.080258Z,github.com/crystal-data/crystal_kernel,v0.0.2
2026-10-08T10:29:46.611146Z,github.com/MamangRust/microservice-ecommerce-grpc/service/apigateway,v0.0.0-20261006024947-aa4a02994bf8
2026-10-08T10:29:47.031274Z,github.com/POSIdev-community/ptai-ee-tools,v0.0.0-20261005111042-6251961d569b
2026-10-08T10:29:47.455004Z,github.com/Netwalls/BOXMEOUT_STELLA,v0.0.0-20260929155547-9d5232fb8c61
2026-10-08T10:29:48.711628Z,github.com/RedTeamPenTesting/adauth,v0.5.4
2026-10-08T10:29:49.52895Z,github.com/SWI-Prolog/packages-pldoc,v0.0.0-20261008092530-92ef6a1d1487
2026-10-08T10:29:49.838232Z,github.com/RashJrEdmund/go-sandbox/bootdev/hellogo,v0.0.0-20260923035040-6114696105f9
2026-10-08T10:29:50.184098Z,github.com/BuSheLLC/FastBuilder-Cloud-Web,v0.0.0-20191005014745-94a8583f68fa
2026-10-08T10:29:50.572915Z,github.com/Parrot409/My-CTF-Challenges,v0.0.0-20261005182519-20473f2a3c2c
2026-10-08T10:29:50.809362Z,github.com/OCA/connector-magento,v0.0.0-20250930143407-f01d81d0a260
2026-10-08T10:29:52.05111Z,github.com/OCA/iot,v0.0.0-20250930142832-e5e8cf5bba94
2026-10-08T10:29:52.210342Z,github.com/OssianHempel/things3-cli,v0.5.0
2026-10-08T10:29:53.180762Z,github.com/OCA/l10n-taiwan,v0.0.0-20250930142802-946023ef8899
2026-10-08T10:29:54.030702Z,github.com/RSS-Bridge/RSS-Bridge,v0.0.0-20261007204725-16dc6b38ef62
2026-10-08T10:29:54.434787Z,github.com/Musab520/pgbackup-sidecar,v0.0.0-20241108133033-9b5225658db5
2026-10-08T10:29:54.756455Z,github.com/RevoltSecurities/subdominator,v3.0.3+incompatible
2026-10-08T10:29:54.838784Z,github.com/SegmentIO/analytics-go/v3,v3.4.0
2026-10-08T10:29:55.387081Z,github.com/SeisSol/device,v0.0.0-20261007045102-4630ef34ca8a
2026-10-08T10:29:55.50631Z,github.com/NOAA-MDL/sdp,v0.0.0-20261006185706-4524e5819447
2026-10-08T10:29:57.090449Z,github.com/PerlDancer/Dancer,v0.0.0-20260928212220-e30475ce68dc
2026-10-08T10:29:58.534105Z,github.com/RTHLanStar/omega_launcher,v2.0.1+incompatible
2026-10-08T10:29:58.535723Z,github.com/192d-Wing/usg-uc,v0.0.0-20261007132749-cc6d83950cd4
2026-10-08T10:30:00.201561Z,github.com/OwO-Network/DLX,v1.2.5
2026-10-08T10:30:01.377813Z,github.com/aio-libs/aiozmq,v1.0.1-0.20260326154932-455faa6f9351
2026-10-08T10:30:02.183595Z,github.com/NicoNex/echotron/example/polling-fsm-persistence,v0.0.0-20260930175353-3c27b6a10b74
2026-10-08T10:30:03.934377Z,github.com/RainerKlute/POET_Technologies,v0.0.0-20260930170734-d25b13686606
2026-10-08T10:30:04.184545Z,github.com/piratazang/devscope,v1.6.9
2026-10-08T10:30:05.534628Z,github.com/PostHog/terraform-provider-posthog,v1.0.24
2026-10-08T10:30:05.985898Z,github.com/marshalx/yandex-music-api,v3.2.1+incompatible
2026-10-08T10:30:10.47214Z,github.com/Reactive-Network/geth-rnk2-genesis,v0.0.0-20261007101456-1578bf2ba5ca
2026-10-08T10:30:10.806217Z,github.com/MarvinJWendt/fx,v0.0.0-20260929220155-c0e5751c5b1b
2026-10-08T10:30:10.978503Z,github.com/RainyHallways/omega_launcher,v0.0.0-20231207040248-e914ff3b02dc
2026-10-08T10:30:11.401506Z,github.com/wenerme/agollo/v4,v4.3.2-0.20261008102858-931adf67506d
2026-10-08T10:30:11.811733Z,github.com/NimbleMarkets/ntcharts/cmd,v0.0.0-20261007171750-593fdd25e137
2026-10-08T10:30:14.562929Z,github.com/RosettaCommons/atomworks,v3.0.0+incompatible
2026-10-08T10:30:15.103799Z,github.com/nadim147c/waytune,v0.18.1
2026-10-08T10:30:17.633724Z,github.com/ApRoGG224/Omega_launcher,v0.0.0-20261008081621-dde7ae136a4c
2026-10-08T10:30:21.437671Z,github.com/ProtonMail/GopenPGP/v2,v2.11.1
2026-10-08T10:30:22.704798Z,github.com/Meulengracht/MollenOS,v0.8.0
2026-10-08T10:30:22.980718Z,github.com/snakemake-workflows/rna-seq-star-deseq2,v3.1.2+incompatible
2026-10-08T10:30:24.06679Z,github.com/a1k12/moleculetda,v0.2.0
2026-10-08T10:30:26.673302Z,github.com/Biosimulant/biosimulant,v0.0.20
2026-10-08T10:30:26.954027Z,github.com/RimoChan/RimoChan,v0.0.0-20260930165049-234e07dbaa29
2026-10-08T10:30:27.087705Z,piko.sh/piko/wdk/cache/cache_provider_redis,v0.0.0-alpha.39
2026-10-08T10:30:27.229179Z,github.com/neffisback/wsuks,v1.2.2
2026-10-08T10:30:29.332752Z,github.com/ensembl/ensembl-utils,v1.0.1-0.20260903113500-2694ed9c7558
2026-10-08T10:30:29.403938Z,github.com/owo-network/dlx,v1.2.5
2026-10-08T10:30:29.583361Z,github.com/NREL/MATBOX_Microstructure_analysis_toolbox,v0.0.0-20261001193814-a45bd9625b99
2026-10-08T10:30:31.389237Z,github.com/rthlanstar/omega_launcher,v2.0.1+incompatible
2026-10-08T10:30:37.337939Z,piko.sh/piko/wdk/captcha/captcha_provider_turnstile,v0.0.0-alpha.39
2026-10-08T10:30:37.441497Z,github.com/dmitriy86it/runsweep,v0.1.0
2026-10-08T10:30:37.714814Z,github.com/WeianMao/triattention,v0.2.1-0.20260804035529-a4bc3c8f709d
2026-10-08T10:30:38.041355Z,piko.sh/piko/wdk/db/db_emitter_clickhouse,v0.0.0-alpha.39
2026-10-08T10:30:40.806691Z,piko.sh/piko/wdk/crypto/crypto_signer_mldsa,v0.0.0-alpha.39
2026-10-08T10:30:40.838592Z,github.com/Amazon-contributing/opentelemetry-collector-contrib,v0.0.0-20260928123001-54b8ee6518df
2026-10-08T10:30:40.878557Z,piko.sh/piko/wdk/captcha/captcha_provider_recaptcha_v3,v0.0.0-alpha.39
2026-10-08T10:30:41.285001Z,piko.sh/piko/wdk/crypto/crypto_provider_aws_kms,v0.0.0-alpha.39
2026-10-08T10:30:41.526774Z,piko.sh/piko/wdk/db/db_emitter_pgx,v0.0.0-alpha.39
2026-10-08T10:30:42.79208Z,github.com/OCA/department,v0.0.0-20250930143244-49a095d8883c
2026-10-08T10:30:47.527288Z,github.com/jsu-kim/Persona-Pruner,v0.0.0-20260701055051-7a5d4512a4f6
2026-10-08T10:30:48.147112Z,github.com/protocentral/protocentral-ads1292r-arduino,v2.0.0+incompatible
2026-10-08T10:30:49.178876Z,github.com/QuantumBPM/quantum-go-sdk,v1.2.0
2026-10-08T10:30:51.955125Z,github.com/garudex-labs/caracal,v1.0.1-0.20261005034225-0c4a8b972919
2026-10-08T10:30:52.428016Z,github.com/matusollah/resona,v1.4.0
2026-10-08T10:30:53.300545Z,piko.sh/piko/wdk/db/db_engine_duckdb,v0.0.0-alpha.39
2026-10-08T10:30:54.460354Z,piko.sh/piko/wdk/db/db_engine_mariadb,v0.0.0-alpha.39
2026-10-08T10:30:54.535954Z,piko.sh/piko/wdk/email/email_provider_mailchimp_transactional,v0.0.0-alpha.39
2026-10-08T10:30:55.297629Z,piko.sh/piko/wdk/db/db_engine_cockroachdb,v0.0.0-alpha.39
2026-10-08T10:30:56.301667Z,github.com/RisingOS-Revived/android,v0.0.0-20261007193018-0275a1cff751
2026-10-08T10:30:57.073902Z,github.com/CrunchyData/pgmonitor,v5.3.1-0.20260213155058-862ff68dfc9f+incompatible
2026-10-08T10:30:57.187817Z,github.com/raunakg2005/quantum-debugger,v1.1.0
2026-10-08T10:30:57.836358Z,piko.sh/piko/wdk/db/db_engine_clickhouse,v0.0.0-alpha.39
2026-10-08T10:30:57.848296Z,github.com/miku0139oao/rta-sales-client-go,v0.4.15
2026-10-08T10:31:01.624083Z,github.com/QuangHuy014/GeoCLIP-Vietnam-Viz,v0.0.0-20261004151714-ec52b350fc0b
2026-10-08T10:31:04.115006Z,github.com/nuzair46/omabat,v0.2.0
2026-10-08T10:31:04.589124Z,github.com/timkpaine/jupyterlab_email,v0.3.2-0.20261006204138-8cab7d64d06c
2026-10-08T10:31:04.742418Z,github.com/ltla/subpar,v0.5.2
2026-10-08T10:31:05.145646Z,github.com/pendra-cloud/jinja,v1.7.1
2026-10-08T10:31:07.518668Z,github.com/quangquynguyenvo/sameko-dev-cpp,v1.3.0
2026-10-08T10:31:07.827867Z,piko.sh/piko/wdk/db/db_engine_timescaledb,v0.0.0-alpha.39
2026-10-08T10:31:08.703316Z,piko.sh/piko/wdk/events/events_provider_nats,v0.0.0-alpha.39
2026-10-08T10:31:09.126557Z,piko.sh/piko/wdk/email/email_provider_smtp,v0.0.0-alpha.39
2026-10-08T10:31:09.138461Z,piko.sh/piko/wdk/linguistics/linguistics_phonetic_dutch,v0.0.0-alpha.39
2026-10-08T10:31:09.433581Z,github.com/umsynbio/mmcifar,v0.0.3
2026-10-08T10:31:09.582238Z,github.com/aiidaplugins/aiida-crystal17,v0.4.0
2026-10-08T10:31:09.604359Z,github.com/intelligent-internet/psql_bm25s,v0.4.14
2026-10-08T10:31:09.898088Z,github.com/nadim147c/ewm,v0.18.1
2026-10-08T10:31:11.981122Z,piko.sh/piko/wdk/email/email_provider_postmark,v0.0.0-alpha.39
2026-10-08T10:31:12.706536Z,github.com/openchami/ochami,v0.10.4
2026-10-08T10:31:14.528472Z,github.com/nomadcxx/sysc-walls,v1.0.2
2026-10-08T10:31:16.00694Z,github.com/natooz/miditok,v3.1.0+incompatible
2026-10-08T10:31:18.098458Z,piko.sh/piko/wdk/linguistics/linguistics_stemmer_dutch,v0.0.0-alpha.39
2026-10-08T10:31:18.237422Z,piko.sh/piko/wdk/linguistics/linguistics_phonetic_russian,v0.0.0-alpha.39
2026-10-08T10:31:20.43863Z,piko.sh/piko/wdk/linguistics/linguistics_phonetic_german,v0.0.0-alpha.39
2026-10-08T10:31:22.081837Z,piko.sh/piko/wdk/linguistics/linguistics_phonetic_norwegian,v0.0.0-alpha.39
2026-10-08T10:31:23.002807Z,piko.sh/piko/wdk/linguistics/linguistics_phonetic_swedish,v0.0.0-alpha.39
2026-10-08T10:31:23.562908Z,piko.sh/piko/wdk/linguistics/linguistics_phonetic_hungarian,v0.0.0-alpha.39
2026-10-08T10:31:23.789958Z,piko.sh/piko/wdk/linguistics/linguistics_phonetic_spanish,v0.0.0-alpha.39
2026-10-08T10:31:24.094408Z,github.com/glenveegee/PDBeCIF,v1.3.3
2026-10-08T10:31:24.257947Z,github.com/infino-ai/infino,v0.10.1-0.20261008090859-41450aaa497e
2026-10-08T10:31:24.72868Z,github.com/karolisbreidokas/go-systemd/v22,v22.0.0-20261008083432-f988cf6748cb
2026-10-08T10:31:32.697043Z,github.com/RobotControlStack/duobench,v0.1.1
2026-10-08T10:31:32.988635Z,github.com/Runtime-Radar/runtime-radar,v0.3.0
2026-10-08T10:31:33.319298Z,github.com/OpenAPITools/jackson-databind-nullable,v0.2.12
2026-10-08T10:31:34.937596Z,github.com/Ayanami1314/swe-pruner,v0.0.0-20260630184544-96171b5f3eca
2026-10-08T10:31:35.510968Z,piko.sh/piko/wdk/linguistics/linguistics_stemmer_mock,v0.0.0-alpha.39
2026-10-08T10:31:36.236844Z,piko.sh/piko/wdk/linguistics/linguistics_stemmer_norwegian,v0.0.0-alpha.39
2026-10-08T10:31:36.651993Z,github.com/Symfony/polyfill-php83,v1.43.0
2026-10-08T10:31:36.708846Z,piko.sh/piko/wdk/linguistics/linguistics_stemmer_hungarian,v0.0.0-alpha.39
2026-10-08T10:31:37.996714Z,github.com/SENERGY-Platform/incident-api,v1.0.0
2026-10-08T10:31:38.413911Z,piko.sh/piko/wdk/linguistics/linguistics_stemmer_swedish,v0.0.0-alpha.39
2026-10-08T10:31:39.965859Z,github.com/SFML/CSFML,v0.0.0-20261004194635-58d0990004ec
2026-10-08T10:31:40.094974Z,github.com/OpenBluetoothToolbox/simpleble,v1.2.0
2026-10-08T10:31:40.126365Z,github.com/qriist/libqurl,v1.3.0
2026-10-08T10:31:40.197297Z,github.com/Open-telemetry/opentelemetry-collector-contrib/exporter/alibabacloudlogserviceexporter,v0.162.0
2026-10-08T10:31:40.891443Z,github.com/patonlab/pyX-Struct,v1.0.1
2026-10-08T10:31:41.086469Z,piko.sh/piko/wdk/linguistics/linguistics_stopwords_dutch,v0.0.0-alpha.39
2026-10-08T10:31:41.43382Z,piko.sh/piko/wdk/linguistics/linguistics_stemmer_spanish,v0.0.0-alpha.39
2026-10-08T10:31:42.025081Z,piko.sh/piko/wdk/linguistics/linguistics_phonetic_mock,v0.0.0-alpha.39
2026-10-08T10:31:45.21282Z,github.com/3b1b/manim,v1.7.3-0.20260909162348-fafa083a4fb2
2026-10-08T10:31:45.330268Z,piko.sh/piko/wdk/linguistics/linguistics_stemmer_german,v0.0.0-alpha.39
2026-10-08T10:31:45.405483Z,github.com/T-J-L/parquet-go,v0.0.0-20261006192832-018ab0305c35
2026-10-08T10:31:49.393429Z,piko.sh/piko/wdk/linguistics/linguistics_stopwords_hungarian,v0.0.0-alpha.39
2026-10-08T10:31:51.649507Z,piko.sh/piko/wdk/linguistics/linguistics_stopwords_german,v0.0.0-alpha.39
2026-10-08T10:31:52.183161Z,piko.sh/piko/wdk/linguistics/linguistics_stopwords_mock,v0.0.0-alpha.39
2026-10-08T10:31:52.892035Z,piko.sh/piko/wdk/linguistics/linguistics_stopwords_norwegian,v0.0.0-alpha.39
2026-10-08T10:31:53.552923Z,piko.sh/piko/wdk/linguistics/linguistics_stopwords_russian,v0.0.0-alpha.39
2026-10-08T10:31:53.709513Z,piko.sh/piko/wdk/linguistics/linguistics_stopwords_swedish,v0.0.0-alpha.39
2026-10-08T10:31:54.267225Z,github.com/Medium/daemonsauce,v0.3.8
2026-10-08T10:31:54.448016Z,github.com/RianValcanaia/ethereum-ibc-relay-chain,v0.0.0-20261006191403-c5687251b216
2026-10-08T10:31:55.076848Z,github.com/myohub/myosuite,v3.0.0+incompatible
2026-10-08T10:31:55.651256Z,github.com/DIVERSIFY-project/autojmh-source-code,v0.0.0-20160812121216-aa85f6265dcb
2026-10-08T10:31:56.013997Z,piko.sh/piko/wdk/llm/llm_provider_openai,v0.0.0-alpha.39
2026-10-08T10:31:56.797358Z,github.com/NEICnordic/crypt4gh,v1.16.0
2026-10-08T10:31:57.332256Z,github.com/Sadykhzadeh/unsolved-cf-problems,v0.0.0-20261006232358-aa72588f039f
2026-10-08T10:31:57.580956Z,github.com/rust-embedded-community/serde-json-core,v0.7.0
2026-10-08T10:31:57.699892Z,github.com/SOFTHSM/SoftHSMv2,v0.0.0-20261003141104-9ad87341c94f
2026-10-08T10:31:57.869362Z,github.com/TUM-I5/puml2,v0.0.0-20260928215651-e7e3b75d6f52
2026-10-08T10:31:58.066652Z,piko.sh/piko/wdk/linguistics/linguistics_stopwords_spanish,v0.0.0-alpha.39
2026-10-08T10:31:59.09376Z,github.com/UltimateHackingKeyboard/agent,v11.0.0+incompatible
2026-10-08T10:32:00.09329Z,github.com/serde-rs/json-benchmark,v0.0.0-20240326052455-17b13dd2d7a5
2026-10-08T10:32:02.653589Z,github.com/lx-Meteors/SAC,v0.0.0-20260129021514-2ec6d3fbd0eb
2026-10-08T10:32:03.094014Z,github.com/samvallad33/vestige,v4.2.1-0.20261007033117-f2feaf1c0f44+incompatible
2026-10-08T10:32:04.565836Z,github.com/Gohar01/devops-config-generator,v0.0.0-20260930130305-48c944097558
2026-10-08T10:32:05.436928Z,github.com/mojombo/glowstick,v0.0.0-20080118020527-6bb4f3398151
2026-10-08T10:32:05.458382Z,github.com/SOFTWAREHERITAGE/swh-mirror,v0.0.0-20261007131951-273663bfbcfb
2026-10-08T10:32:05.67712Z,github.com/NVIDIa/go-nvlib,v0.13.0
2026-10-08T10:32:08.111256Z,github.com/JRPOGM/PokeDex,v0.0.0-20260922221932-be06710c8180
2026-10-08T10:32:09.910908Z,github.com/Projectdiscovery/katana,v1.8.0
2026-10-08T10:32:10.240969Z,github.com/SecDre4mer/pkcs7,v0.0.0-20260925142818-b04546cfadce
2026-10-08T10:32:10.39911Z,github.com/langchain-ai/langmem,v0.0.0-20261002193519-48e3c11f5bb5
2026-10-08T10:32:10.653614Z,github.com/kanisterio/blueprints,v0.0.0-20261008100534-b3b4e9c4abc1
2026-10-08T10:32:13.466747Z,piko.sh/piko/wdk/monitoring/watchdog_grpcfb,v0.0.0-alpha.39
2026-10-08T10:32:13.800432Z,github.com/SWI-Prolog/packages-clib,v0.0.0-20261005100118-a407627f5457
2026-10-08T10:32:14.23186Z,github.com/ProtonMail/Go-Crypto,v1.5.2
2026-10-08T10:32:14.30484Z,github.com/typesupply/feaTools,v0.0.0-20180904123045-74ba9e124c1b
2026-10-08T10:32:14.730477Z,github.com/SaadAhmedx/Subdomain-Takeover,v0.0.0-20230510091817-d3cf6ccc0cde
2026-10-08T10:32:15.35097Z,github.com/malllabiisc/ASAP,v0.0.0-20200621120416-a93de7a41c2b
2026-10-08T10:32:15.375412Z,github.com/Te-k/stalkerware-indicators,v0.0.0-20261003123130-e25fba7b1688
2026-10-08T10:32:16.806797Z,github.com/Dev-XYS/OI-problems,v0.0.0-20211030111010-62d0f8f43138
2026-10-08T10:32:16.888281Z,github.com/intel/neural-compressor,v3.3.2-0.20261008075105-3cd2832ce1e3+incompatible
2026-10-08T10:32:18.227445Z,github.com/cbartosiak/bson-codecs-jsr310,v0.0.0-20190902223744-77e93441d009
2026-10-08T10:32:18.72342Z,github.com/SaeedDev94/pixel-5g,v2.1.2+incompatible
2026-10-08T10:32:18.85335Z,github.com/layeka/qjson,v0.0.0-20141109172140-9616fc205dac
2026-10-08T10:32:18.915594Z,github.com/Dev-XYS/OI-Problems,v0.0.0-20211030111010-62d0f8f43138
2026-10-08T10:32:20.891565Z,github.com/RipperAcskt/InnoTaxi,v0.0.0-20230427112002-88b25732243e
2026-10-08T10:32:24.446337Z,github.com/SharokhAtaie/Subenum,v0.0.0-20230911131154-c34f71a771c2
2026-10-08T10:32:26.359507Z,github.com/Surgedm/Surge,v0.12.2
2026-10-08T10:32:26.538731Z,github.com/SalmanAA/wordifyfa,v0.0.0-20261001223601-45fec179549b
2026-10-08T10:32:27.495301Z,github.com/som-shahlab/Clinfo.AI,v0.0.0-20240625202050-6abbb4fd5987
2026-10-08T10:32:27.550114Z,github.com/Sophia-Community/SophiApp,v0.0.0-20261004194355-afb83e3e4c08
2026-10-08T10:32:27.843066Z,github.com/dhs347/Archive,v0.0.0-20260410122714-2ae04661d4be
2026-10-08T10:32:28.050291Z,github.com/dhs347/archive,v0.0.0-20260410122714-2ae04661d4be
2026-10-08T10:32:28.573459Z,github.com/Uptrace/opentelemetry-go-extra/otelgorm,v0.4.0
2026-10-08T10:32:29.196743Z,github.com/sepandhaghighi/pycm,v0.9.6-0.20261005234043-b55462a794ec
2026-10-08T10:32:29.752752Z,piko.sh/piko/wdk/telemetry/span_collector_grpcfb,v0.0.0-alpha.39
2026-10-08T10:32:30.213457Z,piko.sh/piko/wdk/storage/storage_provider_gcs,v0.0.0-alpha.39
2026-10-08T10:32:30.254681Z,github.com/POSIdev-community/AI.DslEditor.Plugin.VSCode,v0.0.0-20261006114740-2094f7bd53d6
2026-10-08T10:32:31.548285Z,github.com/PSPenta/comms-package-github,v0.0.0-20230704141141-d00f80f2f78a
2026-10-08T10:32:33.110973Z,piko.sh/piko/wdk/storage/storage_provider_s3,v0.0.0-alpha.39
2026-10-08T10:32:33.971822Z,piko.sh/piko/wdk/storage/storage_transformer_gzip,v0.0.0-alpha.39
2026-10-08T10:32:35.243322Z,piko.sh/piko/wdk/telemetry/query_collector_grpcfb,v0.0.0-alpha.39
2026-10-08T10:32:35.981251Z,piko.sh/piko/wdk/telemetry/email_collector_grpcfb,v0.0.0-alpha.39
2026-10-08T10:32:38.5151Z,github.com/SwipeGames/public-api,v1.10.3
2026-10-08T10:32:39.792022Z,piko.sh/piko/wdk/media/image_provider_vips,v0.0.0-alpha.39
2026-10-08T10:32:40.972422Z,github.com/NoahHenrikKleinschmidt/buildamol,v1.2.9
2026-10-08T10:32:42.651184Z,github.com/ibis-project/ibis,v0.14.1-0.20261005055200-67dbda44ca15
2026-10-08T10:32:44.172305Z,github.com/TerraSkye/eventsourcing,v0.1.8
2026-10-08T10:32:49.837811Z,github.com/Seldaek/signal-handler,v0.0.0-20261005125013-6cce1c2b0bc2
2026-10-08T10:32:53.123188Z,github.com/Signalsmith-Audio/linear,v0.0.0-20261004203639-146b26f91b48
2026-10-08T10:32:57.306505Z,github.com/SHopify/goluago,v0.0.0-20261006182427-5f8fa94966c2
2026-10-08T10:32:59.173066Z,github.com/Nikeweke/binance-api-sdk,v0.0.0-20260905165557-ee46c8d8c90d
2026-10-08T10:33:00.702762Z,github.com/SimoMay/find-oss,v0.0.0-20261002091802-d0ed6eed334a
2026-10-08T10:33:03.507601Z,github.com/JoakimCarlsson/ai/image/gemini,v0.4.2
2026-10-08T10:33:03.819915Z,github.com/JoakimCarlsson/ai/rerankers/voyage,v0.4.2
2026-10-08T10:33:04.388369Z,github.com/Tidwall/Gjson,v1.20.0
2026-10-08T10:33:06.568795Z,github.com/Service-Soft/ngx-pwa,v0.0.0-20261006141307-12711ec4b821
2026-10-08T10:33:10.082935Z,github.com/SusCom-Lab/ZSMerge,v0.0.0-20260824100921-e787fe80b089
2026-10-08T10:33:11.225601Z,github.com/Rurik/ctf,v0.0.0-20261005174416-591a01583761
2026-10-08T10:33:11.91836Z,github.com/Tailscale/tailscale,v1.104.1
2026-10-08T10:33:15.064124Z,github.com/Tautulli/tautulli-baseimage,v0.0.0-20261007054143-e09b227a3bd6
2026-10-08T10:33:15.37878Z,github.com/redis/redis-vl-python,v0.27.3-0.20261008065728-ec26b839ac00
2026-10-08T10:33:15.44418Z,github.com/COVESA/s2dm,v0.16.0
2026-10-08T10:33:15.804069Z,github.com/kriskrisliu/PAT,v0.0.0-20250201162423-25cce191cb08
2026-10-08T10:33:17.101383Z,github.com/mattbusel/fin-primitives,v2.14.2-0.20261004053106-56d65f1bf451+incompatible
2026-10-08T10:33:18.2226Z,github.com/TRendyol/go-dcp,v1.3.7
2026-10-08T10:33:18.663321Z,github.com/mattbusel/fin-stream,v2.11.2-0.20261004054853-d4fc4160f862+incompatible
2026-10-08T10:33:20.637322Z,github.com/ShawnPana/smux,v0.0.0-20261005184010-847343642064
2026-10-08T10:33:21.848861Z,github.com/Service-Soft/ngx-material-entity,v0.0.0-20261006144202-696568109652
2026-10-08T10:33:21.849835Z,github.com/StJudeWasHere/seonaut,v0.0.0-20261008085257-a67387fe63a2
2026-10-08T10:33:22.104133Z,github.com/pesT-pARSER/PESt,v2.9.3-0.20261008082932-3cdfaceadc22+incompatible
2026-10-08T10:33:22.737779Z,github.com/SwipeGames/public-api/api/v1.0/core/types,v1.10.3
2026-10-08T10:33:23.335683Z,github.com/Simdjson/simdjson,v5.0.3+incompatible
2026-10-08T10:33:25.3025Z,github.com/ThronesMC/living,v0.0.0-20261007114842-16dd88c43dc5
2026-10-08T10:33:25.393181Z,github.com/k1LoW/glibctext,v0.1.0
2026-10-08T10:33:26.267914Z,github.com/Toon-format/toon-go,v0.1.0
2026-10-08T10:33:28.767383Z,github.com/Wansmer/TreeSJ,v0.0.0-20260923074706-9f349ba62c52
2026-10-08T10:33:29.67363Z,github.com/SoftCreatR/JSONPath,v0.0.0-20260928162010-105243c9a3a3
2026-10-08T10:33:30.181233Z,github.com/ServiceNow/StarHarness,v0.0.0-20260924173331-a56d8f6ef7d1
2026-10-08T10:33:33.645478Z,github.com/Snakemake-Workflows/rna-seq-star-deseq2,v3.1.2+incompatible
2026-10-08T10:33:34.38682Z,github.com/SteelDrEgg/arupa-sdk,v0.0.0-20261005185838-bf2114c8a6f0
2026-10-08T10:33:39.097397Z,github.com/Shopify/shopify-cla-action,v1.9.0
2026-10-08T10:33:39.292955Z,github.com/Shopify/app_profiler,v0.7.0
2026-10-08T10:33:41.413568Z,github.com/Swordfish90/Lemuroid,v0.0.0-20261004181857-93e321d08f3d
2026-10-08T10:33:46.752409Z,github.com/OCA/search-engine,v0.0.0-20250930142612-413b2f209173
2026-10-08T10:33:47.060838Z,github.com/PaulSec/paulsec.github.io,v0.0.0-20261002120856-1c083d7701f3
2026-10-08T10:33:49.644128Z,github.com/Pico-Developer/pySecureMR,v0.5.2
2026-10-08T10:33:51.512921Z,github.com/openmrs/openmrs-esm-patient-management,v12.0.0+incompatible
2026-10-08T10:33:52.163984Z,github.com/RealTimeChris/jsonifier,v1.0.2
2026-10-08T10:33:54.346107Z,github.com/tensorflow/magenta,v2.1.5-0.20260106011753-c15687ebd1c1+incompatible
2026-10-08T10:33:57.639497Z,github.com/SajeelWaien/consistent-hashing,v0.0.0-20260505110858-7091bdcb5fe4
2026-10-08T10:33:58.014688Z,github.com/rosettacommons/atomworks,v3.0.0+incompatible
2026-10-08T10:34:02.238282Z,github.com/Twisted/towncrier,v0.0.0-20261005164514-d7c67e747489
2026-10-08T10:34:06.14548Z,github.com/TskFok/DockerImgSync,v0.0.0-20261008101546-0a1fd68f3d44
2026-10-08T10:34:07.584228Z,github.com/Vultr/govultr/v3,v3.33.2
2026-10-08T10:34:08.170961Z,github.com/PeSt-parsER/PEsT,v2.9.3-0.20261008082932-3cdfaceadc22+incompatible
2026-10-08T10:34:09.070311Z,github.com/Ocelotworks/Image-Renderer,v0.0.0-20230622161032-2d8f9ad7c262
2026-10-08T10:34:11.936451Z,github.com/K1LOW/tbls,v1.96.1
2026-10-08T10:34:13.850359Z,github.com/SierraSoftworks/hue,v1.0.0
2026-10-08T10:34:15.404851Z,github.com/aferilvt/neuro-karaoke-wrapper,v1.8.2-0.20260911062705-2be899dfeadd
2026-10-08T10:34:16.33346Z,github.com/KGRC199913/ourdemy_backend,v0.0.0-20261006150929-08ecdefef359
2026-10-08T10:34:16.514012Z,github.com/Solar-Helix-Independent-Transport/allianceauth-corp-tools-moons,v0.0.0-20261005104649-8ce69736586d
2026-10-08T10:34:16.693478Z,github.com/SquareBracketAssociates/Booklet-APharoThingsTutorial,v0.0.0-20260927144713-1fc3a2192512
2026-10-08T10:34:18.553843Z,github.com/Tum-I5/PUML2,v0.0.0-20260928215651-e7e3b75d6f52
2026-10-08T10:34:20.122666Z,github.com/Tencent/HunyuanDiT,v0.0.0-20261008092147-bf37693476a8
2026-10-08T10:34:21.502318Z,github.com/qiangli/bashy,v0.32.1-0.20261008103348-6d910d38bdf4
2026-10-08T10:34:21.970088Z,github.com/dependents/node-precinct,v2.0.0+incompatible
2026-10-08T10:34:22.706711Z,github.com/Sylius/TwigHooks,v0.14.0
2026-10-08T10:34:24.750958Z,github.com/TAOLIU/MACS,v3.0.5+incompatible
2026-10-08T10:34:26.064691Z,github.com/Pixality-Inc/golang-core,v0.8.22
2026-10-08T10:34:27.007792Z,github.com/VictoriaMetrics/metricsQL,v0.87.5
2026-10-08T10:34:29.434941Z,github.com/SAp/terraform-provider-btp,v1.27.0
2026-10-08T10:34:30.314038Z,github.com/Tailscale/Tailscale,v1.104.1
2026-10-08T10:34:30.889544Z,github.com/Robertron624/notes-api-go,v0.0.0-20230903192125-c721b3251420
2026-10-08T10:34:35.009228Z,github.com/jiqing-feng/bitsandbytes,v0.0.0-20260903181253-833649043474
2026-10-08T10:34:35.278413Z,github.com/Spotify/flink-on-k8s-operator,v0.6.3
2026-10-08T10:34:35.279364Z,github.com/SimifiniiCTO/simfiny-financial-service,v0.0.0-20230909165125-5919b3a453ef
2026-10-08T10:34:35.381445Z,github.com/ScaleAPI/SWE-bench_Pro-os,v2.0.0+incompatible
2026-10-08T10:34:35.886903Z,github.com/OpenFga/go-sdk,v0.8.3
2026-10-08T10:34:37.174052Z,github.com/RobotLocomotion/drake-ros,v0.0.0-20261007201619-2e0fcc4fedeb
2026-10-08T10:34:38.204963Z,github.com/ScottfreeLLC/AlphaPy,v0.0.0-20261005112921-d6857fa152ba
2026-10-08T10:34:39.201757Z,github.com/V-Gutierrez/gw,v0.9.7
2026-10-08T10:34:40.172018Z,github.com/KampfKarren/full-moon,v0.0.0-20261001222539-83b6f2957ed6
2026-10-08T10:34:44.459208Z,github.com/biosimulant/biosimulant,v0.0.9
2026-10-08T10:34:44.880122Z,github.com/OpenAI/codex-action,v0.0.0-20261005232226-bdf19a4a223e
2026-10-08T10:34:46.602515Z,github.com/SirzBenjie/tempest,v0.0.0-20260921094731-2f070adb6b41
2026-10-08T10:34:49.742765Z,github.com/togo-framework/realtime,v0.2.1
2026-10-08T10:34:50.071792Z,github.com/crunchydata/pgmonitor,v5.3.1-0.20260213155058-862ff68dfc9f+incompatible
2026-10-08T10:34:50.437077Z,github.com/Symfony/Uid,v8.1.8+incompatible
2026-10-08T10:34:54.69882Z,github.com/WuProver/GroebnerTactic,v4.34.1+incompatible
2026-10-08T10:34:55.434905Z,github.com/PressMaximum/customify,v0.4.27
2026-10-08T10:34:56.622974Z,github.com/Katex/KaTex,v0.19.0
2026-10-08T10:34:56.637612Z,github.com/OpenRCT2/title-sequences,v0.5.6
2026-10-08T10:34:57.46822Z,github.com/benediktrauscher/biojs-human-tissues,v0.0.2
2026-10-08T10:34:59.879001Z,github.com/Rust-GPU/rust-gpu,v0.10.0
2026-10-08T10:34:59.930999Z,github.com/Worklytics/appengine-pipelines,v0.0.0-20260928183458-38da2caa1c7f
2026-10-08T10:35:00.183512Z,github.com/Uptrace/Bun,v1.3.0
2026-10-08T10:35:01.612028Z,github.com/Stichting-AllianceBlock-Foundation/lmaas-contracts/go-staker,v0.0.0-20230511075923-9fdceafe0835
2026-10-08T10:35:03.227248Z,github.com/SakuraMathcraft/LaTeXSnipper,v3.1.0-LTS+incompatible
2026-10-08T10:35:03.277037Z,github.com/SmilingPixel/rest_trace_fuzzer,v0.0.0-20261003234549-822126d6d604
2026-10-08T10:35:05.91254Z,github.com/posthog/terraform-provider-posthog,v1.0.24
2026-10-08T10:35:06.998188Z,github.com/QuTech-Delft/libqasm,v0.0.0-20261007132823-bf80cd0ba3cb
2026-10-08T10:35:08.927445Z,github.com/Senzing/g2-sdk-go,v0.16.0
2026-10-08T10:35:09.057441Z,github.com/OurHeritageOurStories/ohos-neptune-ec2-api/go-api,v0.0.0-20230803130614-ca6d91ef11cd
2026-10-08T10:35:11.130469Z,github.com/TencentCloud/tencentcloud-sdk-go/tencentcloud/thpc,v1.3.185
2026-10-08T10:35:11.536522Z,github.com/Protonmail/Go-Crypto,v1.5.2
2026-10-08T10:35:11.852672Z,github.com/Randark-JMT/treasure-house,v0.0.0-20261008095207-b0d6a16c59c7
2026-10-08T10:35:12.841546Z,github.com/Tootallnate/node-gyp,v13.1.0+incompatible
2026-10-08T10:35:12.927545Z,github.com/biojs-io/biojs-io-parser,v1.0.2
2026-10-08T10:35:13.53215Z,github.com/Tlf/tlf,v0.0.0-20261001105709-a65f404100c2
2026-10-08T10:35:14.458775Z,github.com/Shashivarunreddy/Go_projects,v0.0.0-20261007093109-efc533881101
2026-10-08T10:35:15.000013Z,github.com/SAP-samples/fiori-tools-samples,v0.0.0-20261006182027-d92d6d023561
2026-10-08T10:35:15.774145Z,github.com/Tum-I5/puml2,v0.0.0-20260928215651-e7e3b75d6f52
2026-10-08T10:35:16.557737Z,github.com/TRisia/gotlcp,v1.6.2
2026-10-08T10:35:17.014743Z,github.com/XXcipherX/Xray-core,v0.0.0-20261005095218-7da5dae6502b
2026-10-08T10:35:21.94039Z,github.com/VicDeo/go-obfuscate,v0.0.0-20250625153925-c3c51303150d
2026-10-08T10:35:22.360717Z,github.com/Trendyol/Go-dcp-client,v1.3.7
2026-10-08T10:35:23.964293Z,github.com/Webmozart/assert,v0.0.0-20261005231419-8a163706bbca
2026-10-08T10:35:24.04337Z,github.com/Valyala/fasthttp,v1.75.0
2026-10-08T10:35:24.083193Z,github.com/SteelDrEgg/coreplugins,v0.0.0-20261008025907-cb0684728652
2026-10-08T10:35:24.249995Z,github.com/Songmu/p5-Riji,v1.2.0
2026-10-08T10:35:24.284024Z,github.com/Symfony/http-client,v8.1.8+incompatible
2026-10-08T10:35:24.887925Z,github.com/quantumbpm/quantum-go-sdk,v1.2.0
2026-10-08T10:35:25.060571Z,github.com/Uauy-Lab/biojs-vis-expression-bar,v0.7.1
2026-10-08T10:35:26.238865Z,github.com/ShenzhenCenter/google-ads-pb,v1.25.2
2026-10-08T10:35:26.680166Z,github.com/weianmao/triattention,v0.2.0
2026-10-08T10:35:28.775608Z,github.com/Kirill5k/mongo4cats,v0.8.0
2026-10-08T10:35:32.544401Z,github.com/Rotki/Rotkehlchen,v1.44.1
2026-10-08T10:35:34.581143Z,github.com/Steveyegge/beads,v1.3.1
2026-10-08T10:35:36.37505Z,github.com/TsekNet/fleet-plan,v0.1.4
2026-10-08T10:35:38.64415Z,github.com/openapitools/jackson-databind-nullable,v0.2.12
2026-10-08T10:35:38.89191Z,github.com/Symfony/polyfill-iconv,v1.43.0
2026-10-08T10:35:39.670518Z,github.com/Symfony/Polyfill-mbstring,v1.43.0
2026-10-08T10:35:39.896338Z,primeradiant.com/serf,v0.3.7
2026-10-08T10:35:41.288459Z,github.com/meulengracht/mollenos,v0.8.0
2026-10-08T10:35:41.902602Z,github.com/WireGuard/WireGuard-go,v0.0.0-20261006164505-2631ce99a06f
2026-10-08T10:35:42.056832Z,github.com/senergy-platform/incident-api,v1.0.0
2026-10-08T10:35:44.191009Z,github.com/USA-RedDragon/wheresmyscope,v1.1.3
2026-10-08T10:35:44.827266Z,github.com/patonlab/pyx-struct,v1.0.1
2026-10-08T10:35:47.52058Z,github.com/SecureAuthCorp/ciam-client-go,v0.0.0-20261006105303-b8f2a1b4bb59
2026-10-08T10:35:47.692664Z,github.com/Tailscale/setec,v0.0.0-20261002143449-bc168fdb2362
2026-10-08T10:35:48.694753Z,github.com/medium/daemonsauce,v1.0.0-alpha
2026-10-08T10:35:49.509528Z,github.com/Tencent-Hunyuan/HunyuanVideo,v0.0.0-20261008085706-4eda9cb44c3b
2026-10-08T10:35:51.382401Z,github.com/UniMath/Schools,v0.0.0-20260904201458-fc41b0684fbe
2026-10-08T10:35:53.897721Z,github.com/saeeddev94/pixel-5g,v2.1.2+incompatible
2026-10-08T10:35:55.68628Z,github.com/robotcontrolstack/duobench,v0.1.1
2026-10-08T10:35:57.350055Z,github.com/Kubermatic/machine-controller,v1.66.4
2026-10-08T10:35:57.856646Z,github.com/Uptrace/opentelemetry-go-extra,v0.4.0
2026-10-08T10:35:59.378339Z,github.com/Redocly/json-to-json-schema,v0.0.0-20261007154908-f1244c5fc82f
2026-10-08T10:36:00.06789Z,github.com/Tensorflow/examples,v0.0.0-20261005204010-bda6a8741864
2026-10-08T10:36:02.013715Z,github.com/YongweiChe/UnconsciousContrastiveLearner,v0.0.0-20261007023525-76c8fd2db5fd
2026-10-08T10:36:03.311595Z,github.com/Sylius/TwigExtra,v0.14.0
2026-10-08T10:36:05.102638Z,github.com/Tektoncd/dashboard,v0.73.0
2026-10-08T10:36:08.108085Z,github.com/Symfony/Http-foundation,v8.1.8+incompatible
2026-10-08T10:36:11.884572Z,github.com/The-Hacker-Recipes/The-Hacker-Recipes,v0.0.0-20261003211401-9d434febecaa
2026-10-08T10:36:13.363211Z,github.com/Pytorch/Pytorch,v2.14.1+incompatible
2026-10-08T10:36:13.373332Z,github.com/saviynt/terraform-provider-saviynt,v0.3.8
2026-10-08T10:36:13.752813Z,github.com/Turbootzz/Nimbus,v2.0.0+incompatible
2026-10-08T10:36:13.818333Z,github.com/WindowsSov8ForUs/sonolus-go/v2,v2.4.3
2026-10-08T10:36:13.88818Z,github.com/k1low/glibctext,v0.1.0
2026-10-08T10:36:15.767475Z,github.com/SparkUniverse/architectury-loom,v1.15.51
2026-10-08T10:36:15.947797Z,github.com/SciML/ColPrac,v0.0.0-20261004124213-3519b08d4221
2026-10-08T10:36:15.992745Z,github.com/Slack-go/slack,v0.30.1
2026-10-08T10:36:16.020737Z,github.com/WebedMJ/certmagic-azureblob,v0.0.0-20261005194456-25e8f6582a12
2026-10-08T10:36:16.32077Z,github.com/PeculiarVentures/pvtsutils,v3.0.0+incompatible
2026-10-08T10:36:18.914045Z,github.com/VIctoriaMEtrics/operator/api,v0.75.0
2026-10-08T10:36:19.708025Z,github.com/Weaviate/weaviate,v1.40.0
2026-10-08T10:36:22.969568Z,github.com/WireGuard/Wireguard-go,v0.0.0-20261006164505-2631ce99a06f
2026-10-08T10:36:23.429348Z,github.com/Scaleapi/SWE-Bench_Pro-os,v2.0.0+incompatible
2026-10-08T10:36:23.844648Z,github.com/TIGER-AI-Lab/ClawBench,v0.11.0
2026-10-08T10:36:23.931106Z,github.com/whitedns/whitedns-cleanip-finder,v1.4.7
2026-10-08T10:36:24.717862Z,github.com/UPTrace/bun,v1.3.0
2026-10-08T10:36:27.144498Z,github.com/Swaggest/rest,v0.2.76
2026-10-08T10:36:27.486397Z,github.com/Segmentio/analytics-go/v3,v3.4.0
2026-10-08T10:36:29.908868Z,github.com/pico-developer/pysecuremr,v0.5.2
2026-10-08T10:36:31.363818Z,github.com/openrct2/title-sequences,v0.5.6
2026-10-08T10:36:31.45792Z,github.com/PeterH/liner,v1.2.3
2026-10-08T10:36:31.715539Z,github.com/Cytomine-ULiege/Cytomine-js-client,v1.1.2
2026-10-08T10:36:31.756254Z,github.com/TankOs/SFGUI,v0.0.0-20261008103334-2b3bad36835b
2026-10-08T10:36:32.060106Z,github.com/Valdenirmezadri/core-go/v2/v2,v2.4.0
2026-10-08T10:36:34.42629Z,github.com/RawkodeAcademy/RawkodeAcademy,v0.0.0-20261007125412-04e1a8b99710
2026-10-08T10:36:34.9709Z,github.com/Tautulli/Tautulli-Baseimage,v0.0.0-20261007054143-e09b227a3bd6
2026-10-08T10:36:35.153622Z,github.com/Symfony/error-handler,v8.1.8+incompatible
2026-10-08T10:36:36.03052Z,github.com/222wcnm/BiliStalkerMCP,v3.5.0+incompatible
2026-10-08T10:36:36.202908Z,github.com/TagStudioDev/TagStudio,v9.6.4+incompatible
2026-10-08T10:36:40.789601Z,github.com/TencentCloud/tencentcloud-sdk-go/tencentcloud/apm,v1.3.186
2026-10-08T10:36:41.075994Z,github.com/peers-touch/peers-touch-go,v0.0.0-20261007051105-0cd8d0f385e1
2026-10-08T10:36:41.830065Z,github.com/TheTipo01/YADMB,v0.0.0-20261007213807-3612507aebe1
2026-10-08T10:36:44.432174Z,github.com/Xelon-Ag/xelon-sdk-go,v1.15.2
2026-10-08T10:36:47.697885Z,github.com/SudoOne/VRWorldToolkit,v0.0.0-20261008081709-d3af621f67d6
2026-10-08T10:36:48.176934Z,github.com/VMware/govmomi/govc,v0.0.0-20261007202050-3e23b07c696e
2026-10-08T10:36:48.549941Z,github.com/TcMenu/SimpleCollections,v0.0.0-20261001070430-92de48f1b418
2026-10-08T10:36:49.219414Z,github.com/VictorWinberg/spamtube/backend,v0.0.0-20240817225824-3edbf08b3476
2026-10-08T10:36:49.949226Z,github.com/Vinayak55jain/Prothomuse-main-server,v0.0.0-20260704094924-e656dc54c912
2026-10-08T10:36:50.077884Z,github.com/SCIML/RecursiveArrayTools.jl,v4.5.3+incompatible
2026-10-08T10:36:51.71336Z,github.com/Sesame-Disk/cool-storage-api,v0.0.0-20261007232334-3583d989d39f
2026-10-08T10:36:54.793958Z,github.com/TritonVM/tasm-lib,v9.0.0+incompatible
2026-10-08T10:36:54.949117Z,github.com/YunoHost-apps/jellyfin_ynh,v0.0.0-20261006214654-c2774e166b8f
2026-10-08T10:36:59.867069Z,github.com/noahhenrikkleinschmidt/buildamol,v1.2.9
2026-10-08T10:37:00.480172Z,github.com/ZEISS/builder,v0.3.22
2026-10-08T10:37:02.411242Z,github.com/GoogleCloudPlatform/grpc-gcp-node,v1.0.0
2026-10-08T10:37:02.686854Z,github.com/Smartcontractkit/chain-selectors,v1.0.112
2026-10-08T10:37:03.564147Z,github.com/Vitessio/vitess,v0.24.4
2026-10-08T10:37:04.388746Z,github.com/IDuxFE/idux,v1.7.0
2026-10-08T10:37:06.253186Z,github.com/Shopify/opentelemetry-ebpf-profiler,v0.0.202640
2026-10-08T10:37:06.835052Z,github.com/TencentARC/TokLIP,v0.0.0-20260929235957-960d22825b05
2026-10-08T10:37:06.930075Z,github.com/AthenZ/k8s-athenz-sia/v3,v3.7.2
2026-10-08T10:37:09.098113Z,github.com/Symfony/Http-kernel,v8.1.8+incompatible
2026-10-08T10:37:12.601306Z,github.com/VictoriqueMoe/go-Bython,v0.0.0-20261005190535-65b1a47a1e3f
2026-10-08T10:37:12.782134Z,github.com/felixthec/strongtyping,v3.14.6-0.20260808191046-edbe36ffd29f+incompatible
2026-10-08T10:37:13.78248Z,github.com/ThePorgs/Exegol-images,v0.0.0-20261001205322-ef00232344e0
2026-10-08T10:37:15.019174Z,github.com/VictorWinberg/spamtube/uploader,v0.0.0-20240817225824-3edbf08b3476
2026-10-08T10:37:15.465738Z,github.com/USA-REDDragon/configulator,v0.0.6
2026-10-08T10:37:15.640246Z,github.com/String-Latin/DIN-91379-Characters-and-Sequences,v0.0.0-20260924201925-24ffe4d53dc0
2026-10-08T10:37:16.565347Z,github.com/KusionSTack/kclvm-artifact-go,v0.13.1
2026-10-08T10:37:22.360677Z,github.com/YoYoGames/GMEXT-GooglePlayBilling,v0.0.0-20261001100825-ff364bc67768
2026-10-08T10:37:23.5829Z,github.com/TwIN/gatus/v5,v5.37.0
2026-10-08T10:37:24.48493Z,github.com/TeachBooks/Structural_Design_Essentials,v0.0.0-20261006182104-b62ad9484222
2026-10-08T10:37:27.22772Z,github.com/YooGenie/study-service,v0.0.0-20240910014728-71516d225157
2026-10-08T10:37:27.634008Z,github.com/VladikAN/addrss-telegram,v0.0.0-20261006195006-fa7091eed955
2026-10-08T10:37:28.4388Z,github.com/Valvesoftware/gamenetworkingsockets,v1.6.1
2026-10-08T10:37:28.731261Z,github.com/WatchExec/watchexec,v2.8.0+incompatible
2026-10-08T10:37:35.408244Z,github.com/Thumbor/thumbor,v0.0.0-20261003024445-e71b4cd10197
2026-10-08T10:37:35.606731Z,github.com/Prunt3D/prunt,v0.0.0-20261007080146-cdf56ac76f64
2026-10-08T10:37:36.139062Z,github.com/Yoast/PhpUnit-Polyfills,v0.0.0-20260928171342-6e1fd705e4c1
2026-10-08T10:37:38.509885Z,github.com/TheElegantCoding/eslint-config-universal-code,v1.1.4
2026-10-08T10:37:38.886818Z,github.com/aatrey56/FPL-Draft-Agent,v0.0.0-20261007021626-ffaab47fdf19
2026-10-08T10:37:39.599689Z,github.com/Symfony/Polyfill-uuid,v1.43.0
2026-10-08T10:37:42.122097Z,github.com/ai-dynamo/snapshot/api,v0.2.0-rc.2
2026-10-08T10:37:42.346761Z,github.com/TerryCavanagh/VVVVVV,v0.0.0-20261007130232-cbab58b9cb16
2026-10-08T10:37:45.444872Z,github.com/SENERGY-Platform/authorization,v0.0.13
2026-10-08T10:37:45.531586Z,github.com/Stefandoorn/Sitemap-plugin,v3.0.1+incompatible
2026-10-08T10:37:46.881902Z,github.com/TresPies-source/AgenticGatewayByDojoGenesis/runtime/d1client,v0.0.0-20261002201807-23f57458342c
2026-10-08T10:37:47.965854Z,github.com/Zahanturel/adtp,v0.2.0
2026-10-08T10:37:48.693566Z,github.com/QLDPCOrg/qLDPC,v0.4.1
2026-10-08T10:37:49.685835Z,github.com/TheQtCompanyRnD/agent-skills,v0.0.0-20261006122107-ef30706491fb
2026-10-08T10:37:51.211864Z,github.com/SamyDnx/gotype,v0.0.0-20261002073730-aa18032d81fb
2026-10-08T10:37:52.806101Z,github.com/Storj/common,v0.0.0-20260928130847-58b262d1c082
2026-10-08T10:37:55.779614Z,github.com/XBoy-352/crush,v0.0.0-20260908062313-96c62898099d
2026-10-08T10:37:56.212358Z,github.com/ZZZColin/ScreenOcR,v0.0.0-20261007080925-0d64b88509a3
2026-10-08T10:37:57.017556Z,github.com/SeaweedbrainCY/zero-totp,v2.2.3+incompatible
2026-10-08T10:37:58.383938Z,github.com/TWIN/gatus/v5,v5.37.0
2026-10-08T10:37:58.445548Z,github.com/SecureAuthCorp/HoneySAP,v0.2.0
2026-10-08T10:38:03.402267Z,github.com/Unique-Divine/jiyuu,v0.0.0-20261008023054-638d31fab99d
2026-10-08T10:38:04.143269Z,github.com/Sourcegraph/zoekt,v0.0.0-20261007144031-c8b36a0dd2c1
2026-10-08T10:38:05.872043Z,github.com/Tidwall/gjson,v1.20.0
2026-10-08T10:38:06.657621Z,github.com/Senzing/go-messaging,v1.6.0
2026-10-08T10:38:07.077963Z,github.com/ferama/wsw,v0.0.0-20261007193440-4d2505f3a6d9
2026-10-08T10:38:09.865638Z,github.com/ValveSoftware/gamenetworkingsockets,v1.6.1
2026-10-08T10:38:12.188678Z,github.com/Xavier-Hsiao/pokedexcli,v0.0.0-20260810145614-d4d7fd7e5614
2026-10-08T10:38:13.852906Z,github.com/USA-reddragon/configulator,v0.0.6
2026-10-08T10:38:15.68846Z,github.com/Zyphra/Zonos2,v0.0.0-20260928150826-a5b2ee802301
2026-10-08T10:38:16.316555Z,github.com/ScaleApi/SWE-Bench_Pro-os,v2.0.0+incompatible
2026-10-08T10:38:17.5807Z,github.com/Tum-I5/Puml2,v0.0.0-20260928215651-e7e3b75d6f52
2026-10-08T10:38:17.781057Z,github.com/Teslemetry/tesla-fleet-telemetry,v1.3.10
2026-10-08T10:38:19.590906Z,github.com/TopicusKeyHub/sdk-go,v0.51.0
2026-10-08T10:38:20.2144Z,github.com/TritonVm/triton-vm,v9.0.0+incompatible
2026-10-08T10:38:20.890837Z,github.com/Xsxdot/charter,v0.0.0-20261003115327-9ae3fb511177
2026-10-08T10:38:21.20292Z,github.com/SheepChef/Abracadabra,v0.0.0-20261004190150-c2fb57e97a5a
2026-10-08T10:38:21.677996Z,github.com/Sylius/Sylius-standard,v2.3.0+incompatible
2026-10-08T10:38:22.731401Z,github.com/dev-xys/oi-problems,v0.0.0-20211030111010-62d0f8f43138
2026-10-08T10:38:23.552497Z,github.com/TransactRx/NCPDPSerDe,v0.0.43
2026-10-08T10:38:24.078641Z,github.com/aatrey56/fpl-draft-agent/apps/mcp-server,v0.0.0-20261007021626-ffaab47fdf19
2026-10-08T10:38:24.776208Z,github.com/TonyRippy/buckets,v0.0.0-20261006175534-1c8ce5301815
2026-10-08T10:38:25.277027Z,github.com/AxLabs/ax402-sdks,v0.0.6
2026-10-08T10:38:26.315736Z,github.com/Static-web-server/static-web-server,v2.44.1+incompatible
2026-10-08T10:38:26.852813Z,github.com/Starainrt/Astro,v0.3.0
2026-10-08T10:38:27.913309Z,github.com/WxWidgets/pcre,v0.0.0-20260928210233-f6cffb7301f1
2026-10-08T10:38:28.309419Z,github.com/Senryoku/nfd-zig,v0.0.0-20260408070502-031b6b08c28b
2026-10-08T10:38:29.28376Z,github.com/a-h/templ/examples/blog,v0.0.0-20261008082220-8bbdcac97f59
2026-10-08T10:38:31.369662Z,github.com/Uptrace/opentelemetry-go-extra/otelsql,v0.4.0
2026-10-08T10:38:32.381937Z,github.com/WeBankFinTech/Schedulis,v0.0.0-20250416154331-d5f23c5a59e6
2026-10-08T10:38:33.919835Z,github.com/uauy-lab/biojs-vis-expression-bar,v0.7.1
2026-10-08T10:38:34.884514Z,github.com/senzing/g2-sdk-go,v0.16.0
2026-10-08T10:38:35.951616Z,github.com/THUMBOR/thumbor,v0.0.0-20261003024445-e71b4cd10197
2026-10-08T10:38:38.33144Z,github.com/Vmware-tanzu/carvel-ytt,v0.55.3
2026-10-08T10:38:38.647372Z,github.com/adafruit/Adafruit_DAP,v0.0.0-20261006183011-2ebd205c2d45
2026-10-08T10:38:40.649134Z,github.com/martinvonz/jj,v0.46.0
2026-10-08T10:38:41.232875Z,github.com/adafruit/Adafruit_CircuitPython_BitmapFont,v0.0.0-20261007234003-2a763085930e
2026-10-08T10:38:43.481352Z,github.com/tseknet/fleet-plan,v0.1.4
2026-10-08T10:38:43.7533Z,github.com/aalto-speech/mixture-of-accent-adapters,v0.0.0-20260930010531-4d07da846ef0
2026-10-08T10:38:44.019161Z,github.com/Sddilora/AsciiBinaryOctalConverter,v0.0.0-20230728084628-8886cd320ca6
2026-10-08T10:38:46.237001Z,github.com/ScaleApi/SWE-bench_pro-os,v2.0.0+incompatible
2026-10-08T10:38:49.592301Z,github.com/TamaSkuyy/family-tree-app,v0.0.0-20260923113327-3d588c06efd9
2026-10-08T10:38:49.611079Z,github.com/UpTrace/opentelemetry-go-extra,v0.4.0
2026-10-08T10:38:50.369894Z,github.com/adamhudson777/filingrail-mcp,v0.0.0-20261008103836-72205476429e
2026-10-08T10:38:50.755784Z,github.com/Uptrace/bun,v1.3.0
2026-10-08T10:38:52.477991Z,github.com/TalkKonnect/TalkKonnect,v0.0.0-20260930082506-90055598005a
2026-10-08T10:38:53.229003Z,github.com/usa-reddragon/wheresmyscope,v1.1.3
2026-10-08T10:38:57.682048Z,github.com/Selz/plyr,v3.8.5+incompatible
2026-10-08T10:39:00.044942Z,github.com/dotnet/fsharp,v0.0.0-20150114204757-ca40a405910e
2026-10-08T10:39:00.342457Z,github.com/VSHN/appcat/v4,v4.196.0
2026-10-08T10:39:00.482056Z,github.com/Teajey/hyprctl,v0.9.0
2026-10-08T10:39:00.823448Z,github.com/acheong08/SimpleResv,v0.0.0-20230119093514-76d37fc935ba
2026-10-08T10:39:03.44651Z,github.com/Tdewolff/Minify/v2,v2.24.19
2026-10-08T10:39:04.079723Z,github.com/VoltageOS/build_soong,v0.0.0-20261002082353-1c73f639182a
2026-10-08T10:39:05.46402Z,github.com/sifiveinc/wake,v0.20.0-alpha
2026-10-08T10:39:06.040251Z,github.com/UnownHash/RotomProtos,v0.0.0-20260926171402-536fdf319b94
2026-10-08T10:39:08.451837Z,github.com/acm309/putongoj,v0.0.0-20261004155639-2a8cd84d8bfb
2026-10-08T10:39:12.11517Z,github.com/supabase/jit-db-gatekeeper,v1.0.6
2026-10-08T10:39:13.563344Z,github.com/peculiarventures/pvtsutils,v3.0.0+incompatible
2026-10-08T10:39:13.859113Z,github.com/THS-on/gen-corim,v0.0.0-20260924074236-05df1d7d1b5e
2026-10-08T10:39:13.954586Z,github.com/Tiamat-Tech/fx,v0.0.0-20260929220155-c0e5751c5b1b
2026-10-08T10:39:14.572702Z,github.com/TraceEntertains/nex-go/v2,v2.0.0-20261005024209-87594741bc22
2026-10-08T10:39:16.30558Z,github.com/Snakemake-workflows/RNA-seq-star-deseq2,v3.1.2+incompatible
2026-10-08T10:39:18.185141Z,github.com/aaronland/go-fpdf,v0.0.5
2026-10-08T10:39:18.64384Z,github.com/valdenirmezadri/core-go/v2/v2,v2.4.0
2026-10-08T10:39:24.828906Z,github.com/WyX2685/xray-core,v0.0.0-20260930151924-e087e74a1bf2
2026-10-08T10:39:26.186615Z,github.com/ZerkerEOD/hashdom/backend,v0.0.0-20260928120744-a51232917c6f
2026-10-08T10:39:31.048283Z,github.com/adafruit/Adafruit_Blinka,v0.0.0-20261001183559-57c2d4234a43
2026-10-08T10:39:31.989673Z,github.com/abhibongale/ironic-operator/api,v0.0.0-20261003073050-33770b4a2201
2026-10-08T10:39:32.121405Z,github.com/UpdateCli/updatecli,v0.122.1
2026-10-08T10:39:33.197928Z,github.com/Shopify/rubocop-sorbet,v0.17.1
2026-10-08T10:39:35.07798Z,github.com/192d-wing/usg-uc,v0.0.0-20261007132749-cc6d83950cd4
2026-10-08T10:39:35.571825Z,github.com/Shopify/minitest-distributed,v0.3.0
2026-10-08T10:39:36.839889Z,github.com/Vinz2302/go_test,v0.0.0-20230609031616-4b8d7d2ca8d1
2026-10-08T10:39:39.11154Z,github.com/HDrHIstogram/hdrhistogram-go,v1.4.0
2026-10-08T10:39:41.517296Z,github.com/Vean/FansElectronics_DMD8266,v1.0.1
2026-10-08T10:39:41.795158Z,github.com/Spencerx/fx,v0.0.0-20260929220155-c0e5751c5b1b
2026-10-08T10:39:46.154622Z,github.com/adafruit/Adafruit_CircuitPython_Bitmap_Font,v0.0.0-20261007234003-2a763085930e
2026-10-08T10:39:47.763772Z,github.com/Siguza/iometa,v0.0.0-20260927050730-2af3602e7edb
2026-10-08T10:39:48.754153Z,github.com/adarshks016/poultice,v0.1.0
2026-10-08T10:39:48.767854Z,github.com/SofiDevO/astro-dynamic-header,v4.0.0+incompatible
2026-10-08T10:39:50.020449Z,github.com/SoftwareHeritage/swh-mirror,v0.0.0-20261007131951-273663bfbcfb
2026-10-08T10:39:51.196881Z,github.com/a-h/templ/examples/htmx-fragments,v0.0.0-20261008082220-8bbdcac97f59
2026-10-08T10:39:53.653934Z,github.com/Xilinx/RFSoC-PYNQ,v4.0.0+incompatible
2026-10-08T10:39:57.384487Z,github.com/HDrHistogram/hdrhistogram-go,v1.4.0
2026-10-08T10:40:02.991342Z,github.com/abetoots/satoshibits-services,v0.0.0-20261002102359-23623f7edb80
2026-10-08T10:40:08.39784Z,github.com/UpTrace/opentelemetry-go-extra/otelgorm,v0.4.0
2026-10-08T10:40:08.595157Z,github.com/Uptrace/bun/dialect/pgdialect,v1.3.0
2026-10-08T10:40:12.341827Z,github.com/SpechtLabs/tka,v0.3.0
2026-10-08T10:40:12.513387Z,github.com/gleon/GLMTools,v0.1.5
2026-10-08T10:40:12.714323Z,github.com/UKHomeOfficeForms/hof,v24.5.1+incompatible
2026-10-08T10:40:13.09711Z,github.com/Vmarcelo49/debugui,v0.0.0-20260926184422-9b34d36fb857
2026-10-08T10:40:13.305763Z,github.com/Workiva/go-dataStructures,v1.1.8
2026-10-08T10:40:18.157834Z,github.com/WEAVEWORKS/kURED,v0.0.0-20260930131534-f2da2dcf4e16
2026-10-08T10:40:23.465559Z,github.com/2kool4idkwhat/icelock,v0.0.0-20261002220000-487464c2687a
2026-10-08T10:40:24.210227Z,github.com/adlandh/context-logger/example,v0.0.0-20261008075519-7a8a2476a819
2026-10-08T10:40:28.789589Z,github.com/sirzbenjie/tempest,v0.0.0-20260921094731-2f070adb6b41
2026-10-08T10:40:30.616855Z,github.com/Hdrhistogram/hdrhistogram-go,v1.4.0
2026-10-08T10:40:30.768353Z,github.com/tagstudiodev/tagstudio,v9.6.4+incompatible
2026-10-08T10:40:31.2446Z,github.com/Trendyol/Go-dcp,v1.3.7
2026-10-08T10:40:33.519267Z,github.com/adobe/aem-website,v0.0.0-20261003103116-302526c53204
2026-10-08T10:40:41.239236Z,github.com/OCA/connector-redmine,v0.0.0-20250930143414-288b49677092
2026-10-08T10:40:41.43365Z,github.com/shopify/opentelemetry-ebpf-profiler,v0.0.202640
2026-10-08T10:40:45.801521Z,github.com/wearegravitylabs/ngnmarket-go,v0.1.0
2026-10-08T10:40:49.56841Z,gopkg.in/sassoftware/relic.v8,v8.2.0
2026-10-08T10:40:51.138353Z,github.com/aatrey56/fpl-draft-agent,v0.0.0-20261007021626-ffaab47fdf19
2026-10-08T10:40:52.228827Z,github.com/open-telemetry/opentelemetry-collector-contrib/internal/common,v0.162.1-0.20261008064532-104b0be085a1
2026-10-08T10:40:52.470693Z,github.com/StackExchange/Survey,v0.0.0-20261007181915-c9c23dc6f385
2026-10-08T10:40:54.256882Z,github.com/doctest/doctest,v0.0.0-20190323123952-ff5022c63389
2026-10-08T10:40:56.58113Z,github.com/senergy-platform/authorization,v0.0.13
2026-10-08T10:40:57.423285Z,github.com/stefandoorn/sitemap-plugin,v3.0.1+incompatible
2026-10-08T10:40:57.426957Z,github.com/zahanturel/adtp,v0.2.0
2026-10-08T10:40:59.938738Z,github.com/teslemetry/tesla-fleet-telemetry,v1.3.10
2026-10-08T10:41:00.407513Z,github.com/SteamGridDB/sgdboop,v1.4.4
2026-10-08T10:41:00.747741Z,github.com/tecnicalbot/termux-mcp,v0.2.0
2026-10-08T10:41:02.035419Z,github.com/axlabs/ax402-sdks,v0.0.6
2026-10-08T10:41:02.586729Z,github.com/qldpcorg/qldpc,v0.4.1
2026-10-08T10:41:04.478137Z,github.com/abayomi185/yomitosh-dev,v0.0.0-20261005200257-0c3ec44ec49d
2026-10-08T10:41:06.446151Z,github.com/sofidevo/astro-dynamic-header,v4.0.0+incompatible
2026-10-08T10:41:06.719489Z,github.com/vean/fanselectronics_dmd8266,v1.0.1
2026-10-08T10:41:07.027556Z,github.com/teajey/hyprctl,v0.9.0
2026-10-08T10:41:07.705972Z,github.com/senzing/go-messaging,v1.6.0
2026-10-08T10:41:07.778727Z,github.com/OkutaniDaichi0106/webtransport-go,v0.13.0-okdaichi.2
2026-10-08T10:41:07.878121Z,github.com/shopify/rubocop-sorbet,v0.17.1
2026-10-08T10:41:11.482165Z,github.com/siftscience/resourcerer,v2.3.2+incompatible
2026-10-08T10:41:12.462321Z,github.com/secureauthcorp/honeysap,v0.2.0
2026-10-08T10:41:18.286242Z,github.com/1rb/cheki,v0.0.0-20261007061742-e5aab17bfb90
2026-10-08T10:41:22.826057Z,rsc.io/tmp/ecosum,v0.0.0-20261008033155-b7beb8858fb1
2026-10-08T10:41:23.165593Z,rsc.io/tmp/csv2tsv,v0.0.0-20261008033155-b7beb8858fb1
2026-10-08T10:41:23.514795Z,rsc.io/tmp/buildinfo,v0.0.0-20261008033155-b7beb8858fb1
2026-10-08T10:41:26.111259Z,github.com/HDRHistogram/hdrhistogram-go,v1.4.0
2026-10-08T10:41:26.517161Z,rsc.io/tmp/brotli,v0.0.0-20261008033155-b7beb8858fb1
2026-10-08T10:41:28.732794Z,github.com/abey79/vsketch,v0.0.0-20261006054813-0959ad0ae7a8
2026-10-08T10:41:29.826077Z,rsc.io/tmp/hwtimer,v0.0.0-20261008033155-b7beb8858fb1
2026-10-08T10:41:29.979815Z,rsc.io/tmp/ftoa,v0.0.0-20261008033155-b7beb8858fb1
2026-10-08T10:41:30.134893Z,rsc.io/tmp/elfstrip,v0.0.0-20261008033155-b7beb8858fb1
2026-10-08T10:41:30.171754Z,rsc.io/tmp/gofix,v0.0.0-20261008033155-b7beb8858fb1
2026-10-08T10:41:30.375437Z,rsc.io/tmp/gorebuild,v0.0.0-20261008033155-b7beb8858fb1
2026-10-08T10:41:30.688915Z,github.com/realtimechris/jsonifier,v1.0.3-0.20261008055740-bd0a466daaf5
2026-10-08T10:41:30.818468Z,connectrpc.com/vanguard,v0.4.1-0.20261007162255-080be557897f
2026-10-08T10:41:32.045816Z,rsc.io/tmp/gitfs,v0.0.0-20261008033155-b7beb8858fb1
2026-10-08T10:41:34.079625Z,github.com/alexbruf/mirage-cli,v0.0.0-20261007221900-43c7b5f57a75
2026-10-08T10:41:34.827676Z,github.com/TencentCloud/tencentcloud-sdk-go/tencentcloud/cloudhsm,v1.3.188
2026-10-08T10:41:35.272101Z,rsc.io/tmp/jsonfmt,v0.0.0-20261008033155-b7beb8858fb1
2026-10-08T10:41:35.515486Z,rsc.io/tmp/rmplay,v0.0.0-20261008033155-b7beb8858fb1
2026-10-08T10:41:35.778654Z,rsc.io/tmp/passkeytest,v0.0.0-20261008033155-b7beb8858fb1
2026-10-08T10:41:35.928242Z,rsc.io/tmp/mapbench,v0.0.0-20261008033155-b7beb8858fb1
2026-10-08T10:41:36.003697Z,rsc.io/tmp/md2html,v0.0.0-20261008033155-b7beb8858fb1
2026-10-08T10:41:36.79777Z,rsc.io/tmp/shuffle,v0.0.0-20261008033155-b7beb8858fb1
2026-10-08T10:41:36.920102Z,github.com/222wcnm/bilistalkermcp,v3.5.1-0.20260930050647-6c05b632a4cc+incompatible
2026-10-08T10:41:37.032679Z,rsc.io/tmp/rsort,v0.0.0-20261008033155-b7beb8858fb1
2026-10-08T10:41:37.84046Z,github.com/Sylabs/singularity/v4,v4.6.0
2026-10-08T10:41:37.84528Z,rsc.io/tmp/newcmd,v0.0.0-20261008033155-b7beb8858fb1
2026-10-08T10:41:40.297249Z,rsc.io/tmp/wasmshell,v0.0.0-20261008033155-b7beb8858fb1
2026-10-08T10:41:40.566456Z,rsc.io/tmp/yaml2json,v0.0.0-20261008033155-b7beb8858fb1
2026-10-08T10:41:40.952213Z,rsc.io/tmp/usego118,v0.0.0-20261008033155-b7beb8858fb1
2026-10-08T10:41:40.999638Z,github.com/Openvax/pyensembl,v2.27.0+incompatible
2026-10-08T10:41:41.651159Z,rsc.io/tmp/usego1182,v0.0.0-20261008033155-b7beb8858fb1
2026-10-08T10:41:41.719168Z,rsc.io/tmp/usego12,v0.0.0-20261008033155-b7beb8858fb1
2026-10-08T10:41:44.459476Z,github.com/airflow-laminar/airflow-supervisor,v1.11.0
2026-10-08T10:41:44.650634Z,github.com/afaneca/myfin-api,v0.0.0-20261006150959-3b6936a9b707
2026-10-08T10:41:44.940532Z,rsc.io/tmp/tschat,v0.0.0-20261008033155-b7beb8858fb1
2026-10-08T10:41:45.895091Z,github.com/HDRHistogram/HDRHistogram-go,v1.4.0
2026-10-08T10:41:47.178725Z,rsc.io/tmp/uncover,v0.0.0-20261008033155-b7beb8858fb1
2026-10-08T10:41:48.303441Z,github.com/ahmedfgad/geneticalgorithmpython,v0.0.0-20261008065841-494fb76c5a0b
2026-10-08T10:41:49.712949Z,github.com/hashimthearab/go-raknet,v1.15.1-0.20261008101714-7ac6b1c5a009
2026-10-08T10:41:50.350293Z,github.com/HDRHistogram/Hdrhistogram-go,v1.4.0
2026-10-08T10:41:51.582199Z,github.com/adamspd/quizzapi,v0.0.0-20250624224919-5ac9cd606b59
2026-10-08T10:41:53.347454Z,github.com/adibfahimi/moda-style/common,v0.0.0-20261004092546-18c1f7b808d4
2026-10-08T10:41:53.738113Z,github.com/alexeygrigorev/alexeygrigorev.github.io,v0.0.0-20261003170711-bb7e08a2c6df
2026-10-08T10:41:56.949803Z,github.com/TUM-I5/PUML2,v0.0.0-20260928215651-e7e3b75d6f52
2026-10-08T10:42:03.882305Z,github.com/alexstep/moy-nalog,v2.0.0+incompatible
2026-10-08T10:42:04.927814Z,github.com/johndoe31415/pyexamgrading,v0.0.2
2026-10-08T10:42:05.475589Z,github.com/junglezke/rewardlint,v0.1.0
2026-10-08T10:42:05.802373Z,github.com/krisk/krisk.github.io,v0.0.0-20230708223141-5dd97d419b27
2026-10-08T10:42:05.882502Z,github.com/XCDAT/xcdat,v0.11.4
2026-10-08T10:42:05.964336Z,github.com/johnviljoen/jax2sympy,v0.0.2
2026-10-08T10:42:06.059241Z,github.com/adewale/aha,v0.0.0-20261008084950-df4f85793228
2026-10-08T10:42:06.59263Z,github.com/jsbarbosa/mcgrading,v0.0.0-20170627232425-3b89976f528d
2026-10-08T10:42:06.732894Z,github.com/joanna-ciesielski/grader-variance,v0.1.0
2026-10-08T10:42:07.593752Z,github.com/Google/go-containerregistry,v0.0.0-20261007205041-aa08c1ff04c2
2026-10-08T10:42:08.825884Z,github.com/kiortir/py-matheval,v0.4.0
2026-10-08T10:42:09.376782Z,github.com/Keymii/autograder-for-cpp,v0.1.4
2026-10-08T10:42:10.012042Z,github.com/krishnakumarbhat/rlvr-audit,v0.1.1-0.20260922054735-7d2d31a41496
2026-10-08T10:42:10.822736Z,github.com/kylekyle/nbconvert_grader,v0.0.0-20171122045801-0209726f8856
2026-10-08T10:42:11.680409Z,github.com/aledbf/nexuserofs,v0.0.0-20261003135316-2b578bdeae6e
2026-10-08T10:42:11.786284Z,github.com/jwardbond/cheesegrader,v0.0.0-20260106031835-8733897a3552
2026-10-08T10:42:12.69292Z,github.com/sierrasoftworks/hue,v1.0.1-0.20260928234357-95eb738fb556
2026-10-08T10:42:12.885096Z,github.com/liuxiaotong/knowlyr-agent,v0.1.3-0.20260315054137-78e9e28c5788
2026-10-08T10:42:12.955694Z,github.com/aws/Aws-sdk-go-v2,v1.47.1
2026-10-08T10:42:13.276562Z,github.com/kucherenko/Blog,v0.0.0-20230925151741-e835966f7cfe
2026-10-08T10:42:14.268164Z,github.com/4nonx/d-planeos,v0.0.0-20261005162224-5d5d0e1d832d
2026-10-08T10:42:20.704419Z,github.com/alextanhongpin/errors/cause,v0.6.0
2026-10-08T10:42:24.921144Z,github.com/agentplexus/omnillm,v0.18.1
2026-10-08T10:42:26.875474Z,github.com/amriksd/code/projects/Leetcode/Go/136-single-number,v0.0.0-20261008004716-acaebf8cab06
2026-10-08T10:42:27.707289Z,github.com/aiviaghost/Kattis_solutions,v0.0.0-20261005011704-6dbada9d89fa
2026-10-08T10:42:34.842413Z,github.com/adomani/ma4n1_2023,v0.0.0-20261005095840-50e7adfbbf59
2026-10-08T10:42:39.385515Z,github.com/conventional-changelog-archived-repos/conventional-changelog-writer,v1.4.1
2026-10-08T10:42:41.706276Z,github.com/stevemao/conventional-changelog-writer,v1.4.1
2026-10-08T10:42:46.613465Z,github.com/l3acler/holo,v1.0.1-0.20260713195312-189059243dba
2026-10-08T10:42:47.161666Z,github.com/conventional-changelog-archived-repos/conventional-commits-parser,v1.3.0
2026-10-08T10:42:48.716796Z,sadeq.uk/lac,v0.4.0
2026-10-08T10:42:48.882144Z,github.com/PedroReis16/vigia,v0.0.0-20260926150542-08f98ad493fe
2026-10-08T10:42:51.081597Z,github.com/aidoku/aidoku-rs,v0.0.0-20261006054544-ae6485e3c14e
2026-10-08T10:42:51.272457Z,github.com/anchore/bubbles,v0.2.2
2026-10-08T10:42:51.305126Z,github.com/akardapolov/dimension-di,v26.10.1+incompatible
2026-10-08T10:42:51.368659Z,github.com/aironworks/go-pq-cdc,v0.0.0-20260910064846-a30ea551255b
2026-10-08T10:42:52.991994Z,github.com/PervasiveDisplays/Pervasive_BWRY_Large,v0.0.0-20261007023211-41bf3843f8a4
2026-10-08T10:42:53.792825Z,github.com/Yoast/PhpUnit-PolyFills,v0.0.0-20260928171342-6e1fd705e4c1
2026-10-08T10:42:53.854893Z,github.com/PennLINC/aslprep,v0.0.0-20261007202955-5d9572207f1e
2026-10-08T10:42:54.886161Z,github.com/stevemao/conventional-commits-parser,v1.3.0
2026-10-08T10:42:58.629497Z,github.com/HdrHistogram/hdrHistogram-go,v1.4.0
2026-10-08T10:43:07.356467Z,github.com/PhpDocumentor/TypeResolver,v0.0.0-20260927193254-dbe2133bb23e
2026-10-08T10:43:08.471934Z,github.com/alphagov/govuk-synthetic-test-app-canary,v0.0.0-20261007100905-f98308923683
2026-10-08T10:43:12.035171Z,github.com/YumeMichi/honoka-chan,v0.0.0-20261003125148-9e5a4f5372b4
2026-10-08T10:43:14.59513Z,github.com/okutanidaichi0106/webtransport-go,v0.13.0-okdaichi.2
2026-10-08T10:43:17.815325Z,github.com/alichtman/alichtman.github.io,v0.0.0-20261004073602-39cce2c147f0
2026-10-08T10:43:23.302118Z,salsa.debian.org/imobiledevice-team/libplist,v0.0.0-20261006180450-8d0cab0dc933
2026-10-08T10:43:25.858493Z,github.com/alis-exchange/go-alis-build/validation,v1.1.0
2026-10-08T10:43:28.919042Z,github.com/alexhokl/sql-export,v0.0.0-20260919111424-5478d5617349
2026-10-08T10:43:32.641005Z,github.com/Boreas37/onyx,v1.1.2-0.20261007170009-71762858ea03
2026-10-08T10:43:33.237546Z,github.com/YGR1996/utlived-app,v0.4.10
2026-10-08T10:43:36.452889Z,github.com/ajaymnk/open-electronics,v0.0.0-20260930143011-f5302fc5256a
2026-10-08T10:43:37.789468Z,github.com/keymii/autograder-for-cpp,v0.1.4
2026-10-08T10:43:38.04124Z,github.com/alextanhongpin/errors,v0.0.0-20261008054301-203651b36801
2026-10-08T10:43:38.646054Z,github.com/scttcper/deluge,v9.0.1+incompatible
2026-10-08T10:43:41.133701Z,github.com/Yaml/pyyaml,v0.0.0-20261007221454-f5e4504a92f1
2026-10-08T10:43:42.261418Z,github.com/allenai/S2AND,v0.0.0-20261006050219-dab05f1e6d9b
2026-10-08T10:43:42.277834Z,github.com/Toon-format/Toon-go,v0.1.0
2026-10-08T10:43:43.520103Z,github.com/kitware/cMake,v4.4.4+incompatible
2026-10-08T10:43:44.007118Z,github.com/lightninglabs/tap-sdk,v0.3.1-0.20261008103346-c90c38df59d6
2026-10-08T10:43:45.402302Z,github.com/a-h/templ/docs/docs,v0.0.0-20261008082220-8bbdcac97f59
2026-10-08T10:43:47.411662Z,github.com/jedi-knights/go-platform,v0.10.1-0.20261008104051-a96f33517fd5
2026-10-08T10:43:51.366171Z,github.com/HDRHISTOGRAM/hdrhistogram-go,v1.4.0
2026-10-08T10:43:53.253122Z,github.com/KitWare/CMAKE,v4.4.4+incompatible
2026-10-08T10:43:55.048462Z,github.com/Yoast/Phpunit-Polyfills,v0.0.0-20260928171342-6e1fd705e4c1
2026-10-08T10:43:57.755815Z,github.com/ProgramBench/20260429_mini-v2.2.6_gpt-5-4,v0.0.0-20260929032427-4b1ffdceae87
2026-10-08T10:43:59.768291Z,salsa.debian.org/python-team/modules/python-click,v0.0.0-20261007214655-feda5a082ae2
2026-10-08T10:44:02.436953Z,github.com/selz/plyr,v3.8.6-0.20261007202759-af42d594180b+incompatible
2026-10-08T10:44:05.381127Z,github.com/abetterinternet/rustls-ffi,v0.15.4
2026-10-08T10:44:05.614449Z,github.com/adevinta/spark,v18.2.0+incompatible
2026-10-08T10:44:07.257054Z,github.com/akhenakh/tree,v0.0.0-20261006125040-9f55c2b85497
2026-10-08T10:44:08.26721Z,github.com/alphagov/govuk-fastly,v0.0.0-20261008091552-f37f373d01ff
2026-10-08T10:44:08.393128Z,github.com/abeyuya/actions-mention-to-slack,v0.0.0-20261005145644-af3a9ff6c3f8
2026-10-08T10:44:08.627291Z,salsa.debian.org/python-team/modules/python-click.git,v0.0.0-20261007214655-feda5a082ae2
2026-10-08T10:44:10.195648Z,github.com/getsentry/sentry-go/iris,v0.50.0
2026-10-08T10:44:10.356785Z,github.com/adafruit/adafruit_circuitpython_bitmap_font,v0.0.0-20261007234003-2a763085930e
2026-10-08T10:44:12.529948Z,github.com/alecthomas/proctor,v0.11.0
2026-10-08T10:44:12.913963Z,github.com/Q1mi/deploy_bubble_using_docker,v0.0.0-20230521063511-bcbe21fdeaa8
2026-10-08T10:44:13.642748Z,github.com/althk/tradekit/go/zerodha,v0.0.0-20261003161607-8e94195cacb9
2026-10-08T10:44:14.30565Z,github.com/ai-hypercomputer/cloud-accelerator-diagnostics,v0.0.0-20261005130337-35b5377566aa
2026-10-08T10:44:14.784945Z,github.com/CallMeGreg/gh-custom-roles,v1.2.0
2026-10-08T10:44:14.992057Z,github.com/aledbf/nexus-erofs,v0.0.0-20261003135316-2b578bdeae6e
2026-10-08T10:44:17.346006Z,github.com/alecmerdler/bento,v0.0.0-20261005135619-97e81746fb1e
2026-10-08T10:44:17.907187Z,github.com/ygr1996/utlived-app,v0.4.10
2026-10-08T10:44:18.659236Z,github.com/alrayyes/forgejo-time-sync,v1.4.12
2026-10-08T10:44:23.034907Z,github.com/ZcashFoundation/reddsa,v0.0.0-20260925212911-04e973bcf8d4
2026-10-08T10:44:23.169789Z,github.com/akpw/mktxp,v2.1.0+incompatible
2026-10-08T10:44:24.472385Z,github.com/amirmirzayi/clean_architecture,v1.4.0
2026-10-08T10:44:24.984517Z,github.com/vivianalaced749/vk-calls-tunnel,v0.0.0-20260417040903-bf89c76d9cd7
2026-10-08T10:44:28.207712Z,github.com/amonaco/goworker,v0.0.0-20261006015817-62bf92ab4709
2026-10-08T10:44:28.963984Z,github.com/HdRHistogram/hdrhistogram-go,v1.4.0
2026-10-08T10:44:34.286709Z,github.com/anjana-a-r-k/contract-go/v2,v2.0.0-20260929122115-1de6a313f2b2
2026-10-08T10:44:34.620018Z,github.com/amriksd/code/projects/Leetcode/Go/1732-find-highest-altitude,v0.0.0-20261008004716-acaebf8cab06
2026-10-08T10:44:36.953867Z,github.com/RQLite/go-sqlite3,v1.53.0
2026-10-08T10:44:37.422598Z,github.com/amonks/go/pkg/migrate,v0.0.16
2026-10-08T10:44:38.004586Z,github.com/HdrHistogram/HdrHistogram-Go,v1.4.0
2026-10-08T10:44:38.362635Z,github.com/neverprepared/paperclip,v0.5.0
2026-10-08T10:44:38.548556Z,github.com/alban/opentelemetry-ebpf-profiler,v0.0.202640
2026-10-08T10:44:44.054636Z,github.com/alkarex/freshrss,v0.0.0-20261004163507-34c60510f2b1
2026-10-08T10:44:45.396122Z,github.com/amartani/oci-extract,v0.0.0-20261003190443-cdd1cff9275d
2026-10-08T10:44:45.704998Z,github.com/aiven/prometheus-exporter-plugin-for-opensearch,v0.0.0-20261007223002-a32e71efe10e
2026-10-08T10:44:46.092092Z,github.com/amaurymartiny/check-if-email-exists,v0.11.8
2026-10-08T10:44:46.0984Z,salsa.debian.org/xorg-team/xserver/xorg-server,v0.0.0-20261007093800-dae9b1f09cb2
2026-10-08T10:44:46.220128Z,github.com/alchemy-fr/zippy,v0.0.0-20261006200815-e82cf440a99c
2026-10-08T10:44:50.375441Z,satchlj.com/simplereg,v0.0.0-20261002172758-53f2721deab8
2026-10-08T10:44:54.105819Z,github.com/aeron7/nsepython,v0.0.0-20261007200741-32d82eafcedc
2026-10-08T10:44:57.604723Z,github.com/affige/genmusic_demo_list,v0.0.0-20261008091516-a9c204ffa92c
2026-10-08T10:44:58.815789Z,github.com/grokify/oscompat,v0.6.0
2026-10-08T10:45:06.723234Z,github.com/alexhalbig/satpy,v0.0.0-20261006213657-0b55ef5e76e2
2026-10-08T10:45:07.187415Z,github.com/agent-fox-dev/agentkit-go,v0.0.0-20261008102456-aaa35a002f0a
2026-10-08T10:45:09.629526Z,github.com/alexkalinckovich/cipher-torrent-client/backend,v0.0.0-20261003065703-32a9e1fe66ee
2026-10-08T10:45:11.003608Z,github.com/agenxy/lanes,v0.0.13
2026-10-08T10:45:13.610164Z,github.com/adityasharma1307/qknot,v2.0.0+incompatible
2026-10-08T10:45:15.410773Z,github.com/gaozhangmin/boxplayer,v3.11.19+incompatible
2026-10-08T10:45:17.169344Z,github.com/Nautilus/gateway,v0.5.4
2026-10-08T10:45:17.356164Z,github.com/agent-hellboy/mcp-runtime,v0.6.3
2026-10-08T10:45:22.209139Z,github.com/siyuan-note/elevator,v0.0.0-20261008024158-5d3771c213fe
2026-10-08T10:45:23.086344Z,github.com/alessiosavi/goGPUtils,v1.4.0
2026-10-08T10:45:23.871528Z,github.com/acmcsufoss/acmcsuf.com,v0.0.0-20261006023537-8915e69eaff8
2026-10-08T10:45:25.747337Z,github.com/alanz/vscode-hie-server,v0.0.0-20261008104159-e2f18b371d71
2026-10-08T10:45:26.481297Z,github.com/allanmedeiros71/criminalsay,v1.1.0
2026-10-08T10:45:31.264436Z,github.com/amonks/rootsync,v0.0.10
2026-10-08T10:45:32.827057Z,github.com/Richgel999/miniz,v0.0.0-20261004160746-2948eebafc5b
2026-10-08T10:45:33.404171Z,github.com/aelpxy/dbctl,v0.0.0-20261007043506-c7c6e45958fa
2026-10-08T10:45:44.32591Z,github.com/pulumiverse/pulumi-matchbox/provider,v0.0.0-20261007150537-03adab5e9b2b
2026-10-08T10:45:45.178853Z,github.com/alexbeatnik/manul-browser,v0.1.3
2026-10-08T10:45:48.979463Z,github.com/alikaraali/tip2018-edge-based-defocus-blur-estimation-with-adaptive-scale-selection,v0.0.0-20261006185031-fab91b53bf7d
2026-10-08T10:45:49.270841Z,github.com/amzn/amazon-payments-magento-2-plugin,v0.0.0-20261008071610-41c44b475fa9
2026-10-08T10:45:49.431406Z,github.com/alexmozaidze/tree-sitter-fennel,v0.0.0-20261006005210-8c0d338cdb95
2026-10-08T10:45:51.48628Z,github.com/xoctopus/sqlx,v0.4.5
2026-10-08T10:45:56.541854Z,github.com/allenDang/cimgui-go,v1.6.1
2026-10-08T10:45:56.59569Z,github.com/amberpixels/geo,v0.3.0
2026-10-08T10:45:56.692376Z,github.com/ahoy-lang/ahoy,v0.0.0-20261006081403-b53e7dd5e0e5
2026-10-08T10:45:57.984577Z,github.com/akylas/conty,v0.0.0-20261007144624-b9832d1be499
2026-10-08T10:45:58.386661Z,github.com/allendowney/thinkpythonitalian,v0.0.0-20261007180315-79a514401f58
2026-10-08T10:46:01.150614Z,github.com/anderbggo/googlephotosmatcher,v0.0.0-20261006221934-1b19b64c020a
2026-10-08T10:46:05.436595Z,github.com/aliyun/aliyun-odps-go-sdk/examples,v0.0.0-20260930020143-990871b4a846
2026-10-08T10:46:06.222442Z,github.com/andrejsstepanovs/go-litellm,v1.6.0
2026-10-08T10:46:07.215041Z,github.com/albertcolom/go-dyndns,v0.0.0-20261001210215-69ae8dbc1cfd
2026-10-08T10:46:08.247095Z,github.com/apache/apr-util,v0.0.0-20261005144328-667676025017
2026-10-08T10:46:14.927939Z,github.com/RyanCodrai/turbovec,v1.1.2
2026-10-08T10:46:15.803571Z,github.com/sofia-ctx/sofia,v0.20.1-0.20261008104007-2219a2a6392c
2026-10-08T10:46:16.251364Z,github.com/Ryan-A-B/baby-monitor,v0.0.0-20261007064321-d908c9c68a6e
2026-10-08T10:46:17.152275Z,github.com/alphagov/pkl-concourse-pipeline,v0.0.0-20260923083130-521aa2a2ed78
2026-10-08T10:46:17.779684Z,github.com/alcounit/browser-ui,v1.0.0
2026-10-08T10:46:17.802113Z,github.com/andregri/go-proxy,v0.1.0
2026-10-08T10:46:20.79195Z,github.com/abgnydn/zero-tvm,v0.0.0-20261006061345-037207490511
2026-10-08T10:46:24.544209Z,github.com/alphagov/govuk-ai-accelerator,v0.0.185
2026-10-08T10:46:24.784604Z,github.com/SAP/crossplane-provider-btp,v1.13.3
2026-10-08T10:46:25.846843Z,github.com/aip-dev/google.aip.dev,v0.0.0-20261007162756-615875bffc45
2026-10-08T10:46:30.134283Z,github.com/alwank/disclosure-alpha,v1.6.0
2026-10-08T10:46:37.596238Z,github.com/aliastanov/olx_clone,v0.0.0-20261002170456-3b0d32f0cb20
2026-10-08T10:46:38.455427Z,github.com/adampalmer28/gochess,v0.0.0-20260928222734-3d67e3546270
2026-10-08T10:46:40.580282Z,github.com/alextrav/golangcoursehomeworks,v0.0.0-20260304032745-b3e9ef55127b
2026-10-08T10:46:41.955296Z,github.com/amirhsnf/pyno-date,v0.0.0-20260916161522-041bc31c5722
2026-10-08T10:46:45.509915Z,github.com/ibednov/go-lepsios/exchange,v0.4.0
2026-10-08T10:46:47.432053Z,github.com/ahmedfgad/GeneticAlgorithmPython,v0.0.0-20261008065841-494fb76c5a0b
2026-10-08T10:46:54.519494Z,github.com/alexkalinckovich/cipher-torrent-client,v0.0.0-20261003065703-32a9e1fe66ee
2026-10-08T10:46:57.981698Z,github.com/alexhokl/go-sql-export,v0.0.0-20260919111424-5478d5617349
2026-10-08T10:47:00.127189Z,github.com/anegostudios/vsmodelcreator,v0.0.0-20261005164919-653138b6dedc
2026-10-08T10:47:06.08319Z,github.com/SamuelSchmidgall/AgentClinic,v0.0.0-20261003223325-b6fbe22300e9
2026-10-08T10:47:07.374994Z,github.com/andydunstall/Piko,v0.10.1
2026-10-08T10:47:08.910381Z,github.com/alpenlabs/strata,v0.3.5
2026-10-08T10:47:11.826992Z,github.com/alexbeatnik/manul-browser/core,v0.1.3
2026-10-08T10:47:15.3224Z,dector.space/gox,v0.0.0-20261008102637-992b782fbd9f
2026-10-08T10:47:21.182213Z,github.com/alphagov/govuk-link-checker,v0.0.0-20261006113554-bafc4cc07834
2026-10-08T10:47:23.078552Z,github.com/altcha-org/altcha-starter-svelte-ts,v0.0.0-20261006015837-785f0ef12dd9
2026-10-08T10:47:23.70412Z,github.com/agentplexus/omnivoice,v0.16.1
2026-10-08T10:47:24.532823Z,github.com/alrayyes/forgejo-caldav-sync,v1.1.7
2026-10-08T10:47:25.120139Z,github.com/anatolykoptev/go-browser,v0.20.11
2026-10-08T10:47:26.82467Z,github.com/alien43/conch,v0.5.0
2026-10-08T10:47:27.651552Z,github.com/althk/tradekit/go/marketdata,v0.0.0-20261003161607-8e94195cacb9
2026-10-08T10:47:29.377027Z,github.com/alexjoverm/v-runtime-template,v1.10.1
2026-10-08T10:47:30.407048Z,github.com/andywilliams/dwlf-indicators-oss,v4.0.0+incompatible
2026-10-08T10:47:31.183308Z,github.com/altcha-org/altcha-lib-rb,v3.0.0+incompatible
2026-10-08T10:47:34.304489Z,github.com/ang-ee/angee-operator,v0.18.0
2026-10-08T10:47:35.753489Z,dector.space/gox/env,v0.0.0-20261008102637-992b782fbd9f
2026-10-08T10:47:36.132848Z,github.com/andersthomson/mediaserver,v0.2.4
2026-10-08T10:47:38.61832Z,github.com/amonks/go/pkg/jj,v0.0.15
2026-10-08T10:47:46.633697Z,github.com/acuteenvy/tldr,v0.0.0-20260927180323-6e9a8c04fb48
2026-10-08T10:47:50.167777Z,github.com/allenai/bolmo-core,v0.0.0-20261007183325-2d8178b16ce7
2026-10-08T10:48:02.835847Z,github.com/adbar/german-nlp,v0.0.0-20261006193611-3c680d2d906f
2026-10-08T10:48:04.972695Z,github.com/skinleak/peek,v0.1.0
2026-10-08T10:48:07.328455Z,github.com/ambientdev/winrm,v0.0.0-20261006075254-22ff5c134bbc
2026-10-08T10:48:11.802217Z,github.com/ai4science-westlakeu/vfscale,v0.0.0-20261002072611-6430f8f8c5cd
2026-10-08T10:48:12.092882Z,github.com/allendowney/thinkcomplexity2,v0.0.0-20261006180838-08940ca0ec47
2026-10-08T10:48:16.151461Z,github.com/agentevals-dev/agentevals,v0.9.12
2026-10-08T10:48:16.840752Z,github.com/ansible-lockdown/ubuntu22-cis,v0.0.0-20261008074356-2330a8a2f980
2026-10-08T10:48:18.732793Z,github.com/Sebastianbergmann/version,v0.0.0-20261006123807-af8b29873275
2026-10-08T10:48:19.425902Z,github.com/agent-fox-dev/coder,v0.0.0-20261008104758-e38e75760b4d
2026-10-08T10:48:23.564598Z,github.com/alphagov/govuk-knowledge-graph-gcp,v0.0.0-20260929085434-3731e08cfa1b
2026-10-08T10:48:26.315976Z,github.com/analogcode/swift-radio-pro,v4.0.0+incompatible
2026-10-08T10:48:31.529654Z,github.com/coreruleset/seclang_parser,v0.3.3-0.20260915183955-b092fa13322f
2026-10-08T10:48:36.147844Z,github.com/althk/tradekit/go/backtest,v0.0.0-20261003161607-8e94195cacb9
2026-10-08T10:48:41.534793Z,gitverse.ru/days/kubelatte-ce,v1.1.1-0.20261008104421-1963fcaf7529
2026-10-08T10:48:45.444243Z,github.com/adranchuk/m3u8,v0.0.0-20261008083704-c16aa73e58b9
2026-10-08T10:48:47.349643Z,github.com/amanthanvi/heimdall,v0.0.0-20261002215333-60ace0174e4e
2026-10-08T10:48:54.06669Z,github.com/andre-santos-pt/javardise,v0.0.0-20260924201251-b7090ba90fcd
2026-10-08T10:48:54.673047Z,github.com/antonybholmes/go_mailserver,v0.0.0-20260908140225-6848dd6e6739
2026-10-08T10:48:55.068043Z,github.com/antonybholmes/go-edb-mail-server,v0.0.0-20260908140255-50c5648e01e1
2026-10-08T10:48:55.47354Z,github.com/ankur-anand/kvreplicator,v0.0.0-20260929155059-01672ec4f5a2
2026-10-08T10:48:55.757848Z,github.com/andrewd-zededa/eve/pkg/pillar,v0.0.0-20261001111627-578b8411a674
2026-10-08T10:48:57.420488Z,github.com/andongob/HLF-blockTick,v0.0.0-20230924170306-3f4a1996c6fe
2026-10-08T10:48:58.915574Z,github.com/alis-build/public-go/alis/build,v1.18.0
2026-10-08T10:48:59.266627Z,github.com/alkallio/dns-updater,v0.0.0-20260906183440-342bb83be33e
2026-10-08T10:49:01.745033Z,github.com/alexarchambault/case-app,v2.1.1+incompatible
2026-10-08T10:49:04.582778Z,github.com/allape/homesong,v0.0.0-20261005092654-5ad213d61750
2026-10-08T10:49:07.010198Z,github.com/alexandear/import-gitlab-commits/tools,v0.0.0-20261007115805-a13c1184386e
2026-10-08T10:49:07.802586Z,github.com/andrii-rieznik/rie-zsh-theme,v0.0.0-20260925142839-97b9e5e06c7a
2026-10-08T10:49:12.335591Z,github.com/allangood/rtlamr2mqtt,v0.0.0-20261003231410-032a193c62c2
2026-10-08T10:49:13.039118Z,github.com/apple/swift-nio-extras,v0.0.0-20261007145755-4eaac9f9111e
2026-10-08T10:49:14.417012Z,github.com/alexandrainst/tiny_language_detection,v0.0.0-20261007112220-a71897d69815
2026-10-08T10:49:16.618666Z,sigs.k8s.io/cluster-api-operator/hack/chart-update,v0.0.0-20261007121644-3a6a4b78e134
2026-10-08T10:49:17.143572Z,github.com/amonaco/goauth,v0.0.0-20261003163111-f2c1edc05d54
2026-10-08T10:49:20.364363Z,github.com/andreadito/pipequery,v1.12.1
2026-10-08T10:49:26.809394Z,github.com/althk/tradekit/go/harness,v0.0.0-20261003161607-8e94195cacb9
2026-10-08T10:49:31.444549Z,github.com/Mikaelemmmm/zero-contrib,v0.0.0-20230408110737-bbf87df8ebcb
2026-10-08T10:49:34.016978Z,github.com/airflow-laminar/airflow-balancer,v0.7.11
2026-10-08T10:49:39.767523Z,sigs.k8s.io/e2e-framework/examples/testcontainers,v0.0.0-20261006082637-148cb683745e
2026-10-08T10:49:44.868547Z,github.com/revive-lint/revive,v1.17.1
2026-10-08T10:49:46.055128Z,github.com/amp-labs/cli,v1.2.0
2026-10-08T10:49:50.224236Z,github.com/agentable/go-requests/browser,v0.1.20
2026-10-08T10:49:51.480106Z,github.com/Alusus/Alusus,v0.4.1
2026-10-08T10:49:54.627194Z,sigs.k8s.io/e2e-framework/examples,v0.0.0-20261006082637-148cb683745e
2026-10-08T10:50:00.903842Z,github.com/agridence/public-docs,v0.0.0-20261005070503-6ff819650ef4
2026-10-08T10:50:14.822423Z,github.com/ericclemmons/diez,v2.0.1+incompatible
2026-10-08T10:50:18.332611Z,github.com/andybons/moat,v0.8.2
2026-10-08T10:50:20.452469Z,github.com/alchemy-fr/Zippy,v0.0.0-20261006200815-e82cf440a99c
2026-10-08T10:50:20.707762Z,github.com/FDio/archived-honeycomb,v1.18.10
2026-10-08T10:50:28.822794Z,github.com/myitcv/gogenerate,v0.0.0-20170415175604-bd69a94c9695
2026-10-08T10:50:36.742102Z,github.com/ahoy-lang/ahoy/pkg,v0.0.0-20261006081403-b53e7dd5e0e5
2026-10-08T10:50:42.312923Z,github.com/ai4s-research/open-science,v0.6.0
2026-10-08T10:50:43.571894Z,github.com/TencentCloud/tencentcloud-sdk-go/tencentcloud/trro,v1.0.703
2026-10-08T10:50:51.324097Z,codeberg.org/xvello/git-pages,v0.9.1-0.20261008082443-e390aaa63b23
2026-10-08T10:50:54.094867Z,github.com/Open-Telemetry/opentelemetry-go-contrib,v1.47.0
2026-10-08T10:51:24.7197Z,github.com/piggy-cat-bit-shadow/gvisor,v0.0.0-20261008084547-0ef874d4b88c
2026-10-08T10:51:36.062763Z,github.com/vigour-io/brisky-struct,v0.0.12
2026-10-08T10:51:36.876346Z,github.com/fdio/archived-honeycomb,v1.18.10
2026-10-08T10:51:39.357965Z,github.com/ProjectZKM/ZIren,v0.0.0-20261008035246-01062ca8a8da
2026-10-08T10:51:48.51714Z,github.com/blackears/svgSalamander,v1.1.5
2026-10-08T10:51:53.621878Z,github.com/auddMusic/audd-go,v1.5.20
2026-10-08T10:51:54.164525Z,github.com/bcmi/awesome-image-harmonization,v0.0.0-20261003063441-41b87f053dbd
2026-10-08T10:51:59.979789Z,sigs.k8s.io/provider-ibmcloud-test-infra/kubetest2-tf,v0.0.0-20261008052358-867e87034465
2026-10-08T10:52:00.607678Z,sigs.k8s.io/secrets-store-csi-driver/test/e2eprovider,v0.0.0-20261006143441-f36b3e36fa4e
2026-10-08T10:52:02.217735Z,github.com/bryanv/olricdb,v0.0.0-20181126134423-867e71563fea
2026-10-08T10:52:02.963124Z,github.com/be-edu/prose-mod,v0.0.0-20261007122434-a4d9bea9cb03
2026-10-08T10:52:06.91467Z,github.com/lognd/lograder,v0.0.0-20260718195322-370e96f9ddf3
2026-10-08T10:52:07.443634Z,github.com/authplane/go-sdk/mark3labs,v0.4.0
2026-10-08T10:52:08.878044Z,github.com/aspose-pdf-cloud/aspose-pdf-cloud-go/v26,v26.9.0
2026-10-08T10:52:10.458016Z,github.com/matthew-brett/rnbgrader,v0.0.0-20250529233547-75b9e234a42a
2026-10-08T10:52:11.457664Z,github.com/micklat/nba_pymc,v0.0.0-20230829125150-6250b9992b66
2026-10-08T10:52:14.20409Z,github.com/mjhydri/1D-StateSpace,v0.0.7-0.20231128045711-a0fb3df607ce
2026-10-08T10:52:14.318912Z,github.com/memoriadecalculo/django-sympycharfield,v0.0.0-20241107000141-c46ff0bb8bb2
2026-10-08T10:52:16.04419Z,github.com/autoinference/autoinference,v0.0.6
2026-10-08T10:52:19.092396Z,github.com/bazel-contrib/publish-to-bcr,v1.5.1
2026-10-08T10:52:19.512877Z,github.com/azerothcore/mod-autobalance,v0.0.0-20261007200842-1d707cb61a09
2026-10-08T10:52:19.525057Z,github.com/arduino-libraries/Arduino_GigaDisplay_GFX,v0.0.0-20261007142732-b56be129ebcc
2026-10-08T10:52:21.105816Z,github.com/althk/tradekit/go/store,v0.0.0-20261003161607-8e94195cacb9
2026-10-08T10:52:22.4231Z,github.com/azureinventory/ari,v0.0.0-20261007173405-e121640f3820
2026-10-08T10:52:23.260012Z,github.com/kopandante/boks,v0.0.0-20261008103731-4cbdab48af9c
2026-10-08T10:52:23.899783Z,github.com/authzed/playground,v0.4.1
2026-10-08T10:52:27.969739Z,github.com/beinbloom/big-deal,v0.0.0-20261005165354-ab5e81ab563c
2026-10-08T10:52:32.494133Z,github.com/audDMusic/audd-go,v1.5.20
2026-10-08T10:52:33.564746Z,github.com/avinashjoshi/canopy,v1.0.0-beta.4
2026-10-08T10:52:35.151536Z,github.com/benjithatfoxguy/bclone,v1.75.3
2026-10-08T10:52:35.889209Z,github.com/bcrypto/stb,v0.0.0-20261005154721-6e13295d9d7a
2026-10-08T10:52:37.655733Z,github.com/chickeniq/cf-router,v0.0.0-20260922230248-2386c1ce28a7
2026-10-08T10:52:38.456861Z,github.com/mathcube7/sympytools,v0.0.0-20221030070702-8809d3049327
2026-10-08T10:52:39.365172Z,github.com/bazelbuild/bazel-bench,v0.0.0-20261006113541-783a359f5d56
2026-10-08T10:52:39.7657Z,github.com/bcmi/image-harmonization-dataset-ccharmony,v0.0.0-20261006025721-5cc28c6f3c47
2026-10-08T10:52:47.273286Z,github.com/arthurwerle/transactions,v0.0.0-20261007162956-4f5fc871a28c
2026-10-08T10:52:47.741097Z,github.com/SWE-bench/swe-bench-multilingual-dockerfiles,v0.0.0-20260817004445-6e08cbcd763c
2026-10-08T10:52:48.143346Z,github.com/blues/notehub-go,v0.0.10
2026-10-08T10:52:50.270072Z,github.com/astronomer/astro-sdk,v0.0.0-20260930144016-6b0bdbf4f405
2026-10-08T10:52:56.415786Z,github.com/async-aws/ses,v0.0.0-20261005112623-2ff762725c88
2026-10-08T10:52:57.212354Z,github.com/apk-editor/apk-explorer-editor,v0.0.0-20261007210357-988401012e90
2026-10-08T10:52:57.27794Z,github.com/apache/airavata,v0.0.0-20261008031311-413eeebbaeb5
2026-10-08T10:52:59.201262Z,github.com/swe-bench/swe-bench-multilingual-dockerfiles,v0.0.0-20260817004445-6e08cbcd763c
2026-10-08T10:53:02.371222Z,github.com/aws-samples/aws-gateway-load-balancer-tunnel-handler,v0.0.0-20261005044159-fe2d371bb722
2026-10-08T10:53:03.477861Z,github.com/awslabs/aws-marketplace-catalog-api-shapes-for-java,v0.0.0-20261006211841-b5a1b75ac13b
2026-10-08T10:53:03.737986Z,github.com/aws/aws-encryption-sdk/AwsEncryptionSDK/runtimes/go/ImplementationFromDafny-go,v0.0.0-20260928204822-a952bed13ecf
2026-10-08T10:53:03.775766Z,github.com/bndr/gojenkins/cli/jenkinsctl/jenkins,v0.0.0-20261007145457-742374c74483
2026-10-08T10:53:03.888944Z,github.com/aws/amazon-s3-encryption-client-go/examples/migration/v3-to-v4,v0.0.0-20261006172201-a465f987325b
2026-10-08T10:53:04.010514Z,github.com/ankitects/anki-manual,v0.0.0-20261006194442-91f7485236db
2026-10-08T10:53:10.119842Z,github.com/aws-observability/application-signals-demo,v0.0.0-20260930213156-cb26dbe8285d
2026-10-08T10:53:10.237333Z,github.com/belangeo/soundgrain,v0.0.0-20261007093149-b6ff3200eda2
2026-10-08T10:53:12.221985Z,github.com/itz-agasta/nerrf,v0.0.0-20261005083000-2bb4f75bf56e
2026-10-08T10:53:14.202017Z,github.com/Dunsin-cyber/arkd,v0.0.0-20260901090427-f863e4847193
2026-10-08T10:53:15.609001Z,github.com/axisml/axisml/pkg/configdoc,v0.0.0-20261003145803-0206826b127c
2026-10-08T10:53:18.544361Z,github.com/bgpkit/bgpkit-broker,v0.13.1
2026-10-08T10:53:21.188805Z,github.com/apus-run/gala/pkg/signal,v0.11.1
2026-10-08T10:53:22.511826Z,github.com/axnic/pulumi-garage/sdk/go/pulumi-garage,v1.1.2
2026-10-08T10:53:22.597386Z,github.com/axisml/axisml/axisml-platform/backend,v0.0.0-20261003145803-0206826b127c
2026-10-08T10:53:24.525656Z,github.com/atoms-co/lib-go,v1.3.0
2026-10-08T10:53:24.65054Z,github.com/biaoliu/go-i18n/cmd/i18n,v0.0.0-20260811015652-59f79c1a64d5
2026-10-08T10:53:27.869289Z,github.com/berryboy/chrono,v2.10.2+incompatible
2026-10-08T10:53:29.674757Z,github.com/bcgov/vc-authn-oidc,v2.5.0+incompatible
2026-10-08T10:53:31.406456Z,github.com/anstrom/scanorama,v0.27.1
2026-10-08T10:53:34.604505Z,github.com/fraunhoferhhi/vvdec,v3.2.1+incompatible
2026-10-08T10:53:36.049147Z,github.com/audacious-media-player/audacious,v0.0.0-20261004191109-164f0980f643
2026-10-08T10:53:38.220052Z,github.com/aws/amazon-s3-encryption-client-go/v4/testvectors,v0.0.0-20261006172201-a465f987325b
2026-10-08T10:53:38.663568Z,github.com/ballerina-platform/plugin-gradle,v4.0.1+incompatible
2026-10-08T10:53:38.999108Z,github.com/an-tao/trantor,v1.5.29
2026-10-08T10:53:39.773618Z,github.com/bep/unused,v0.5.1
2026-10-08T10:53:45.959067Z,github.com/uoul/go-messaging,v1.0.2
2026-10-08T10:53:50.462602Z,github.com/apokleos/kata-containers,v0.0.0-20260930235557-645e1f6a881d
2026-10-08T10:53:50.59782Z,github.com/azmekk/vidra,v2.2.1+incompatible
2026-10-08T10:53:51.727605Z,github.com/beranekio/responses-api-store/sdk/go,v0.0.0-20261005230205-826979c0cd69
2026-10-08T10:53:52.075705Z,github.com/ionut-t/bark/v2,v2.24.1
2026-10-08T10:53:55.845462Z,github.com/apple/swift-asn1,v0.0.0-20261007144156-1964dcaab39f
2026-10-08T10:53:56.899849Z,github.com/azerothcore/mod-ale,v0.0.0-20261008073421-cead0cb2e58e
2026-10-08T10:53:56.968694Z,github.com/antgroup/YASA-Engine,v0.3.3
2026-10-08T10:53:57.723092Z,github.com/aws/Aws-sdk-go-v2/service/pricing,v1.49.2
2026-10-08T10:53:59.49073Z,github.com/aws/Aws-sdk-go-v2/service/cloudfront,v1.74.1
2026-10-08T10:53:59.85634Z,github.com/bhauman/clojure-mcp,v0.6.0
2026-10-08T10:54:00.485124Z,github.com/asreynolds1000/tn-elections-mcp,v0.0.0-20261005130323-fafb29aab70e
2026-10-08T10:54:00.63072Z,github.com/project-flogo/flow/activity/subflow,v0.12.1-0.20261008103149-7ebdc5acb5b5
2026-10-08T10:54:01.869498Z,github.com/arulrhikm/quantumdgm,v0.0.0-20261007201638-f9037f269b59
2026-10-08T10:54:02.078974Z,github.com/barrucadu/dejafu,v0.0.0-20261001152252-c7d77f8dc654
2026-10-08T10:54:05.676588Z,github.com/anazibinurasheed/ecommerce-device-mart,v0.0.0-20241023122305-6860bde82213
2026-10-08T10:54:06.551636Z,github.com/beucismis/awesome-fetch,v0.0.0-20261004052057-97e45e62ca41
2026-10-08T10:54:07.538224Z,github.com/analogcode/Swift-Radio-Pro,v4.0.0+incompatible
2026-10-08T10:54:09.227715Z,github.com/axisml/axisml/axisml-system/cluster-manager,v0.0.0-20261003145803-0206826b127c
2026-10-08T10:54:09.433661Z,github.com/beeware/python-support-testbed,v0.0.0-20261005045505-da5d0b5d4ebe
2026-10-08T10:54:10.206965Z,github.com/beeware/Python-support-testbed,v0.0.0-20261005045505-da5d0b5d4ebe
2026-10-08T10:54:19.08829Z,github.com/biomedsciai/fuse-med-ml,v0.0.0-20261005124806-fcb882bd7548
2026-10-08T10:54:19.46489Z,github.com/biojulia/biogenerics.jl,v0.1.6
2026-10-08T10:54:20.296356Z,github.com/azure/homebrew-bicep,v0.0.0-20261005194925-3918c4b63099
2026-10-08T10:54:20.400441Z,github.com/serialexp/superchat,v0.1.0
2026-10-08T10:54:24.529733Z,github.com/andrearaponi/dito/plugins/hello-plugin,v0.0.0-20261002071531-66a7365a95b0
2026-10-08T10:54:25.479406Z,github.com/birdayz/ezbar/go,v0.0.0-20261006141344-74851dff47f8
2026-10-08T10:54:28.43689Z,github.com/vulcand/oxy/v2,v2.2.1
2026-10-08T10:54:30.559399Z,github.com/abe404/root_painter,v0.0.0-20261008095305-f79886b74e62
2026-10-08T10:54:31.492451Z,github.com/adityaagrawal08/uplink-delta/cli,v0.0.0-20261006164136-b18ebaa45cb9
2026-10-08T10:54:31.837153Z,github.com/bit4woo/knife,v0.0.0-20261008063705-a747f45b1f28
2026-10-08T10:54:32.731933Z,github.com/awcodes/filament-quick-create,v5.2.0+incompatible
2026-10-08T10:54:34.689909Z,github.com/benjann/crosswalk,v0.0.0-20261001120119-0d7b37fd3ef7
2026-10-08T10:54:36.072072Z,github.com/badrap/valita,v0.5.5
2026-10-08T10:54:38.712105Z,github.com/andressbarajas/kallistios,v0.0.0-20261006235518-84ed47b77b2c
2026-10-08T10:54:39.291169Z,github.com/bitcoin-sv/bitcoin-sv,v1.2.3
2026-10-08T10:54:39.743571Z,github.com/aws/aws-sdk-go-V2/service/pricing,v1.49.2
2026-10-08T10:54:40.983147Z,github.com/bitranox/finanzonline_uid,v2.7.10+incompatible
2026-10-08T10:54:43.482561Z,github.com/bichikim/create-vibe-start,v0.1.3
2026-10-08T10:54:43.544089Z,github.com/hareku/its-forum-go/rc013v1,v0.1.0
2026-10-08T10:54:47.978291Z,github.com/bitsoex/bitso-java,v5.0.0+incompatible
2026-10-08T10:54:48.102966Z,github.com/babjatom/babjatom,v0.0.0-20261007104852-c0de12b07a78
2026-10-08T10:54:50.309655Z,github.com/aws/aws-fsx-csi-driver,v1.11.0
2026-10-08T10:54:51.080014Z,github.com/paladin-devops/go-tfe,v0.0.0-20260407173043-69fa2a5751e8
2026-10-08T10:54:52.544638Z,github.com/abdoelhodaky/tradsys,v0.0.0-20261007151417-cced3401effb
2026-10-08T10:54:53.157515Z,github.com/argoproj-labs/argo-rollouts-manager/hack/verify-rollouts-e2e-tests,v0.0.0-20261002124007-763d564a130c
2026-10-08T10:54:53.760843Z,github.com/bfenetworks/BFE,v1.8.8
2026-10-08T10:54:55.86951Z,github.com/beeware/Python-Apple-Support,v0.0.0-20261005041318-9e9ac8f4339d
2026-10-08T10:54:58.46446Z,github.com/apioo/fusio-apps-developer,v7.2.1+incompatible
2026-10-08T10:55:00.189863Z,github.com/beppler/sproxy,v1.2.1
2026-10-08T10:55:01.21606Z,github.com/beeware/briefcase-linux-system-template,v0.0.0-20261005041111-577416d8df8d
2026-10-08T10:55:01.438206Z,github.com/bjw34032/oro.nifti,v0.0.0-20261005103914-53318614214f
2026-10-08T10:55:01.992091Z,github.com/baekalfen/PyBoy,v2.8.1+incompatible
2026-10-08T10:55:02.589623Z,github.com/ballerina-platform/module-ballerina-grpc,v1.15.2
2026-10-08T10:55:04.481991Z,github.com/artamonovkirill/adventofcode,v0.0.0-20261002175107-1da53643cd2c
2026-10-08T10:55:07.712507Z,github.com/axisml/axisml/axisml-system/compute-operator,v0.0.0-20261003145803-0206826b127c
2026-10-08T10:55:08.223012Z,github.com/webtyp/jwt,v0.1.20
2026-10-08T10:55:08.316811Z,github.com/apogeoapi/apogeoapi-mcp,v1.1.0
2026-10-08T10:55:09.559998Z,github.com/laranex/go-myanmar-payments/v4,v4.0.0-20261008100218-ea82dc7c5fb0
2026-10-08T10:55:10.047095Z,github.com/axisml/axisml/axisml-standalone,v0.0.0-20261003145803-0206826b127c
2026-10-08T10:55:10.934501Z,github.com/bigkevmcd/rancher/pkg/apis,v0.0.0-20261007224512-28deadd2bb63
2026-10-08T10:55:10.953554Z,github.com/andybons/agentops,v0.8.2
2026-10-08T10:55:11.189874Z,github.com/bright-eu/grpcui,v0.0.0-20261001141455-671a649b6547
2026-10-08T10:55:15.053942Z,github.com/brianegge/oss-fuzz,v0.0.0-20261007123107-868bfcbd1db0
2026-10-08T10:55:15.627344Z,github.com/beryJu/radius-eap,v0.2.0
2026-10-08T10:55:16.777019Z,github.com/b4b4r07/get-changed-objects,v0.3.13
2026-10-08T10:55:19.124857Z,github.com/blaxel-ai/mcp-hub,v0.0.0-20261006021839-712f17beb374
2026-10-08T10:55:22.783976Z,github.com/autonomouslogic/eve-esi-proxy,v0.0.0-20261005211653-ea0545c5aa90
2026-10-08T10:55:24.065453Z,github.com/mjhydri/1d-statespace,v0.0.6
2026-10-08T10:55:26.55349Z,github.com/antfu-collective/vite-plugin-inspect,v0.7.24
2026-10-08T10:55:28.137072Z,github.com/bamnet/village,v0.0.0-20260930034301-2de3ddbe9dd9
2026-10-08T10:55:28.311853Z,github.com/barnetik/tbai-php-lib,v0.6.4
2026-10-08T10:55:28.822476Z,github.com/back-to-code/go-llm,v0.0.0-20261008083822-930c6e40a34f
2026-10-08T10:55:28.900173Z,github.com/avalanche-io/c4toolkit,v1.0.18
2026-10-08T10:55:30.481625Z,github.com/birdo1221/botnetgo,v0.0.0-20260929115803-31a2cef018d0
2026-10-08T10:55:31.530501Z,github.com/bloXRoute-Labs/gateway/v2,v2.138.22
2026-10-08T10:55:33.384316Z,github.com/armur-ai/vibescan,v0.0.0-20260930065249-13412a57a1ce
2026-10-08T10:55:35.710826Z,github.com/andydunstall/pico,v0.10.1
2026-10-08T10:55:35.836338Z,github.com/antgroup/yasa-engine,v0.3.3
2026-10-08T10:55:36.932161Z,github.com/begoon/cloudrun-primer,v0.0.0-20261006142353-2b44f3971380
2026-10-08T10:55:37.933319Z,github.com/aws/Aws-sdk-go-v2/service/lexruntimeservice,v1.37.2
2026-10-08T10:55:38.226184Z,github.com/benbenio/gh-tsuchi,v0.1.1
2026-10-08T10:55:45.117126Z,github.com/bahmutov/start-server-and-test,v3.0.13+incompatible
2026-10-08T10:55:46.284732Z,github.com/baidumapapi/wxapp-jsapi,v2.1.0+incompatible
2026-10-08T10:55:47.786743Z,github.com/beranekio/responses-api-store,v0.0.0-20261005230205-826979c0cd69
2026-10-08T10:55:48.140625Z,github.com/bluehands/carbon-aware-computing,v0.0.0-20261006185817-16368cb0ebd8
2026-10-08T10:55:49.220552Z,github.com/benjaminsrussell/go_go_go,v0.0.0-20261007194739-4078b558b4d7
2026-10-08T10:55:49.733435Z,github.com/aws/aws-sdk-go-V2/service/marketplaceentitlementservice,v1.46.2
2026-10-08T10:55:51.911806Z,github.com/bluemap-minecraft/bluemapapi,v2.8.1+incompatible
2026-10-08T10:55:52.759147Z,github.com/biaoliu/go-i18n,v1.0.1
2026-10-08T10:55:53.077915Z,github.com/azl397985856/Blog,v0.0.0-20261007044908-19299a04c24e
2026-10-08T10:55:54.962885Z,github.com/blaylockbk/SynopticPy,v0.0.0-20261007054247-5dd51c262b24
2026-10-08T10:55:56.87047Z,sourcedock.dev/petrbalvin/gasm-sdk,v0.36.0
2026-10-08T10:55:58.692998Z,sourcedock.dev/petrbalvin/gasm-devkit,v0.36.0
2026-10-08T10:55:58.841973Z,github.com/aws/aws-sdk-go-V2/service/iam,v1.64.2
2026-10-08T10:56:11.512327Z,github.com/bethropolis/dir-dumper,v1.4.0
2026-10-08T10:56:14.199709Z,sourcery.dny.nu/header,v0.1.1
2026-10-08T10:56:15.912343Z,github.com/berops/claudie-config,v0.13.1
2026-10-08T10:56:17.730375Z,github.com/ankitmoradiya/API-Hunter,v0.0.0-20261007082327-5f079b896078
2026-10-08T10:56:18.158038Z,sourcery.dny.nu/mediatype,v0.1.1
2026-10-08T10:56:19.878285Z,github.com/budparr/gohugo-theme-ananke/v2,v2.19.1
2026-10-08T10:56:21.263965Z,github.com/bayang/jelu,v0.88.2
2026-10-08T10:56:21.302771Z,github.com/axnic/pulumi-garage,v1.1.2
2026-10-08T10:56:23.229596Z,github.com/bjwanneng/veriflow-cc,v0.0.0-20261005080213-77eca651d0e6
2026-10-08T10:56:25.894494Z,github.com/binance/binance-connector-go/clients/fiat,v1.12.0
2026-10-08T10:56:27.109936Z,github.com/aws/aws-sdk-go-V2/service/athena,v1.66.2
2026-10-08T10:56:28.172468Z,github.com/bugsnag/bugsnag-cocoa,v6.38.1+incompatible
2026-10-08T10:56:29.100869Z,github.com/StratCraftsAI/NexusFix,v1.0.0
2026-10-08T10:56:30.8099Z,github.com/arxdsilva/POCs/playground/docker-volume,v0.0.0-20260508224108-e04ff30dc2c6
2026-10-08T10:56:31.713017Z,github.com/builtbyrobben/cli-template,v0.0.0-20261006040944-3eb2d489d851
2026-10-08T10:56:39.445572Z,github.com/bloxapp/ssv/ssvsigner,v0.0.0-20260930120013-52a63c02bc4e
2026-10-08T10:56:40.772215Z,github.com/bimberlab/DiscvrLabKeyModules,v0.0.0-20260930161926-07db9c4325c3
2026-10-08T10:56:41.239259Z,spirozh.com.de/is,v0.1.2
2026-10-08T10:56:41.750121Z,github.com/bcgov/lcfs,v1.3.9
2026-10-08T10:56:46.953637Z,github.com/bobberdolle1/unbound,v0.8.0
2026-10-08T10:56:48.70105Z,github.com/antchFX/xpath,v1.3.9
2026-10-08T10:56:49.74533Z,github.com/be-edu/prose-mod2,v0.0.0-20261007122446-6c6b412710ce
2026-10-08T10:56:57.543988Z,github.com/bndry-co/protectgo,v0.0.0-20260508181758-1f5dc11d0585
2026-10-08T10:57:02.46808Z,github.com/adrhill/SparseConnectivityTracer.jl,v1.2.4
2026-10-08T10:57:02.965771Z,github.com/Donnishcomau/snote,v0.2.3
2026-10-08T10:57:03.56671Z,github.com/baldugus/sisu,v0.0.0-20261007002257-fff27d61f536
2026-10-08T10:57:04.753357Z,github.com/bit4woo/domain_hunter_pro,v0.0.0-20261008042105-16c0179c2c46
2026-10-08T10:57:05.030428Z,github.com/benchub/rotten,v0.0.0-20261008031732-5c612e028cff
2026-10-08T10:57:06.816739Z,github.com/bitranox/finanzonline_databox,v1.2.21
2026-10-08T10:57:08.250284Z,github.com/beeware/mobile-forge,v0.0.0-20261005041612-08592e6930f0
2026-10-08T10:57:10.526872Z,github.com/Crate-crypto/go-eth-kzg,v0.3.0
2026-10-08T10:57:10.673735Z,github.com/byt3forg3/Tachyon,v0.0.0-20260426144000-822c10f50be9
2026-10-08T10:57:10.918864Z,src.fedoraproject.org/rpms/bash,v0.0.0-20261006032859-55f4c9ddc793
2026-10-08T10:57:12.857952Z,github.com/baleen37/memmem,v4.1.1+incompatible
2026-10-08T10:57:13.071559Z,github.com/benelferink/odigos/distros,v0.0.0-20261007144257-bc8cd177debd
2026-10-08T10:57:13.22997Z,github.com/beinbloom/big-deal/generated/go,v0.0.0-20261005165354-ab5e81ab563c
2026-10-08T10:57:14.779683Z,github.com/bancolombia/reactive-commons-go,v1.2.0
2026-10-08T10:57:15.021266Z,github.com/boyapple/common/log,v0.0.0-20261004083900-2ca4b73eed5a
2026-10-08T10:57:16.367369Z,github.com/binary-buxxe/govuln-tui,v0.0.0-20261008095726-df4c60aa838e
2026-10-08T10:57:19.186977Z,github.com/bozimmerman/Zimodem,v0.0.0-20261006234748-a534e5129d88
2026-10-08T10:57:21.904458Z,github.com/bpierre/dnum,v2.18.0+incompatible
2026-10-08T10:57:26.681946Z,github.com/benchcad/BenchCAD-main,v0.0.0-20260926073723-77fd16a80a4e
2026-10-08T10:57:29.727915Z,github.com/atkrad/wait4x/v3,v3.7.2
2026-10-08T10:57:40.914348Z,github.com/ApplauseOSS/snowflizzle,v0.14.0
2026-10-08T10:57:46.456048Z,github.com/bartosz-kuc/imgw-mcp,v0.0.0-20260926104553-4332a83e4eb0
2026-10-08T10:57:47.168869Z,github.com/blackgnezdo/syzkaller,v0.0.0-20260926010857-a3c7249d3a0d
2026-10-08T10:57:47.726156Z,github.com/smartcontractkit/chainlink-ccip/ccv/chains/evm,v0.0.0-20260317115913-34cf0518a544
2026-10-08T10:57:49.431737Z,github.com/axiomhq/gilfoyle,v0.0.0-20261007175212-631b5ee5e434
2026-10-08T10:57:49.789527Z,github.com/belangeo/zyne,v0.0.0-20261007095800-fb8e3b365aa0
2026-10-08T10:57:50.055799Z,github.com/base44/javascript-sdk,v0.8.53
2026-10-08T10:57:51.978407Z,github.com/bluehands/Carbon-Aware-Computing,v0.0.0-20261006185817-16368cb0ebd8
2026-10-08T10:57:53.077774Z,github.com/vfleaking/UOJ-sample-problems,v0.0.0-20220923040335-71d576dd767d
2026-10-08T10:57:55.009764Z,github.com/apachE/thrift,v0.25.0
2026-10-08T10:57:55.328635Z,github.com/cakephp/bake,v0.0.0-20261006164352-e4597067babe
2026-10-08T10:57:58.756259Z,github.com/percy/percy-ember,v1.2.21
2026-10-08T10:58:05.511591Z,github.com/aritiaya50217/high-concurrency-ticket-booking-system/booking-service,v0.0.0-20260930155725-ea961c1a491e
2026-10-08T10:58:10.085223Z,github.com/hareku/its-forum-go/rc016v1,v0.1.0
2026-10-08T10:58:11.027792Z,github.com/auth0/aspnetcore-api,v0.0.0-20261005083737-5779e2bce1dc
2026-10-08T10:58:12.724555Z,github.com/brewingcoder/holdfast/sdk/highlight-go,v0.0.0-20261004001406-f0cf35b7afb5
2026-10-08T10:58:13.963258Z,github.com/bnsmcx/yvpn,v0.3.2
2026-10-08T10:58:15.380788Z,github.com/bitdefender/bddisasm,v3.0.2+incompatible
2026-10-08T10:58:17.156345Z,github.com/smartcontractkit/chainlink-ccip/ccv/chains/evm/deployment,v0.0.0-20260317115913-34cf0518a544
2026-10-08T10:58:19.750581Z,github.com/smartcontractkit/chainlink-ccip/chains/evm/deployment,v0.0.0-20260317115913-34cf0518a544
2026-10-08T10:58:22.557284Z,github.com/apollographql/apollo-utils,v0.0.0-20261001184328-f04dddc61c13
2026-10-08T10:58:25.370981Z,github.com/akakibakaki/shopify,v1.1.1
2026-10-08T10:58:29.678914Z,github.com/azat/chdig,v26.10.1+incompatible
2026-10-08T10:58:32.647982Z,github.com/atlassian/atlassian-mcp-server,v0.0.0-20261007182841-b74220d41142
2026-10-08T10:58:33.191234Z,github.com/bazel-contrib/setup-bazel,v0.0.0-20261006142017-0114cb1ac2fe
2026-10-08T10:58:35.758509Z,github.com/ballerina-platform/ballerina-lang,v2201.14.0+incompatible
2026-10-08T10:58:36.768285Z,github.com/blacklight/tut,v0.0.0-20261007215533-0991ccd1c4bc
2026-10-08T10:58:37.239657Z,github.com/appwrite/sdk-for-swift,v0.0.0-20261006150414-414405be9f74
2026-10-08T10:58:41.446538Z,github.com/canonical/Pebble,v1.33.0
2026-10-08T10:58:41.817368Z,github.com/biit-solutions/wizardrytheme,v1.25.9
2026-10-08T10:58:43.015085Z,github.com/aws/aws-sdk-go-V2/service/shield,v1.43.2
2026-10-08T10:58:47.466491Z,github.com/blackhole12/sweetiebot,v0.0.0-20241215101420-c26ae280fee6
2026-10-08T10:58:48.489509Z,github.com/blizzard/s2protocol,v0.0.0-20261008002413-3b40c5ef0183
2026-10-08T10:58:48.592674Z,github.com/bigbio/proteomics-quant-formats,v1.1.5
2026-10-08T10:58:52.224677Z,github.com/aspose-pdf-cloud/Aspose.PDF-Cloud-SDK-for-Go/v26,v26.9.0
2026-10-08T10:58:55.180453Z,github.com/gtnebel/nu-plugin,v0.0.0-20261008103812-2ea362700e5a
2026-10-08T10:58:55.233557Z,github.com/browsersec/KubeBrowse,v0.0.0-20261008085038-7636959cb011
2026-10-08T10:58:55.782933Z,github.com/awels/kubevirt/staging/src/kubevirt.io/api,v0.0.0-20261006110633-162955ff0265
2026-10-08T10:58:55.924365Z,github.com/UniversalOJ/uoj,v0.0.0-20240620033534-2f3295b891d8
2026-10-08T10:58:56.436932Z,github.com/be-edu/weather-1,v0.0.0-20261007122924-380779ffe8cf
2026-10-08T10:58:58.286228Z,storj.io/drpc/examples/drpc_and_http,v0.0.0-20261005112101-926897689bd5
2026-10-08T10:58:58.970289Z,storj.io/drpc/examples/drpc,v0.0.0-20261005112101-926897689bd5
2026-10-08T10:58:59.739269Z,storj.io/drpc/examples/grpc,v0.0.0-20261005112101-926897689bd5
2026-10-08T10:59:04.779644Z,github.com/bronlabs/homebrew-apps,v0.0.0-20260929151559-62cb89984c3f
2026-10-08T10:59:06.063795Z,github.com/0xsdeo/AntiDebug_Breaker,v3.1.2+incompatible
2026-10-08T10:59:06.145266Z,github.com/becheran/mlc,v1.2.2
2026-10-08T10:59:06.233212Z,github.com/hareku/its-forum-go/rc016v2,v0.1.0
2026-10-08T10:59:17.796504Z,github.com/bookweb/structcopy-gen,v0.0.17
2026-10-08T10:59:18.647685Z,github.com/automoto/ggscale-go,v0.7.1
2026-10-08T10:59:21.434805Z,github.com/bioconductor/bioconductor.org,v0.0.0-20261005123928-3416f6cfdc4d
2026-10-08T10:59:26.339814Z,github.com/bozimmerman/zimodem,v0.0.0-20261006234748-a534e5129d88
2026-10-08T10:59:27.055138Z,github.com/CC11001100/ast-hook-for-js-RE,v0.0.0-20240507173648-3779fa1c13e4
2026-10-08T10:59:29.251772Z,github.com/bluelovers/ws-random,v0.0.0-20261005051445-b07bd180d828
2026-10-08T10:59:29.31879Z,github.com/ava-labs/avalancheGo,v1.15.1
2026-10-08T10:59:29.694071Z,github.com/bobsoapwins/tipping-calculator,v0.0.0-20261007162558-08c794fa5444
2026-10-08T10:59:48.949109Z,github.com/bigkevmcd/rancher/pkg/client,v0.0.0-20261007224512-28deadd2bb63
2026-10-08T10:59:52.302686Z,github.com/brasil-fiscal/core,v0.0.0-20260926223439-5312309965b6
2026-10-08T10:59:57.53808Z,github.com/hackthacker-sec/recontool,v1.0.5
2026-10-08T10:59:58.747918Z,github.com/aws-observability/aws-otel-test-framework/tools/batchTestGenerator,v0.0.0-20261002142912-b6035dd4ed7d
2026-10-08T10:59:59.09537Z,github.com/chetto1983/aura,v1.1.0
2026-10-08T11:00:01.938546Z,github.com/arduino/licensed-notice-deduplicate,v1.1.0
2026-10-08T11:00:04.502986Z,github.com/donnishcomau/snote,v0.2.3
2026-10-08T11:00:06.740982Z,github.com/adrhill/sparseconnectivitytracer.jl,v1.2.4
2026-10-08T11:00:08.988034Z,github.com/senoff/xlsx-for-ai,v4.0.10+incompatible
2026-10-08T11:00:14.012418Z,github.com/arnarg/nix-gleam,v0.0.0-20261006091832-1f381546b732
2026-10-08T11:00:15.92916Z,github.com/azure/azure-c-shared-utility,v0.0.0-20261007004304-542224c92b91
2026-10-08T11:00:19.337088Z,github.com/beranekio/duihua-ai-services,v0.0.0-20261005061205-3d3797d9e68e
2026-10-08T11:00:28.465104Z,swa.sh,v0.0.0-20261006161839-66ccd1b93819
2026-10-08T11:00:30.723428Z,github.com/nathanxia/java,v0.0.0-20180630171114-1fa966b5dfec
2026-10-08T11:00:31.55825Z,github.com/sheepzh/time-tracker-4-browser,v0.8.0
2026-10-08T11:00:32.555306Z,github.com/arroofi07/go-rag-edu,v0.0.0-20261004174948-eec6449a30a5
2026-10-08T11:00:36.231981Z,github.com/NATHANXIA/java,v0.0.0-20180630171114-1fa966b5dfec
2026-10-08T11:00:36.653963Z,github.com/amagioss/slv,v0.23.11
2026-10-08T11:00:37.014528Z,github.com/amarinhosn/flexgeo2,v0.0.0-20260930221416-c33125b90a75
2026-10-08T11:00:37.233022Z,github.com/twuebi/madmin-go/v4,v4.0.0-20261008075132-d5e4e43481d3
2026-10-08T11:00:37.672028Z,github.com/cppla/utls,v0.0.0-20261008110020-7295e1b508c3
2026-10-08T11:00:41.774208Z,huggingface.co/datasets/SWE-Gym/SWE-Gym-raw.git,v0.0.0-20241223075357-47e98187b31f
2026-10-08T11:00:43.167633Z,swa.sh/vterm,v0.0.0-20261006161839-66ccd1b93819
2026-10-08T11:00:49.170188Z,github.com/amberpixels/just-x,v0.2.1
2026-10-08T11:00:56.234961Z,github.com/aspose-pdf-cloud/aspose.pdf-cloud-sdk-for-go/v26,v26.9.0
2026-10-08T11:00:57.776604Z,huggingface.co/datasets/r2e-gym/R2E-Gym.git,v0.0.0-20250205060258-8d3163011f01
2026-10-08T11:00:57.824673Z,github.com/0xsdeo/antidebug_breaker,v3.1.2+incompatible
2026-10-08T11:01:10.156104Z,github.com/mohsen20031203/kv-toolbox,v0.0.0-20260413104724-707e38c6c223
2026-10-08T11:01:17.000128Z,github.com/tencentcloud/tencentcloud-sdk-go/tencentcloud/trro,v1.3.174-0.20261004195417-c62bd65b7754
2026-10-08T11:01:19.079952Z,github.com/andygeorge/dextie,v0.0.0-20261008105747-6253d7ce6b02
2026-10-08T11:01:21.078878Z,github.com/anker-in/s3-presign,v0.0.0-20210330064230-e52a18792644
2026-10-08T11:01:23.772083Z,github.com/bigkevmcd/norman,v0.0.0-20260928191805-ce936e5e92f6
2026-10-08T11:01:29.944905Z,github.com/aws/AWS-sdk-go-v2,v1.47.1
2026-10-08T11:01:30.87154Z,github.com/Projectzkm/Ziren,v0.0.0-20261008035246-01062ca8a8da
2026-10-08T11:01:35.075616Z,github.com/citp/openwpm,v0.38.0
2026-10-08T11:01:37.487653Z,github.com/vicxu416/seed-factory,v0.0.0-20201031150525-0b738834c658
2026-10-08T11:01:45.301394Z,github.com/casdoor/casdoor-electron-example,v0.0.0-20261006172221-c11bee2fae30
2026-10-08T11:01:51.289221Z,github.com/zhouguangyuan0718/go-llvm,v0.0.0-20261008110133-f6e797edc078
2026-10-08T11:01:51.446984Z,github.com/deploymenttheory/macos-mcp-server,v0.1.2
2026-10-08T11:01:53.912333Z,github.com/celluloid-player/celluloid,v0.0.0-20261004225419-c2c9200af476
2026-10-08T11:01:57.634585Z,github.com/c2sp/CCTV/age,v0.0.0-20260925130909-50a8ecf2a220
2026-10-08T11:02:01.518698Z,github.com/bvivg/axon/core/shared,v0.0.0-20261001044949-82e8b07ea469
2026-10-08T11:02:03.994819Z,github.com/rhc/rhc,v0.0.0-20221029133808-cd65c4e9138e
2026-10-08T11:02:07.027603Z,github.com/c2FmZQ/tlsproxy/examples/deviceauth,v0.0.0-20261007173353-8a25cfd4b704
2026-10-08T11:02:07.766408Z,github.com/rhg/blog,v0.0.0-20190316185746-d0bb4408135a
2026-10-08T11:02:07.811361Z,github.com/Lionsoul2014/ip2region,v0.0.0-20261008081544-02f04aa559ac
2026-10-08T11:02:11.536652Z,github.com/cachestorm/cachestorm,v0.3.0
2026-10-08T11:02:12.92243Z,github.com/cacack/my-family,v0.12.0
2026-10-08T11:02:16.069852Z,github.com/byt3forg3/tachyon/bindings/go,v0.0.0-20260426144000-822c10f50be9
2026-10-08T11:02:21.268245Z,github.com/clickhouse/clickhouse-kafka-connect,v1.7.0
2026-10-08T11:02:23.249342Z,github.com/consensys/gnark-CRYPTO,v0.22.0
2026-10-08T11:02:25.15793Z,github.com/cloudfoundry/capi-bara-tests,v0.0.0-20261007145043-49dafe9b921f
2026-10-08T11:02:28.096762Z,github.com/climakers/qfv,v1.0.3
2026-10-08T11:02:29.197991Z,github.com/cfgate/cfgate,v0.2.0-alpha.11
2026-10-08T11:02:34.549585Z,github.com/chrisliu298/awesome-on-policy-distillation,v0.0.0-20261006075913-564459669d99
2026-10-08T11:02:39.839885Z,github.com/cloudygoose/cloudygoose.github.io,v0.0.0-20261005062345-8cf1899b6953
2026-10-08T11:02:49.774827Z,buf.build/gen/go/conduitio/conduit-commons/connectrpc/go,v1.12.0-20240104120747-de2e1a18c9e0.1
2026-10-08T11:02:51.410027Z,github.com/clickhouse/CLickHouse-go/v2,v2.49.0
2026-10-08T11:02:53.183767Z,github.com/ledti/dotfiles,v0.0.0-20160428204343-d8b2b76637f0
2026-10-08T11:02:55.970241Z,github.com/bottlerocket-os/bottlerocket-sdk/sbomtool,v0.0.0-20261001222230-2d5121fd495e
2026-10-08T11:02:59.298801Z,github.com/chomusuke-png/minecraft-server-manager-go,v1.8.0
2026-10-08T11:02:59.906606Z,github.com/clickhouse/clickHouse-go/v2,v2.49.0
2026-10-08T11:02:59.961945Z,github.com/cADDYserver/cADDY/v2,v2.11.7
2026-10-08T11:03:00.456732Z,github.com/carpentries-incubator/bioc-scrnaseq,v0.0.0-20261006042852-4d668eea03c4
2026-10-08T11:03:00.669341Z,github.com/c2fmzq/tlsproxy/examples/deviceauth,v0.0.0-20261007173353-8a25cfd4b704
2026-10-08T11:03:02.727991Z,github.com/cloudquery/cloudquery/plugins/destination/kafka/v5,v5.8.0
2026-10-08T11:03:03.9694Z,github.com/chaos-mesh/chaos-mesh/e2e-test/cmd/e2e_helper,v0.0.0-20261003202254-93359158e54a
2026-10-08T11:03:04.554739Z,github.com/cloudsmith-io/cloudsmith-cli,v1.28.0
2026-10-08T11:03:05.506587Z,github.com/clinical-genomics/chanjo,v4.9.2+incompatible
2026-10-08T11:03:06.578219Z,github.com/biomodhub/biomod2,v0.0.0-20261008091850-13c7e749ad22
2026-10-08T11:03:07.311364Z,github.com/zaadinda/day7-amartha,v1.0.1
2026-10-08T11:03:07.41731Z,github.com/charlesloder/havarotjs,v0.25.5
2026-10-08T11:03:08.637334Z,github.com/casdoor/casdoor-go-react-sdk-example,v0.0.0-20261006112355-7dec0dfc9b08
2026-10-08T11:03:12.407949Z,github.com/yantrio/terraform-example-golang-lambda,v0.0.0-20240605102547-cef2687dbcf0
2026-10-08T11:03:13.720003Z,github.com/blinklabs-io/apollo/v2,v2.0.0-20261005211130-27d1e7849c89
2026-10-08T11:03:17.856325Z,github.com/couchbasecloud/terraform-provider-capella,v1.12.0
2026-10-08T11:03:21.483333Z,github.com/cmeeren/felicity,v0.0.0-20261008074222-05ac6fc3481b
2026-10-08T11:03:21.967412Z,github.com/Ta0uf19/forgeron,v0.1.4
2026-10-08T11:03:26.785696Z,github.com/cloudfoundry/capi-bara-tests/assets/tcp-listener,v0.0.0-20261007145043-49dafe9b921f
2026-10-08T11:03:27.028842Z,github.com/bramus/specificity,v2.4.3+incompatible
2026-10-08T11:03:28.050753Z,github.com/course-go/exercises/11-observability,v0.0.0-20261008052015-aa5bb5c70750
2026-10-08T11:03:28.612282Z,github.com/codebypranav/exploraition,v0.0.0-20261004220042-04a4036ab928
2026-10-08T11:03:28.824802Z,github.com/paurkedal/ocaml-caqti,v3.1.0+incompatible
2026-10-08T11:03:30.27727Z,github.com/chleba/ollamamq,v0.5.0
2026-10-08T11:03:31.985098Z,github.com/cloudwebrtc/libwebrtc,v0.0.0-20261008041823-8ee1ef5e107d
2026-10-08T11:03:32.701613Z,github.com/yashdalfthegray/gallery-wall/layout,v0.0.0-20260915115446-8b78340d956b
2026-10-08T11:03:33.306382Z,github.com/cisco/hash-sigs,v0.0.0-20261007201954-4493ebaebb16
2026-10-08T11:03:35.439943Z,github.com/cloudquery/cloudquery/plugins/destination/azblob/v4,v4.6.0
2026-10-08T11:03:35.850584Z,github.com/chen08209/flutter_distributor,v0.6.11-flclash.3
2026-10-08T11:03:49.52869Z,github.com/bminer/ws-server-wrapper,v2.2.0+incompatible
2026-10-08T11:03:49.810094Z,github.com/clusterm/wg-obfuscator,v0.0.0-20261008023543-af744c5cc8f7
2026-10-08T11:03:50.240772Z,github.com/cnsdqd-dyb/VillagerAgent,v0.0.0-20261007063155-80a6ffe3c05c
2026-10-08T11:03:53.05099Z,github.com/chrisgrieser/shimmering-obsidian,v0.0.0-20261001114551-565af5c746a4
2026-10-08T11:03:55.262192Z,github.com/canonical/k8sd,v0.0.0-20261008082234-b777e5648764
2026-10-08T11:03:55.709959Z,github.com/SongMu/flextime,v0.0.2
2026-10-08T11:03:55.735029Z,github.com/clairatech/n8n-nodes-claira,v0.0.0-20261006142502-d7a71913736f
2026-10-08T11:03:55.973418Z,github.com/chrishenzie/kubernetes/staging/src/k8s.io/cli-runtime,v0.0.0-20260923163622-ac1e38e7f2d5
2026-10-08T11:03:58.808016Z,github.com/elastic/elasticsearch-k8s-metrics-adapter,v0.1.1-0.20261007115833-6d712cd4937a
2026-10-08T11:03:58.912894Z,github.com/chaoses-ib/nest-asyncio2,v1.7.4
2026-10-08T11:04:02.397109Z,github.com/cloudquery/cloudquery/plugins/destination/gcs/v5,v5.6.0
2026-10-08T11:04:02.961054Z,github.com/clarkmcc/cel-rust,v0.15.0
2026-10-08T11:04:03.707398Z,github.com/canop/clap-help,v0.0.0-20260930055126-bd775005fd92
2026-10-08T11:04:07.741857Z,github.com/chrishenzie/kubernetes/staging/src/k8s.io/sample-controller,v0.0.0-20260923163622-ac1e38e7f2d5
2026-10-08T11:04:11.627851Z,github.com/capcom6/go-project-template,v0.0.0-20261007104031-9c4037079cb2
2026-10-08T11:04:12.51049Z,github.com/talen8/FlecBlog,v1.4.2
2026-10-08T11:04:12.962391Z,github.com/colibrisec/ojo,v0.2.4
2026-10-08T11:04:13.35088Z,github.com/chieh2lu2/chieh2lu2.github.io,v0.0.0-20261008091813-0da23707b26d
2026-10-08T11:04:14.159076Z,github.com/voxgig-sdk/lm-multichannel-sdk/go,v0.1.1
2026-10-08T11:04:14.95954Z,github.com/coilysiren/cli-guard,v0.254.0
2026-10-08T11:04:15.317533Z,github.com/charmbracelet/Bubbletea/v2,v2.0.10
2026-10-08T11:04:17.12922Z,github.com/voxgig-sdk/lm-multichannel-sdk/go-mcp,v0.1.1
2026-10-08T11:04:18.00276Z,github.com/andeya/redis,v1.3.12
2026-10-08T11:04:20.870213Z,github.com/brocaar/lora-semtech-bridge,v0.0.0-20261006143623-a5ae780f1318
2026-10-08T11:04:23.981618Z,github.com/voxgig-sdk/lm-sms-sdk/go,v0.1.1
2026-10-08T11:04:26.989784Z,github.com/cocoindex-io/cocoindex-code,v0.2.42
2026-10-08T11:04:27.51247Z,github.com/berriai/litellm-pgvector,v0.0.0-20261006001640-5bd8f3ab1fa9
2026-10-08T11:04:28.042392Z,github.com/comet-ml/opik-openclaw,v0.3.0
2026-10-08T11:04:28.439219Z,github.com/voxgig-sdk/lm-sms-sdk/go-mcp,v0.1.1
2026-10-08T11:04:29.348754Z,github.com/ckeditor/ckeditor5-react,v12.0.0+incompatible
2026-10-08T11:04:29.823793Z,github.com/bootc-dev/bootc,v1.17.1
2026-10-08T11:04:29.887626Z,github.com/carlmjohnson/resperr/v2,v2.26.1
2026-10-08T11:04:31.223536Z,github.com/carlos-algms/agentic.nvim,v0.0.0-20261004191043-e280deec82cf
2026-10-08T11:04:33.494086Z,github.com/carpentries-incubator/bioc-intro,v0.0.0-20261006041449-5a952fa59d96
2026-10-08T11:04:34.338875Z,github.com/codefrantic/pgcraft-go,v0.0.0-20261001095214-79c9104ad4db
2026-10-08T11:04:36.530877Z,github.com/voxgig-sdk/lm-email-sdk/go,v0.1.1
2026-10-08T11:04:37.644886Z,github.com/chmod222/zuxn,v0.0.0-20261004230017-6fab4808a3a7
2026-10-08T11:04:37.686557Z,github.com/cdi-spec/cdi,v0.0.0-20261007182016-9eabed4b1b3d
2026-10-08T11:04:39.57089Z,github.com/pj/commandline_thing,v0.0.0-20261007191645-95b44e6ef0fc
2026-10-08T11:04:39.656247Z,github.com/microsoft/qdk,v1.33.0
2026-10-08T11:04:39.85757Z,github.com/voxgig-sdk/lm-email-sdk/go-mcp,v0.1.1
2026-10-08T11:04:41.202749Z,github.com/casdoor/casdoor-flutter-sdk,v2.0.1+incompatible
2026-10-08T11:04:42.692413Z,github.com/voxgig-sdk/lm-whatsapp-sdk/go,v0.1.1
2026-10-08T11:04:43.333488Z,github.com/browsersec/kubebrowse,v0.0.0-20261008085038-7636959cb011
2026-10-08T11:04:46.526226Z,github.com/voxgig-sdk/lm-whatsapp-sdk/go-mcp,v0.1.1
2026-10-08T11:04:48.965573Z,github.com/crueber/loom,v0.0.0-20261005124635-57ed5462b2c3
2026-10-08T11:04:49.870643Z,github.com/casdoor/casdoor-ios-sdk,v0.0.0-20261004031925-c412edcad809
2026-10-08T11:04:50.067724Z,github.com/blazkowolf/gruber-darker.nvim,v0.0.0-20260923140102-35cb97959ef0
2026-10-08T11:04:51.390209Z,github.com/voxgig-sdk/lm-umbrella-sdk/go-mcp,v0.1.1
2026-10-08T11:04:53.407223Z,github.com/citation-js/plugin-wikipedia-templates,v0.2.0
2026-10-08T11:04:54.918174Z,github.com/codexu/note-gen-docs,v0.0.0-20261008064640-59a7164f0dd7
2026-10-08T11:04:57.083611Z,github.com/chriscbr/purecdk8s,v0.0.0-20260928202356-a64e9fc6a57b
2026-10-08T11:04:57.164199Z,github.com/sagmans/serverpro,v0.2.0
2026-10-08T11:04:58.018025Z,github.com/netdata/agent-service-discovery,v0.2.11-0.20250130100712-e2c5bd784d55
2026-10-08T11:04:58.574837Z,github.com/bhaskarblur/neobase-ai-frontend/backend,v0.0.0-20261006084717-bb5dcbc1891f
2026-10-08T11:04:58.648328Z,github.com/voxgig-sdk/smsapi-sdk/go,v0.0.0-20261002130957-e0fc79a143e0
2026-10-08T11:04:59.568654Z,github.com/boxboxjason/provider-sonarqube,v0.0.0-20261001222354-aa740e501a02
2026-10-08T11:05:01.7695Z,github.com/cryptowizard0/vmdockerv2,v0.0.0-20261008065232-821e6485f87a
2026-10-08T11:05:02.094801Z,github.com/PriorLabs/TabPFN,v6.3.2+incompatible
2026-10-08T11:05:02.185942Z,github.com/voxgig-sdk/smsapi-sdk/go-mcp,v0.0.0-20261002130957-e0fc79a143e0
2026-10-08T11:05:03.322579Z,github.com/chrismfz/cfm,v0.0.0-20261008104807-afee7140dfd3
2026-10-08T11:05:03.402842Z,github.com/ta0uf19/forgeron,v0.1.4
2026-10-08T11:05:07.969872Z,github.com/voxgig-sdk/thesmsworks-sdk/go-mcp,v0.1.1
2026-10-08T11:05:08.594183Z,github.com/codepzj/Stellux-Server,v0.0.0-20260625042852-f8c596fc958a
2026-10-08T11:05:11.701479Z,github.com/anyshake/nexus,v0.2.0
2026-10-08T11:05:12.219501Z,github.com/coderfrankenstain/Proton-API-Bridge,v1.2.1
2026-10-08T11:05:12.254389Z,github.com/clash-verge-rev/tauri-plugin-mihomo,v0.0.0-20261006151358-7a03d16f4d39
2026-10-08T11:05:12.660177Z,github.com/bpierre/blo,v2.1.1+incompatible
2026-10-08T11:05:13.660701Z,github.com/catboost/benchmarks,v0.0.0-20261006225525-40e388e39ef3
2026-10-08T11:05:14.349363Z,github.com/conda-forge/pyro-ppl-feedstock,v0.0.0-20261004182541-d6d3e4a8bf10
2026-10-08T11:05:14.860066Z,github.com/cnap-tech/cli,v0.11.3
2026-10-08T11:05:15.655533Z,github.com/claude-monitor/claude-monitor,v1.20.0
2026-10-08T11:05:19.699293Z,github.com/codewitch-honey-crisis/gfx,v0.0.0-20261006195321-2e2f663e7703
2026-10-08T11:05:21.700659Z,github.com/cisco-ai-defense/defenseclaw,v0.0.0-20261006192443-95159fdb849d
2026-10-08T11:05:25.364272Z,github.com/cogentcore/lab,v0.1.21
2026-10-08T11:05:26.928417Z,github.com/codeswhat/lookout,v0.9.23
2026-10-08T11:05:27.249341Z,github.com/connectrpc/validate-go,v0.8.0
2026-10-08T11:05:27.310714Z,github.com/coinbase/secp256k1,v0.8.0-cbmpc
2026-10-08T11:05:31.864322Z,github.com/chuccp/win-sshpass,v1.0.0
2026-10-08T11:05:34.003223Z,github.com/charlesLoder/havarotjs,v0.25.5
2026-10-08T11:05:35.104653Z,github.com/coffeyvidzro/dugble,v0.0.0-20261005061355-e57f745e19b9
2026-10-08T11:05:38.628198Z,github.com/collectiveforecast/indicators,v0.0.0-20260925082038-40c30183c002
2026-10-08T11:05:41.185025Z,github.com/priorlabs/tabpfn,v9.1.0+incompatible
2026-10-08T11:05:45.088707Z,github.com/coleburch/burrow,v0.0.0-20261002175429-7e907ff96d20
2026-10-08T11:05:46.48537Z,github.com/burnt-labs/xion.js,v0.0.0-20261008014047-b8c2f8aba605
2026-10-08T11:05:47.958449Z,github.com/cedrict1/claude-distant/client,v0.0.0-20261007132921-1906f5a4962a
2026-10-08T11:05:48.04106Z,github.com/connectrpc/connect-go-examples,v0.0.0-20261007173155-f7b2e1a8d692
2026-10-08T11:05:50.894263Z,github.com/cenk/backoff/v7,v7.0.1
2026-10-08T11:05:50.924401Z,github.com/ucgeorge/switchboard,v0.2.0
2026-10-08T11:05:51.008932Z,github.com/cemc-oper/orvix,v0.2.0
2026-10-08T11:05:54.181484Z,github.com/talen8/flecblog,v1.4.2
2026-10-08T11:05:56.015707Z,github.com/cloudfoundry/capi-bara-tests/assets/sidecar-dependent,v0.0.0-20261007145043-49dafe9b921f
2026-10-08T11:05:57.076417Z,github.com/cloudfoundry/statsd-injector-release,v1.11.62
2026-10-08T11:05:57.667752Z,github.com/cloudfoundry/buildpacks-github-config,v0.0.0-20261005062622-0cdfcc589b15
2026-10-08T11:05:58.875518Z,github.com/biowasm/biowasm,v0.0.0-20261001175841-4afa546aa207
2026-10-08T11:05:58.982461Z,github.com/coldfront/coldfront,v1.1.10
2026-10-08T11:05:59.641636Z,github.com/xuchengli/checkers,v0.0.0-20230203025656-82a15cae8370
2026-10-08T11:06:00.611112Z,github.com/colemanwhaylon/nexus-protocol/backend,v0.0.0-20261003043513-1dc202e11a87
2026-10-08T11:06:03.080857Z,github.com/colibriproject-dev/colibri-sdk-go-examples/school-module,v0.0.0-20261002011149-681295b7a1e1
2026-10-08T11:06:07.560864Z,github.com/cloudposse/terraform-yaml-stack-config,v2.0.1+incompatible
2026-10-08T11:06:07.804311Z,github.com/cloudsigma/cloudsigma-sdk-go/tools,v0.0.0-20261007052834-c494903d73dd
2026-10-08T11:06:08.083544Z,github.com/bolucat/forwardproxy,v0.0.0-20261006113151-c096d6a00cb2
2026-10-08T11:06:11.013234Z,github.com/cloud-architekt/azuread-attack-defense,v0.0.0-20261005125522-cb5b1ede2b11
2026-10-08T11:06:15.064251Z,github.com/confidential-containers/trustee-operator,v0.22.0
2026-10-08T11:06:16.878089Z,github.com/cloudquery/cloudquery/plugins/destination/neo4j/v5,v5.6.0
2026-10-08T11:06:18.313132Z,github.com/ckeditor/ckeditor5-vue,v9.0.0+incompatible
2026-10-08T11:06:18.684136Z,github.com/course-go/code,v0.0.0-20261008051909-176558eb6c18
2026-10-08T11:06:19.053696Z,github.com/wjl2017/go-ethereum,v0.0.0-20180529084320-f75353c7e70b
2026-10-08T11:06:20.409985Z,github.com/apus-run/gala/components/plugin,v0.11.1
2026-10-08T11:06:21.47156Z,github.com/chrishenzie/kubernetes/staging/src/k8s.io/metrics,v0.0.0-20260923163622-ac1e38e7f2d5
2026-10-08T11:06:22.419787Z,github.com/codesome/prometheus/documentation/examples/remote_storage,v0.0.0-20260926143320-ea954809ceaf
2026-10-08T11:06:26.303621Z,github.com/consentiumiot/consentiumthings,v0.0.0-20261007102445-9b8f83e44b36
2026-10-08T11:06:26.589777Z,github.com/chrisvilches/algorithms,v0.0.0-20260816145917-4a550e2e991c
2026-10-08T11:06:26.860529Z,github.com/Yasin4261/food-delivery,v1.0.0
2026-10-08T11:06:26.939921Z,github.com/consol/check_prometheus,v0.0.0-20260817100350-c4dd3c895629
2026-10-08T11:06:28.126816Z,github.com/consensys/gnark-Crypto,v0.22.0
2026-10-08T11:06:31.901143Z,github.com/congmnguyen/congmnguyen,v0.0.0-20261005133832-f01cf72e1508
2026-10-08T11:06:31.909405Z,github.com/arash-ra03/adversarial-matrix-completion,v0.0.0-20261007101322-035b9a7f0b14
2026-10-08T11:06:33.648193Z,github.com/brrake/dynamicangularform,v22.0.10+incompatible
2026-10-08T11:06:34.062844Z,github.com/couchbase/tools-common/couchbase/v5,v5.1.0
2026-10-08T11:06:35.532297Z,github.com/cran-task-views/metaanalysis,v0.0.0-20261002134958-e5a85e2a30fd
2026-10-08T11:06:38.268861Z,github.com/codingame/monaco-languageclient-react,v34.0.0+incompatible
2026-10-08T11:06:39.674942Z,github.com/cfg-is/cfgms,v0.10.5
2026-10-08T11:06:40.573868Z,github.com/cran/FAfA,v0.0.0-20261001193803-4cc0423579eb
2026-10-08T11:06:42.191847Z,github.com/emilstenstrom/justhtml,v3.13.1-0.20261004195617-a59619613796+incompatible
2026-10-08T11:06:42.57163Z,github.com/sonofsun61/AuthContract,v0.1.0
2026-10-08T11:06:43.635646Z,github.com/clickstefan/stream-diff,v0.0.0-20261003221137-42d5d03d50b6
2026-10-08T11:06:47.670294Z,github.com/consulo/delve,v0.0.0-20261007213015-90743d6976c0
2026-10-08T11:06:48.346222Z,github.com/cotsom/Cloudexec,v1.0.0
2026-10-08T11:06:49.62103Z,github.com/colibriproject-dev/colibri-sdk-go-examples/finantial-module,v0.0.0-20261002011149-681295b7a1e1
2026-10-08T11:06:49.738947Z,github.com/colemanwhaylon/nexus-protocol,v0.0.0-20261003043513-1dc202e11a87
2026-10-08T11:06:50.425447Z,github.com/cinchcli/cinch,v0.0.0-20261004141440-a2516a81ae90
2026-10-08T11:06:50.491206Z,github.com/coldfront/Coldfront,v1.1.10
2026-10-08T11:06:51.153776Z,github.com/codevirtus/pesepay-php,v0.0.0-20260928102006-38b08252cb41
2026-10-08T11:06:52.590348Z,github.com/cran/dataqualitydashboard,v0.0.0-20261007013941-5f08086be06d
2026-10-08T11:06:53.342913Z,github.com/boxboxjason/jukebox,v0.0.0-20250416001208-91b90f49e4d7
2026-10-08T11:06:53.999564Z,github.com/cordiverse/database,v0.0.0-20261008061831-9b219d21df37
2026-10-08T11:06:56.298572Z,github.com/convox/action-run,v1.3.0
2026-10-08T11:06:56.543036Z,github.com/course-go/exercises,v0.0.0-20261008052015-aa5bb5c70750
2026-10-08T11:06:56.901198Z,github.com/chutesai/vllm,v0.0.0-20261003125925-9aa999e444c4
2026-10-08T11:07:00.134611Z,github.com/coder-glzhu/new-api,v0.0.0-20261008045342-6bbf4912ee23
2026-10-08T11:07:00.478465Z,github.com/cooksleep/gpt_image_playground,v0.7.16
2026-10-08T11:07:01.046098Z,github.com/cloudamqp/amqproxy,v3.2.1+incompatible
2026-10-08T11:07:04.706008Z,github.com/Yetso/gator,v0.0.0-20251009225828-2aa226e9b4d5
2026-10-08T11:07:05.127585Z,github.com/city-of-helsinki/drupal-tools,v0.0.0-20261006025934-a6f4ec4bd5e2
2026-10-08T11:07:05.166534Z,github.com/bradtraversy/design-resources-for-developers,v0.0.0-20261007144433-3928e01f756b
2026-10-08T11:07:05.853994Z,github.com/championswimmer/env.sync.local,v4.0.0+incompatible
2026-10-08T11:07:07.375879Z,github.com/Yetso/pokedexcli,v0.0.0-20251004132826-51952ac63181
2026-10-08T11:07:07.676046Z,github.com/charmbracelet/glamour/examples,v0.0.0-20261002130010-ef14de4d1de8
2026-10-08T11:07:07.84967Z,github.com/cran-task-views/MetaAnalysis,v0.0.0-20261002134958-e5a85e2a30fd
2026-10-08T11:07:08.964064Z,github.com/code4history/Quyuan,v1.1.0
2026-10-08T11:07:09.845353Z,github.com/cloudfoundry/sync-integration-tests,v0.0.0-20260925142209-ee575509e491
2026-10-08T11:07:11.199349Z,github.com/control-D-Inc/ctrld,v1.5.8
2026-10-08T11:07:13.463474Z,github.com/Ykubernetes/redis-probe,v0.0.0-20260730010253-88c06b6271f8
2026-10-08T11:07:13.554324Z,github.com/azide0x37/GMC-MQTT,v0.2.0
2026-10-08T11:07:16.463761Z,github.com/googlecloudplatform/cloud-foundation-toolkit/infra/utils/fbf,v0.0.0-20261008100818-4f9ea0e515d6
2026-10-08T11:07:18.539154Z,github.com/cran-task-views/highperformancecomputing,v0.0.0-20260929175354-e6d938ef6120
2026-10-08T11:07:18.936855Z,github.com/cran-task-views/Agriculture,v0.0.0-20261005134043-4bd39c493292
2026-10-08T11:07:20.684397Z,github.com/codagent-ai/agent-validator,v1.15.0
2026-10-08T11:07:22.87499Z,github.com/codegraph-ai/CodeGraph,v0.21.0
2026-10-08T11:07:25.503382Z,github.com/cloudquery/cloudquery/plugins/destination/firehose/v2,v2.9.0
2026-10-08T11:07:25.876322Z,github.com/cr7258/kubernetes-guide/kubelet/kubernetes-1.22.15,v0.0.0-20260822144638-01cf52358998
2026-10-08T11:07:27.534994Z,github.com/cran/brglm2,v0.0.0-20261007164041-ac158f24a98d
2026-10-08T11:07:28.501363Z,github.com/cheminfo/openchemlib,v0.0.0-20261005084447-54949b8d6a42
2026-10-08T11:07:30.060345Z,github.com/candidelabs/abstractionkit,v0.4.3
2026-10-08T11:07:30.943077Z,github.com/iwen-conf/BanyanHub-SDK,v0.0.2-0.20260606032521-76f5fb64f2fb
2026-10-08T11:07:37.33652Z,github.com/daixijun/higress/hgctl,v0.0.0-20260824081317-b52b9e1f7428
2026-10-08T11:07:38.270778Z,go.alis.build/lro/v2,v2.10.0
2026-10-08T11:07:41.252508Z,github.com/createitv/agc-cli,v0.2.0
2026-10-08T11:07:43.593654Z,github.com/clickhouse/ClickHouse-go/v2,v2.49.0
2026-10-08T11:07:49.080459Z,github.com/figma/ci-queue,v0.0.2-beta
2026-10-08T11:07:49.119649Z,github.com/crate/sqlalchemy-cratedb,v0.0.0-20261002113247-8c9334916af5
2026-10-08T11:07:49.449211Z,github.com/clima/seawaterpolynomials.jl,v0.3.11
2026-10-08T11:07:49.735989Z,github.com/cran-task-views/chemphys,v0.0.0-20260925043704-c6288e03a27e
2026-10-08T11:07:56.703078Z,github.com/coding-socks/lost-in-translation,v0.3.6
2026-10-08T11:07:56.838742Z,github.com/coder/jail,v0.11.0
2026-10-08T11:07:57.379537Z,github.com/cran/isoWater,v0.0.0-20261007083009-5c9027bc1469
2026-10-08T11:07:58.311833Z,github.com/Vinetwigs/tuix,v0.1.0
2026-10-08T11:08:01.143386Z,github.com/conduitio/conduit-commons/paramgen/paramgen/testdata/basic,v0.0.0-20261008030359-56ce975d9cd4
2026-10-08T11:08:01.369909Z,github.com/cnsdqd-dyb/villageragent,v0.0.0-20261007063155-80a6ffe3c05c
2026-10-08T11:08:05.703473Z,github.com/cloudflare/cfSSL,v1.7.1
2026-10-08T11:08:06.302474Z,github.com/coin-or/shot,v0.0.0-20261004101656-ec55766b88a9
2026-10-08T11:08:06.837993Z,github.com/cran-task-views/NetworkAnalysis,v0.0.0-20261005080634-dd5ec1b21978
2026-10-08T11:08:07.956812Z,github.com/cogitatortech/ordered,v0.3.0
2026-10-08T11:08:10.473114Z,github.com/chenshuo/recipes,v0.0.0-20261008025606-af48eec09e4b
2026-10-08T11:08:12.693437Z,github.com/carlosprados/go-1337,v0.3.1
2026-10-08T11:08:13.881101Z,github.com/codership/wsrep-lib,v0.0.0-20261007082710-907e2ff06203
2026-10-08T11:08:14.231779Z,github.com/P34R/DL_Crypto/ECPoint,v0.0.0-20240325072802-7a4860638ce0
2026-10-08T11:08:14.265485Z,github.com/bytecodealliance/wasm-component-ld,v0.5.31
2026-10-08T11:08:14.315845Z,github.com/chipweinberger/flutter_pcm_sound,v0.0.0-20261002115126-985fa9ad05a5
2026-10-08T11:08:15.92469Z,github.com/cran-task-views/agriculture,v0.0.0-20261005134043-4bd39c493292
2026-10-08T11:08:16.789481Z,github.com/brightpool/udemy-prompt-engineering-course,v0.0.0-20261008105616-8fe6dbaa0efb
2026-10-08T11:08:18.868711Z,github.com/danicat/kungfu,v0.5.0
2026-10-08T11:08:21.697549Z,github.com/cran/vasicekreg,v0.0.0-20260925072002-87285ca5839e
2026-10-08T11:08:22.697038Z,github.com/yasin4261/food-delivery,v1.0.0
2026-10-08T11:08:22.787213Z,github.com/cloudfoundry/capi-bara-tests/assets/multi-port-app,v0.0.0-20261007145043-49dafe9b921f
2026-10-08T11:08:24.713779Z,github.com/casdoor/casdoor-react-sdk,v1.3.0
2026-10-08T11:08:25.98738Z,github.com/codeigniter/phpstan-codeigniter,v2.2.0+incompatible
2026-10-08T11:08:27.564202Z,github.com/coredns/dynapi,v0.1.0
2026-10-08T11:08:27.72117Z,github.com/iwen-conf/banyanhub-sdk,v0.0.2-0.20260606032521-76f5fb64f2fb
2026-10-08T11:08:27.988002Z,github.com/cubid-me/cubid-sdk,v0.0.0-20261005060319-ae413e1bfe0a
2026-10-08T11:08:28.600433Z,github.com/crossplane-contrib/provider-openstack,v0.11.0
2026-10-08T11:08:29.210955Z,github.com/sonofsun61/authcontract,v0.1.0
2026-10-08T11:08:33.668312Z,github.com/cran-task-views/ClinicalTrials,v0.0.0-20261003001436-f9dd12bd343a
2026-10-08T11:08:34.403435Z,huggingface.co/datasets/precise-debugging-benchmarking/pdb-multi.git,v0.0.0-20261005143638-cb13eb9a160a
2026-10-08T11:08:37.032478Z,github.com/code-yeongyu/lazycodex,v5.1.24+incompatible
2026-10-08T11:08:39.375616Z,github.com/crscardellino/prompt-hacking,v0.0.0-20260930005728-9caa71f4abf6
2026-10-08T11:08:41.224837Z,github.com/commoncrawl/ia-web-commons,v0.0.0-20261001094425-c32ce8a36d90
2026-10-08T11:08:43.827206Z,github.com/codegraph-ai/codegraph,v0.21.0
2026-10-08T11:08:44.435292Z,github.com/companieshouse/payments-admin-web,v0.0.0-20261008071526-1a42154b2782
2026-10-08T11:08:44.900865Z,github.com/cssninjastudio/fresh,v5.4.0+incompatible
2026-10-08T11:08:45.212834Z,github.com/code4history/quyuan,v1.1.0
2026-10-08T11:08:45.281768Z,github.com/bxlxx/libinjection-go,v0.3.4
2026-10-08T11:08:46.143972Z,github.com/coin-or/coinutils,v0.0.0-20261007162959-c23deb78859a
2026-10-08T11:08:47.396457Z,github.com/cablehead/xs,v0.14.1
2026-10-08T11:08:47.800025Z,github.com/caboose-mcp/meml,v0.0.0-20261007040954-77aaa96d380a
2026-10-08T11:08:48.050352Z,github.com/cloudquery/cloudquery/plugins/destination/s3/v7,v7.11.0
2026-10-08T11:08:49.078974Z,unikraft.com/cloud/pluginsdk/tools/sdkgen,v0.0.0-20261005095258-515d75548198
2026-10-08T11:08:49.722069Z,github.com/cran/robmixglm,v0.0.0-20261004070207-3f694ef23fc5
2026-10-08T11:08:51.416907Z,github.com/vinetwigs/tuix,v0.1.0
2026-10-08T11:08:52.646043Z,github.com/bybit-exchange/pay-docs,v0.0.0-20261008062727-5d5be73b49c3
2026-10-08T11:08:53.43029Z,github.com/controlsystemstudio/phoebus,v6.0.0+incompatible
2026-10-08T11:08:58.858184Z,github.com/Chriscbr/purecdk8s,v0.0.0-20260928202356-a64e9fc6a57b
2026-10-08T11:08:58.892549Z,github.com/crgimenes/timoneiro,v0.0.2
2026-10-08T11:09:01.434757Z,github.com/ctrf-io/jest-ctrf-json-reporter,v0.1.0
2026-10-08T11:09:06.00804Z,github.com/cveproject/cveproject.github.io,v0.0.0-20261007194855-edf6d280a1a3
2026-10-08T11:09:06.309694Z,github.com/connectscape/makurhini,v0.0.0-20261007231132-0010946ab2ee
2026-10-08T11:09:09.192464Z,github.com/conductor-is/quickbooks-desktop-node,v14.24.0+incompatible
2026-10-08T11:09:11.371101Z,github.com/confluentinc/confluent-kafka-dotnet,v2.16.0+incompatible
2026-10-08T11:09:14.544179Z,github.com/contentauth/c2pa-swift,v0.0.14
2026-10-08T11:09:15.824412Z,github.com/chrishenzie/kubernetes/staging/src/k8s.io/cloud-provider,v0.0.0-20260923163622-ac1e38e7f2d5
2026-10-08T11:09:17.347874Z,github.com/cortinico/kotlin-android-template,v0.0.0-20261008105648-a52737db1193
2026-10-08T11:09:19.887731Z,github.com/cillianxtech/cilikube,v1.6.0
2026-10-08T11:09:21.697125Z,github.com/convox/action-promote,v1.1.0
2026-10-08T11:09:22.094188Z,github.com/composer/Composer,v0.0.0-20261005125834-560806f89275
2026-10-08T11:09:22.948393Z,github.com/coin-or/CoinUtils,v0.0.0-20261007162959-c23deb78859a
2026-10-08T11:09:23.913436Z,github.com/chrishenzie/kubernetes/staging/src/k8s.io/sample-apiserver,v0.0.0-20260923163622-ac1e38e7f2d5
2026-10-08T11:09:24.523806Z,github.com/chris1111/Wireless-USB-Big-Sur-Adapter,v0.0.0-20260916011827-b6a9b67393c2
2026-10-08T11:09:24.797201Z,github.com/crnh/tekst,v0.0.0-20261006175549-5dc12e5d9521
2026-10-08T11:09:26.395884Z,github.com/cosmoscontracts/juno/interchaintest,v0.0.0-20260930073758-3cda25594059
2026-10-08T11:09:26.995417Z,github.com/consenSys/gnark,v0.16.4
2026-10-08T11:09:27.024721Z,github.com/coinbase/coinbase-business-magento,v2.1.2+incompatible
2026-10-08T11:09:27.193428Z,github.com/coveooss/json-schema-for-humans,v2.1.0+incompatible
2026-10-08T11:09:29.919571Z,github.com/course-go/exercises/03-katas,v0.0.0-20261008052015-aa5bb5c70750
2026-10-08T11:09:30.173442Z,github.com/cran-task-views/ChemPhys,v0.0.0-20260925043704-c6288e03a27e
2026-10-08T11:09:30.764906Z,github.com/cropflre/nowen-reader,v1.2.0
2026-10-08T11:09:31.954208Z,github.com/cran-task-views/Psychometrics,v0.0.0-20261006070722-8be77cc149bb
2026-10-08T11:09:38.268868Z,github.com/containdk/ic,v0.11.2
2026-10-08T11:09:39.265086Z,github.com/codecov/example-python,v0.0.0-20261004075020-3a8e7ae192cb
2026-10-08T11:09:40.561958Z,github.com/chrishenzie/kubernetes/staging/src/k8s.io/kube-aggregator,v0.0.0-20260923163622-ac1e38e7f2d5
2026-10-08T11:09:46.623204Z,github.com/connectrpc/examples-go,v0.0.0-20261007173155-f7b2e1a8d692
2026-10-08T11:09:46.991729Z,github.com/ckeditor/ckeditor5-angular,v12.0.0+incompatible
2026-10-08T11:09:47.04012Z,github.com/noitidart/chrome-store-foxified,v0.0.0-20190917221313-1e1782d164df
2026-10-08T11:09:51.325094Z,github.com/cryptpad/sso,v0.0.0-20261007144856-c149256066f6
2026-10-08T11:09:52.753233Z,github.com/banzaicloud/koperator/api,v0.0.0-20220428084509-288ad4cac48e
2026-10-08T11:10:00.486949Z,github.com/codearranger/claude-legal,v0.0.0-20261008030522-f7c152077d29
2026-10-08T11:10:06.985133Z,github.com/capricornus007/gvisor-awg,v0.0.0-20261002214758-e91a3ae6bed0
2026-10-08T11:10:07.476376Z,github.com/banzaicloud/koperator/properties,v0.0.0-20220428084509-288ad4cac48e
2026-10-08T11:10:26.509189Z,github.com/cl-plus-ssl/cl-plus-ssl,v0.0.0-20261008064120-ea746aad5352
2026-10-08T11:10:27.652347Z,github.com/coregx/fursy/plugins/validator,v0.0.0-20261008085645-6ccda2a9f5b3
2026-10-08T11:10:27.990699Z,github.com/byronka/minum,v11.0.3+incompatible
2026-10-08T11:10:32.248259Z,github.com/VMware/govmomi,v0.0.0-20261007202050-3e23b07c696e
2026-10-08T11:10:35.553702Z,github.com/c2fmzq/crypto,v0.3.3
2026-10-08T11:10:49.242947Z,github.com/cran-task-views/epidemiology,v0.0.0-20260929122320-d90db3757ab2
2026-10-08T11:11:04.756497Z,github.com/clobrano/wui,v0.0.0-20261008083342-6c16d8c278c2
2026-10-08T11:11:05.029545Z,github.com/course-go/exercises/09-databases,v0.0.0-20261008052015-aa5bb5c70750
2026-10-08T11:11:11.00666Z,github.com/ryanwidmaier/adventofcode/golang/util,v0.0.0-20241206214339-2edf4761c14d
2026-10-08T11:11:17.216265Z,github.com/crossplane-contrib/provider-upjet-gcp/v3,v3.1.0
2026-10-08T11:11:18.576368Z,github.com/cloudflare/cloudflare-wordpress,v4.14.5+incompatible
2026-10-08T11:11:19.478605Z,github.com/callstackincubator/react-native-node-api,v0.0.0-20261007153603-535c1c4d636e
2026-10-08T11:11:27.33873Z,github.com/cloudfoundry-community/safe,v1.25.0
2026-10-08T11:11:31.015101Z,github.com/cloudresty/nautiluslb,v1.0.1
2026-10-08T11:11:56.629547Z,github.com/datnndd/douyin-download,v0.0.0-20261008025038-9763648b0cde
2026-10-08T11:12:01.917656Z,github.com/deniskoronets/php-array-table,v0.0.0-20261005112747-ff5ce5c10ec2
2026-10-08T11:12:02.832794Z,github.com/deflexable/react-native-snap-sheet,v0.0.0-20261006125508-e2311922a997
2026-10-08T11:12:03.863646Z,github.com/mattall/TMgen,v0.0.0-20230502235335-22541b1b745e
2026-10-08T11:12:05.250421Z,github.com/dingxin-tech/dbt-utils,v0.0.0-20261004082528-a8f1c6f612da
2026-10-08T11:12:05.326994Z,github.com/ctfd/ctfcli,v0.0.0-20261006052023-1a9e0804f4f6
2026-10-08T11:12:06.875315Z,github.com/zwyx/zwyx,v0.0.0-20260916131537-0accd05562bc
2026-10-08T11:12:09.938005Z,github.com/CedricT1/claude-distant/client,v0.0.0-20261007132921-1906f5a4962a
2026-10-08T11:12:12.329769Z,github.com/danipopes/keccak-asm,v0.1.9
2026-10-08T11:12:23.453957Z,github.com/cullenwatson/jobspy,v1.3.0
2026-10-08T11:12:27.66506Z,github.com/dhi13man/bombardment-runner,v1.0.5
2026-10-08T11:12:32.538359Z,github.com/mmwx-group/meowC/core/Clash.Meta,v0.0.0-20261008105027-214dbe53ae30
2026-10-08T11:12:35.5344Z,github.com/databricks/genie-code,v0.1.0-beta.2
2026-10-08T11:12:39.10737Z,github.com/centrifuge/go-substrate-rpc-client,v0.0.0-20201117164123-be614e5d4e98
2026-10-08T11:12:40.7021Z,github.com/devinosolutions/ai-agent-notifier,v1.3.1
2026-10-08T11:12:41.267954Z,github.com/colcon/colcon-library-path,v0.0.0-20260926025402-8bf9381308fc
2026-10-08T11:12:41.94084Z,github.com/Createitv/agc-cli,v0.2.0
2026-10-08T11:12:42.327944Z,github.com/datacarpentry/sql-ecology-lesson,v0.0.0-20261006002521-21aa6db42297
2026-10-08T11:12:45.24802Z,github.com/devlup-labs/Ghostwire/coordination,v0.0.0-20260926125737-79911d5941d0
2026-10-08T11:12:47.945814Z,github.com/debu-sinha/agentsec,v0.5.1
2026-10-08T11:12:48.734956Z,github.com/deminy/swoole-by-examples,v0.0.0-20261008061736-ff27b0df52ad
2026-10-08T11:12:51.750195Z,github.com/danmar/simplecpp,v0.0.0-20261006194010-b892cf767f08
2026-10-08T11:12:52.087652Z,github.com/dicklesworthstone/toon_rust,v0.2.5
2026-10-08T11:12:55.124644Z,github.com/djiflash3107/rss-aggregator,v0.0.0-20240625164811-f3d1895391c9
2026-10-08T11:12:58.496076Z,github.com/dhnt/appstore,v0.0.0-20260730185247-04396516106d
2026-10-08T11:13:03.774146Z,github.com/2amigos/yii2-chartjs-widget,v0.0.0-20170611174741-fc40f9787834
2026-10-08T11:13:07.774528Z,github.com/cloudflare/Cloudflare-WordPress,v4.14.5+incompatible
2026-10-08T11:13:09.659689Z,github.com/deedlefake/kawa,v0.0.0-20261002220123-183c57a28dd9
2026-10-08T11:13:10.589813Z,github.com/davea42/libdwarf-regressiontests,v2.3.3+incompatible
2026-10-08T11:13:13.279204Z,github.com/devlup-labs/ghostwire/coordination,v0.0.0-20260926125737-79911d5941d0
2026-10-08T11:13:15.000852Z,github.com/dcaravel/claircore,v0.0.0-20261001032238-531d0d4c986e
2026-10-08T11:13:16.410601Z,github.com/VIctoriaMEtrics/operator,v0.75.0
2026-10-08T11:13:24.223114Z,github.com/cloudcannon/alto-hugo-template,v0.0.0-20261005235600-e6ac61615bd0
2026-10-08T11:13:25.810928Z,github.com/chatgptprojects/clear-code,v0.0.0-20261007160408-7a708ce17d05
2026-10-08T11:13:29.951867Z,github.com/dbildungsplattform/infra-autoscaler,v0.0.0-20260929134300-b017a57ac0c7
2026-10-08T11:13:33.556951Z,github.com/dbtuneai/dbtune-agent,v1.3.4
2026-10-08T11:13:33.811598Z,github.com/danielgatis/go-ruby-prism,v1.3.0
2026-10-08T11:13:35.341914Z,github.com/dell/gofSutil,v1.23.0
2026-10-08T11:13:35.893128Z,github.com/danieljprice/giza,v2.0.1+incompatible
2026-10-08T11:13:36.096238Z,github.com/dinacomputer/cli,v0.3.0
2026-10-08T11:13:36.539472Z,github.com/jesse-engineer/eino-ext/components/model/openai,v0.0.0-20260913093015-47285a503f94
2026-10-08T11:13:38.298001Z,github.com/dcchut/async-recursion,v1.2.0
2026-10-08T11:13:46.553079Z,github.com/democracyclub/website,v0.0.0-20261005123917-fb6fdd3d86ff
2026-10-08T11:13:47.082299Z,github.com/denverquane/slickshift,v0.0.0-20260928220328-20c7e75c6702
2026-10-08T11:13:48.915946Z,github.com/daqing/sshc,v0.1.0
2026-10-08T11:13:52.211814Z,github.com/holepunchto/bare-addon-resolve,v1.2.0
2026-10-08T11:13:53.250179Z,github.com/components/font-awesome,v0.0.0-20161025105623-885308b93936
2026-10-08T11:13:56.614086Z,github.com/qiangli/agent-bench,v0.0.0-20261008111211-e0360df512b4
2026-10-08T11:14:03.252069Z,github.com/daidi/git-ai,v1.4.0
2026-10-08T11:14:08.899797Z,github.com/rclone/gofakes3,v0.0.10-0.20260919171726-8edbb055e5ec
2026-10-08T11:14:10.238506Z,github.com/danthecomputerman/connect-four,v0.0.0-20261006140239-b328906d4e4d
2026-10-08T11:14:11.161004Z,github.com/cmorrue/discokuser,v0.0.0-20230829161404-2ccc665e9b77
2026-10-08T11:14:12.301497Z,github.com/dell/terraform-provider-objectscale,v1.1.1
2026-10-08T11:14:12.602182Z,github.com/icsharpcode/sharpziplib,v0.0.0-20230130100510-fc20f898f8d8
2026-10-08T11:14:14.488701Z,github.com/digital-chemistry-laboratory/currybo-benchmarks,v0.0.0-20261008092229-d3203ecaa061
2026-10-08T11:14:15.485436Z,github.com/cmdcolin/awesome-genome-visualization,v0.0.0-20261007224301-3353fcfa24fc
2026-10-08T11:14:19.500692Z,github.com/binance/binance-connector-go/clients/dualinvestment,v1.12.0
2026-10-08T11:14:24.97185Z,github.com/diku-dk/cpprandom,v1.5.1
2026-10-08T11:14:32.750925Z,github.com/davidwernhart/AlDente,v0.0.0-20261008083454-8b93da203592
2026-10-08T11:14:33.944133Z,github.com/dekodeinteraktiv/anonymize-mysqldump,v0.0.0-20261008085014-27a0f32ae568
2026-10-08T11:14:34.090003Z,github.com/diasdmhub/AdGuard_Home_Zabbix_Template,v0.0.0-20261005233207-7225e29b7b5b
2026-10-08T11:14:35.995625Z,github.com/clintjedwards/gofer/containers/extensions/cron,v0.0.0-20261008085127-3b23e65c52ac
2026-10-08T11:14:38.319904Z,github.com/clojure-emacs/piggieback,v0.0.0-20261008080140-937ef5189713
2026-10-08T11:14:38.49904Z,github.com/dimagog/direct2ledger,v0.0.0-20261007214216-6bf659f9a2da
2026-10-08T11:14:40.849107Z,github.com/worldsoop/trywizard,v0.0.0-20261008071637-bdd719a5e40e
2026-10-08T11:14:41.137914Z,github.com/convox/action-deploy,v2.0.3+incompatible
2026-10-08T11:14:41.441175Z,github.com/oksanaMr/golang-hw/hw12_13_14_15_16_calendar,v0.0.0-20260415085519-8e723642b1c4
2026-10-08T11:14:45.980061Z,github.com/bismarckdd/caocao,v0.0.0-20260821014310-10e930cc07ef
2026-10-08T11:14:46.947219Z,github.com/irabeny89/gosqlitex/v2,v2.1.1
2026-10-08T11:14:52.214452Z,github.com/dimowner/audiorecorder,v2.5.0+incompatible
2026-10-08T11:14:53.488218Z,github.com/deltares/numba_celltree,v0.0.0-20261004122916-0f3acba51204
2026-10-08T11:14:54.526083Z,github.com/decred/btcd/wire,v1.8.0
2026-10-08T11:14:55.256835Z,github.com/devbrother2024/parrotube,v0.0.0-20261004065536-fb84f8becac8
2026-10-08T11:14:55.469907Z,github.com/codestitchofficial/intermediate-astro-decap-cms,v0.0.0-20261001173507-7d964450977e
2026-10-08T11:14:56.603941Z,github.com/dotnet-presentations/dotnet-maui-workshop,v0.0.0-20261006121415-4ee39d54476c
2026-10-08T11:14:59.05001Z,github.com/dmaicher/doctrine-test-bundle,v8.7.0+incompatible
2026-10-08T11:15:02.140359Z,github.com/cran-task-views/missingdata,v0.0.0-20260922104346-476fe414bef5
2026-10-08T11:15:06.776366Z,github.com/mono/cppsharp,v0.0.0-20220515225304-14817aa1048d
2026-10-08T11:15:07.157815Z,github.com/dicklesworthstone/cass_memory_system,v0.5.0
2026-10-08T11:15:07.997481Z,github.com/cloudspannerecosystem/spanner-graph-notebook,v1.1.11
2026-10-08T11:15:11.112484Z,github.com/devhatro/clamav-api-sdk-go,v0.0.0-20261002113836-e43bcd984b46
2026-10-08T11:15:11.50639Z,github.com/chrisliu298/awesome-llm-unlearning,v0.0.0-20261006074619-733b1f9e2a4e
2026-10-08T11:15:13.541124Z,github.com/depot/machine-agent,v1.58.3
2026-10-08T11:15:15.97455Z,github.com/onevcat/vvdocumenter-xcode,v0.0.0-20140731130607-65d164c6a7dc
2026-10-08T11:15:20.267542Z,github.com/dotty-staging/dotty,v0.0.0-20261006144123-db8e76d7a935
2026-10-08T11:15:21.802096Z,github.com/cran/streamcattools,v0.0.0-20261002195009-3e30f97146c1
2026-10-08T11:15:24.420286Z,github.com/dengaleev/glitch-gate/go/socks5-udp-test,v0.0.0-20261005093158-13b17057ef9c
2026-10-08T11:15:27.729648Z,github.com/dasharo/dasharo-website,v0.0.0-20260926123442-d14df98e644b
2026-10-08T11:15:30.968349Z,github.com/collective/collective.volto.formsupport,v0.0.0-20261006080548-ecf726ea694b
2026-10-08T11:15:31.165699Z,github.com/cosmostation/cosmostation-android,v1.10.52
2026-10-08T11:15:32.047671Z,github.com/Dolthub/go-mysql-server,v0.20.1-0.20261008085126-6276e4e40e23
2026-10-08T11:15:38.436091Z,github.com/diku-dk/complex,v0.3.1
2026-10-08T11:15:38.629481Z,github.com/chrjoh/certificateBar/v2,v2.0.0-20261006152256-131dbac32ad7
2026-10-08T11:15:42.712657Z,github.com/dfki-ric/pytransform3d,v0.0.0-20261006071910-7c0fd67d939f
2026-10-08T11:15:46.523962Z,github.com/dfordsoft/yairc,v0.0.0-20261004140221-565b27bee3d0
2026-10-08T11:15:52.30666Z,github.com/nyukimin/rencrow_harness,v0.0.0-20261007224419-4caf3b3e4665
2026-10-08T11:15:55.85834Z,github.com/swsoyee/tcc-gui,v0.0.0-20240308012304-eb9b8c7c3a32
2026-10-08T11:16:01.424899Z,github.com/devton/awesome-postgresql,v0.0.0-20261004191121-9eda015387c1
2026-10-08T11:16:01.582483Z,github.com/coin-or/SHOT,v0.0.0-20261004101656-ec55766b88a9
2026-10-08T11:16:03.03635Z,github.com/ciliverse/cilikube,v1.6.0
2026-10-08T11:16:03.347019Z,github.com/cran/RWsearch,v0.0.0-20261007204002-1f086351be2d
2026-10-08T11:16:04.618235Z,github.com/deepset-ai/deepset-cloud-sdk,v0.0.0-20261007063950-726ab5ee372c
2026-10-08T11:16:05.60591Z,github.com/dicklesworthstone/process_triage,v2.2.1+incompatible
2026-10-08T11:16:06.282342Z,github.com/conduitio/conduit-commons/paramgen/paramgen/testdata/tags,v0.0.0-20261008030359-56ce975d9cd4
2026-10-08T11:16:09.099828Z,github.com/divio/djangocms-googlemap,v0.0.0-20261006063613-a546096c6445
2026-10-08T11:16:12.874135Z,github.com/cran/rjd3tramoseats,v0.0.0-20260922100002-270080db0417
2026-10-08T11:16:14.216049Z,github.com/dbartolini/crown,v0.0.0-20261006175440-9bfa0699f95a
2026-10-08T11:16:15.861914Z,github.com/dcasado/alertmanager2gotify,v0.0.0-20260903000106-a1d5d00b537d
2026-10-08T11:16:16.645079Z,github.com/diygod/sponsors,v0.0.0-20261008071717-a2032ad5390a
2026-10-08T11:16:19.242892Z,github.com/connectbot/connectbot,v1.11.0
2026-10-08T11:16:21.660985Z,github.com/crypto-org-chain/cosmos-sdk/collections,v0.0.0-20260924083050-23eef471a53c
2026-10-08T11:16:22.431212Z,github.com/tparkin/google-maps-point-in-polygon,v0.0.0-20140904204242-f5a010199860
2026-10-08T11:16:22.890464Z,github.com/drummonds/go-luca,v0.3.1
2026-10-08T11:16:23.185655Z,github.com/dsharlet/array,v0.0.0-20261007155611-c3456cf49598
2026-10-08T11:16:26.968266Z,github.com/crdroidandroid/android_build_soong,v0.0.0-20260914171933-16eeee1b7f22
2026-10-08T11:16:29.651978Z,github.com/dereulenspiegel/smolmailer,v0.0.0-20261005164447-524fccf22efa
2026-10-08T11:16:33.466857Z,github.com/deltachat-bot/stickersbot,v5.0.1+incompatible
2026-10-08T11:16:33.836215Z,github.com/diarkis/diarkis-server-template/src,v0.0.0-20260925045843-bd06ef76cb92
2026-10-08T11:16:38.373858Z,github.com/stolostron/multicloud-operators-foundation,v0.0.0-20261002232547-b1467a595755
2026-10-08T11:16:39.176147Z,github.com/dotcommander/defuddle/cmd/defuddle,v0.16.0
2026-10-08T11:16:41.622174Z,github.com/democracyclub/blog,v0.0.0-20261005123917-fb6fdd3d86ff
2026-10-08T11:16:41.705413Z,github.com/dereuromark/cakephp-workflow,v0.0.0-20261007162908-76d351163c98
2026-10-08T11:16:44.272473Z,github.com/docker-php/docker-php,v3.2.0+incompatible
2026-10-08T11:16:45.778057Z,github.com/dnswlt/swcat,v0.17.0
2026-10-08T11:16:47.808103Z,github.com/doubledeez/unrealfastnoise2,v0.0.0-20261006164203-16f059ed9e6d
2026-10-08T11:16:52.944994Z,github.com/coding-with-hassan/hassan-devkit,v0.0.0-20261004151225-bddb8c319830
2026-10-08T11:16:54.530757Z,github.com/djkazic/p2pool-go,v0.0.0-20260927031924-84a5036994cf
2026-10-08T11:16:54.885163Z,github.com/dibbla-agents/go-worker-starter-template,v0.0.0-20260930200242-9f38f43b265f
2026-10-08T11:16:57.36474Z,github.com/creachadair/chirp,v0.4.14-0.20261004062322-0b07692f5f4e
2026-10-08T11:16:57.72062Z,github.com/container-orchestrated-devices/container-device-interface/cmd/validate,v0.0.0-20261002132513-aa1e2a10408a
2026-10-08T11:16:59.624732Z,github.com/dhi13man/bombardment-runner/app,v0.0.0-20261006205005-8b1820a8af51
2026-10-08T11:17:00.429833Z,github.com/coregx/fursy/plugins/opentelemetry,v0.0.0-20261008085645-6ccda2a9f5b3
2026-10-08T11:17:02.405931Z,github.com/dublyo/mailat-npm/go,v1.0.0
2026-10-08T11:17:02.43039Z,github.com/dublyo/mailat-npm,v1.0.0
2026-10-08T11:17:03.190029Z,github.com/djc/tokio-imap,v0.0.0-20261008071945-d090aa87af50
2026-10-08T11:17:04.010489Z,github.com/denysvitali/odi,v0.0.0-20261002234838-cc3e28da30c2
2026-10-08T11:17:07.405657Z,github.com/dnstapir/observation-encoder,v0.0.0-20261001141652-7976072e0d60
2026-10-08T11:17:14.092753Z,github.com/dblock/slack-sup,v0.0.0-20261004130815-5f127dcb57eb
2026-10-08T11:17:16.899742Z,github.com/dusk-network/jubjub,v0.16.0
2026-10-08T11:17:16.961345Z,github.com/book/act,v0.0.0-20261001204631-9af60d833903
2026-10-08T11:17:21.021379Z,github.com/corani/cubit,v0.0.0-20261005053533-1496b1afd679
2026-10-08T11:17:22.312109Z,github.com/discord-userdoccers/discord-userdoccers,v0.0.0-20261003180231-c28a4d98e53a
2026-10-08T11:17:28.474835Z,github.com/cwbudde/qmc,v0.3.1
2026-10-08T11:17:36.054438Z,github.com/felix-leesm/flick-drop,v0.0.0-20261008080420-74fa2eb14e38
2026-10-08T11:17:37.139054Z,github.com/devadattap/lab_auto_grader,v0.0.0-20261008053145-78457daf2200
2026-10-08T11:17:40.169156Z,github.com/dhyeymavani2003/chip-firing-with-lean,v1.1.2
2026-10-08T11:17:41.214858Z,github.com/dicklesworthstone/automated_plan_reviser_pro,v1.3.1
2026-10-08T11:17:42.543543Z,github.com/course-go/exercises/07-rest-api,v0.0.0-20261008052015-aa5bb5c70750
2026-10-08T11:17:45.08356Z,github.com/digni/adomi,v0.0.0-20261008062044-d8a6615496dd
2026-10-08T11:17:48.043574Z,github.com/boyapple/common/cryptor,v0.0.0-20261004083900-2ca4b73eed5a
2026-10-08T11:17:48.215661Z,github.com/domoticz/win32-libraries,v0.0.0-20261006112301-de26ac07a3f5
2026-10-08T11:17:48.28552Z,github.com/discord/opentelemetry-ebpf-profiler,v0.0.202640
2026-10-08T11:17:52.380981Z,github.com/cosmWasm/wasmvm/v3,v3.0.8
2026-10-08T11:17:53.380227Z,github.com/deepset-ai/haystack-cookbook,v0.0.0-20261008103502-077b7d4220f4
2026-10-08T11:17:57.208348Z,github.com/dengaleev/glitch-gate,v0.0.0-20261005093158-13b17057ef9c
2026-10-08T11:17:59.162954Z,github.com/conduitio/conduit-commons/paramgen/paramgen/testdata/complex,v0.0.0-20261008030359-56ce975d9cd4
2026-10-08T11:18:00.093421Z,github.com/openwallet-foundation/acapy-vc-authn-oidc,v2.0.1+incompatible
2026-10-08T11:18:01.097533Z,github.com/docker/dockeR/api,v1.56.1
2026-10-08T11:18:02.92366Z,github.com/deicod/convex-operator,v0.12.3
2026-10-08T11:18:04.755198Z,github.com/dotnet-project-file-analyzers/dotnet-project-file-analyzers,v1.19.0
2026-10-08T11:18:09.450284Z,github.com/doopush/doopush,v0.0.0-20261004021433-8bf6a656c08a
2026-10-08T11:18:11.482339Z,github.com/dshills/prism,v0.7.1
2026-10-08T11:18:12.64889Z,github.com/osolmaz/telegram-bot-mux,v0.1.0
2026-10-08T11:18:17.352038Z,github.com/ryanrolds/club/golang,v0.0.0-20200616174520-ba474c836e54
2026-10-08T11:18:21.700721Z,github.com/depot/builder-agent,v1.58.3
2026-10-08T11:18:26.086284Z,github.com/dotnet/cli-lab,v0.0.0-20261007230728-985565f16abd
2026-10-08T11:18:27.477866Z,github.com/cran/DataQualityDashboard,v0.0.0-20261007013941-5f08086be06d
2026-10-08T11:18:27.640188Z,github.com/dotnetage/gort,v0.1.8
2026-10-08T11:18:31.525318Z,github.com/d4l-data4life/postalcodes,v0.4.6
2026-10-08T11:18:31.969037Z,github.com/dpird-fsi/weatheroz,v3.0.1+incompatible
2026-10-08T11:18:33.618901Z,github.com/dimasma0305/CTFify,v0.0.0-20251004003622-33c833828888
2026-10-08T11:18:40.602932Z,github.com/dingxin-tech/dbt-expectations,v0.0.0-20261004082804-b3e2fa2c5ba6
2026-10-08T11:18:45.479969Z,github.com/crisp-im/node-crisp-api,v11.4.0+incompatible
2026-10-08T11:18:49.387856Z,github.com/dotnet/watsontcp,v0.0.0-20261006204847-d42104113509
2026-10-08T11:18:49.443018Z,github.com/coregx/fursy/plugins/database,v0.0.0-20261008085645-6ccda2a9f5b3
2026-10-08T11:18:49.60452Z,github.com/sk3y04/provenance-engine,v0.7.0
2026-10-08T11:18:52.276464Z,github.com/dune-daq/ers,v1.5.6
2026-10-08T11:18:56.662566Z,github.com/ecogenomics/GTDBTk,v0.0.0-20261007143414-f41327b3c901
2026-10-08T11:19:01.11104Z,github.com/mintoolkit/mint,v0.0.0-20261007152047-98ca9958d37b
2026-10-08T11:19:06.490314Z,github.com/djisLucid/supasmuggle,v0.0.0-20260221111102-1d5ad59324ec
2026-10-08T11:19:07.94158Z,github.com/drallgood/jpasskit,v0.5.9
2026-10-08T11:19:11.328897Z,github.com/dva-hook/oplusupdater,v0.0.0-20251231015740-2cc621637409
2026-10-08T11:19:13.77278Z,github.com/distortions81/gd-doom,v0.1.3
2026-10-08T11:19:16.96537Z,github.com/couchbaselabs/gocbcore/v10,v10.10.0
2026-10-08T11:19:18.523493Z,github.com/draht-dev/draht,v2026.10.4+incompatible
2026-10-08T11:19:19.335486Z,github.com/dkogan/vnlog,v0.0.0-20261008024006-3b917ecb8c54
2026-10-08T11:19:22.873866Z,github.com/damianzaremba/toolforge-volume-admission,v0.0.0-20261001063427-652db2bae0df
2026-10-08T11:19:24.145133Z,github.com/ejgallego/Geocoq,v2.3.0+incompatible
2026-10-08T11:19:24.889944Z,github.com/dotnet/sign,v0.9.1-beta.26475.3
2026-10-08T11:19:26.523063Z,github.com/xOS/ServerAgent,v0.5.4
2026-10-08T11:19:26.943922Z,github.com/dirty-bro-tech/peers-touch-go,v0.0.0-20261007051105-0cd8d0f385e1
2026-10-08T11:19:28.038259Z,github.com/codingame/semantic-release-config-github,v2.2.2+incompatible
2026-10-08T11:19:28.674598Z,github.com/course-go/exercises/06-pprof,v0.0.0-20261008052015-aa5bb5c70750
2026-10-08T11:19:37.559316Z,github.com/velocidex/go-macos-unifiedlogs,v0.0.0-20261008053419-2e8a2f74bcfe
2026-10-08T11:19:37.761618Z,github.com/educloud-ecosystem/cairn,v0.0.0-20261008034204-7b2ab1d8efb4
2026-10-08T11:19:38.903564Z,github.com/dongfg/git-sync,v0.0.0-20261008050718-a10238d50c8c
2026-10-08T11:19:41.39508Z,codeberg.org/ebib/ebib-go,v0.0.0-20261007210827-e6e795590163
2026-10-08T11:19:42.04103Z,github.com/dandriscoll/muxray,v1.2.1
2026-10-08T11:19:43.814034Z,github.com/cslib-community/fad,v0.0.0-20261007152327-0531946a6afd
2026-10-08T11:19:44.337282Z,github.com/edward-lucas/mspb,v0.0.0-20260922192937-a8502944c4f3
2026-10-08T11:19:45.646174Z,github.com/Stream-AD/MIDAS,v0.1.0
2026-10-08T11:19:48.882222Z,github.com/alkaid/pitaya/v2,v2.11.2-0.20261008111626-410fc25f1a67
2026-10-08T11:19:52.477269Z,github.com/cqframework/clinical-quality-language,v5.4.0+incompatible
2026-10-08T11:19:53.000057Z,github.com/cran-task-views/Epidemiology,v0.0.0-20260929122320-d90db3757ab2
2026-10-08T11:20:05.150647Z,github.com/deminy/counit,v0.0.0-20261007055236-dac9804ed5a3
2026-10-08T11:20:07.055898Z,github.com/abhibongale/ironic-operator,v0.0.0-20261003073050-33770b4a2201
2026-10-08T11:20:09.172033Z,github.com/electron/i18n,v1.998.0
2026-10-08T11:20:11.828803Z,github.com/cran/measurer,v0.0.0-20261008090947-5f59e3fb2153
2026-10-08T11:20:14.502531Z,github.com/dotside-studios/davi-nfc-agent,v1.5.0
2026-10-08T11:20:14.929002Z,github.com/cambrian-era/mastodon,v0.1.1
2026-10-08T11:20:21.180998Z,github.com/divio/djangocms-snippet,v0.0.0-20261006055857-a2018b37ab26
2026-10-08T11:20:33.156732Z,github.com/dotcommander/cclauncher,v0.5.3
2026-10-08T11:20:36.748883Z,github.com/casdoor/casdoor-java-sdk,v1.47.3
2026-10-08T11:20:41.112688Z,github.com/consensys/gurvy,v0.22.1-0.20261008102146-f49b800722be
2026-10-08T11:20:44.880472Z,github.com/babashka/sci.configs,v0.0.0-20261008110205-f3ca6e2ddf59
2026-10-08T11:20:51.242993Z,github.com/cristianadrielbraun/gofer,v0.4.0
2026-10-08T11:20:53.944912Z,github.com/conduitio/conduit-processor-sdk/tools,v0.0.0-20261007013926-d3a5a2d613c6
2026-10-08T11:20:57.570177Z,github.com/confidential-containers/kbs-operator,v0.22.0
2026-10-08T11:21:00.814206Z,github.com/sparklayer-io/rrule-go,v0.0.0-20230401125305-e74d163475cf
