first_seen_at,module,version
2026-09-24T21:20:19.774841Z,github.com/PyTorchLightning/pytorch-lightning,v0.0.0-20221021190703-0a729f6da100
2026-09-24T21:20:20.146449Z,github.com/giswqs/geemap,v0.38.8
2026-09-24T21:20:20.284858Z,github.com/netBSD/pkgsrc,v0.0.0-20260924192946-d6e159117097
2026-09-24T21:20:20.936037Z,github.com/markrosemaker/openapi-flatten,v0.0.0-20260924204353-870f41759615
2026-09-24T21:20:21.223416Z,github.com/labbersanon/sakms,v0.0.0-20260924210705-369b517049f4
2026-09-24T21:20:23.750307Z,github.com/openshift/kueue-operator,v0.0.0-20260924204605-7d4e07c1e452
2026-09-24T21:20:24.53447Z,github.com/oxy-hq/oxy,v0.0.0-20260924185533-a776ee85f49b
2026-09-24T21:20:25.069787Z,github.com/Gentleman-Programming/engram/v2,v2.1.1-0.20260924205052-5fd5ca003889
2026-09-24T21:20:25.13668Z,github.com/ucan-wg/ucan,v1.2.0
2026-09-24T21:20:25.683744Z,github.com/khanhkit/pxgo,v0.6.1-0.20260924193546-a38d25452e61
2026-09-24T21:20:25.978636Z,github.com/go-critic/go-critic,v0.0.0-20181031084631-858f8b2fb7ba
2026-09-24T21:20:26.970363Z,github.com/azure/karpenter-provider-azure,v1.14.2-test.nodeimagepinning1
2026-09-24T21:20:27.959496Z,github.com/vuejs/vue-classy,v6.0.0+incompatible
2026-09-24T21:20:28.9579Z,github.com/liutanglei/tailcat-quic,v0.7.0-quic.3
2026-09-24T21:20:30.543422Z,github.com/drb-ra/c2intelfeeds,v0.0.0-20260924210651-fd39173df258
2026-09-24T21:20:31.250937Z,github.com/huaweicloud/huaweicloud-sdk-java-v3,v3.1.210+incompatible
2026-09-24T21:20:32.528612Z,github.com/throneproj/throne,v0.0.0-20260924204327-825b9809eb29
2026-09-24T21:20:34.194555Z,github.com/onsdigital/dp-frontend-homepage-controller,v1.69.1
2026-09-24T21:20:35.203874Z,github.com/pluralsh/plural,v0.12.54
2026-09-24T21:20:36.170986Z,github.com/gdi2290/awesome-angular,v0.0.0-20260924202030-92ede1676e52
2026-09-24T21:20:39.94244Z,github.com/traderalice/openalice,v0.94.1-beta.2
2026-09-24T21:20:40.118034Z,github.com/azure/azure-sdk-for-rust,v0.0.0-20260924203901-392acffdb3f1
2026-09-24T21:20:40.679502Z,github.com/AreteAcademy/bravis,v0.15.3-0.20260924210922-208d964a3498
2026-09-24T21:20:40.889529Z,github.com/ProtonMail/crypto,v1.5.0
2026-09-24T21:20:41.795721Z,github.com/synnaxlabs/synnax,v0.0.0-20260924202701-f5e960cec8d5
2026-09-24T21:20:44.334156Z,github.com/heptio/velero/pkg/apis,v0.0.0-20260924202611-a9e1f5b383cf
2026-09-24T21:20:45.574439Z,github.com/Livepeer-FrameWorks/monorepo/pkg,v0.0.0-20260924211207-98934080bbbe
2026-09-24T21:20:46.436851Z,github.com/kestrelsovereignai/kestrel-sovereign,v0.53.18
2026-09-24T21:20:46.499585Z,github.com/areteacademy/bravis,v0.15.3-0.20260924210922-208d964a3498
2026-09-24T21:20:48.47068Z,github.com/miabi-io/miabi,v1.10.7-0.20260924185552-a685dbfbe106
2026-09-24T21:20:48.918781Z,github.com/vouch-sh/vouch,v2026.9.5+incompatible
2026-09-24T21:20:51.62755Z,github.com/Wordpress/wordpress,v0.0.0-20260924203550-097fd7e76c8b
2026-09-24T21:20:55.478069Z,github.com/gnucash/gnucash,v0.0.0-20260924202612-5b687ae19364
2026-09-24T21:20:56.550334Z,github.com/michelangelo-ai/michelangelo,v0.3.2-0.20260924184326-201e2735d68f
2026-09-24T21:20:56.970277Z,google.golang.org/cloud/logging,v1.20.0
2026-09-24T21:21:08.243528Z,github.com/stellar/streamhash,v0.1.1-0.20260924133724-5acb072df09a
2026-09-24T21:21:09.165982Z,github.com/cashubtc/nuts,v0.0.0-20260924151148-8bde3c0c3684
2026-09-24T21:21:12.484885Z,github.com/aws/aws-sdk-php,v0.0.0-20260924180706-1b6f116bd571
2026-09-24T21:21:17.216684Z,github.com/metarpc/gomt5/examples/mt5,v0.0.0-20260924181850-95b4a91c1b07
2026-09-24T21:21:21.631623Z,github.com/patrickjs/awesome-angular,v0.0.0-20260924202030-92ede1676e52
2026-09-24T21:21:23.64614Z,github.com/roy2220/filerotate,v0.5.5-0.20260921072737-52d06f4b902d
2026-09-24T21:21:25.648877Z,github.com/DataDog/helm-charts,v0.0.0-20260924211930-430fb30d8ce0
2026-09-24T21:21:27.111651Z,github.com/lerianstudio/github-actions-shared-workflows,v1.76.1-0.20260924202734-c4ea0dd5f2c3
2026-09-24T21:21:28.257484Z,github.com/quietvoid/dovi_tool,v0.0.0-20260712182004-d1abe0e27ff2
2026-09-24T21:21:33.275206Z,github.com/gnidan/ink,v2.0.0-16+incompatible
2026-09-24T21:21:34.20282Z,github.com/cowsql/go-cowsql,v1.22.1-0.20260924211802-136893ac1e93
2026-09-24T21:21:34.964797Z,github.com/vault-thirteen/auxie,v0.37.0
2026-09-24T21:21:36.105085Z,github.com/igor-bezkrovny/image-quantization,v2.1.2+incompatible
2026-09-24T21:21:37.259953Z,github.com/jimp-dev/gifwrap,v0.7.0
2026-09-24T21:21:42.491666Z,github.com/googlecloudplatform/k8s-config-connector/mockgcp/tools/patch-proto,v0.0.0-20260924203047-f6d1e6deca39
2026-09-24T21:21:43.21711Z,codeberg.org/tliron/puccini,v0.0.4
2026-09-24T21:21:51.087064Z,github.com/azure/azure-container-networking,v1.9.2-0.20260924170344-e0d3a7454c16
2026-09-24T21:21:53.702577Z,github.com/storybookjs/storybook,v10.6.1-0.20260924135740-33f92884bd2e+incompatible
2026-09-24T21:21:55.244852Z,github.com/crossplane/crossplane.github.io,v0.0.0-20260916163325-d1c9eb7fd154
2026-09-24T21:21:55.494133Z,github.com/kubeflow/model-registry/catalog/pkg/openapi,v0.0.0-20260924211630-33bdf092d8cb
2026-09-24T21:21:57.681788Z,github.com/Eknkc/amber,v0.0.0-20171010120322-cdade1c07385
2026-09-24T21:21:57.975417Z,github.com/mikaelkristiansson/domready,v1.0.2
2026-09-24T21:21:58.5822Z,github.com/ambv/black,v0.0.0-20260924212121-9f9c675f27fa
2026-09-24T21:22:00.975577Z,github.com/PyTorchLightning/pytorch-lightning-bolts,v0.0.0-20211108173352-51942bcb2c73
2026-09-24T21:22:04.545593Z,github.com/zerkerlabs/treeship,v0.31.8
2026-09-24T21:22:08.794722Z,github.com/nodemailer/nodemailer-smtp-transport,v1.1.0
2026-09-24T21:22:10.585501Z,chainguard.dev/driftlessaf,v0.10.132
2026-09-24T21:22:12.685438Z,github.com/msaleme/red-team-blue-team-agent-fabric,v4.23.0+incompatible
2026-09-24T21:22:17.469152Z,github.com/telepresenceio/Telepresence/v2,v2.32.0
2026-09-24T21:22:18.158508Z,github.com/FACorreiaa/loci-connect-proto/v5,v5.28.0
2026-09-24T21:22:20.266441Z,cloud.google.com/go/cloudprofiler,v1.1.0
2026-09-24T21:22:23.31892Z,github.com/GuzzleHttp/Guzzle,v0.0.0-20170620111220-413d4a78543b
2026-09-24T21:22:26.656205Z,github.com/pytyagi/gotestMod,v0.0.0-20210209134102-4650f087c23c
2026-09-24T21:22:28.743561Z,github.com/googlecloudplatform/k8s-config-connector/experiments/kompanion,v0.0.0-20260924203047-f6d1e6deca39
2026-09-24T21:22:29.837416Z,github.com/PyWavelets/pywt,v1.10.1-0.20260907165819-ca8d5effef93
2026-09-24T21:22:30.57177Z,github.com/aotter/mantle,v0.1.3-alpha.6
2026-09-24T21:22:32.059833Z,github.com/swamp-club/swamp,v20260924.202509.0-sha.a2cfb7d1+incompatible
2026-09-24T21:22:32.923986Z,github.com/crowdsecurity/hub,v0.0.0-20260924180834-edd924fdaa13
2026-09-24T21:22:34.310402Z,github.com/Doctrine/lexer,v1.0.1
2026-09-24T21:22:34.418697Z,github.com/PyYoshi/cChardet,v2.2.1-0.20260915033513-dcad8ac2dc68+incompatible
2026-09-24T21:22:35.011608Z,github.com/pzaeemfar/Proxyra,v0.0.0-20251229150745-4c748abc36f3
2026-09-24T21:22:37.146761Z,buf.build/gen/go/cedana/cedana-gpu/protocolbuffers/go,v1.36.12-20260924204109-d30c868672a8.2
2026-09-24T21:22:37.916179Z,go.l3.ai/collections,v0.1.1
2026-09-24T21:22:38.094313Z,github.com/Doctrine/inflector,v1.3.0
2026-09-24T21:22:40.993715Z,github.com/civicrm/civicrm-core,v0.0.0-20260924211922-f0209cc2182d
2026-09-24T21:22:43.498032Z,github.com/wikipedia/mediawiki,v0.0.0-20260924211433-769b9801f5a3
2026-09-24T21:22:47.532817Z,github.com/cloudwu/skynet,v1.8.1-0.20260916135559-b0e8eccb4137
2026-09-24T21:22:49.069623Z,github.com/fruitcake/laravel-debugbar,v4.4.5-0.20260924192934-efbbdc6b2f6e+incompatible
2026-09-24T21:22:49.63326Z,github.com/Proximal-Environments/fetchr_bullmq-rl-test5_workspace,v4.7.0+incompatible
2026-09-24T21:22:51.933381Z,github.com/Nikita-Filonov/axiom/plugins/testtags,v0.26.0
2026-09-24T21:22:54.528362Z,k8s.io/Client-go,v0.0.0-20260924180321-a13cc7b3b191
2026-09-24T21:22:54.537245Z,github.com/ivuorinen/f2b,v0.0.0-20260924141912-a96470a09d2d
2026-09-24T21:22:58.605054Z,github.com/anchore/grype,v0.119.1-0.20260924150829-833933d9d769
2026-09-24T21:23:05.096368Z,github.com/discordia-grupo01/events-contract,v0.1.0
2026-09-24T21:23:06.281826Z,github.com/eshu-hq/eshu/go,v0.0.0-20260924212042-46b9e1f2bde3
2026-09-24T21:23:07.262085Z,github.com/jdx/rtx,v2026.9.14-0.20260924211433-b3154459745e+incompatible
2026-09-24T21:23:09.983431Z,github.com/openshift-online/rosa-hyperfleet-api,v0.0.0-20260924204605-9e89fefed20e
2026-09-24T21:23:10.231465Z,github.com/Q00/ouroboros,v0.54.5-0.20260920132629-fe7180c2e678
2026-09-24T21:23:11.140322Z,github.com/docker-library/meta,v0.0.0-20260924210626-bc4fcd220fea
2026-09-24T21:23:12.48579Z,github.com/Q42Philips/hue-remote-api-debugger,v0.0.0-20221220111958-cfa701f9a46f
2026-09-24T21:23:14.963214Z,github.com/micro/go-micro,v0.0.0-20161208123402-4a1e5b34ee47
2026-09-24T21:23:17.556492Z,github.com/redis/redis,v2.1.1-watch.0.20260924191601-20bb2cfc54aa+incompatible
2026-09-24T21:23:22.798819Z,github.com/opencharly/spec,v0.2026267.2121
2026-09-24T21:23:24.564067Z,github.com/GoogleCloudPlatform/terraform-google-enterprise-application/test/integration,v0.0.0-20260924211931-94f9b8abad97
2026-09-24T21:23:25.651847Z,github.com/koykov/bytebuf,v1.1.3-0.20260806184932-74b806645d30
2026-09-24T21:23:26.739408Z,github.com/LingCoder/gf/contrib/registry/nacos/v2,v2.0.0-20260924015359-d924ae00167a
2026-09-24T21:23:31.917451Z,github.com/koykov/dlqdump,v1.0.5-0.20260908193438-73b491022aa8
2026-09-24T21:23:32.503656Z,github.com/Qalculate/libqalculate,v4.5.1-0.20221222084016-f7166debb4d0+incompatible
2026-09-24T21:23:33.26372Z,github.com/go-ozzo/ozzo-routing,v0.0.0-20160726210513-744abcd557bd
2026-09-24T21:23:35.350093Z,github.com/envoyproxy/go-control-plane,v0.0.0-20260924200347-720a0436c8a3
2026-09-24T21:23:35.707461Z,github.com/apache/tinkerpop,v0.0.0-20260924210958-ae09b59368c4
2026-09-24T21:23:36.997273Z,github.com/Azure/azure-service-operator/hack/crossplane,v0.0.0-20260924194134-4f3d2a657bf7
2026-09-24T21:23:39.505559Z,github.com/internetarchive/openlibrary,v0.0.0-20260924204515-74a6045f28ba
2026-09-24T21:23:43.843806Z,github.com/koykov/jsonvector,v1.2.10-0.20260911201103-bc1c08de6fd0
2026-09-24T21:23:44.106668Z,github.com/aegion-dynamic/graphjin-slim/postgres/v3,v3.36.5
2026-09-24T21:23:44.633966Z,github.com/aegion-dynamic/graphjin-slim/sqlite/v3,v3.36.5
2026-09-24T21:23:45.247582Z,github.com/aegion-dynamic/graphjin-slim/openapi/v3,v3.36.5
2026-09-24T21:23:45.59558Z,github.com/aegion-dynamic/graphjin-slim/webui/v3,v3.36.5
2026-09-24T21:23:45.637557Z,github.com/aegion-dynamic/graphjin-slim/serv/v3,v3.36.5
2026-09-24T21:23:45.854822Z,github.com/aegion-dynamic/graphjin-slim/graphql/v3,v3.36.5
2026-09-24T21:23:45.899314Z,github.com/aegion-dynamic/graphjin-slim,v3.36.5+incompatible
2026-09-24T21:23:46.025037Z,github.com/aegion-dynamic/graphjin-slim/core/v3,v3.36.5
2026-09-24T21:23:47.589047Z,github.com/apache/Datafusion,v0.0.0-20260924211334-fcab0020c173
2026-09-24T21:23:47.673378Z,github.com/AcleMents/go-moremath,v0.0.0-20210112150236-f10218a38794
2026-09-24T21:23:48.620553Z,github.com/Qalculate/qalculate-gtk,v5.7.1-0.20250905093631-1b671f515ed5+incompatible
2026-09-24T21:23:51.004278Z,github.com/Qalculate/qalculate-qt,v5.7.1-0.20250812043005-a340517f4399+incompatible
2026-09-24T21:23:52.130213Z,github.com/cdxgen/safer-exec,v0.0.0-20260924204320-0e01bc12140a
2026-09-24T21:23:52.942839Z,github.com/storybookjs/lazy-universal-dotenv,v2.0.0+incompatible
2026-09-24T21:23:54.127677Z,github.com/qaqcatz/IMPOMySQL,v1.6.2-0.20230810025926-fdf8c548340a
2026-09-24T21:23:54.918238Z,github.com/eshu-hq/eshu,v0.0.0-20260924205617-09fcb92b28dd
2026-09-24T21:23:55.529828Z,github.com/koykov/urlvector,v1.2.1-0.20260913203956-ef34f7a64f0f
2026-09-24T21:23:55.773624Z,github.com/QAQVictor/govaluate,v1.5.1-0.20171022003610-9aa49832a739
2026-09-24T21:23:57.169687Z,github.com/annict/annict,v0.0.0-20260924172305-aabb337ad181
2026-09-24T21:23:59.660995Z,github.com/argoproj-labs/argocd-image-updater/registry-scanner,v0.0.0-20260924182936-a6841864e977
2026-09-24T21:24:04.348427Z,github.com/aws-controllers-k8s/opensearchservice-controller,v1.6.3-0.20260924211433-2521a73b2a34
2026-09-24T21:24:08.883969Z,github.com/laravel/framework,v0.0.0-20250305153119-9be5738f1ca1
2026-09-24T21:24:09.359702Z,github.com/agentgateway/agentgateway,v0.0.0-20260924203321-146af343e1c6
2026-09-24T21:24:09.655913Z,github.com/rancher/rke2,v1.35.1-0.20260924200530-5a75bd79d370
2026-09-24T21:24:10.327867Z,github.com/block/proto-fleet,v0.0.0-20260924204513-663e0322f668
2026-09-24T21:24:13.319804Z,github.com/qaZar1/test,v0.0.0-20260122120110-20cb8d7d5716
2026-09-24T21:24:13.597001Z,github.com/conprof/conprof,v0.29.0
2026-09-24T21:24:15.896746Z,github.com/Files-com/Files-sdk-go/v3,v3.3.267
2026-09-24T21:24:19.968709Z,github.com/qax-os/ElasticHD,v0.0.0-20170629034942-77a4323fd466
2026-09-24T21:24:24.46211Z,github.com/QbCheng/simpleTool,v0.0.4-0.20220812050547-384d2dbb3b71
2026-09-24T21:24:32.019571Z,github.com/qbittorrent/qBittorrent,v0.0.0-20211031103605-01519b5e77d2
2026-09-24T21:24:35.124216Z,github.com/adhithyan15/coding-adventures/code/packages/go/bytecode-compiler,v0.0.0-20260924211348-f7399bcba375
2026-09-24T21:24:37.732199Z,github.com/adhithyan15/coding-adventures/code/packages/go/brainfuck-ir-compiler,v0.0.0-20260924211348-f7399bcba375
2026-09-24T21:24:38.70812Z,github.com/adhithyan15/coding-adventures/code/packages/go/sha256,v0.0.0-20260924211348-f7399bcba375
2026-09-24T21:24:40.337729Z,github.com/cesiumgs/cesium,v0.0.0-20260924212251-7896769d0c54
2026-09-24T21:24:43.972833Z,cloud.google.com/go/compute,v0.0.0-20260924193654-8a17bee20893
2026-09-24T21:24:45.394132Z,github.com/Automattic/pocket-casts-ios,v0.0.0-20260924210416-60e20c52a0f3
2026-09-24T21:24:49.821249Z,github.com/Mindburn-Labs/helm-oss,v0.0.0-20260924205434-b9d953827886
2026-09-24T21:24:51.190609Z,github.com/kmoneil/tenon,v0.5.1-0.20260924211703-07c582c33fb3
2026-09-24T21:24:57.164728Z,github.com/bobg/bs,v0.0.0-20200722154017-e24fa393eed8
2026-09-24T21:25:04.566944Z,github.com/adhithyan15/coding-adventures/code/packages/go/riscv-assembler,v0.0.0-20260924211348-f7399bcba375
2026-09-24T21:25:07.192257Z,github.com/pymupdf/pymupdf,v1.12.7-0.20260924083708-62a645115fe4
2026-09-24T21:25:08.090908Z,github.com/NVIDIA/aistore/cmd/cli,v0.0.0-20260924193210-44188a16bfa8
2026-09-24T21:25:11.197639Z,github.com/grafana/ai-sdk/ai-gateway,v0.0.0-20260924210028-cf61a18d956f
2026-09-24T21:25:12.21413Z,github.com/Files-com/files-cli,v1.6.6-0.20260924200928-61a531b22308
2026-09-24T21:25:14.827651Z,github.com/datadog/helm-charts,v0.0.0-20260924211930-430fb30d8ce0
2026-09-24T21:25:17.573945Z,github.com/Firefox-Devtools/profiler,v0.0.0-20260924195523-fbc9d0cc92cb
2026-09-24T21:25:18.334746Z,github.com/adhithyan15/coding-adventures/code/packages/go/neural-network,v0.0.0-20260924211348-f7399bcba375
2026-09-24T21:25:22.892461Z,github.com/thcolin/oleoo,v3.1.0+incompatible
2026-09-24T21:25:26.164355Z,github.com/nikita-filonov/axiom/plugins/testtags,v0.26.0
2026-09-24T21:25:30.828553Z,github.com/adhithyan15/coding-adventures/code/packages/go/fp-arithmetic,v0.0.0-20260924211348-f7399bcba375
2026-09-24T21:25:32.124699Z,github.com/tecnickcom/tcpdf,v0.0.0-20260828112819-fbbaf14cfae8
2026-09-24T21:25:39.487051Z,github.com/opendatahub-io/maas-billing/maas-api,v0.0.0-20260924212309-02cd6889ced6
2026-09-24T21:25:40.564387Z,github.com/Anonym0usWork1221/Free-Proxies,v0.0.0-20260924193647-b204789d17dc
2026-09-24T21:25:44.130174Z,github.com/adhithyan15/coding-adventures/code/packages/go/csv-parser,v0.0.0-20260924211348-f7399bcba375
2026-09-24T21:25:44.846485Z,github.com/wandb/wandb,v0.0.0-20260924205207-e0fdc3f0183d
2026-09-24T21:25:49.641143Z,github.com/proximal-environments/fetchr_bullmq-rl-test5_workspace,v5.9.0+incompatible
2026-09-24T21:25:52.182252Z,github.com/dbos-inc/dbos-ctl,v0.10.2-0.20260922210132-97172cc1ca4c
2026-09-24T21:25:53.33262Z,github.com/arduino/arduinoOTA,v0.0.0-20260923165337-d8144cc42e58
2026-09-24T21:25:58.435306Z,github.com/csmith/dockerfiles,v0.0.0-20260924085521-e892d5e4debe
2026-09-24T21:25:59.215559Z,github.com/terrylica/cc-skills,v31.2.6+incompatible
2026-09-24T21:26:00.31698Z,github.com/ercole-io/ercole/v2,v2.0.0-20210726092948-978d29385805
2026-09-24T21:26:03.72753Z,github.com/doctrine/docs-builder,v0.0.0-20251009084603-db70f0af50b7
2026-09-24T21:26:07.702121Z,github.com/rh-ecosystem-edge/eco-goinfra,v0.0.0-20260924192539-fd91f276cd8a
2026-09-24T21:26:09.225341Z,github.com/nemarorg/nemar-cli,v0.10.6
2026-09-24T21:26:11.840237Z,github.com/zeek/zeek,v9.1.0-dev.0.20260924185509-1a6b00b25c79+incompatible
2026-09-24T21:26:12.044077Z,github.com/adhithyan15/coding-adventures/code/packages/go/nib-type-checker,v0.0.0-20260924211348-f7399bcba375
2026-09-24T21:26:12.181019Z,github.com/dapr/dapr/tests/apps/perf/service_invocation_grpc,v0.0.0-20260924171246-0692a6746df3
2026-09-24T21:26:13.778784Z,github.com/dokku/dokku/plugins/logs,v0.0.0-20260924205314-114c6115b9e7
2026-09-24T21:26:23.306695Z,github.com/arc53/DocsGPT,v0.0.0-20260924154655-a17ebf2fc9c4
2026-09-24T21:26:23.329733Z,github.com/deatil/zig-jwt,v1.7.2
2026-09-24T21:26:25.553435Z,github.com/dapr/components-contrib/bindings/wasm/testdata/http,v0.0.0-20260924175451-6a7838d26286
2026-09-24T21:26:26.477773Z,github.com/node-cache/node-cache,v5.1.2+incompatible
2026-09-24T21:26:32.53288Z,github.com/apache/datafusion,v0.0.0-20260924204851-7334f52ad8cf
2026-09-24T21:26:37.513464Z,github.com/openprinting/go-mfp,v0.0.0-20260924212106-e8bcc92c95bb
2026-09-24T21:26:38.482148Z,github.com/alexanderpoliser/node-cache,v6.0.1+incompatible
2026-09-24T21:26:40.476932Z,github.com/pinojs/quick-format-unescaped,v2.0.0+incompatible
2026-09-24T21:26:42.379296Z,github.com/paketo-buildpacks/vsdbg/dependency/retrieval,v0.0.0-20260923133927-a08a2e811b2b
2026-09-24T21:26:48.282032Z,github.com/kristerkari/stylelint-config-recommended-scss,v17.0.1+incompatible
2026-09-24T21:26:48.287446Z,github.com/wemake-services/wemake-python-styleguide,v0.0.0-20260924191404-4104b49af1a6
2026-09-24T21:26:49.541786Z,github.com/nemarOrg/nemar-cli,v0.10.6
2026-09-24T21:26:51.967504Z,github.com/arm092/mojave,v0.1.0
2026-09-24T21:26:54.964125Z,go.opentelemetry.io/collector/confmap/internal/e2e,v0.0.0-20260924205005-ee42c62804c0
2026-09-24T21:26:55.205054Z,github.com/sachn-cs/promptsheon,v0.0.0-20260924212641-456894b5d620
2026-09-24T21:26:58.159656Z,github.com/codexar/npm-nodecache,v0.0.0-20150709173103-c3b8bee30d52
2026-09-24T21:26:58.940199Z,github.com/nbeirne/coredns-dnsmesh/mdns/browser,v0.0.0-20250919212851-8ee0469f14ec
2026-09-24T21:27:00.07442Z,cloud.google.com/go/agentidentity,v0.2.0
2026-09-24T21:27:00.675812Z,github.com/cloudfoundry/stratos/src/jetstream,v0.0.0-20260924211817-75d2d78c0ec1
2026-09-24T21:27:01.549762Z,github.com/MACOS-DO/sub4api,v1.1.2
2026-09-24T21:27:04.598675Z,github.com/apache/iceberg,v0.0.0-20260924211824-3316c1d1a4bd
2026-09-24T21:27:04.946092Z,github.com/cloudfoundry/stratos/src/jetstream/plugins/cfapppush,v0.0.0-20260924211817-75d2d78c0ec1
2026-09-24T21:27:06.625144Z,github.com/macos-do/sub4api,v1.1.1
2026-09-24T21:27:12.213758Z,github.com/openshift-online/gecko/orlop,v0.0.0-20260924202951-0936e9d434d5
2026-09-24T21:27:12.601508Z,github.com/vespa-engine/vespa,v0.0.0-20260924205001-4c4480140017
2026-09-24T21:27:12.737092Z,github.com/moq-dev/moq,v0.0.0-20260924212351-cff7c7cc5e6b
2026-09-24T21:27:16.692829Z,github.com/giantswarm/marge,v0.38.11
2026-09-24T21:27:16.74933Z,github.com/0spoon/seamless,v0.5.1
2026-09-24T21:27:19.351956Z,github.com/VIRb3/wgcf/v2,v2.2.32
2026-09-24T21:27:19.735459Z,github.com/apache/druid,v0.0.0-20260924200121-bce8f60af27c
2026-09-24T21:27:20.903463Z,github.com/boratanrikulu/gecit,v0.2.1
2026-09-24T21:27:21.069938Z,github.com/nareshix/sqlitex,v0.2.0
2026-09-24T21:27:23.048705Z,github.com/openmediavault/openmediavault,v0.0.0-20260924190216-2a57825ed5b9
2026-09-24T21:27:23.074339Z,github.com/qalculate/qalculate-gtk,v5.12.1-0.20260922075603-67836215f07c+incompatible
2026-09-24T21:27:24.50105Z,github.com/helius-labs/zolana/sdk-libs/gnark-sdk,v0.0.0-20260924205359-1be5fe5c8865
2026-09-24T21:27:24.715041Z,github.com/Potterli20/socks5-fork,v0.0.0-20260924212312-3cabacc2f756
2026-09-24T21:27:26.54195Z,github.com/Nareshix/sqlitex,v0.2.0
2026-09-24T21:27:27.606036Z,github.com/onflow/flow-go/insecure,v0.0.0-20260924205243-2444eace3d92
2026-09-24T21:27:32.376243Z,github.com/QCoDeS/Qcodes,v0.50.1-0.20241125161905-37f5a34674e5
2026-09-24T21:27:32.846521Z,github.com/nestjs/schematics,v0.0.0-20260924074630-4c0c5c11dfe2
2026-09-24T21:27:39.245429Z,go.atoms.co/lib/net/session,v1.0.5
2026-09-24T21:27:40.642094Z,github.com/jinshuju/picker,v1.4.5
2026-09-24T21:27:44.269856Z,github.com/QCoDeS/Qcodes_contrib_drivers,v0.23.1-0.20250305083153-087e5f45e856
2026-09-24T21:27:45.485469Z,github.com/storybookjs/react-inspector,v2.1.0+incompatible
2026-09-24T21:27:47.244701Z,github.com/qDes/gofeed,v0.0.0-20160419042845-303223474e83
2026-09-24T21:27:47.568796Z,github.com/ragingwind/picker,v0.1.2
2026-09-24T21:27:49.989497Z,github.com/arduino/arduinoota,v0.0.0-20260923165337-d8144cc42e58
2026-09-24T21:27:52.925731Z,github.com/instana/go-sensor/instrumentation/instalambda,v1.64.0
2026-09-24T21:27:55.006947Z,github.com/mitodl/ocw-hugo-themes/www,v0.0.0-20260922151259-d7cd191477d3
2026-09-24T21:27:56.741644Z,github.com/mediawiki/core,v0.0.0-20260924211433-769b9801f5a3
2026-09-24T21:28:00.784465Z,github.com/subdiox/schematics,v0.0.0-20230508134237-2b7ea5bb21a6
2026-09-24T21:28:02.665314Z,github.com/phpdocumentor/filesystem,v0.0.0-20250228161601-841245ca21cf
2026-09-24T21:28:02.898898Z,github.com/getdelta/redux-persist,v0.2.0
2026-09-24T21:28:03.885661Z,github.com/franciscog-kainos/schematics,v0.0.0-20200703151713-cddfe6782d45
2026-09-24T21:28:05.007859Z,github.com/phpdocumentor/guides-cli,v0.0.0-20250228161601-a116884f674d
2026-09-24T21:28:08.980093Z,github.com/rjrodger/aontu/go,v0.76.0
2026-09-24T21:28:11.159465Z,github.com/darbyjohnston/djv,v0.0.0-20260924212723-fe07cc02c89a
2026-09-24T21:28:13.858845Z,go.etcd.io/etcd/client/v3,v3.8.0-alpha.0.0.20260924060513-1edd247ff4b4
2026-09-24T21:28:15.093401Z,github.com/joeycumines/MacosUseSDK,v0.1.0
2026-09-24T21:28:15.159612Z,github.com/osaurus-ai/osaurus,v0.0.0-20260924205658-c48f9112cc93
2026-09-24T21:28:16.008244Z,k8s.io/Api,v0.34.12
2026-09-24T21:28:19.704905Z,github.com/alecthomas/t,v0.0.3
2026-09-24T21:28:20.064005Z,github.com/aql-lang/aql/lang/go,v0.0.0-20260924191256-3768c46a4666
2026-09-24T21:28:22.255594Z,github.com/nullstone-io/temporalex,v0.0.0-20260924212750-7e29b82b5e03
2026-09-24T21:28:24.891462Z,github.com/LerianStudio/github-actions-shared-workflows,v1.76.0
2026-09-24T21:28:28.949931Z,github.com/swiftlang/swift,v0.0.0-20260924211331-a8ddcdba1d94
2026-09-24T21:28:35.056892Z,github.com/colmap/colmap,v0.0.0-20260924150118-f0fdafc3b54b
2026-09-24T21:28:35.817863Z,github.com/trick77/llmwire,v0.0.38
2026-09-24T21:28:45.517762Z,github.com/whatwg/dom,v0.0.0-20260924141057-b2e32dc730eb
2026-09-24T21:28:48.019888Z,github.com/mattermost/mattermost/tools/sharedchannel-test,v0.0.0-20260924210356-3f00dfdba498
2026-09-24T21:28:49.860951Z,github.com/QED-it/asset_transfers_dev_guide,v1.2.1-0.20190523152550-65f8fd441535
2026-09-24T21:28:51.513635Z,github.com/mongodb/mongo-php-library,v0.0.0-20260910145317-8c0b165069ab
2026-09-24T21:28:54.940243Z,github.com/ShadowSmallBaby/ClawProxyHub,v1.2.1
2026-09-24T21:28:57.348641Z,github.com/apache/incubator-druid,v0.0.0-20260924200121-bce8f60af27c
2026-09-24T21:28:58.03152Z,github.com/Skarlso/external-secrets/apis,v0.0.0-20260924195947-9388800da48b
2026-09-24T21:28:58.21193Z,github.com/marp-team/marp-vscode,v3.6.1+incompatible
2026-09-24T21:28:58.609002Z,github.com/adhithyan15/coding-adventures/code/packages/go/asciidoc-parser,v0.0.0-20260924211348-f7399bcba375
2026-09-24T21:28:59.646757Z,github.com/CloudWu/pbc,v0.0.0-20220825084111-a9ffc9a5c90d
2026-09-24T21:29:08.423652Z,github.com/vantagedatachat/goppt,v0.0.0-20260924192123-547f08931e0d
2026-09-24T21:29:10.361873Z,github.com/shadowsmallbaby/clawproxyhub,v1.2.1
2026-09-24T21:29:12.82692Z,github.com/Qesy/qesygo,v0.0.0-20230404022824-ca09101b23cc
2026-09-24T21:29:13.388881Z,github.com/Qesy/qesydb,v0.0.0-20230912022959-f98a53685854
2026-09-24T21:29:17.563367Z,cloud.google.com/go/chronicle,v1.5.0
2026-09-24T21:29:29.101632Z,github.com/pac4j/javalin-pac4j,v0.0.0-20260924203530-6b95d363acb3
2026-09-24T21:29:29.952294Z,github.com/QFO6/minio-go-uploader,v0.0.0-20240522072410-2044047becd5
2026-09-24T21:29:31.920283Z,github.com/QFleet/bee,v1.10.1-0.20190411053449-6a86284cec9a
2026-09-24T21:29:32.700681Z,github.com/wangjohn/levenshtein,v0.0.0-20260924212753-cf86443fac8f
2026-09-24T21:29:35.13441Z,github.com/phpstan/phpstan,v0.0.0-20260924211552-32df97bf7c88
2026-09-24T21:29:37.565214Z,github.com/msaad00/agent-bom/sdks/go,v0.0.0-20260924211751-dcc5d0cab832
2026-09-24T21:29:42.947063Z,github.com/qi4L/qscan,v0.0.0-20240911023957-80227c85311b
2026-09-24T21:29:44.293508Z,github.com/Qi-Mobile/libsuperqi,v1.0.1-0.20260118215031-b271a40e3a43
2026-09-24T21:29:45.249378Z,github.com/phpdocumentor/flyfinder,v0.0.0-20210604134440-6e145e676d9f
2026-09-24T21:29:45.516092Z,github.com/celtera/avendish,v0.0.0-20260922144240-136d518b6d16
2026-09-24T21:29:46.701378Z,github.com/malonaz/core,v1.0.1-0.20260924212925-bed7745e8950
2026-09-24T21:29:54.664153Z,github.com/nexus-xyz/nexus-exchange-go,v0.0.0-20260924212330-99296b3872ac
2026-09-24T21:29:56.857358Z,github.com/qi4L/JYso,v1.3.7-0.20251110072940-cd05e8e56106
2026-09-24T21:29:58.202648Z,github.com/QiangYin1991/tail,v0.0.0-20131113010820-15d13d69b266
2026-09-24T21:30:02.306902Z,github.com/qiankanglai/LoopScrollRect,v1.1.2-p1
2026-09-24T21:30:06.585545Z,github.com/onflow/flow-go/integration,v0.0.0-20260924205243-2444eace3d92
2026-09-24T21:30:08.132275Z,github.com/qianniancn/go-dmSoft,v0.0.0-20200401121117-81d4256bf4f2
2026-09-24T21:30:11.260183Z,github.com/stephenberry/glaze,v9.0.0+incompatible
2026-09-24T21:30:11.388439Z,github.com/projectmirador/mirador,v4.2.5-0.20260924211523-edb819b4768b+incompatible
2026-09-24T21:30:13.152572Z,github.com/qianniancn/go-Dmsoft,v0.0.0-20200331155242-3c59cb6871ac
2026-09-24T21:30:13.434397Z,github.com/cloudfoundry/stratos/src/jetstream/plugins/kubernetes/auth,v0.0.0-20260924211817-75d2d78c0ec1
2026-09-24T21:30:19.670393Z,github.com/rjpcomputing/luaforwindows,v5.1.5-52.0.20260317202928-042fdfb1189d+incompatible
2026-09-24T21:30:26.328573Z,github.com/nosana-ci/nosana-kit,v2.14.3+incompatible
2026-09-24T21:30:29.543949Z,github.com/Cityboypenguin/SPACE-server,v0.0.0-20260923184801-ff47545467a3
2026-09-24T21:30:30.323232Z,github.com/pollinations/pollinations,v0.0.0-20260924212601-a809fb9ae0aa
2026-09-24T21:30:30.809422Z,github.com/joeycumines/macosusesdk,v0.1.0
2026-09-24T21:30:31.069563Z,github.com/qichengzx/gopher-reading-list-zh_CN,v0.0.0-20210629030437-f7c4cbccfc76
2026-09-24T21:30:31.706168Z,github.com/cloudfoundry/stratos/src/jetstream/api,v0.0.0-20260924211817-75d2d78c0ec1
2026-09-24T21:30:34.30836Z,moq.dev/moq,v0.7.2
2026-09-24T21:30:35.549309Z,github.com/qifengzhang007/GinSkeleton,v0.0.0-20201211074559-6eb7c776fad0
2026-09-24T21:30:38.508618Z,github.com/cloudfoundry/stratos/src/jetstream/plugins/kubernetes,v0.0.0-20260924211817-75d2d78c0ec1
2026-09-24T21:30:42.950043Z,github.com/qihai2021/goKit,v0.1.2-0.20220707090414-4bef12b9797e
2026-09-24T21:30:44.623966Z,github.com/tag1consulting/pulumi-lagoon-provider/sdk/go/lagoon,v0.5.6
2026-09-24T21:30:45.535182Z,github.com/google/closure-compiler,v0.0.0-20260924205736-897540329c32
2026-09-24T21:30:52.480657Z,github.com/codegram/gherkin-ruby,v0.3.2
2026-09-24T21:30:53.685193Z,github.com/Qihoo360/kafkabridge,v1.0.1-0.20200908115250-68c9ff20c5a0
2026-09-24T21:30:55.57478Z,github.com/trick77/webfetch,v0.1.10
2026-09-24T21:30:56.736314Z,github.com/Qihoo360/evpp,v0.7.1-0.20221106103310-477033f938fd
2026-09-24T21:31:00.417376Z,github.com/Qihoo360/qbusbridge,v2.13.1-0.20240507114744-b758d0469fb4+incompatible
2026-09-24T21:31:00.969488Z,github.com/SocialGouv/claw-code-go,v0.1.1-0.20260924213023-16f58c8da522
2026-09-24T21:31:03.393344Z,github.com/Qihoo360/360-LLaMA-Factory,v0.0.0-20250731102446-34d221598f7f
2026-09-24T21:31:03.91501Z,github.com/Qihoo360/influx-proxy,v1.0.1-0.20190509064122-c6cf037570ef
2026-09-24T21:31:09.846323Z,github.com/netboxlabs/diode,v0.0.0-20260924110256-d2c5e598f419
2026-09-24T21:31:12.036424Z,github.com/Qihoo360/wayne,v1.0.2-0.20181122110042-b6923c41c083
2026-09-24T21:31:12.47687Z,github.com/danswer-ai/danswer,v4.7.9+incompatible
2026-09-24T21:31:13.436523Z,github.com/QIICR/dcmqi,v1.5.8-0.20260811172803-0332c72f05e5
2026-09-24T21:31:13.88663Z,github.com/adhithyan15/coding-adventures/code/packages/go/os-kernel,v0.0.0-20260924211348-f7399bcba375
2026-09-24T21:31:13.987894Z,github.com/dokku/dokku/plugins/network,v0.0.0-20260924205314-114c6115b9e7
2026-09-24T21:31:14.772333Z,github.com/giantswarm/mcp-capi,v0.5.35
2026-09-24T21:31:16.652467Z,github.com/opencharly/sdk,v0.2026267.2130
2026-09-24T21:31:19.51384Z,github.com/opennhp/opennhp,v0.0.0-20260924190538-5dc9ce68b69c
2026-09-24T21:31:20.86046Z,github.com/GoogleCloudPlatform/magic-modules/mmv1/third_party/terraform,v0.0.0-20260924205944-55cbee37bfe7
2026-09-24T21:31:22.889495Z,github.com/adhithyan15/coding-adventures/code/packages/go/nib-lexer,v0.0.0-20260924211348-f7399bcba375
2026-09-24T21:31:23.281572Z,buf.build/gen/go/policyfly/pfgrpc/protocolbuffers/go,v1.36.12-20260924195024-5b2700b5e332.1
2026-09-24T21:31:25.69722Z,github.com/replicatedhq/embedded-cluster/utils,v0.0.0-20260924170046-c134f32f234c
2026-09-24T21:31:33.784866Z,github.com/dcjanus/prompts,v0.0.0-20260924082721-b6bf6f0fcb7e
2026-09-24T21:31:35.161413Z,github.com/adhithyan15/coding-adventures/code/packages/go/multi-directed-graph,v0.0.0-20260924211348-f7399bcba375
2026-09-24T21:31:35.987447Z,github.com/QingdaoU/JudgeServer,v0.0.0-20240207164115-205ae66a4578
2026-09-24T21:31:36.293269Z,github.com/adhithyan15/coding-adventures/code/packages/go/compiler-source-map,v0.0.0-20260924211348-f7399bcba375
2026-09-24T21:31:36.37383Z,github.com/QingdaoU/OnlineJudgeFE,v0.0.0-20240204103125-032bf201b4d2
2026-09-24T21:31:36.442293Z,github.com/symfony-tools/docs-builder,v0.27.8
2026-09-24T21:31:37.23296Z,github.com/qingfeng346/ScorpioConversion,v0.0.0-20220713120433-50e711c01485
2026-09-24T21:31:37.802216Z,github.com/GoogleCloudPlatform/opentelemetry-operations-collector/components/otelopscol/receiver/mongodbreceiver,v0.0.0-20260924191239-74c0c76ea36c
2026-09-24T21:31:38.065971Z,github.com/QingFeng-awa/ZeroBot-Plugin,v0.0.0-20260408084852-433e8cd0603a
2026-09-24T21:31:44.238578Z,github.com/dector/gust,v0.0.0-20260924210651-62b908c3b917
2026-09-24T21:31:49.819609Z,github.com/seanb4t/engram,v0.20.0
2026-09-24T21:31:52.53805Z,github.com/adhithyan15/coding-adventures/code/packages/go/mosaic-analyzer,v0.0.0-20260924211348-f7399bcba375
2026-09-24T21:31:55.756978Z,github.com/Qingluan/FrameUtils,v0.0.0-20210406092228-efb9804f43e6
2026-09-24T21:31:58.229275Z,github.com/cctbx/cctbx_project,v0.0.0-20260924210456-cc3cd553a99b
2026-09-24T21:31:59.489128Z,github.com/gmt4/mpvc,v0.0.0-20260924201855-43097c6596d7
2026-09-24T21:32:00.901256Z,github.com/facebookincubator/fizz,v0.0.0-20260924163506-efde4a985805
2026-09-24T21:32:01.104931Z,github.com/adams-shaun/gorge,v0.0.0-20260924212949-df1f691440fd
2026-09-24T21:32:02.962616Z,github.com/heliumedu/frontend,v0.0.0-20260924211811-bfce5e69a349
2026-09-24T21:32:03.63766Z,github.com/pytorchlightning/metrics,v1.9.1-0.20260921083857-6c551c6469dc
2026-09-24T21:32:03.747013Z,github.com/adhithyan15/coding-adventures/code/packages/go/cli-builder,v0.0.0-20260924211348-f7399bcba375
2026-09-24T21:32:04.281225Z,github.com/azure/azure-service-operator/docs/hugo,v0.0.0-20260924194134-4f3d2a657bf7
2026-09-24T21:32:05.942445Z,github.com/adhithyan15/coding-adventures/code/packages/go/capability-cage,v0.0.0-20260924211348-f7399bcba375
2026-09-24T21:32:06.471363Z,github.com/openclaw/clickclack,v0.6.0
2026-09-24T21:32:13.338952Z,github.com/doctrine/rst-parser,v0.0.0-20260316133146-86f7cdeb6c0f
2026-09-24T21:32:13.451493Z,github.com/adhithyan15/coding-adventures/code/packages/go/mosaic-parser,v0.0.0-20260924211348-f7399bcba375
2026-09-24T21:32:14.741528Z,github.com/adhithyan15/coding-adventures/code/packages/go/gpu-core,v0.0.0-20260924211348-f7399bcba375
2026-09-24T21:32:16.592475Z,github.com/adhithyan15/coding-adventures/code/packages/go/ir-to-wasm-validator,v0.0.0-20260924211348-f7399bcba375
2026-09-24T21:32:22.042078Z,github.com/negbie/sipparser,v0.0.0-20180323132020-f03e3fa61326
2026-09-24T21:32:22.475346Z,github.com/ergebnis/json-pointer,v0.0.0-20260924194234-414a90039cdf
2026-09-24T21:32:24.049772Z,github.com/percona/go-mysql,v0.0.0-20190528051800-eae71f25e112
2026-09-24T21:32:24.552832Z,github.com/QingWei-Li/awesome-docsify,v0.0.0-20260101084517-de099dd9ff2d
2026-09-24T21:32:24.976514Z,github.com/thephpleague/flysystem-ftp,v0.0.0-20230830101723-60b6c44194ee
2026-09-24T21:32:25.990046Z,github.com/ergebnis/json-schema-validator,v0.0.0-20260924194252-228bf86d963c
2026-09-24T21:32:28.054648Z,github.com/cloudy-sky-software/pulumi-provider-framework,v0.0.0-20260924144345-74440fb12a0e
2026-09-24T21:32:29.975174Z,github.com/googlecloudplatform/magic-modules/mmv1/third_party/terraform,v0.0.0-20260924205153-98183cf55d11
2026-09-24T21:32:30.150754Z,github.com/tucnak/telebot,v0.0.0-20161015104343-4656d9d8926a
2026-09-24T21:32:38.175779Z,github.com/cloudfoundry/stratos/src/jetstream/plugins/monocular,v0.0.0-20260924213156-7156bff8cc52
2026-09-24T21:32:38.758327Z,github.com/phac-nml/irida-next,v0.0.0-20260924211727-d11b985ac7cd
2026-09-24T21:32:40.503662Z,github.com/adhithyan15/coding-adventures/code/packages/go/transistors,v0.0.0-20260924211348-f7399bcba375
2026-09-24T21:32:40.656912Z,github.com/censusReporter/census-api,v0.0.0-20260924182324-f369db7e214b
2026-09-24T21:32:43.833625Z,github.com/adhithyan15/coding-adventures/code/packages/go/compute-runtime,v0.0.0-20260924211348-f7399bcba375
2026-09-24T21:32:48.577348Z,github.com/facorreiaa/loci-connect-proto/v5,v5.28.0
2026-09-24T21:32:53.087005Z,github.com/adhithyan15/coding-adventures/code/packages/go/dartmouth-basic-ir-compiler,v0.0.0-20260924211348-f7399bcba375
2026-09-24T21:32:53.26013Z,github.com/azure/azure-container-networking/cilium-log-collector,v0.0.5
2026-09-24T21:32:53.702626Z,github.com/aldoBrett/sirkel-engine-lib,v0.0.0-20260924213155-db5a044d536c
2026-09-24T21:32:55.498179Z,github.com/qinxin0720/QcloudSms-go,v0.0.0-20180731011327-d34a8d28ab81
2026-09-24T21:32:57.996321Z,github.com/adhithyan15/coding-adventures/code/packages/go/mosaic-vm,v0.0.0-20260924211348-f7399bcba375
2026-09-24T21:32:58.48765Z,github.com/infection/infection,v0.0.0-20260902133025-487bf060228e
2026-09-24T21:33:04.365633Z,github.com/qishibo/AnotherRedisDesktopManager,v1.4.6-0.20210521021225-d7462a6d951a
2026-09-24T21:33:05.13852Z,github.com/tomasvotruba/type-coverage,v0.0.0-20260924083215-429c42c180e7
2026-09-24T21:33:14.027802Z,github.com/Qiskit/openqasm,v0.0.0-20241030170957-828f1c385bde
2026-09-24T21:33:15.126651Z,github.com/Qiskit/ibm-quantum-schemas,v0.0.0-20260717125047-cfa7d4524d3d
2026-09-24T21:33:15.863016Z,github.com/IntersectMBO/cardano-ledger,v0.0.0-20260924153154-51756884d027
2026-09-24T21:33:16.579091Z,github.com/olivierh59500/democonstructionkit,v0.0.0-20260924213216-fa7d1cf4198b
2026-09-24T21:33:17.206595Z,github.com/coreweave/cwic,v1.46.0
2026-09-24T21:33:18.448576Z,github.com/Qiskit/qiskit-aer,v0.0.0-20241105090452-5994b77aff05
2026-09-24T21:33:21.136825Z,github.com/keplerproject/luafilesystem,v1.5.1-0.20260903170715-146ab458e821
2026-09-24T21:33:24.833316Z,github.com/adhithyan15/coding-adventures/code/packages/go/logic-gates,v0.0.0-20260924211348-f7399bcba375
2026-09-24T21:33:31.015564Z,github.com/Qiskit/qiskit-machine-learning,v0.0.0-20251224172744-46d9ba4b4c7e
2026-09-24T21:33:32.717589Z,buf.build/gen/go/cedana/cedana/protocolbuffers/go,v1.36.11-20260924204109-93c9a2c9db51.1
2026-09-24T21:33:35.363953Z,github.com/openemr/openemr,v0.0.0-20260924212049-4c0f5d2921d3
2026-09-24T21:33:35.525699Z,github.com/Qiskit/rustworkx,v0.0.0-20240304212006-de6684fee79a
2026-09-24T21:33:37.091848Z,github.com/adhithyan15/coding-adventures/code/packages/go/brainfuck,v0.0.0-20260924211348-f7399bcba375
2026-09-24T21:33:40.393578Z,go.flipt.io/flipt,v1.61.2-0.20260924212954-25f2c911a220
2026-09-24T21:33:42.53079Z,github.com/adhithyan15/coding-adventures/code/packages/go/nib-ir-compiler,v0.0.0-20260924211348-f7399bcba375
2026-09-24T21:33:45.185866Z,buf.build/gen/go/cedana/criu/protocolbuffers/go,v1.36.11-20260924204109-86f90c0ce0df.1
2026-09-24T21:33:46.01591Z,github.com/adhithyan15/coding-adventures/code/packages/go/wasm-execution,v0.0.0-20260924211348-f7399bcba375
2026-09-24T21:33:46.786444Z,github.com/adhithyan15/coding-adventures/code/packages/go/display,v0.0.0-20260924211348-f7399bcba375
2026-09-24T21:33:46.917877Z,github.com/openshift/pagerduty-operator,v0.0.0-20260924201318-651e318625cc
2026-09-24T21:33:58.956286Z,github.com/golang/telemetry,v0.0.0-20260924152758-ed294f943157
2026-09-24T21:34:00.266565Z,github.com/liamg/liamg,v0.0.0-20260924210859-2b1bdd0dbb1c
2026-09-24T21:34:05.224762Z,github.com/qalculate/qalculate-qt,v5.12.1-0.20260920082119-56fd6d121132+incompatible
2026-09-24T21:34:11.895029Z,github.com/nodemailer/addressparser,v0.1.1
2026-09-24T21:34:12.141716Z,github.com/Qiskit/qiskit-experiments,v0.0.0-20241105063903-05d7487968ab
2026-09-24T21:34:12.229389Z,github.com/Qiskit-Extensions/qiskit-experiments,v0.0.0-20260507162716-5a3ef8f98434
2026-09-24T21:34:12.897597Z,github.com/qalculate/libqalculate,v5.12.1-0.20260923081716-11fd0fcf4425+incompatible
2026-09-24T21:34:16.868712Z,github.com/adhithyan15/coding-adventures/code/packages/go/barcode-2d,v0.0.0-20260924211348-f7399bcba375
2026-09-24T21:34:19.506802Z,github.com/adhithyan15/coding-adventures/code/packages/go/neural-graph-vm,v0.0.0-20260924211348-f7399bcba375
2026-09-24T21:34:22.465274Z,github.com/cloudfoundry/stratos,v0.0.0-20260924205600-82b0ead062ec
2026-09-24T21:34:22.82687Z,github.com/rycee/home-manager,v0.0.0-20260924184354-f2981148865f
2026-09-24T21:34:23.07144Z,github.com/adhithyan15/coding-adventures/code/packages/go/wasm-runtime,v0.0.0-20260924211348-f7399bcba375
2026-09-24T21:34:24.838186Z,github.com/adhithyan15/coding-adventures/code/packages/go/blake2b,v0.0.0-20260924211348-f7399bcba375
2026-09-24T21:34:30.482919Z,github.com/AdguardTeam/HostlistsRegistry,v0.0.0-20260924211718-c8a0a4e1aff3
2026-09-24T21:34:38.786166Z,github.com/Qitmeer/meerevm,v0.0.0-20211229050947-5b3b9c079de4
2026-09-24T21:34:39.111534Z,github.com/HomeBREW/homebrew-core,v0.0.0-20260924212608-e15b500656c6
2026-09-24T21:34:42.280944Z,github.com/Hurtener/Harbor,v1.32.1
2026-09-24T21:34:44.148594Z,github.com/joyent/pkgsrc,v0.0.0-20241007104430-90cd44efc8f0
2026-09-24T21:34:47.104024Z,github.com/Qitmeer/qitmeer/cmd/payledger,v0.0.0-20210728065548-0add8642ad01
2026-09-24T21:34:48.127923Z,github.com/telepresenceio/telepresence/cmd/cobraparser/v2,v2.0.0-20260924211133-3262b15f706b
2026-09-24T21:34:54.044011Z,github.com/adhithyan15/coding-adventures/code/packages/go/device-simulator,v0.0.0-20260924211348-f7399bcba375
2026-09-24T21:34:55.672309Z,github.com/adhithyan15/coding-adventures/code/packages/go/mosaic-lexer,v0.0.0-20260924211348-f7399bcba375
2026-09-24T21:35:04.068798Z,github.com/steamdatabase/gametracking-cs2,v0.0.0-20260924200009-bad75678ca7f
2026-09-24T21:35:08.151428Z,github.com/Azure/azure-sdk-for-go/eng/tools/testdata/scenariod/foo,v0.0.0-20260924213250-1d0aa557c8b7
2026-09-24T21:35:09.675882Z,github.com/Azure/azure-sdk-for-go/eng/tools/smoketests,v0.0.0-20260924213250-1d0aa557c8b7
2026-09-24T21:35:12.449907Z,github.com/observeinc/observe-agent/components/receivers/heartbeatreceiver,v0.0.0-20260923210225-848372887e22
2026-09-24T21:35:14.033138Z,github.com/Qix-/color-convert,v0.0.0-20231023083836-6b7dee5a168f
2026-09-24T21:35:14.830561Z,github.com/Qix-/color,v0.0.0-20241007210730-daec0b26942c
2026-09-24T21:35:15.71199Z,github.com/moderntv/eventual-cache,v1.0.0
2026-09-24T21:35:16.569561Z,github.com/adhithyan15/coding-adventures/code/packages/go/arithmetic,v0.0.0-20260924211348-f7399bcba375
2026-09-24T21:35:16.911347Z,github.com/qixia1998/Interview_Questions,v0.0.0-20230617155926-f4d7e5dca176
2026-09-24T21:35:17.210302Z,github.com/qiicr/dcmqi,v1.5.8-0.20260914163814-5571494a1441
2026-09-24T21:35:17.77285Z,github.com/QiWang19/storage,v1.15.9-0.20200207130047-39a8d5ed9843
2026-09-24T21:35:22.79795Z,github.com/opster/opensearch-k8s-operator,v0.0.0-20260924183201-4debbb86671f
2026-09-24T21:35:23.382053Z,github.com/utmapp/utm,v5.0.6+incompatible
2026-09-24T21:35:24.218638Z,github.com/wippyai/bee/native,v0.0.0-20260924211838-5a1c6b2f03f8
2026-09-24T21:35:24.50336Z,github.com/777genius/plugin-kit-ai,v1.1.1-0.20260924200131-167aa314833f
2026-09-24T21:35:25.07497Z,go.miloapis.com/billing,v0.3.7
2026-09-24T21:35:25.786193Z,github.com/redpanda-data/redpanda-operator/operator,v0.0.0-20260924204200-891a1d8ac3cd
2026-09-24T21:35:28.828973Z,github.com/observeinc/observe-agent/observecol,v0.0.0-20260923210225-848372887e22
2026-09-24T21:35:34.911105Z,github.com/jonpulsifer/infra/apps/fml-ceremony,v0.0.0-20260924212057-32a13748755f
2026-09-24T21:35:36.743476Z,github.com/woozymasta/a2s,v0.4.0
2026-09-24T21:35:46.6953Z,github.com/Grafana/Grafana,v0.0.0-20260924205547-681e4f5c61b8
2026-09-24T21:35:49.509906Z,github.com/ql31j45k3/SP_blog,v0.0.0-20210829121314-990e637f2d9a
2026-09-24T21:35:53.122969Z,github.com/zalando-incubator/kubernetes-on-aws,v0.0.0-20260924203216-02aa6c4cfec3
2026-09-24T21:35:53.15838Z,github.com/zalando-incubator/kubernetes-on-aws/test/e2e,v0.0.0-20260924203216-02aa6c4cfec3
2026-09-24T21:36:00.951989Z,github.com/kixelated/moq,v0.0.0-20260924213337-b99ad331f7cc
2026-09-24T21:36:01.274998Z,github.com/GENTOo/gentoo,v0.0.0-20260924211340-ba8acdd7d7a6
2026-09-24T21:36:01.694368Z,github.com/osac-project/osac/osac-operator/api,v0.0.0-20260924205244-ce0c6bb6a604
2026-09-24T21:36:04.101916Z,github.com/wooorm/rehype,v0.0.0-20260613112513-cae74c7f729a
2026-09-24T21:36:04.279043Z,github.com/projectbeskar/virtrigaud/sdk,v0.0.0-20260924213110-0bd0dce1124d
2026-09-24T21:36:06.641013Z,github.com/pulsejet/memories/go-vod,v0.0.0-20260924200403-a209bad271b1
2026-09-24T21:36:07.58363Z,github.com/msaad00/agent-bom,v0.0.0-20260924205508-2738dea92e25
2026-09-24T21:36:07.928894Z,github.com/QMahyar/cf-scanner,v0.15.1-0.20260919230456-6a3c1fff1093
2026-09-24T21:36:13.132084Z,sigs.k8s.io/controller-runtime,v0.0.0-20240402135411-47b4101ca4aa
2026-09-24T21:36:13.865584Z,github.com/QMEOWQ/go-microservice-proj/internal/common,v0.0.0-20260414095740-63a4ba0ebec3
2026-09-24T21:36:16.359355Z,github.com/qluvio/FFmpeg,v0.0.0-20210731022035-8aec7d1cfe86
2026-09-24T21:36:18.612172Z,github.com/partite-ai/wacogo,v0.0.0-20260924213548-839cb889db90
2026-09-24T21:36:19.055852Z,github.com/QMHTMY/gim,v0.0.0-20200930081359-b747e1c8d205
2026-09-24T21:36:20.267966Z,github.com/QMHTMy/gim,v0.0.0-20200930081359-b747e1c8d205
2026-09-24T21:36:24.76311Z,github.com/QMSTR/synclib,v0.0.0-20210202165622-0f282eef2445
2026-09-24T21:36:25.121034Z,github.com/maximhq/bifrost/transports,v1.6.12-0.20260924191357-2238b6ba1dcb
2026-09-24T21:36:26.593026Z,github.com/Azure/azure-sdk-for-go/eng/tools/indexer,v0.0.0-20260924213250-1d0aa557c8b7
2026-09-24T21:36:29.193198Z,github.com/j-dumbell/transmission-exporter,v0.0.0-20260402124626-c46f06998158
2026-09-24T21:36:32.533081Z,github.com/QN-zhangzhuo/go-sdk,v0.0.0-20220525040139-5ebdd0a505cb
2026-09-24T21:36:35.067754Z,github.com/wso2/gateway-controllers,v0.0.0-20260924090247-8bfb8f243e39
2026-09-24T21:36:35.520946Z,github.com/vinifmor/bauh-files,v0.0.0-20260924212234-59b607405cc1
2026-09-24T21:36:40.62903Z,github.com/adguardteam/hostlistsregistry,v0.0.0-20260924211718-c8a0a4e1aff3
2026-09-24T21:36:41.08021Z,github.com/gxed/quic-go,v0.10.0
2026-09-24T21:36:45.148306Z,github.com/kubeflow/hub/catalog/pkg/openapi,v0.0.0-20260924211630-33bdf092d8cb
2026-09-24T21:36:49.711574Z,github.com/lacework/go-sdk/v2,v2.19.1
2026-09-24T21:36:50.358592Z,github.com/LerianStudio/lib-systemplane/v4,v4.0.0-beta.13
2026-09-24T21:36:51.604129Z,github.com/lerianstudio/lib-systemplane/v4,v4.0.0-beta.13
2026-09-24T21:36:51.638778Z,github.com/fxamacker/cbor/v2,v2.4.1-0.20220911210001-a0d9a3c68a89
2026-09-24T21:36:52.971577Z,github.com/hashicorp/vault,v0.0.0-20260924200551-e21138f5bf22
2026-09-24T21:36:55.393097Z,gitlab.com/sipsma1/tailcall,v0.3.97
2026-09-24T21:36:55.463162Z,github.com/qojulia/QuantumOpticsBase.jl,v0.5.14-0.20260821033012-e338850a3835
2026-09-24T21:36:56.605717Z,github.com/qojulia/QuantumOptics.jl,v1.2.9
2026-09-24T21:36:57.666249Z,github.com/azure/azure-sdk-for-go/eng/tools/smoketests,v0.0.0-20260924213250-1d0aa557c8b7
2026-09-24T21:37:00.37734Z,github.com/j-dumbell/go-qbittorrent,v0.0.0-20260402124626-c46f06998158
2026-09-24T21:37:01.496397Z,github.com/openshift/cloud-ingress-operator,v0.0.0-20260924193220-97dad1daa024
2026-09-24T21:37:01.705201Z,github.com/tokenmaxed/jsonschema,v1.2.1
2026-09-24T21:37:02.257162Z,github.com/coderaiser/minify,v1.0.8
2026-09-24T21:37:03.429361Z,github.com/egoist/vue-no-ssr,v0.2.1
2026-09-24T21:37:03.516598Z,github.com/FILES-com/files-sdk-go/v3,v3.3.263
2026-09-24T21:37:04.411719Z,github.com/envoyproxy/go-control-plane/examples/dyplomat,v0.0.0-20260924200347-720a0436c8a3
2026-09-24T21:37:04.484602Z,github.com/trueforge-org/containerforge,v0.0.0-20260924213539-e382acaea479
2026-09-24T21:37:04.512529Z,gopkg.in/Macaron.v1,v1.1.7
2026-09-24T21:37:09.406699Z,github.com/Azure/azure-container-networking/cilium-log-collector,v0.0.5
2026-09-24T21:37:09.637661Z,github.com/CookieY/yee,v0.3.7
2026-09-24T21:37:10.593385Z,github.com/urnetwork/userwireguard/v2026,v2026.9.24-1054792560
2026-09-24T21:37:12.002969Z,go.lumeweb.com/web/go/portal-plugin-onboarding,v0.0.0-20260924213213-bf518c1d4819
2026-09-24T21:37:14.219958Z,github.com/Pujathacker2210/ldap/v3,v3.1.0
2026-09-24T21:37:20.541761Z,github.com/storybookjs/babel-plugin-react-docgen,v1.7.0
2026-09-24T21:37:21.918551Z,github.com/chronosphereio/chronoctl-core,v0.0.0-20260923173314-5f038f195fb5
2026-09-24T21:37:22.044917Z,gitlab.com/qemu-project/edk2,v0.0.0-20260924213218-2f1971dd4d77
2026-09-24T21:37:24.439239Z,github.com/FIles-com/files-sdk-go/v3,v3.3.261
2026-09-24T21:37:26.45004Z,github.com/gmickel/gno,v2.4.0+incompatible
2026-09-24T21:37:26.609618Z,github.com/jonpulsifer/infra,v0.0.0-20260924210604-24daf3552b12
2026-09-24T21:37:26.697067Z,github.com/puma/rails,v0.9.3
2026-09-24T21:37:27.186171Z,github.com/wundergraph/cosmo/graphqlmetrics,v0.0.0-20260924212407-3b7b3a34e9a7
2026-09-24T21:37:27.585658Z,github.com/autonomous-ai/autonomous-grid,v0.1.4
2026-09-24T21:37:28.362598Z,github.com/giantswarm/devctl/v8,v8.98.8
2026-09-24T21:37:28.845954Z,github.com/truefoundry/infra-charts,v0.0.0-20260924205108-68ff5b0bf7e4
2026-09-24T21:37:30.425312Z,github.com/hack23/cia-compliance-manager,v1.1.152
2026-09-24T21:37:31.157077Z,github.com/google/A2UI,v0.0.0-20260924210218-fcec476bff13
2026-09-24T21:37:33.093595Z,github.com/Mycarrier-DevOps/goLibMyCarrier,v1.4.1-fix-devops-367-remove-gitversion-floor.1
2026-09-24T21:37:35.34176Z,github.com/sindresorhus/write-package,v6.0.1+incompatible
2026-09-24T21:37:39.714105Z,github.com/yottacore/shcl,v1.0.0-beta2
2026-09-24T21:37:43.14166Z,github.com/pelicanplatform/pelican,v0.0.0-20260924211235-ec601b25a755
2026-09-24T21:37:43.913238Z,github.com/Qone-Plus/cosmos-sdk,v0.16.1-0.20180515164536-20abeb3dcf5d
2026-09-24T21:37:47.129586Z,github.com/HomeBrew/homebrew-core,v0.0.0-20260924212907-58114f255c86
2026-09-24T21:37:48.577811Z,github.com/foliojs/grapheme-breaker,v0.2.0
2026-09-24T21:37:51.890618Z,github.com/Foundationdb/fdb-kubernetes-operator/v2,v2.0.0
2026-09-24T21:37:51.895827Z,github.com/rive-app/rive-runtime,v0.0.0-20260924210911-57dddb372730
2026-09-24T21:37:54.376283Z,github.com/obot-platform/enterprise-providers,v0.25.6-rc2
2026-09-24T21:37:55.649811Z,github.com/alloc/wana,v0.12.3
2026-09-24T21:37:56.604755Z,github.com/Azure/azure-sdk-for-go/eng/tools/testdata/scenarioe/foo/v2,v2.0.0-20260924213250-1d0aa557c8b7
2026-09-24T21:38:02.882573Z,github.com/pujathacker2210/ldap/v3,v3.1.0
2026-09-24T21:38:03.366307Z,github.com/ankane/rack-timeout,v0.0.4
2026-09-24T21:38:07.921204Z,github.com/helmetjs/dont-sniff-mimetype,v1.0.0
2026-09-24T21:38:11.913714Z,github.com/helmetjs/referrer-policy,v1.0.0
2026-09-24T21:38:15.695892Z,github.com/ruby/simplecov,v0.8.1
2026-09-24T21:38:17.505814Z,cloud.google.com/go/config,v1.14.0
2026-09-24T21:38:17.852307Z,github.com/tobyxdd/hysteria/core/v2,v2.6.0
2026-09-24T21:38:22.591748Z,github.com/ai-dynamo/dynamo,v0.0.0-20260924195211-d2381f94a38a
2026-09-24T21:38:27.443624Z,github.com/halt-hammerzeit/libphonenumber-js,v1.12.19
2026-09-24T21:38:30.283922Z,github.com/netdata/netdata/src/collectors/cgroups.plugin/cgroup-name,v0.0.0-20260924211717-6f9aff6800cb
2026-09-24T21:38:30.926893Z,github.com/AnthropicS/claude-code,v2.1.153+incompatible
2026-09-24T21:38:33.07163Z,github.com/luzifer/ots/pkg/client,v0.0.0-20260924141832-0716b8ef4fce
2026-09-24T21:38:34.109246Z,github.com/tobyxdd/hysteria/app/v2,v2.6.0
2026-09-24T21:38:38.207594Z,github.com/PuerKITOBio/purell,v0.1.0
2026-09-24T21:38:40.44358Z,github.com/Auth0/go-jwt-middleware/v3,v3.1.0
2026-09-24T21:38:44.26848Z,github.com/jippi/scm-engine,v0.22.1-0.20260924213455-ce6834895e61
2026-09-24T21:38:46.297565Z,github.com/bfred-it/object-fit-images,v2.5.7+incompatible
2026-09-24T21:38:46.482685Z,gitlab.com/catamphetamine/libphonenumber-js,v1.13.14
2026-09-24T21:38:48.172851Z,github.com/camunda/camunda-platform-helm,v0.0.0-20260924183735-a22a2b2f13f0
2026-09-24T21:38:51.420349Z,github.com/decocms/studio,v4.398.1+incompatible
2026-09-24T21:38:56.024723Z,google.golang.org/grpc,v0.0.0-20260924200406-784c8f2b54e8
2026-09-24T21:38:58.194435Z,github.com/embassy-rs/embassy,v0.0.0-20260924211049-089fe2f59014
2026-09-24T21:39:01.415723Z,github.com/ayanozturk/go-php-parser,v0.0.0-20260924213851-8b7a50df98c5
2026-09-24T21:39:01.436902Z,github.com/Auth0/go-jwt-middleware/v2,v2.0.0
2026-09-24T21:39:05.004291Z,github.com/Eijebong/pest,v1.0.2
2026-09-24T21:39:08.610809Z,github.com/OpenPrinting/go-mfp,v0.0.0-20260924212106-e8bcc92c95bb
2026-09-24T21:39:10.837033Z,github.com/Azure/azure-sdk-for-go/sdk/security/keyvault/azsecrets/testdata/perf,v0.0.0-20260924213250-1d0aa557c8b7
2026-09-24T21:39:12.176564Z,github.com/indutny/heap.js,v0.2.2
2026-09-24T21:39:15.090579Z,github.com/Teamwork/kommentaar,v0.5.2
2026-09-24T21:39:21.275172Z,github.com/js-js/heap.js,v0.7.3
2026-09-24T21:39:21.945929Z,github.com/hyperledger-firefly/evmconnect,v1.5.3-0.20260924192108-78ed1208c8b6
2026-09-24T21:39:29.554971Z,github.com/OmniTrustILM/go-sdk,v1.0.1-0.20260924130405-1e5e9b736dfa
2026-09-24T21:39:31.863365Z,github.com/Ruffle-RS/Ruffle,v0.4.1
2026-09-24T21:39:39.264766Z,github.com/enzymead/enzyme,v0.0.295
2026-09-24T21:39:40.745219Z,github.com/Internetarchive/openlibrary,v0.0.0-20260924204515-74a6045f28ba
2026-09-24T21:39:54.082937Z,github.com/datadog/dd-trace-js,v5.128.0+incompatible
2026-09-24T21:39:57.034759Z,github.com/casualjim/middlewares,v0.0.0-20160427035532-fda8fb74e69c
2026-09-24T21:39:58.391292Z,github.com/Qovery/do-k8s-replace-notready-nodes,v0.0.1-0.20210420100431-9bb1e9fc6663
2026-09-24T21:40:05.51989Z,github.com/Bethel-nz/pier,v0.2.1
2026-09-24T21:40:07.171269Z,github.com/hecrj/iced,v0.0.0-20260924195221-b07d211134d4
2026-09-24T21:40:11.652905Z,github.com/googleapis/cloud-bigtable-clients-test,v0.0.5-0.20260918152216-282e02a4367a
2026-09-24T21:40:17.76023Z,github.com/TheLazarusnetwork/go-helpers/httpo,v0.0.0-20231107050208-a70a1bdc57a1
2026-09-24T21:40:24.335526Z,github.com/teamhanko/hanko/quickstart,v0.0.0-20260924111057-33930976f312
2026-09-24T21:40:25.220929Z,github.com/hulutech-web/workflow-engine,v0.0.0-20260924211316-6db7a216682f
2026-09-24T21:40:29.1089Z,github.com/GSA/data.gov,v0.0.0-20260924135218-4b72003f50db
2026-09-24T21:40:30.17922Z,github.com/KDAB/GammaRay,v3.4.1+incompatible
2026-09-24T21:40:31.74888Z,github.com/maximiliangaedig/mautrix-go,v0.31.1-0.20260924210825-c58c501ccbca
2026-09-24T21:40:34.465258Z,github.com/henomis/packtrail,v0.2.3
2026-09-24T21:40:36.731108Z,github.com/daviddwlee84/dev-cli,v0.3.3
2026-09-24T21:40:42.762493Z,chromium.googlesource.com/infra/infra.git/go/src/infra,v0.0.0-20260924213236-834b3bc79e90
2026-09-24T21:40:43.337957Z,github.com/open-abap/open-abap,v0.0.0-20260924065813-3f22182feb3a
2026-09-24T21:40:45.27069Z,github.com/linode/linode-cosi-driver,v0.9.4
2026-09-24T21:40:48.869142Z,github.com/scribusproject/scribus,v0.0.0-20260920161151-9ec0ddcf8eec
2026-09-24T21:40:51.385354Z,github.com/opencharly/plugin-check,v2026.266.1235+incompatible
2026-09-24T21:40:52.886332Z,github.com/Qovery/qovery-cli,v0.41.5-0.20220317171817-fe16e259a4f3
2026-09-24T21:40:55.723941Z,github.com/seaweedfs/seaweedFS,v0.0.0-20260924181459-56d2f05ccd01
2026-09-24T21:40:55.875611Z,github.com/trendyol/go-pq-cdc-kafka,v1.3.5-0.20260924211042-062fee615400
2026-09-24T21:40:57.699033Z,github.com/azure/azure-sdk-for-go/sdk/azcore/testdata/perf,v0.0.0-20260924213250-1d0aa557c8b7
2026-09-24T21:41:03.414872Z,github.com/exosite/lua-yaml,v0.0.0-20200310212157-009b129a6f43
2026-09-24T21:41:03.655671Z,github.com/openshift/hive,v1.0.20-0.20210224184538-498132b1b172
2026-09-24T21:41:04.644324Z,github.com/bethel-nz/pier,v0.2.1
2026-09-24T21:41:15.128232Z,github.com/open-quantum-safe/liboqs,v0.0.0-20260924195530-b196b57aa615
2026-09-24T21:41:15.770579Z,github.com/octelium/octelium-ee/cluster/apiserver,v0.0.0-20260924212414-24f123154344
2026-09-24T21:41:16.387835Z,github.com/dasarinaidu/shepherd,v0.0.0-20260924212446-b6c1a50a1a80
2026-09-24T21:41:16.61222Z,github.com/crgimenes/filo,v0.0.23
2026-09-24T21:41:20.784678Z,github.com/eiton/vulkan,v0.0.0-20260924123253-b670409ed96a
2026-09-24T21:41:29.265389Z,github.com/Gentoo/gentoo,v0.0.0-20260924213542-6cd76cbd6ac0
2026-09-24T21:41:31.780749Z,helm.sh/helm/v4,v4.1.1-0.20260309183056-3e7b38fd04ba
2026-09-24T21:41:32.675756Z,github.com/giantswarm/policy-api,v0.0.15
2026-09-24T21:41:37.459699Z,github.com/bitgo/bitgojs,v53.2.0+incompatible
2026-09-24T21:41:45.971651Z,go.miloapis.com/milo,v0.33.2
2026-09-24T21:41:52.403648Z,github.com/scala-text/scala_text,v0.0.0-20260924071616-c9484ac9d10c
2026-09-24T21:41:57.729756Z,github.com/Qovery/qovery-client-go,v0.0.0-20250425122756-e8d97ab900c2
2026-09-24T21:41:59.998468Z,github.com/tobilg/polyglot/packages/go,v0.13.0
2026-09-24T21:42:03.173697Z,github.com/fgn/v4a,v0.1.0
2026-09-24T21:42:04.122355Z,github.com/cmtonkinson/agentctl,v0.0.0-20260924123610-1aa5ffa76d01
2026-09-24T21:42:09.974065Z,github.com/uber/cadence/internal/tools,v0.0.0-20260924211834-33704b3a5fc2
2026-09-24T21:42:10.485947Z,github.com/xberg-io/xberg/packages/go,v1.2.9
2026-09-24T21:42:10.716827Z,github.com/lucasdillmann/nginx-ignition,v0.0.0-20260924212550-0cd13073c8db
2026-09-24T21:42:18.01831Z,github.com/waldur/go-client,v0.0.0-20260924205502-d1a782d0fbfa
2026-09-24T21:42:18.937271Z,github.com/Tencent/bk-bcs/bcs-scenarios/bcs-terraform-bkprovider,v0.0.0-20260924090632-95440472e83f
2026-09-24T21:42:19.107458Z,github.com/nodemailer/nodemailer-direct-transport,v3.3.2+incompatible
2026-09-24T21:42:20.02881Z,github.com/annict/annict/go,v0.0.0-20260924172305-aabb337ad181
2026-09-24T21:42:21.913067Z,github.com/luke-john/react-docgen-typescript,v1.20.5
2026-09-24T21:42:23.479397Z,github.com/eijebong/pest,v2.0.1-derive+incompatible
2026-09-24T21:42:24.036801Z,tailscale.com,v1.102.5
2026-09-24T21:42:26.916452Z,github.com/tim-hardcastle/pipefish,v0.0.0-20260924213332-11840466c631
2026-09-24T21:42:31.858056Z,github.com/atmosphere/atmosphere,v0.0.0-20260924213029-9e74dc0f2cf4
2026-09-24T21:42:34.408093Z,github.com/hashicorp/vault/api,v0.0.0-20260924200551-e21138f5bf22
2026-09-24T21:42:35.629713Z,github.com/tecnickcom/TCPDF,v0.0.0-20260828112819-fbbaf14cfae8
2026-09-24T21:42:36.371467Z,github.com/syshlted/drivel,v0.0.0-20260924214016-b231def27454
2026-09-24T21:42:36.696036Z,github.com/wikimedia/pywikibot,v0.0.0-20260924213431-de6da71e2f12
2026-09-24T21:42:37.324603Z,github.com/Azure/azure-sdk-for-go/sdk/security/keyvault/azcertificates/testdata/perf,v0.0.0-20260924213250-1d0aa557c8b7
2026-09-24T21:42:38.06045Z,github.com/anoni-net/docs,v0.0.0-20260924201415-bb650473af4f
2026-09-24T21:42:41.998661Z,github.com/afni/afni,v0.0.0-20260924200153-660b784c90f1
2026-09-24T21:42:59.268169Z,github.com/Astral-sh/Uv,v0.0.0-20260924212849-bea138450f0e
2026-09-24T21:43:02.263249Z,github.com/openstack/python-openstackclient,v0.0.0-20260923192430-37b3b0363d52
2026-09-24T21:43:04.250147Z,github.com/tencentcloud/tencentcloud-sdk-go/tencentcloud/dlc,v1.3.186
2026-09-24T21:43:06.963035Z,github.com/open-rails/authkit,v0.139.0
2026-09-24T21:43:09.843267Z,github.com/openshift-online/gecko,v0.0.0-20260924202951-0936e9d434d5
2026-09-24T21:43:15.774318Z,github.com/google/android-cuttlefish/base/cvd/cuttlefish/host/commands/cvd/cli/parser/golang,v0.0.0-20260924191809-54e2e122de67
2026-09-24T21:43:17.285792Z,github.com/openstack/neutron,v0.0.0-20260924194701-47e41a2a784d
2026-09-24T21:43:19.541339Z,github.com/QED-it/asset_transfers_dev_guide/go,v1.6.1-0.20191031092659-b5f9d6196c42
2026-09-24T21:43:22.458258Z,github.com/Qovery/qovery-github-action,v0.0.0-20220223161608-6ee12bf1e016
2026-09-24T21:43:23.579384Z,github.com/Qovery/qovery-github-action/github-action,v0.0.0-20220223161608-6ee12bf1e016
2026-09-24T21:43:24.905774Z,github.com/happyhavoc/th06-re,v0.0.0-20241204234145-1e8fbba263ab
2026-09-24T21:43:28.179689Z,github.com/Qovery/qovery-migration-ai-agent,v0.0.0-20240913104708-69cc7226c4e7
2026-09-24T21:43:34.330647Z,github.com/livekit/egress,v1.14.2-0.20260924210220-5d07579d6158
2026-09-24T21:43:34.559873Z,github.com/happyhavoc/satsuki,v0.1.2
2026-09-24T21:43:35.447258Z,go.opentelemetry.io/collector/confmap,v0.0.0-20260924203249-29a0b9a21976
2026-09-24T21:43:36.927065Z,github.com/Qovery/terraform-provider-qovery,v0.12.1-0.20221025090959-5d15db43d276
2026-09-24T21:43:37.07574Z,github.com/arktypeio/arktype,v0.0.0-20260924212120-5606ae855d58
2026-09-24T21:43:37.796192Z,github.com/facebook/openbmc,v0.0.0-20260924202007-87e4af9f6bde
2026-09-24T21:43:38.73749Z,go.opentelemetry.io/collector,v0.0.0-20260924203249-29a0b9a21976
2026-09-24T21:43:44.916888Z,github.com/amp-labs/connectors,v0.0.0-20260924212322-ab5233f37dba
2026-09-24T21:43:45.157362Z,github.com/opendatahub-io/maas-billing,v0.0.0-20260924212309-02cd6889ced6
2026-09-24T21:43:58.450051Z,github.com/Azure/azure-sdk-for-go/eng/tools/testdata/scenariod/foo/v2,v2.0.0-20260924213250-1d0aa557c8b7
2026-09-24T21:44:02.902272Z,github.com/lenaxia/llmsafespaces,v0.34.8-0.20260924210643-93c0036d9d72
2026-09-24T21:44:03.08562Z,github.com/neria-cloud/meridian,v0.0.0-20260924204330-6120a92d3ea2
2026-09-24T21:44:09.703529Z,github.com/QParis/phoenicis,v0.0.0-20151224133942-1c1af20b2819
2026-09-24T21:44:11.185538Z,github.com/QPod/supervisord,v1.0.1-0.20240914205451-9000f2b3bfad
2026-09-24T21:44:15.326574Z,github.com/daviddwlee84/lazypkg,v0.1.2
2026-09-24T21:44:25.402332Z,github.com/dvabuzyarov/npm,v7.1.3+incompatible
2026-09-24T21:44:25.461066Z,github.com/google/go-tpm-tools/keymanager,v0.0.0-20260924213130-c8d6e50e1f24
2026-09-24T21:44:27.059749Z,github.com/Qqwy/elixir-type_check,v0.12.1-0.20221012155545-4d208d1438a2
2026-09-24T21:44:35.061266Z,github.com/apache/arrow-datafusion,v0.0.0-20260924211334-fcab0020c173
2026-09-24T21:44:41.670107Z,github.com/JokerJohn/openclaw-autotrader,v0.0.0-20260924201444-7376aa2364a1
2026-09-24T21:44:43.904181Z,github.com/facebook/fboss,v0.0.0-20260924212111-d398a3c00f7e
2026-09-24T21:44:46.046144Z,github.com/serverless/examples/aws-golang-rest-api-with-dynamodb,v0.0.0-20260922142249-516f3cc11070
2026-09-24T21:44:51.906071Z,github.com/grafana/ai-sdk/providers/openai-compatible,v0.0.0-20260924210028-cf61a18d956f
2026-09-24T21:44:53.714411Z,github.com/grafana/ai-sdk/providers/openai,v0.0.0-20260924210028-cf61a18d956f
2026-09-24T21:44:55.120158Z,github.com/QSis/tail,v0.0.0-20131113010820-15d13d69b266
2026-09-24T21:44:57.878663Z,github.com/qshogun/CCWC,v0.1.0-alpha.0.20240505211429-5e0ea95fd652
2026-09-24T21:44:57.933891Z,github.com/QSOLink/Qsolink,v0.0.0-20240304184018-eb1390b5985f
2026-09-24T21:44:58.297121Z,github.com/hiero-ledger/hiero-mirror-node,v0.0.0-20260924210343-83524bc7b014
2026-09-24T21:44:59.908443Z,cos.googlesource.com/cos/tools.git,v0.0.0-20260924212306-0d9c6e1b443d
2026-09-24T21:45:03.381264Z,github.com/Qsgs-Fans/FreeKill,v0.5.14-0.20251011061004-17de83dba29b
2026-09-24T21:45:03.954092Z,github.com/conmeo200/golang-v1,v0.0.0-20260923042143-9e0d1b821dca
2026-09-24T21:45:06.114212Z,github.com/sveltejs/kit,v0.0.0-20260924214322-ab580960c0e2
2026-09-24T21:45:06.860536Z,github.com/wandering-compiler/sdk/go,v0.0.0-20260924214152-bd4e8c992b0f
2026-09-24T21:45:11.495329Z,github.com/dependabot/dependabot-core,v0.0.0-20260924204736-a689f14bd21a
2026-09-24T21:45:20.698026Z,github.com/AliceO2Group/O2Physics,v0.0.0-20260924150218-6ce17cbf4ca2
2026-09-24T21:45:21.487613Z,github.com/GoogleCloudPlatform/terraform-google-enterprise-application,v0.0.0-20260924211931-94f9b8abad97
2026-09-24T21:45:27.481739Z,github.com/dolthub/go-mysql-server,v0.20.1-0.20260924214023-a73b2b68c668
2026-09-24T21:45:28.415415Z,github.com/Azure/azure-sdk-for-go/eng/tools/internal,v0.0.0-20260924213250-1d0aa557c8b7
2026-09-24T21:45:32.789332Z,github.com/aql-lang/aql,v0.0.0-20260924191256-3768c46a4666
2026-09-24T21:45:37.856068Z,github.com/openshift/jobset-operator,v0.0.0-20260924211302-453f288f7896
2026-09-24T21:45:39.304358Z,github.com/auremsinistram/go-toolkit,v0.6.0
2026-09-24T21:45:49.404452Z,github.com/kubernetes-sigs/kro/tools/krep-crawl,v0.0.0-20260924070220-0e8582fd9307
2026-09-24T21:45:54.87159Z,github.com/alpamayo-solutions/colca,v0.13.0
2026-09-24T21:45:57.051296Z,cloud.google.com/go/bigquery/v2,v2.0.0-20260924213741-25bc085c8fde
2026-09-24T21:45:57.742755Z,go.lumeweb.com/web/go/portal-frontend,v0.0.0-20260924213213-bf518c1d4819
2026-09-24T21:45:58.055831Z,github.com/googleapis/google-cloud-rust,v0.0.0-20260924210913-373bb9cc698f
2026-09-24T21:46:02.438046Z,github.com/onflow/flow-go,v0.0.0-20260924205243-2444eace3d92
2026-09-24T21:46:03.262695Z,github.com/couchbase/manifest,v0.0.0-20260924171341-29a4fccabcfe
2026-09-24T21:46:06.007979Z,github.com/TencentCloud/tencentcloud-sdk-go,v1.3.186
2026-09-24T21:46:15.820384Z,github.com/siddontang/go-mysql,v1.1.1-0.20201130013511-0671607d2943
2026-09-24T21:46:20.473404Z,github.com/aklivity/zilla,v0.0.0-20260924214158-6c9a6950c608
2026-09-24T21:46:22.74293Z,github.com/crgimenes/devengine,v0.0.11
2026-09-24T21:46:25.308203Z,github.com/Qthreads/qthreads,v0.0.0-20260827212056-b62d936c9b26
2026-09-24T21:46:30.395383Z,github.com/aliceo2group/o2physics,v0.0.0-20260924150218-6ce17cbf4ca2
2026-09-24T21:46:35.615974Z,github.com/files-com/files-cli,v1.6.6-0.20260924214453-4e0e2bc759ba
2026-09-24T21:46:37.326007Z,github.com/huggingface/candle,v0.0.0-20260924153355-66a8cf184a5a
2026-09-24T21:46:39.065593Z,github.com/zigflow/schema,v0.0.0-20260924213733-34f985d60e1a
2026-09-24T21:46:41.858517Z,github.com/Quad4-Software/Micron-Parser-Go,v1.1.1
2026-09-24T21:46:41.987365Z,github.com/codesweep-ai/sandbox,v0.0.0-20260924214001-09d574a955a7
2026-09-24T21:46:51.152326Z,aalyria.com/spacetime/solution,v1.0.1790282959-alpha.1790282959
2026-09-24T21:46:51.731956Z,github.com/Quaggles/dcs-input-command-injector,v0.0.0-20260825131615-d2b8867ba5fd
2026-09-24T21:46:52.222963Z,github.com/crgimenes/minigui,v0.1.11
2026-09-24T21:46:53.557786Z,github.com/QuadTriangle/prod.bd,v0.0.0-20260214200504-77c1fc3569ee
2026-09-24T21:46:54.180775Z,git.telpher.stream/zotel/zotel-go.git,v0.4.2
2026-09-24T21:46:54.600284Z,git.telpher.stream/zotel/zotel-go.git/zotel/vectorotlp,v0.4.2
2026-09-24T21:46:55.397696Z,git.telpher.stream/zotel/zotel-go.git/zotel/bubbletea,v0.4.2
2026-09-24T21:46:58.013892Z,github.com/reF1nd/sing-box,v1.15.0-alpha.8-reF1nd
2026-09-24T21:46:58.988135Z,github.com/shopify/ui-extensions,v0.0.0-20260924133932-4988cd52f686
2026-09-24T21:46:59.201022Z,github.com/NVIDIA/k8s-test-infra,v0.4.0
2026-09-24T21:47:00.632884Z,github.com/Quaint-Studios/Reia,v0.0.0-20260323050158-6b8fd183f34a
2026-09-24T21:47:01.623393Z,github.com/utrack/clay/integration,v0.0.0-20181112093115-1c59543b125e
2026-09-24T21:47:02.037829Z,github.com/Quad4-Software/Ren-Browser,v0.2.3-0.20260814232839-28fc16d7352a
2026-09-24T21:47:05.446284Z,github.com/sindresorhus/import-modules,v3.2.0+incompatible
2026-09-24T21:47:08.541489Z,github.com/valon-technologies/gestalt,v0.0.0-20260924213639-a686af1bd401
2026-09-24T21:47:09.522342Z,github.com/QuakePhil/generic-worker-pool,v0.2.3-0.20221118191101-7a736107235d
2026-09-24T21:47:09.628148Z,github.com/urnetwork/proxy,v2026.9.24-1054792560+incompatible
2026-09-24T21:47:11.625034Z,github.com/xibodev/llmgw-core,v0.9.0
2026-09-24T21:47:12.419137Z,github.com/QUALCOMM/aimet,v0.0.0-20221114165856-a422782cc742
2026-09-24T21:47:21.983676Z,k8s.io/cloud-provider-gcp,v0.0.0-20260924200030-766149f1613b
2026-09-24T21:47:27.03663Z,github.com/spicelang/spice,v0.0.0-20260924211316-b7462174f7b4
2026-09-24T21:47:27.377301Z,cloud.google.com/go/internal/aliasgen,v0.0.0-20260924213741-25bc085c8fde
2026-09-24T21:47:27.718594Z,github.com/Azure/azure-sdk-for-go/eng/tools/testdata/scenariob/foo,v0.0.0-20260924213250-1d0aa557c8b7
2026-09-24T21:47:29.843445Z,github.com/usagov/usagov-2021,v0.0.0-20260924203935-30f258de1eb0
2026-09-24T21:47:31.882241Z,github.com/Qualifieder/Protos,v0.0.0-20251126151215-e35251cca57f
2026-09-24T21:47:31.971896Z,github.com/qualcomm/GenieX,v0.3.17-alpha.1.0.20260722022725-b877479f487f
2026-09-24T21:47:36.035877Z,github.com/GitGuardian/ggshield,v1.55.0
2026-09-24T21:47:36.048555Z,github.com/QualiTorque/terraform-provider-torque,v0.4.10-0.20241201165454-0b362d780eea
2026-09-24T21:47:38.833453Z,github.com/PX4/NuttX,v0.0.0-20260924210236-27d621e4c74b
2026-09-24T21:47:51.591809Z,github.com/taoensso/encore,v3.112.0+incompatible
2026-09-24T21:47:52.112571Z,github.com/JaimeStill/spike-harness-driver,v0.0.0-20260924174930-5282253d0246
2026-09-24T21:47:55.209639Z,github.com/quan930/ControlTower/builder,v0.0.0-20220226162139-32508c4976e3
2026-09-24T21:48:01.659037Z,github.com/codesweep-ai/lint,v0.0.0-20260924214001-edf6fc7e5c63
2026-09-24T21:48:01.761901Z,github.com/codesweep-ai/ledger,v0.0.0-20260924214001-e6548685f3b8
2026-09-24T21:48:05.069413Z,github.com/quan930/ControlTower,v0.0.0-20220211110513-bc0af557ce8e
2026-09-24T21:48:05.399082Z,github.com/kurtserdar/captivo-access,v1.14.1
2026-09-24T21:48:06.689309Z,github.com/docker/compose/v5,v5.0.0-rc.2.0.20251201105800-b32297dccd39
2026-09-24T21:48:11.691336Z,github.com/kyma-project/kyma-environment-broker/testing/e2e/provisioning,v0.0.0-20260923060932-c9c1f801cc92
2026-09-24T21:48:17.86427Z,github.com/googlecloudplatform/terraform-google-enterprise-application,v0.0.0-20260924211931-94f9b8abad97
2026-09-24T21:48:19.115952Z,github.com/QuanDN22/BE,v0.0.0-20240520162945-b05defcda14b
2026-09-24T21:48:20.856995Z,github.com/TykTechnologies/exp/cmd/httpbin-logserver,v0.0.0-20260924094508-cd7d2e84e744
2026-09-24T21:48:26.600089Z,github.com/Azure/azure-sdk-for-go/sdk/storage/azblob/testdata/perf,v0.0.0-20260924213250-1d0aa557c8b7
2026-09-24T21:48:29.849613Z,github.com/aurorainfra/grev,v0.1.0
2026-09-24T21:48:30.715708Z,github.com/Qualstor/aws-sdk-go-v2,v0.0.0-20220622063338-eb10191ce698
2026-09-24T21:48:42.420224Z,github.com/scaleway/scaleway-sdk-python,v0.0.0-20260924144300-6b8a74530237
2026-09-24T21:48:43.185429Z,github.com/livepeer-frameworks/monorepo/pkg,v0.0.0-20260924211207-98934080bbbe
2026-09-24T21:48:47.256636Z,github.com/ethangamma24/slippi-go,v1.2.0
2026-09-24T21:48:48.725699Z,github.com/googlecloudplatform/terraform-google-enterprise-application/test/integration,v0.0.0-20260924211931-94f9b8abad97
2026-09-24T21:48:48.822252Z,github.com/yurika0211/luckyharness,v1.5.9
2026-09-24T21:48:50.447299Z,github.com/QuangTung97/dbc,v0.0.0-20260311065407-d0ba76c41f87
2026-09-24T21:48:50.60737Z,github.com/codesweep-ai/npmrevs,v0.0.0-20260924214001-f8c490adea65
2026-09-24T21:48:57.521424Z,github.com/nvidia/k8s-test-infra,v0.4.0
2026-09-24T21:48:57.526282Z,github.com/ref1nd/sing-box,v1.14.2
2026-09-24T21:49:02.5569Z,github.com/codesweep-ai/vcr,v0.0.0-20260924214001-f177aed67712
2026-09-24T21:49:03.879267Z,github.com/gitguardian/ggshield,v1.55.0
2026-09-24T21:49:04.758574Z,github.com/MaximilianGaedig/mautrix-go,v0.31.1-0.20260924214845-59cd6e4dea34
2026-09-24T21:49:07.213394Z,github.com/juspay/neurolink,v12.23.0+incompatible
2026-09-24T21:49:08.1685Z,github.com/QuangTung97/goblin,v0.0.0-20210621091558-6b8410fe854d
2026-09-24T21:49:10.026183Z,github.com/apache/pinot,v0.0.0-20260924214149-bd1e8824a88c
2026-09-24T21:49:23.130951Z,github.com/agenxy/dibs,v0.0.10-0.20260924163505-3807ea8cc4ce
2026-09-24T21:49:25.226048Z,github.com/codesweep-ai/tracer,v0.0.0-20260924214001-4d8ae86ad680
2026-09-24T21:49:30.678301Z,github.com/QuanQLee/e-commerce-project,v0.0.0-20250719095309-531c017da68f
2026-09-24T21:49:34.828104Z,github.com/tencentcloud/TencentCloud-sdk-go,v1.3.186
2026-09-24T21:49:35.8657Z,github.com/rust-unofficial/awesome-rust,v0.0.0-20260924155755-e9352f172331
2026-09-24T21:49:38.699344Z,github.com/google/go-tpm-tools/agent,v0.0.0-20260924213130-c8d6e50e1f24
2026-09-24T21:49:39.127552Z,github.com/Quantco/datajudge,v1.1.1
2026-09-24T21:49:44.920438Z,github.com/microsoft/agent-framework-go,v0.1.1-0.20260924095355-1dd9b4d9ca24
2026-09-24T21:49:45.315945Z,github.com/madfam-org/enclii/packages/sdk-go,v0.0.0-20260924214313-4b6d7bcc48f1
2026-09-24T21:49:48.04229Z,github.com/guilhermebr/gox/postgres,v0.0.0-20260923190014-d1a2b7eb4a20
2026-09-24T21:49:48.155113Z,github.com/energizedprotection/block,v0.0.0-20260924181052-086eed932462
2026-09-24T21:49:48.744759Z,github.com/azure/azure-service-operator/hack/crossplane,v0.0.0-20260924194134-4f3d2a657bf7
2026-09-24T21:49:52.161946Z,github.com/segunadebayo/chakra-ui,v0.3.9
2026-09-24T21:49:52.96053Z,github.com/QuantEcon/QuantEcon.jl,v0.16.7-0.20241207122554-06a5dd1d193a
2026-09-24T21:49:54.107344Z,github.com/quantecon/QuantEcon.py,v0.11.4-0.20260710010733-2ee4165b4373
2026-09-24T21:49:55.329979Z,github.com/lore-hex/quill-cloud-proxy/enclave-go,v0.0.0-20260924214915-2455a8714796
2026-09-24T21:49:56.418739Z,github.com/quantEcon/quantEcon.py,v0.11.4-0.20260709073038-1c841dd233cf
2026-09-24T21:50:01.786252Z,github.com/QuanteriumTech/go-tdlib,v1.0.1-0.20200709210838-4b515e0c3724
2026-09-24T21:50:02.428124Z,github.com/QuantGeekDev/mcp-framework,v0.0.0-20250615190301-5b3208f5e647
2026-09-24T21:50:08.987155Z,github.com/Quantisan/docker-clojure,v0.0.0-20241003174934-550abe228263
2026-09-24T21:50:09.844878Z,github.com/jetify-com/devbox,v0.0.0-20260924191236-10add12b1643
2026-09-24T21:50:11.991069Z,github.com/Quantinuum/pytket-quantinuum,v0.59.2-0.20260804102811-0ec7e81bd3fb
2026-09-24T21:50:13.444387Z,github.com/codesweep-ai/dashboards,v0.0.0-20260924214001-f7dc0ddafe44
2026-09-24T21:50:16.137312Z,github.com/QuantConnect/Lean,v2.0.0-20210914232709-0931ae868a3f+incompatible
2026-09-24T21:50:16.56787Z,github.com/qualcomm/geniex,v0.7.1-alpha.2
2026-09-24T21:50:21.850881Z,github.com/QuantOracledev/quantoracle,v2.2.1-0.20260427012022-db5798534549+incompatible
2026-09-24T21:50:22.198605Z,github.com/quantecon/quantecon.py,v0.12.0
2026-09-24T21:50:24.598876Z,github.com/QuanTran91/toast,v0.0.0-20220728083016-9f0de6bf450e
2026-09-24T21:50:26.917005Z,github.com/QuantStack/xframe,v0.0.0-20200306163440-e56962159d74
2026-09-24T21:50:27.015426Z,github.com/Quantomatic/pyzx,v0.10.7-0.20260903153739-567a00dd5e4c
2026-09-24T21:50:27.381441Z,github.com/QuantStack/voila,v0.5.7-0.20240403072921-d9850e7d13c7
2026-09-24T21:50:28.521416Z,github.com/QuantStack/xsimd,v0.0.0-20250614110139-f50ec399d516
2026-09-24T21:50:30.170898Z,github.com/spacebarchat/server,v0.0.0-20260924162807-d211b0d3a4b1
2026-09-24T21:50:30.537422Z,github.com/openshift-kni/lifecycle-agent,v0.0.0-20260924212928-e75ee42d01d7
2026-09-24T21:50:32.420019Z,github.com/tencentCloud/tencentCloud-sdk-go,v1.3.186
2026-09-24T21:50:34.498448Z,github.com/sonatype-nexus-community/nexus-iq-api-client-go,v0.205.0
2026-09-24T21:50:38.450134Z,github.com/qthreads/qthreads,v0.0.0-20260923222544-1469d8835a64
2026-09-24T21:50:40.934066Z,github.com/Adversis/tailsnitch,v1.4.1-0.20260903131432-60679433e638
2026-09-24T21:50:47.126333Z,github.com/potterli20/socks5-fork,v0.0.0-20260924212312-3cabacc2f756
2026-09-24T21:50:50.215662Z,go.lumeweb.com/web/go/portal-plugin-ipfs,v0.0.0-20260924213213-bf518c1d4819
2026-09-24T21:50:55.824548Z,github.com/lingcoder/gf/contrib/registry/nacos/v2,v2.0.0-20260924015359-d924ae00167a
2026-09-24T21:51:01.229442Z,github.com/datum-cloud/galactic,v0.3.2-0.20260924211309-e2c57a4f81cd
2026-09-24T21:51:02.266948Z,github.com/asynccnu/ccnubox-be/be-user,v0.0.0-20260924074238-adbf9cef14db
2026-09-24T21:51:03.106533Z,github.com/awslabs/kro,v0.10.0-rc.0
2026-09-24T21:51:08.31378Z,github.com/universaltill/universal-till,v0.21.4
2026-09-24T21:51:11.098027Z,github.com/stergiotis/boxer,v0.0.24-0.20260924205254-fe822ddc82bc
2026-09-24T21:51:12.785569Z,github.com/QuantStack/xtensor,v0.0.0-20170502091547-719e11205065
2026-09-24T21:51:18.104346Z,github.com/nvidia/aistore/cmd/cli,v0.0.0-20260924210711-99b821149f2c
2026-09-24T21:51:24.372437Z,github.com/jp9000/obs-studio,v0.0.0-20260924172328-e3ab27e57722
2026-09-24T21:51:27.941083Z,github.com/Dhepper/font8x8,v0.0.0-20190708135629-8e279d2d864e
2026-09-24T21:51:27.965426Z,github.com/standards-lab/go-web-sdk,v0.11.0
2026-09-24T21:51:29.49294Z,github.com/QuantStack/xwidgets,v0.0.0-20260116152907-33aa9c6ddc3e
2026-09-24T21:51:38.76662Z,github.com/Quantum-Accelerators/quacc,v0.3.11
2026-09-24T21:51:39.4739Z,cloud.google.com/go/internal/examples/mock,v0.0.0-20260924213741-25bc085c8fde
2026-09-24T21:51:39.796842Z,github.com/open-telemetry/opentelemetry.io,v0.0.0-20260924190743-8168e2c6d3a7
2026-09-24T21:51:42.964917Z,cloud.google.com/go/internal/godocfx,v0.0.0-20260924213741-25bc085c8fde
2026-09-24T21:51:49.003063Z,github.com/zvndev/turbine-orm,v0.79.1
2026-09-24T21:51:51.17352Z,github.com/kokkos/kokkos,v0.0.0-20260924214619-e93266adff03
2026-09-24T21:51:51.571636Z,github.com/confluentinc/properties,v1.8.2-0.20230612053327-39f2f1cafc96
2026-09-24T21:52:01.568701Z,github.com/freeradius/freeradius-server,v0.0.0-20260924212117-61e61d8255e6
2026-09-24T21:52:07.098149Z,github.com/ZigEmbeddedGroup/microzig,v0.0.0-20260924165350-4c1c3190800b
2026-09-24T21:52:14.280589Z,github.com/steipete/CodexBar,v0.66.0
2026-09-24T21:52:15.597942Z,github.com/Lore-Hex/quill-cloud-proxy/enclave-go,v0.0.0-20260924214932-b838ed4eccc6
2026-09-24T21:52:15.624485Z,github.com/kobzol/cargo-wizard,v0.2.3
2026-09-24T21:52:17.124547Z,github.com/LEODIDO/structcli,v0.18.0
2026-09-24T21:52:17.796174Z,github.com/standards-lab/go-web-sdk/middleware/rate-limit,v0.1.1
2026-09-24T21:52:29.042497Z,github.com/leanprover-community/mathlib4,v4.34.1+incompatible
2026-09-24T21:52:37.11294Z,github.com/quantumbytecode/DeadShot,v0.1.1-0.20250627100404-3d89ae93fe7d
2026-09-24T21:52:38.258966Z,github.com/Quantum-TII/qibo,v0.2.23-0.20251107111414-b683a2610e7a
2026-09-24T21:52:39.208353Z,github.com/QuantumBFS/Yao.jl,v0.9.4-0.20260908185855-a630fdf9fadf
2026-09-24T21:52:40.977152Z,github.com/q00/ouroboros,v0.54.6-0.20260923120947-a7e92a359927
2026-09-24T21:52:45.808779Z,github.com/faiscadev/fakecloud,v0.46.0
2026-09-24T21:52:48.18453Z,github.com/QuantumExplorer/tendermint,v0.19.0-rc3.0.20180409133642-dcd00b0e688f
2026-09-24T21:52:49.947925Z,github.com/pywavelets/pywt,v1.10.1-0.20260917220414-cc45b0da8f9a
2026-09-24T21:52:53.810305Z,github.com/aws/aws-sdk-go-v2/service/controlcatalog,v1.23.1
2026-09-24T21:52:56.987418Z,github.com/quantoracledev/quantoracle,v2.2.1-0.20260914235943-20b3fe66784e+incompatible
2026-09-24T21:53:06.435161Z,github.com/steipete/codexbar,v0.66.0
2026-09-24T21:53:07.734558Z,github.com/Azure/azure-sdk-for-go/eng/tools/mgmtreport,v0.0.0-20260924213250-1d0aa557c8b7
2026-09-24T21:53:09.972418Z,github.com/hyperledger/fabric,v1.4.0-rc1.0.20260924135044-749c4385afe2
2026-09-24T21:53:12.524598Z,github.com/quantum-accelerators/quacc,v1.5.13
2026-09-24T21:53:14.782509Z,github.com/standards-lab/go-database,v0.6.0
2026-09-24T21:53:16.261043Z,github.com/getoutreach/stencil,v0.0.0-20260924004008-89a3b87526a3
2026-09-24T21:53:16.80776Z,github.com/tianocore/edk2,v0.0.0-20260924213218-2f1971dd4d77
2026-09-24T21:53:17.969396Z,github.com/helius-labs/zolana,v0.0.0-20260924205359-1be5fe5c8865
2026-09-24T21:53:18.673355Z,github.com/FiloSottile/torchwood,v0.10.0
2026-09-24T21:53:22.766054Z,github.com/domainry/domainry-agent-sdk,v0.1.29
2026-09-24T21:53:29.931768Z,github.com/firefox-devtools/profiler,v0.0.0-20260924195523-fbc9d0cc92cb
2026-09-24T21:53:33.364946Z,github.com/smm-h/selfdoc,v0.44.0
2026-09-24T21:53:37.170045Z,github.com/ever-co/ever-gauzy,v111.44.52+incompatible
2026-09-24T21:53:38.734795Z,github.com/parallelworks/sdk/go/v7,v7.108.1
2026-09-24T21:53:39.02916Z,git.bv.e-technik.tu-dortmund.de/afe/orbits,v1.1.9
2026-09-24T21:53:39.049585Z,github.com/Cado-NFS/Cado-NFS,v0.0.0-20260924213058-bfad8c720a71
2026-09-24T21:53:47.100976Z,github.com/mitodl/ocw-hugo-themes,v0.0.0-20260922151259-d7cd191477d3
2026-09-24T21:53:54.991996Z,github.com/rizinorg/rz-pipe,v0.0.0-20260924183934-739dd42c71ef
2026-09-24T21:53:56.808864Z,github.com/rizinorg/rz-pipe/go,v0.0.0-20260924183934-739dd42c71ef
2026-09-24T21:53:58.895862Z,github.com/kagent-dev/kagent,v0.0.0-20260924210536-32f13c6ea28b
2026-09-24T21:54:00.952909Z,github.com/rjrodger/aontu,v0.76.0
2026-09-24T21:54:03.673712Z,buf.build/gen/go/northpolesec/workshop-api/protocolbuffers/go,v1.36.9-20260921164735-183fb7f6113e.1
2026-09-24T21:54:04.024016Z,cloud.google.com/go/internal/aliasfix,v0.0.0-20260924213741-25bc085c8fde
2026-09-24T21:54:06.713348Z,github.com/anonym0uswork1221/free-proxies,v0.0.0-20260924193647-b204789d17dc
2026-09-24T21:54:09.697158Z,github.com/geosolutions-it/espree,v0.0.0-20251219153209-21c0fab45eb6
2026-09-24T21:54:13.455042Z,github.com/QuantumLayer-dev/quantumlayer-platform,v0.0.0-20250903051411-9c62b7b892cc
2026-09-24T21:54:19.164296Z,github.com/filosottile/torchwood,v0.10.0
2026-09-24T21:54:23.809732Z,github.com/Skarlso/external-secrets,v0.0.0-20260924195947-9388800da48b
2026-09-24T21:54:24.660738Z,github.com/deepmap/oapi-codegen/examples,v0.0.0-20260924210109-96133d325ca2
2026-09-24T21:54:27.871603Z,github.com/openshift-online/hypershell,v0.0.0-20260924213853-c2fb25ac50e8
2026-09-24T21:54:29.856433Z,github.com/QuantumLab-ZY/HamGNN,v0.0.0-20260302132421-a78531724c1c
2026-09-24T21:54:31.082873Z,github.com/christopherdavenport/agentturn,v0.0.9-0.20260924183815-e48bb180ea62
2026-09-24T21:54:33.014813Z,github.com/quantumlib/Stim,v0.0.0-20260716003023-79ae4f118ca1
2026-09-24T21:54:34.999318Z,github.com/quantumlib/OpenFermion,v1.7.2-0.20250725183545-fd4fe7348274
2026-09-24T21:54:38.00998Z,github.com/kubeflow/model-registry,v0.0.0-20260924211630-33bdf092d8cb
2026-09-24T21:54:39.213428Z,github.com/openshift/cluster-logging-operator,v0.0.0-20201102142854-f7c6e90b0c79
2026-09-24T21:54:39.901872Z,github.com/mondoohq/cnquery,v0.0.0-20260924215028-5eb5cc9a8cb4
2026-09-24T21:54:42.75704Z,github.com/Quantumoffices/goutils,v1.0.15-0.20250416114907-55ead4f72e93
2026-09-24T21:54:43.155794Z,github.com/vincentkoc/crawlkit,v0.16.5
2026-09-24T21:54:43.246716Z,github.com/vincentkoc/slacrawl,v0.10.1
2026-09-24T21:54:47.66713Z,github.com/QuantumShiftX/farms-proto,v0.0.0-20250327161604-cdde3aeba8db
2026-09-24T21:54:50.128459Z,github.com/tigera/api,v0.0.0-20260924212056-03fbcdb5d0dc
2026-09-24T21:54:52.105657Z,github.com/ryan-pip/pulumi-fivetran,v1.9.47
2026-09-24T21:54:52.480631Z,github.com/Livepeer-FrameWorks/monorepo,v0.0.0-20260924211207-98934080bbbe
2026-09-24T21:54:53.392854Z,github.com/clidey/whodb/core,v0.0.0-20260924215351-1c8cfb93abed
2026-09-24T21:55:03.83342Z,github.com/paketo-buildpacks/vsdbg,v0.0.0-20260923133927-a08a2e811b2b
2026-09-24T21:55:05.250091Z,github.com/google/device-infra/src/devtools/mobileharness/shared/util/comm/dualconduit,v0.0.0-20260924214545-47a82bab5cf4
2026-09-24T21:55:09.012885Z,github.com/superdurable/dex/sdk-go,v0.12.0
2026-09-24T21:55:10.834173Z,github.com/ncw/swift,v1.0.27-0.20160824175605-b15be6fe7dcd
2026-09-24T21:55:11.194021Z,github.com/QuantumSystems/quantum-computing,v0.0.0-20251208044757-c61f345d8b07
2026-09-24T21:55:13.981249Z,github.com/hajimeHoshi/ebiten/v2,v2.10.3
2026-09-24T21:55:14.486744Z,github.com/arc53/docsgpt,v0.0.0-20260924154655-a17ebf2fc9c4
2026-09-24T21:55:14.679692Z,github.com/multica-ai/multica,v0.0.0-20260924204226-e2f4a2203017
2026-09-24T21:55:15.457701Z,github.com/csound/csound,v0.0.0-20260924213951-0b7a9d80c67b
2026-09-24T21:55:20.48232Z,github.com/hajimeHoshi/ebiten,v1.12.13
2026-09-24T21:55:22.349362Z,github.com/QuanZhang-William/plumbing,v0.0.0-20230207110210-2571cc34be6c
2026-09-24T21:55:28.123585Z,github.com/Azure/azure-service-operator,v0.0.0-20260924194134-4f3d2a657bf7
2026-09-24T21:55:28.45535Z,codeberg.org/pawal/gonemaster,v1.7.13
2026-09-24T21:55:29.990706Z,github.com/zentralopensource/zentral,v2026.5.9+incompatible
2026-09-24T21:55:30.639277Z,github.com/Quark-Engine/QuarkEngine,v1.0.1-0.20260906114912-f66818353c1f
2026-09-24T21:55:35.530764Z,github.com/Quarkchain/op-geth,v0.0.0-20250307091136-a72563dc9dc8
2026-09-24T21:55:38.307612Z,github.com/ChristopherDavenport/agentturn,v0.0.9-0.20260924183815-e48bb180ea62
2026-09-24T21:55:39.334873Z,github.com/QuarkChain/tendermintx,v0.17.2-0.20180406201909-4930b61a381b
2026-09-24T21:55:48.775865Z,github.com/envoyproxy/go-control-plane/envoy,v0.0.0-20260924200347-720a0436c8a3
2026-09-24T21:55:50.174855Z,github.com/openshift/hive/apis,v0.0.0-20210729035622-a9b5cf05279e
2026-09-24T21:55:54.479693Z,github.com/google/go-tpm-tools/verifier,v0.0.0-20260924213130-c8d6e50e1f24
2026-09-24T21:55:57.135114Z,github.com/mauvesoftware/ilo4_exporter,v1.0.6
2026-09-24T21:56:00.790731Z,github.com/envoyproxy/go-control-plane/ratelimit,v0.0.0-20260924200347-720a0436c8a3
2026-09-24T21:56:02.372599Z,github.com/azylman/aerial,v0.0.0-20260924213854-27f2de628823
2026-09-24T21:56:03.765367Z,github.com/elastic/integrations/packages/osquery_manager/_dev/scripts/osquery-gen,v0.0.0-20260924213817-7e6650c1504b
2026-09-24T21:56:03.788427Z,github.com/kuhlman-labs/fishhawk/redaction,v0.0.0-20260924210736-d50ddccac048
2026-09-24T21:56:04.329986Z,github.com/StackGuardian/sg-sdk-go,v1.6.0
2026-09-24T21:56:06.791076Z,github.com/onkernel/kernel-go-sdk,v0.112.0
2026-09-24T21:56:13.20405Z,github.com/azure/azure-sdk-for-go/sdk/azidentity,v1.14.2-0.20260924213250-1d0aa557c8b7
2026-09-24T21:56:13.691576Z,github.com/Seaweedfs/seaweedfs,v0.0.0-20260924181459-56d2f05ccd01
2026-09-24T21:56:17.411928Z,github.com/facebook/openbmc/tools/flashy,v0.0.0-20260924201503-74f1deb9e2e4
2026-09-24T21:56:19.429476Z,github.com/sprout-foundry/sprout,v0.18.14
2026-09-24T21:56:22.647299Z,k8s.io/dynamic-resource-allocation,v0.0.0-20260924071410-50bab347e71d
2026-09-24T21:56:23.737492Z,github.com/Winterrks/tsnet,v0.0.0-20260823192833-0d002fe92248
2026-09-24T21:56:25.175355Z,github.com/celestiaorg/nmt,v0.24.6-0.20260923081044-cf1dcdd3fd04
2026-09-24T21:56:27.684771Z,k8s.io/apiserver,v0.0.0-20260924142209-7277bb956fbf
2026-09-24T21:56:30.260455Z,github.com/CaliLuke/loom-mcp/v2,v2.1.0-alpha.31
2026-09-24T21:56:35.508563Z,github.com/codewarrior-debug/perspectize,v0.0.0-20260924213350-58ccb3534c44
2026-09-24T21:56:36.026539Z,github.com/openbaton/go-openbaton,v0.0.0-20170925092146-90ef435b3e0e
2026-09-24T21:56:38.999254Z,github.com/dokku/dokku/plugins/cron,v0.0.0-20260924205314-114c6115b9e7
2026-09-24T21:56:43.932101Z,github.com/google/adk-samples,v0.0.0-20260924210656-ddae37c2fca9
2026-09-24T21:56:44.258203Z,github.com/chrissnell/remoteweather,v0.0.0-20260923171231-b3b6bf3215a2
2026-09-24T21:56:44.76745Z,github.com/CodeWarrior-debug/perspectize,v0.0.0-20260924213350-58ccb3534c44
2026-09-24T21:56:49.775941Z,github.com/rwx-cloud/rwx,v1.13.2-0.20260924200043-41cd0382b1b1
2026-09-24T21:56:49.872369Z,github.com/stackguardian/sg-sdk-go,v1.6.0
2026-09-24T21:56:54.779556Z,github.com/uber/cadence-idl,v0.0.0-20260924213108-c75d1064dedd
2026-09-24T21:56:55.142708Z,github.com/rwx-cloud/cli,v1.13.2-0.20260924200043-41cd0382b1b1
2026-09-24T21:56:56.096979Z,github.com/jenkinsci/pipeline-restful-api-plugin,v0.0.0-20240806192331-4c7a41f1bfc1
2026-09-24T21:57:03.396414Z,github.com/codello/govanity,v0.2.0
2026-09-24T21:57:06.679126Z,github.com/mpmath/mpmath,v0.0.0-20260924061347-568d9a00f3bf
2026-09-24T21:57:08.511713Z,github.com/QuarticCat/detypify,v0.0.0-20250820150113-b4d2ca340cd7
2026-09-24T21:57:08.821864Z,github.com/runkids/skillshare,v0.21.8
2026-09-24T21:57:08.959833Z,github.com/Azure/azure-sdk-for-go/sdk/azidentity/testdata/managed-id-test,v0.0.0-20260924213250-1d0aa557c8b7
2026-09-24T21:57:09.774786Z,github.com/QuarterYang/caddy-frpc,v0.0.0-20260625005640-43c27411c227
2026-09-24T21:57:14.8132Z,github.com/Quasilyte/go-consistent,v0.0.0-20230711145812-28ec21e9ab3c
2026-09-24T21:57:15.627922Z,github.com/jaswdr/faker/v2,v2.10.0
2026-09-24T21:57:16.146685Z,github.com/llir/ll,v0.0.0-20181112165005-d4b7437bb47b
2026-09-24T21:57:18.018412Z,github.com/Luzifer/ots/cmd/ots-cli,v0.0.0-20260924141832-0716b8ef4fce
2026-09-24T21:57:23.578801Z,github.com/kata-containers/kata-containers/src/tools/log-parser,v0.0.0-20260924211425-7d9dc71707a0
2026-09-24T21:57:40.648574Z,gitbox.apache.org/repos/asf/iceberg.git,v0.0.0-20260924211824-3316c1d1a4bd
2026-09-24T21:57:42.067684Z,github.com/dgraph-io/badger,v1.3.1-0.20180308034533-dc0df253d239
2026-09-24T21:57:42.44528Z,github.com/codesweep-ai/campaign,v0.0.0-20260924214001-20f3950ff486
2026-09-24T21:57:46.436521Z,github.com/bitaxis/annotate_models,v0.0.0-20180728051425-0fe3e47973c0
2026-09-24T21:57:47.130651Z,github.com/gazebosim/gz-sim,v0.0.0-20260922204304-ec2a672be424
2026-09-24T21:57:48.692225Z,github.com/buildkite/go-buildkite/v5,v5.17.0
2026-09-24T21:57:57.589843Z,github.com/SteamDatabase/GameTracking-CS2,v0.0.0-20260924215531-d920f19b1e58
2026-09-24T21:57:57.664432Z,github.com/Gnucash/gnucash,v0.0.0-20260924202612-5b687ae19364
2026-09-24T21:57:58.703409Z,github.com/pan-unit42/misp,v2.3.61+incompatible
2026-09-24T21:58:01.70684Z,github.com/gulp-community/gulp-livereload,v4.0.2+incompatible
2026-09-24T21:58:02.734452Z,github.com/skarlso/external-secrets/apis,v0.0.0-20260924195947-9388800da48b
2026-09-24T21:58:14.41153Z,github.com/tencentcloud/tencentcloud-sdk-go/examples,v0.0.0-20260924200346-043228750f05
2026-09-24T21:58:17.969227Z,github.com/QubeLedger/cosmos-sdk,v0.17.3-rc0.0.20180525021602-518fe871d749
2026-09-24T21:58:19.308963Z,github.com/caliluke/loom-mcp/v2,v2.1.0-alpha.31
2026-09-24T21:58:22.872308Z,github.com/cosmos/evm/tests/jsonrpc/simulator,v0.0.0-20260924125903-bb9b0e96940f
2026-09-24T21:58:23.995316Z,github.com/QubelyLabs/bedrock,v0.0.3-0.20240725054124-54494d2689c1
2026-09-24T21:58:25.286823Z,k8s.io/Kubernetes/staging/src/k8s.io/client-go,v0.0.0-20260924214634-f139c507930a
2026-09-24T21:58:28.117347Z,github.com/dependabot/dependabot-core/go_modules/helpers,v0.0.0-20260924215027-9690e678346d
2026-09-24T21:58:35.403009Z,github.com/QubesOS/qubes-desktop-linux-manager,v4.3.11+incompatible
2026-09-24T21:58:36.04344Z,github.com/bojand/json-schema-deref-sync,v0.14.0
2026-09-24T21:58:39.504929Z,github.com/elierotenberg/react-query,v0.0.9
2026-09-24T21:58:39.604599Z,github.com/QuBenhao/LeetCode,v0.0.0-20260905174515-77fdbc9ed4ae
2026-09-24T21:58:48.648087Z,github.com/dedalus-labs/dedalus-go,v0.6.0
2026-09-24T21:58:51.074856Z,github.com/misode/technical-changes,v0.0.0-20260924200105-1d5eb1d53dcc
2026-09-24T21:58:54.507826Z,github.com/ctxrs/ctx,v2.0.1+incompatible
2026-09-24T21:58:57.666317Z,github.com/QubesOS/qubes-manager,v4.2.10-1+incompatible
2026-09-24T21:59:03.067692Z,github.com/evanw/esbuild,v0.25.7-0.20250718205434-2979b846fd7e
2026-09-24T21:59:06.376504Z,github.com/github/copilot-sdk/go,v1.0.15-preview.3
2026-09-24T21:59:10.025122Z,github.com/github/copilot-sdk,v1.0.15-preview.3
2026-09-24T21:59:10.057564Z,github.com/couchbaselabs/rosmar,v0.0.0-20260924215552-496948100143
2026-09-24T21:59:12.501555Z,github.com/qi-mobile/libsuperqi,v1.4.1-0.20260918191731-9c81420fb035
2026-09-24T21:59:14.490437Z,github.com/apache/incubator-gobblin,v0.0.0-20260924082406-8b219f1dbc93
2026-09-24T21:59:16.4448Z,github.com/spf13/viper,v0.0.0-20160508111202-a0cdbddebd2b
2026-09-24T21:59:16.736436Z,github.com/JoseVillalta/amazon-ecs-agent/ecs-agent,v0.0.0-20260924205416-6327f8e83b50
2026-09-24T21:59:17.40431Z,github.com/officedev/office-js-docs-reference,v0.0.0-20260924170304-3cb2d649239b
2026-09-24T21:59:22.922216Z,github.com/cityboypenguin/space-server,v0.0.0-20260923184801-ff47545467a3
2026-09-24T21:59:29.214934Z,github.com/novasky-ai/skyrl,v0.0.0-20260924215238-f170fa3c53e7
2026-09-24T21:59:30.402464Z,github.com/antlr/antlr4/runtime/Go/antlr/v4,v4.0.0-20230328132021-86bc5cb585a8
2026-09-24T21:59:34.382995Z,github.com/Ciscom31/godata,v1.0.10
2026-09-24T21:59:35.439945Z,github.com/zricethezav/gitleaks/v8,v8.21.3-0.20241031205153-8e94f98e9229
2026-09-24T21:59:36.095884Z,github.com/Azure/iot-operations-sdks,v0.0.0-20260924183022-7bf60258d5f6
2026-09-24T21:59:37.741326Z,github.com/Deepdiver1975/secure,v0.0.0-20240611112133-abc838fb797c
2026-09-24T21:59:38.656253Z,github.com/certpilot/certpilot-agent,v0.2.1
2026-09-24T21:59:41.736822Z,github.com/kitsunium/sdk/pkg,v0.4.7
2026-09-24T21:59:44.031158Z,github.com/apppackio/saw,v1.1.0
2026-09-24T21:59:49.890569Z,github.com/coderage-labs/spillway,v0.21.2
2026-09-24T21:59:51.626754Z,github.com/mondoohq/cnquery/providers/aws,v0.0.0-20260924215028-5eb5cc9a8cb4
2026-09-24T21:59:52.160251Z,github.com/andylin-0/claude-agent-sdk-go,v0.6.23-0.20260817174743-675a9ca48c6c
2026-09-24T21:59:52.471513Z,github.com/otmaneki/strata,v0.0.0-20260924215557-804b62faa5f8
2026-09-24T21:59:52.851214Z,github.com/zen-browser/desktop,v0.0.0-20260924213248-44552e5583c9
2026-09-24T21:59:58.381073Z,github.com/CraneStation/wasmtime,v49.0.1+incompatible
2026-09-24T21:59:58.40655Z,github.com/Quddus1916/config_wrapper,v0.0.0-20220818094712-ba4ac906cf38
2026-09-24T21:59:59.048727Z,github.com/kitsunium/sdk/internal/kernel,v0.4.7
2026-09-24T22:00:01.815854Z,github.com/kitsunium/sdk/internal/core,v0.4.7
2026-09-24T22:00:06.001271Z,github.com/kitsunium/sdk/internal/service,v0.4.7
2026-09-24T22:00:06.697198Z,github.com/mikeee/ChocoPackages/automatic/adobeair,v0.0.0-20260924151659-ecc6e0bdaef5
2026-09-24T22:00:07.045596Z,github.com/Azure/azure-sdk-for-go/eng/tools/deprecate,v0.0.0-20260924213250-1d0aa557c8b7
2026-09-24T22:00:07.383859Z,github.com/twpayne/go-geom,v1.7.0
2026-09-24T22:00:07.732768Z,github.com/qcodes/qcodes,v0.59.1-0.20260924053539-ccce4dac0647
2026-09-24T22:00:17.341267Z,github.com/hajimehoshi/ebiten/v2,v2.11.0-alpha.0.20260924193140-de828b5f24dd
2026-09-24T22:00:22.194056Z,github.com/dscsystems/go-iec61850,v0.3.0
2026-09-24T22:00:22.745398Z,go.lumeweb.com/web/go/portal-plugin-core,v0.0.0-20260924213213-bf518c1d4819
2026-09-24T22:00:24.022756Z,github.com/jamyouss/axios-mock-adapter,v1.19.0
2026-09-24T22:00:27.34346Z,github.com/grafana/grafana-opentelemetry-dotnet,v0.0.0-20260924181729-1b38af01a85d
2026-09-24T22:00:29.45602Z,github.com/openshift/secondary-scheduler-operator,v0.0.0-20260924182519-4b9991af60c1
2026-09-24T22:00:36.525178Z,github.com/pentoshi007/clai,v4.11.26+incompatible
2026-09-24T22:00:39.290454Z,github.com/gardener/ci-infra,v0.0.0-20260924204935-2a65c189f220
2026-09-24T22:00:40.354661Z,github.com/dbtrail/bintrail,v0.90.0
2026-09-24T22:00:50.778429Z,github.com/QuentinDeSoete/go_graphite_proxy,v0.1.1-0.20200228173411-e212fd0a5cab
2026-09-24T22:00:50.817467Z,github.com/qubesos/qubes-desktop-linux-manager,v4.4.1-0.20260914010944-56ed295f030c+incompatible
2026-09-24T22:00:51.584788Z,github.com/qubesos/qubes-manager,v4.4.0-1.0.20260918223536-033457e0374a+incompatible
2026-09-24T22:00:53.573106Z,github.com/socialgouv/claw-code-go,v0.1.1-0.20260924213023-16f58c8da522
2026-09-24T22:00:53.907709Z,github.com/quantumlab-zy/hamgnn,v0.0.0-20260918130955-64dba1dbf445
2026-09-24T22:00:56.860483Z,github.com/dapr/dapr/tests/apps/crypto,v0.0.0-20260924171246-0692a6746df3
2026-09-24T22:01:04.716846Z,github.com/tailscale/tailscale,v1.102.5
2026-09-24T22:01:04.779658Z,github.com/Query-farm-haybarn/haybarn-community-extensions,v0.0.0-20260712174416-d3f81555d2dc
2026-09-24T22:01:12.78479Z,github.com/juliaweb/http.jl,v2.8.0+incompatible
2026-09-24T22:01:14.249095Z,github.com/canonical/lxd,v0.0.0-20260924215622-0a5e5e579f56
2026-09-24T22:01:14.26709Z,github.com/qcodes/qcodes_contrib_drivers,v0.25.1-0.20260924090338-a309e04cc02e
2026-09-24T22:01:14.370019Z,github.com/livepeer-frameworks/monorepo,v0.3.11-rc4
2026-09-24T22:01:14.516104Z,github.com/danbloomberg/leptonica,v1.74.4-0.20241016193244-63aef18d9843
2026-09-24T22:01:14.765028Z,github.com/Query-farm/vgi-rpc-go,v0.7.1-0.20260519012353-dfbccdcd51cc
2026-09-24T22:01:16.66683Z,github.com/awkto/ssh-to-go,v1.32.0
2026-09-24T22:01:19.683897Z,github.com/QuentinRegnier/nubo-backend,v0.0.0-20250902224523-e1d4257b461a
2026-09-24T22:01:20.217553Z,github.com/QuEraComputing/bloqade-python,v0.16.7-0.20251010175953-806fa49f34d3
2026-09-24T22:01:20.730012Z,github.com/queryverse/QueryOperators.jl,v1.1.1-0.20260902041042-a122944c0b25
2026-09-24T22:01:21.770772Z,github.com/queryverse/TableShowUtils.jl,v1.0.1-0.20260902021112-e4475e13f017
2026-09-24T22:01:22.764168Z,github.com/apache/sedona-db,v0.0.0-20260924193046-654f90e14726
2026-09-24T22:01:23.112252Z,github.com/Azure/azure-sdk-for-go/eng/tools/profileBuilder,v0.0.0-20260924213250-1d0aa557c8b7
2026-09-24T22:01:25.358677Z,github.com/QuEraComputing/Bloqade.jl,v0.2.4-0.20240807144439-952c0e7c2e22
2026-09-24T22:01:37.061379Z,cloud.google.com/go/internal/examples/fake,v0.0.0-20260924213741-25bc085c8fde
2026-09-24T22:01:41.290489Z,github.com/QuestofIranon/cupaloy,v2.0.0+incompatible
2026-09-24T22:01:42.166274Z,github.com/QuEST-Kit/QuEST,v3.2.2-0.20250327141441-6531616434d1+incompatible
2026-09-24T22:01:45.841617Z,github.com/apache/ozone,v0.0.0-20260924215954-4ab81d2a2e27
2026-09-24T22:01:46.12893Z,github.com/ProxyScraper/ProxyScraper,v0.0.0-20260924215931-60a196bf0218
2026-09-24T22:01:46.702474Z,github.com/charmbracelet/x/colors,v0.0.0-20260924144451-d676b019604b
2026-09-24T22:01:49.422679Z,github.com/googlecloudplatform/opentelemetry-operations-collector/components/otelopscol/receiver/mongodbreceiver,v0.0.0-20260924191239-74c0c76ea36c
2026-09-24T22:01:53.487747Z,github.com/Queueue0/qff,v1.3.2-0.20231107011916-d2f1e590bb8b
2026-09-24T22:01:57.98867Z,github.com/EFForg/privacybadger,v0.0.0-20260924210934-2b959eb9bedc
2026-09-24T22:01:58.155425Z,github.com/jasonmit/nest-cli,v0.0.0-20161209032413-d183a76d5c40
2026-09-24T22:02:03.764757Z,github.com/kjkrol/aabbworld,v1.7.0
2026-09-24T22:02:05.923742Z,github.com/vault-thirteen/bencode,v1.7.25
2026-09-24T22:02:09.165208Z,github.com/Evergreen-Ci/evergreen,v0.0.0-20260924181345-36e220e8cdff
2026-09-24T22:02:15.541722Z,github.com/Quick/Nimble,v9.2.1-0.20220322090945-b9a3332c3287+incompatible
2026-09-24T22:02:17.627051Z,github.com/cranestation/wasmtime,v49.0.1+incompatible
2026-09-24T22:02:18.87763Z,github.com/hanchuanchuan/gh-ost,v1.0.48-0.20181225065908-6a94f65b2fd6
2026-09-24T22:02:20.071075Z,github.com/Quick/Quick,v4.0.1-0.20210829061549-dcb2f4876995+incompatible
2026-09-24T22:02:20.658926Z,github.com/s4wave/spacewave,v0.57.8-0.20260924002414-4a75e0936dda
2026-09-24T22:02:22.92312Z,github.com/QuickChick/QuickChick,v1.6.3-0.20220409004846-34c5144b67c7
2026-09-24T22:02:23.11637Z,github.com/quickfixgo/fix50SP2,v0.0.0-20230117172942-701729d9cf42
2026-09-24T22:02:30.037685Z,github.com/openspace/openspace,v0.0.0-20260924215826-d4822135fd28
2026-09-24T22:02:34.434308Z,github.com/GoogleCloudPlatform/DataflowTemplates/cicd,v0.0.0-20260924183040-035134208ab9
2026-09-24T22:02:36.808089Z,github.com/kof/jss,v10.10.1+incompatible
2026-09-24T22:02:39.601666Z,github.com/Quicr/libquicr,v0.0.0-20260309185219-9fa8254f9b39
2026-09-24T22:02:44.742334Z,github.com/QuestPDF/QuestPDF,v0.0.0-20260731114402-5be412f10c1d
2026-09-24T22:02:46.086098Z,github.com/censusreporter/census-api,v0.0.0-20260924182324-f369db7e214b
2026-09-24T22:02:52.607449Z,github.com/aldobrett/sirkel-engine-lib,v0.0.0-20260924213155-db5a044d536c
2026-09-24T22:02:54.432205Z,github.com/proxyscraper/proxyscraper,v0.0.0-20260924215931-60a196bf0218
2026-09-24T22:02:57.607721Z,github.com/prebid/prebid.js,v0.0.0-20260924215835-1f31dc91d4a2
2026-09-24T22:03:03.299053Z,github.com/QuietEngineer/pdsadmin,v0.1.1-0.20251210011446-482fa7f2ae90
2026-09-24T22:03:04.515911Z,github.com/QuietJoon/rhh,v1.0.1-0.20191029165640-86b588640216
2026-09-24T22:03:07.304228Z,go.opentelemetry.io/otelc/instrumentation/google.golang.org/grpc/client,v0.0.0-20260824023927-449ee08a6825
2026-09-24T22:03:07.359912Z,go.opentelemetry.io/otelc/instrumentation/github.com/aws/aws-sdk-go-v2,v0.0.0-20260824023927-449ee08a6825
2026-09-24T22:03:07.690865Z,go.opentelemetry.io/otelc/instrumentation/google.golang.org/grpc/server,v0.0.0-20260824023927-449ee08a6825
2026-09-24T22:03:14.116338Z,github.com/model-checking/kani,v0.0.0-20260924182706-de756c936156
2026-09-24T22:03:15.712038Z,github.com/yomguithereal/mnemonist,v0.0.0-20260922120230-b92dfa0e61e0
2026-09-24T22:03:16.90789Z,github.com/quikturn-sdk/Logos,v0.16.4
2026-09-24T22:03:22.674545Z,github.com/osgeo/proj.4,v0.0.0-20260924074334-010d62c2daae
2026-09-24T22:03:30.784768Z,github.com/quest-kit/quest,v4.3.0+incompatible
2026-09-24T22:03:32.165341Z,github.com/Azure/azure-sdk-for-go,v2.0.0-20260924213250-1d0aa557c8b7+incompatible
2026-09-24T22:03:35.245867Z,github.com/hiett/serverless-redis-http,v0.0.0-20240511193615-794c5a372fa3
2026-09-24T22:03:40.355372Z,github.com/mrmckeb/typescript-plugin-css-modules,v1.3.0-beta.1.0.20191020082740-14e70633c5c0
2026-09-24T22:03:40.449276Z,github.com/QuilibriumNetwork/ceremonyclient,v0.0.0-20231002054029-3c35244cea3e
2026-09-24T22:03:44.537185Z,github.com/quickchick/quickchick,v2.2.1-0.20260820174130-e35dc8e917f0+incompatible
2026-09-24T22:03:44.666231Z,github.com/googlecloudplatform/dataflowtemplates/cicd,v0.0.0-20260924183040-035134208ab9
2026-09-24T22:03:46.430401Z,github.com/hashicorp/vault/version,v0.0.0-20260924220206-e51a864398a5
2026-09-24T22:03:47.038394Z,github.com/azure/azure-sdk-for-go/sdk/azcore,v0.0.0-20260924213250-1d0aa557c8b7
2026-09-24T22:03:47.273198Z,github.com/tencentcloud/tencentcloud-sdk-go/tencentcloud/mps,v1.3.186
2026-09-24T22:03:48.661997Z,github.com/uber/cadence,v0.0.0-20260924211834-33704b3a5fc2
2026-09-24T22:03:49.120378Z,github.com/langchain-ai/open-swe,v0.0.0-20260924213927-57f4e89bf6a3
2026-09-24T22:03:50.113796Z,github.com/hashicorp/vault/tools/pipeline,v0.0.0-20260924220206-e51a864398a5
2026-09-24T22:03:51.069793Z,github.com/QMEOWQ/go-microservice-proj,v0.0.0-20260414095740-63a4ba0ebec3
2026-09-24T22:03:52.066821Z,github.com/tag1consulting/pulumi-lagoon-provider,v0.5.6
2026-09-24T22:03:52.296792Z,github.com/Nukosuke/Go-zendesk,v0.18.0
2026-09-24T22:03:53.60065Z,github.com/QuilibriumNetwork/ceremonyclient/bls48581,v0.0.0-20251231152847-d2b0651e2d88
2026-09-24T22:03:55.608329Z,github.com/azure/azure-sdk-for-go,v2.0.0-20260924213250-1d0aa557c8b7+incompatible
2026-09-24T22:03:59.990142Z,github.com/Azure/azure-sdk-for-go/sdk/security/keyvault/azcertificates,v0.0.0-20260924213250-1d0aa557c8b7
2026-09-24T22:04:03.342595Z,github.com/QuilibriumNetwork/ceremonyclient/nekryptology,v0.0.0-20251119231334-81f2767ab859
2026-09-24T22:04:10.801387Z,github.com/Open-telemetry/opentelemetry-proto,v0.4.0
2026-09-24T22:04:11.768581Z,github.com/osac-project/osac/osac-operator,v0.0.0-20260924205244-ce0c6bb6a604
2026-09-24T22:04:12.224681Z,github.com/TheLazarusnetwork/go-helpers,v0.0.0-20231109144013-1ac3070f2b48
2026-09-24T22:04:14.051672Z,github.com/teamhanko/hanko,v0.0.0-20260924111057-33930976f312
2026-09-24T22:04:15.742184Z,github.com/osac-project/osac,v0.0.0-20260924205244-ce0c6bb6a604
2026-09-24T22:04:20.559742Z,github.com/QuilibriumNetwork/ceremonyclient/go-libp2p,v0.0.0-20260315004747-53f8953e3ec1
2026-09-24T22:04:24.134093Z,github.com/QuilibriumNetwork/ceremonyclient/vdf,v0.0.0-20240621174636-6c567a04c1a6
2026-09-24T22:04:25.82871Z,github.com/leanprover/lean4export,v4.35.0-rc3+incompatible
2026-09-24T22:04:26.243641Z,github.com/quasilyte/benchstat.el,v1.0.0
2026-09-24T22:04:28.625964Z,github.com/QuilibriumNetwork/ceremonyclient/node,v0.0.0-20251218011003-a05d6b38b1f3
2026-09-24T22:04:37.255906Z,github.com/QuilibriumNetwork/ceremonyclient/protobufs,v0.0.0-20260315004747-53f8953e3ec1
2026-09-24T22:04:38.736149Z,github.com/pulsejet/memories,v0.0.0-20260924200403-a209bad271b1
2026-09-24T22:04:40.130304Z,github.com/kentik/api-schema-public,v0.0.0-20260924220156-744acb20c75e
2026-09-24T22:04:40.525494Z,github.com/azure/azure-sdk-for-go/eng/tools/testdata/scenariod/foo,v0.0.0-20260924213250-1d0aa557c8b7
2026-09-24T22:04:41.217398Z,github.com/QuilibriumNetwork/ceremonyclient/types,v0.0.0-20260315004747-53f8953e3ec1
2026-09-24T22:04:41.641357Z,github.com/QuilibriumNetwork/ceremonyclient/pebble,v0.0.0-20260406193016-0e4de5d236d8
2026-09-24T22:04:49.435182Z,github.com/replicatedhq/embedded-cluster,v0.0.0-20260924170046-c134f32f234c
2026-09-24T22:04:50.133531Z,github.com/kopia/kopia,v0.7.4-0.20210301141626-ac9f85967add
2026-09-24T22:04:57.697872Z,github.com/xberg-io/xberg,v1.2.9
2026-09-24T22:05:07.343041Z,github.com/mudler/nib,v0.11.0
2026-09-24T22:05:14.754117Z,github.com/classgraph/classgraph,v0.0.0-20260923105422-7193384739ee
2026-09-24T22:05:15.857317Z,github.com/QuilibriumNetwork/monorepo,v0.0.0-20251119080756-21b735f841ac
2026-09-24T22:05:16.682425Z,github.com/QuilibriumNetwork/monorepo/bedlam,v0.0.0-20251219195901-83624369bfb2
2026-09-24T22:05:21.26761Z,github.com/QuilibriumNetwork/monorepo/bls48581,v0.0.0-20260226102013-ce4f77b140c8
2026-09-24T22:05:23.213227Z,github.com/Azure/azure-sdk-for-go/sdk/security/keyvault/azsecrets,v0.0.0-20260924213250-1d0aa557c8b7
2026-09-24T22:05:26.829558Z,github.com/QuilibriumNetwork/monorepo/bulletproofs,v0.0.0-20251119231334-81f2767ab859
2026-09-24T22:05:32.775052Z,github.com/fastai/ghapi,v0.0.0-20260924191601-81b28a5325b3
2026-09-24T22:05:35.880072Z,github.com/tobilg/polyglot,v0.13.0
2026-09-24T22:05:36.177037Z,github.com/qishibo/anotherredisdesktopmanager,v1.7.5-0.20260820123510-c14985510662
2026-09-24T22:05:39.12792Z,github.com/Azure/azure-storage-azcopy/v10,v10.30.0-preview.1.0.20260924220329-c627c969513b
2026-09-24T22:05:45.830652Z,github.com/QuilibriumNetwork/monorepo/channel,v0.0.0-20260304101850-c5be46eea4fd
2026-09-24T22:05:45.925405Z,github.com/quietengineer/pdsadmin,v0.1.1-0.20260717221442-bc5b56ad20a4
2026-09-24T22:05:48.625888Z,github.com/ph-commons/pse-edge-pp-cli,v0.1.8
2026-09-24T22:05:50.288211Z,github.com/octelium/octelium-ee,v0.0.0-20260924212414-24f123154344
2026-09-24T22:05:50.485206Z,github.com/azure/azure-sdk-for-go/eng/tools/indexer,v0.0.0-20260924213250-1d0aa557c8b7
2026-09-24T22:05:53.869622Z,github.com/janosmiko/LFK,v0.12.2
2026-09-24T22:05:54.93791Z,github.com/QuilibriumNetwork/monorepo/config,v0.0.0-20251231152847-d2b0651e2d88
2026-09-24T22:05:55.664274Z,github.com/thanos-io/objstore,v0.0.0-20231115082430-f01e268612c2
2026-09-24T22:05:57.486961Z,github.com/QuilibriumNetwork/monorepo/consensus,v0.0.0-20260226102013-ce4f77b140c8
2026-09-24T22:05:57.648792Z,github.com/azure/azure-sdk-for-go/sdk/security/keyvault/azcertificates,v0.0.0-20260924213250-1d0aa557c8b7
2026-09-24T22:05:58.149873Z,github.com/NiXOS/nix,v0.0.0-20260924212821-28f79ac851bf
2026-09-24T22:05:58.679288Z,github.com/kubeflow/hub,v0.0.0-20260924211630-33bdf092d8cb
2026-09-24T22:06:02.13127Z,github.com/Qitmeer/qitmeer,v0.0.0-20210728065548-0add8642ad01
2026-09-24T22:06:03.165126Z,github.com/go-furnace/sdk,v0.0.0-20180916202145-fd991dce7c65
2026-09-24T22:06:07.201643Z,github.com/cilcenk/coremetry,v0.10.910
2026-09-24T22:06:07.4485Z,github.com/QuilibriumNetwork/monorepo/ferret,v0.0.0-20251231152847-d2b0651e2d88
2026-09-24T22:06:09.102477Z,github.com/QuilibriumNetwork/monorepo/go-libp2p,v0.0.0-20251219195901-83624369bfb2
2026-09-24T22:06:12.962499Z,github.com/datadog/dd-trace-go/internal/setup-smoke-test,v0.0.0-20260923085522-796554be293b
2026-09-24T22:06:15.667033Z,github.com/Azure/azure-service-operator/v2/v2,v2.0.0-20260924194134-4f3d2a657bf7
2026-09-24T22:06:16.972226Z,github.com/pgdogdev/pgdog,v0.1.60
2026-09-24T22:06:17.164453Z,git.yixinzone.com/library/ai-chat,v1.0.48
2026-09-24T22:06:17.394437Z,github.com/QuilibriumNetwork/monorepo/go-libp2p-blossomsub,v0.0.0-20260226102013-ce4f77b140c8
2026-09-24T22:06:17.833399Z,github.com/dakusui/jqplusplus,v0.0.55
2026-09-24T22:06:18.465473Z,github.com/SENERGY-Platform/analytics-operator-repo-v2,v1.0.0
2026-09-24T22:06:19.76252Z,github.com/google/go-tpm-tools,v0.0.0-20260924213130-c8d6e50e1f24
2026-09-24T22:06:22.572721Z,github.com/QuilibriumNetwork/monorepo/hypergraph,v0.0.0-20251219195901-83624369bfb2
2026-09-24T22:06:25.809377Z,github.com/QuilibriumNetwork/monorepo/lifecycle,v0.0.0-20251219182923-7a4484b05beb
2026-09-24T22:06:36.239751Z,github.com/domonda/go-sqldb/tools,v0.0.0-20260729144141-a0c129c4abc2
2026-09-24T22:06:36.922379Z,github.com/radical-ai/torch-sim,v0.6.2
2026-09-24T22:06:38.651044Z,github.com/domonda/go-sqldb/examples/sqldb-dump,v0.0.0-20260729144141-a0c129c4abc2
2026-09-24T22:06:41.006858Z,github.com/QuilibriumNetwork/monorepo/nekryptology,v0.0.0-20260226102013-ce4f77b140c8
2026-09-24T22:06:42.465066Z,github.com/domonda/go-sqldb/examples/user-demo,v0.0.0-20260729144141-a0c129c4abc2
2026-09-24T22:06:43.560506Z,github.com/senergy-platform/analytics-operator-repo-v2,v1.0.0
2026-09-24T22:06:46.241881Z,cloud.google.com/go/profiler,v0.7.1-0.20260924213741-25bc085c8fde
2026-09-24T22:06:47.741608Z,github.com/QuilibriumNetwork/monorepo/node,v0.0.0-20251121034658-26f8e6d51ab0
2026-09-24T22:06:47.969947Z,github.com/domonda/go-sqldb/information/mssql_information_test,v0.0.0-20260729144141-a0c129c4abc2
2026-09-24T22:06:49.177008Z,github.com/octelium/octelium/cluster/common,v0.0.0-20260924203403-fe11f251f080
2026-09-24T22:06:49.658508Z,github.com/octelium/octelium/pkg,v0.0.0-20260924203403-fe11f251f080
2026-09-24T22:06:50.899236Z,github.com/azure/azure-service-operator,v0.0.0-20260924194134-4f3d2a657bf7
2026-09-24T22:06:52.210612Z,github.com/domonda/go-sqldb/information/mysql_information_test,v0.0.0-20260729144141-a0c129c4abc2
2026-09-24T22:06:58.871294Z,github.com/mbauer83/effect-golang-schema,v0.5.0
2026-09-24T22:06:58.970805Z,github.com/domonda/go-sqldb/information/postgres_information_test,v0.0.0-20260729144141-a0c129c4abc2
2026-09-24T22:06:59.808553Z,github.com/QuilibriumNetwork/monorepo/protobufs,v0.0.0-20251119060218-2b33fa2a7410
2026-09-24T22:07:06.529739Z,github.com/microsoft/retina/test/multicloud/test,v0.0.0-20260924195450-488424e2e8c8
2026-09-24T22:07:06.892567Z,github.com/k3s-io/k3s,v1.28.11-rc1.0.20240613223936-dd86a0581f3f
2026-09-24T22:07:09.212967Z,go.mondoo.com/mql,v0.0.0-20260924220208-8978cd89a735
2026-09-24T22:07:14.768372Z,github.com/ayn2op/tview,v0.0.0-20260924220355-e85f797abc96
2026-09-24T22:07:15.320352Z,github.com/QuilibriumNetwork/monorepo/rpm,v0.0.0-20251231152847-d2b0651e2d88
2026-09-24T22:07:17.193166Z,cloud.google.com/go,v0.123.1-0.20260924213741-25bc085c8fde
2026-09-24T22:07:18.870246Z,github.com/Azure/azure-sdk-for-go/sdk/azcore,v0.0.0-20260924213250-1d0aa557c8b7
2026-09-24T22:07:25.095668Z,github.com/google/a2ui,v0.0.0-20260924210218-fcec476bff13
2026-09-24T22:07:30.068484Z,github.com/QuilibriumNetwork/monorepo/types,v0.0.0-20251121034658-26f8e6d51ab0
2026-09-24T22:07:30.424122Z,github.com/wooorm/hast-util-has-property,v0.0.0-20230801085809-249a209f4b3b
2026-09-24T22:07:38.358836Z,github.com/kvark/blade,v0.0.0-20260922155114-fbb4f28c4869
2026-09-24T22:07:40.608501Z,github.com/cyverse/irodsfs-common,v0.0.0-20260924220722-2e31686f4a0f
2026-09-24T22:07:41.247712Z,github.com/apexcharts/apexcharts.js,v7.6.0+incompatible
2026-09-24T22:07:47.06857Z,github.com/coddy-project/coddy-agent,v0.0.0-20260519181549-a427cc09eccb
2026-09-24T22:07:47.197926Z,github.com/QuilibriumNetwork/monorepo/utils,v0.0.0-20260226102013-ce4f77b140c8
2026-09-24T22:07:47.943893Z,github.com/hashicorp/vault/api/auth/approle,v0.12.1-0.20260924220206-e51a864398a5
2026-09-24T22:07:50.364283Z,github.com/Quillraven/Fleks,v0.0.0-20260819015538-a24bebb1496a
2026-09-24T22:07:55.559078Z,github.com/Quimzy/go-qPeer,v0.0.0-20220323201213-4c238ca895fa
2026-09-24T22:07:55.824264Z,k8s.io/Kubernetes/staging/src/k8s.io/apiserver,v0.0.0-20260924214634-f139c507930a
2026-09-24T22:07:55.99035Z,github.com/kaleidawave/source-map,v0.0.0-20240521170412-b4c23dae090e
2026-09-24T22:07:56.612684Z,github.com/QuilibriumNetwork/monorepo/verenc,v0.0.0-20251219195901-83624369bfb2
2026-09-24T22:07:57.592455Z,github.com/QuilibriumNetwork/monorepo/vdf,v0.0.0-20251219195901-83624369bfb2
2026-09-24T22:07:58.069504Z,github.com/citadellefr/fresque,v0.1.0
2026-09-24T22:07:58.165486Z,github.com/QuillPub/epub,v0.1.1-0.20210630005653-ce10bf1e6969
2026-09-24T22:07:58.470408Z,github.com/Azure/sonic-mgmt,v0.0.0-20260924215712-15fa4996348b
2026-09-24T22:07:58.771537Z,github.com/quillchat/Go-Emoji-Utils,v1.1.2-0.20211023181645-d4591006978b
2026-09-24T22:08:02.014992Z,github.com/azure/azure-sdk-for-go/eng/tools/testdata/scenarioe/foo/v2,v2.0.0-20260924213250-1d0aa557c8b7
2026-09-24T22:08:04.361173Z,github.com/gravitational/protoc-gen-terraform/v5,v5.0.1-0.20260924190927-bda3c38388c0
2026-09-24T22:08:06.663658Z,github.com/piwik/piwik,v0.0.0-20260924212333-6e1156790f76
2026-09-24T22:08:06.9463Z,github.com/open-telemetry/opentelemetry-proto,v1.11.1-0.20260922104127-700dafd2e89a
2026-09-24T22:08:09.867175Z,github.com/Quinn-5/learning-go,v0.0.0-20220703214705-82bb817e789e
2026-09-24T22:08:12.450853Z,github.com/pedroalbanese/m511,v0.0.0-20260924220700-d6f27c5bec51
2026-09-24T22:08:16.124635Z,github.com/aws/aws-sdk-go-v2,v0.0.0-20260924181737-52ba2565aefa
2026-09-24T22:08:19.399019Z,github.com/MarkRosemaker/openapi-enrich,v0.0.0-20260924220249-4897701195d5
2026-09-24T22:08:19.621938Z,github.com/Quinn-Fang/Quinne,v0.1.7-0.20220825093848-0dab7ef3afc5
2026-09-24T22:08:24.30228Z,github.com/Quinn-With-Two-Ns/sdk-go,v0.0.0-20240301223557-efabf4622182
2026-09-24T22:08:24.510796Z,github.com/spin-stack/spin-machine,v0.0.0-20260924194149-a01c8476d8b7
2026-09-24T22:08:24.825056Z,github.com/Azure/azure-sdk-for-go/eng/tools/apidiff,v0.0.0-20260924213250-1d0aa557c8b7
2026-09-24T22:08:31.83372Z,github.com/mediamarktsaturn/technolinator,v1.73.6
2026-09-24T22:08:43.444507Z,github.com/Quiq/redis,v0.0.0-20190318151442-8b3fb450fbb4
2026-09-24T22:08:45.219501Z,github.com/Quirk-io/Endpoint,v0.0.0-20220418154906-7593cf17bf7c
2026-09-24T22:08:50.001191Z,github.com/Quirk-io/go-qPeer,v0.1.1-0.20220418153122-20ec16a19209
2026-09-24T22:08:51.33421Z,github.com/Quirel/telegram-logger,v1.0.2-0.20210207060040-79b98bbf6d22
2026-09-24T22:08:53.509105Z,github.com/quirky1869/cyberTools,v0.0.0-20251203133052-679616fa4bd5
2026-09-24T22:08:55.978816Z,github.com/camunda/zeebe,v0.0.0-20260924203409-3a3934a02752
2026-09-24T22:09:02.052348Z,github.com/Quirky1869/cyberTools,v0.0.0-20251203133052-679616fa4bd5
2026-09-24T22:09:04.6916Z,github.com/devsy-org/api,v1.0.35
2026-09-24T22:09:06.052053Z,github.com/ARelle/Arelle,v0.0.0-20260924215703-78e0a220389c
2026-09-24T22:09:12.786504Z,github.com/ilios/ilios,v3.140.3+incompatible
2026-09-24T22:09:12.877539Z,github.com/pomerium/pomerium/pkg/grpc/config,v0.0.0-20260924220723-90d0ec07301d
2026-09-24T22:09:16.037165Z,github.com/QuiteLiterallyConnor/BluetoothController,v0.0.0-20240320172800-3a7db9211b53
2026-09-24T22:09:17.422471Z,github.com/confighub/sdk/cmd/k8s-mf,v0.0.0-20260924191958-0a2c6b71be8b
2026-09-24T22:09:17.965835Z,github.com/mrz1836/go-actions,v0.3.0
2026-09-24T22:09:18.164028Z,github.com/azure/azure-sdk-for-go/sdk/security/keyvault/azsecrets/testdata/perf,v0.0.0-20260924213250-1d0aa557c8b7
2026-09-24T22:09:18.877261Z,github.com/goLang-migrate/migrate/v4,v4.20.0
2026-09-24T22:09:21.726132Z,github.com/quizert/room-reservation-system/HotelSvc,v0.0.0-20241226131724-6a5b1d29c5a3
2026-09-24T22:09:23.765294Z,github.com/azure/Azure-sdk-for-go,v65.0.1-0.20260924054509-a5cb5a0da72c+incompatible
2026-09-24T22:09:25.897499Z,github.com/thephpleague/flysystem,v0.0.0-20221018065434-3d2ed6215e09
2026-09-24T22:09:27.932112Z,github.com/defanglabs/samples,v0.0.0-20260924184519-e18f9e2a5d3f
2026-09-24T22:09:30.191444Z,github.com/QuizWars-Ecosystem/protobuf,v0.0.0-20250406163129-e7eada9d0f10
2026-09-24T22:09:31.641402Z,chainmaker.org/chainmaker/net-common,v1.2.11-0.20260626095333-e30a15d16b75
2026-09-24T22:09:33.931736Z,github.com/w3c/epub-specs,v0.0.0-20260924182150-bbd1bf2f98a1
2026-09-24T22:09:35.642749Z,github.com/nvidia/nvsentinel/node-drainer,v0.0.0-20260924123634-c8a4a510de5f
2026-09-24T22:09:38.41161Z,github.com/MarkRosemaker/openapi-codegen,v0.0.0-20260924220618-491cde13500a
2026-09-24T22:09:39.224081Z,github.com/zhenjl/sequence,v0.0.0-20170322205949-e211dc167136
2026-09-24T22:09:50.904617Z,github.com/borgbackup/borg,v0.0.0-20260924210356-6df17a5c1180
2026-09-24T22:09:53.817819Z,github.com/ajent-social/pulumi,v0.0.0-20260924215628-ff29ef1a712e
2026-09-24T22:09:54.225812Z,github.com/QuLogic/tinygo,v0.6.1-0.20200130230147-1d913a62bc0c
2026-09-24T22:09:58.797758Z,github.com/launchdarkly/go-sdk-events/v3,v3.7.0
2026-09-24T22:10:01.296266Z,github.com/ljh740/quectel-qmi-go,v0.7.6
2026-09-24T22:10:01.411687Z,github.com/QUNETOL57/go-automacon-course,v0.0.0-20260618215611-53c7344967bb
2026-09-24T22:10:01.996905Z,github.com/consensys/linea-monorepo/prover,v0.0.0-20260924220534-4ca105a6c98f
2026-09-24T22:10:03.932087Z,github.com/DefangLabs/samples,v0.0.0-20260924184519-e18f9e2a5d3f
2026-09-24T22:10:05.816857Z,codeberg.org/mwmbl/mwmbl,v0.0.0-20260924135932-7e117abea426
2026-09-24T22:10:07.403729Z,github.com/QuLogic/matplotlib,v3.3.3+incompatible
2026-09-24T22:10:09.705308Z,github.com/QunaSys/quri-sdk,v0.27.1-0.20260914233048-015b5cd8b20f
2026-09-24T22:10:17.515341Z,github.com/gxed/go-text,v0.2.0
2026-09-24T22:10:21.051469Z,github.com/tencentcloud/Tencentcloud-sdk-go,v1.3.186
2026-09-24T22:10:21.866611Z,github.com/coderallan/vscode-angulartools,v0.0.0-20260924155942-cc24cb972888
2026-09-24T22:10:25.081221Z,github.com/quollveth/ConfigManager,v0.0.0-20251126175546-f82a7419e8d9
2026-09-24T22:10:26.212389Z,github.com/quonaro/Lota,v0.0.0-20260421075117-ada5ac69b22b
2026-09-24T22:10:29.351153Z,github.com/DataDog/cilium,v1.20.2-dd3
2026-09-24T22:10:32.932684Z,github.com/omnitrustilm/go-sdk,v1.0.1-0.20260924130405-1e5e9b736dfa
2026-09-24T22:10:39.890839Z,github.com/lightstep/lightstep-tracer-go,v0.0.0-20180125165849-c0e055c109de
2026-09-24T22:10:41.931542Z,github.com/gentleman-programming/gentle-ai/v3,v3.0.0-20260924212433-40b35ee21e86
2026-09-24T22:10:45.639046Z,github.com/CodeGangsta/negroni,v0.3.0
2026-09-24T22:10:48.813214Z,github.com/oklog/oklog,v0.0.0-20180118151904-7fa04d3c21f8
2026-09-24T22:10:49.038618Z,github.com/Quramy/ts-graphql-plugin,v3.0.3-0.20240307085943-cd7e6939eb29+incompatible
2026-09-24T22:10:49.042684Z,github.com/rchandnaWUSTL/tofugov,v0.0.0-20260924221027-8c31ccc20f0b
2026-09-24T22:10:51.363041Z,github.com/tencentcloud/tencentcloud-sdk-dotnet,v0.0.0-20260924201522-7b59cf27c044
2026-09-24T22:10:53.026232Z,github.com/Quramy/typed-css-modules,v0.9.2-0.20250602021858-27a85df7455d
2026-09-24T22:10:58.914745Z,github.com/qushedo/okxSwap,v0.0.0-20240609085351-5a9aefd49af9
2026-09-24T22:10:59.110435Z,github.com/helpers/sort-object,v3.0.0+incompatible
2026-09-24T22:10:59.381626Z,github.com/QuRuijie/ZenDB,v0.0.0-20220414110523-3f122a1cf22d
2026-09-24T22:11:01.639616Z,github.com/qurname2/wrikeGoAPI,v0.0.2-0.20210719081540-a032f0676d2e
2026-09-24T22:11:02.681586Z,github.com/QusicApp/Qusic,v0.0.2-0.20250121185457-7d7104e507a3
2026-09-24T22:11:04.616829Z,github.com/markrosemaker/openapi-enrich,v0.0.0-20260924220249-4897701195d5
2026-09-24T22:11:07.147728Z,github.com/mrz1836/go-foundation,v0.7.0
2026-09-24T22:11:07.793666Z,github.com/QutaqKicker/ChatParser,v0.0.0-20241113173209-8f5f0eb32e7e
2026-09-24T22:11:09.102986Z,github.com/datadog/cilium,v1.20.2-dd3
2026-09-24T22:11:10.783128Z,github.com/theory-cloud/apptheory/v4,v4.4.0
2026-09-24T22:11:17.132819Z,github.com/openshift/cluster-api-provider-baremetal,v0.0.0-20260924185218-26162bf34fac
2026-09-24T22:11:19.989006Z,github.com/QuTech-Delft/qiskit-quantuminspire,v0.0.0-20260703051633-ca384e7a34a7
2026-09-24T22:11:23.041025Z,github.com/as/ui,v0.6.20-0.20180805064626-1865d84c5986
2026-09-24T22:11:25.045116Z,github.com/CPPAlliance/json,v0.0.0-20260923095325-fc70d2313193
2026-09-24T22:11:25.112952Z,github.com/coinbase/rest-hooks,v0.0.0-20260924165824-4ae608081ed3
2026-09-24T22:11:33.55116Z,github.com/QuteMelon/olap-sql,v0.0.0-20211101062527-4bf85626aff8
2026-09-24T22:11:37.834227Z,github.com/kris-hansen/comanda,v0.0.244
2026-09-24T22:11:41.322922Z,github.com/AthenaCore/AwesomeResponsibleAI,v0.0.0-20260924092823-14551e87f7b9
2026-09-24T22:11:45.412091Z,github.com/quyld17/E-Commerce-Website,v0.0.0-20240831174634-cb42a92e51c9
2026-09-24T22:11:52.147308Z,github.com/Qvant-lab/qui-max,v0.6.3-0.20211224075238-b2e9c5e84e65
2026-09-24T22:11:53.739662Z,github.com/QverVi/Practice-1,v0.0.0-20260126005758-9b73a3fc9d55
2026-09-24T22:11:55.052206Z,github.com/azure/azure-service-operator/v2/v2,v2.0.0-20260924194134-4f3d2a657bf7
2026-09-24T22:12:01.178472Z,github.com/verifytests/verify.anglesharp,v0.0.0-20260924112927-06227d980212
2026-09-24T22:12:03.566843Z,github.com/qw4990/OptimizerTester,v0.0.0-20211229110500-4d5f630a067c
2026-09-24T22:12:11.293808Z,github.com/maximhq/bifrost/plugins/jsonparser,v1.6.6
2026-09-24T22:12:13.840471Z,github.com/auremsinistram/go-errgen,v0.2.0
2026-09-24T22:12:17.413709Z,github.com/pulumi/Pulumi,v3.264.1-0.20260924154351-9913895671c2+incompatible
2026-09-24T22:12:21.562919Z,github.com/zabbius/sp4rk,v0.0.0-20260924164036-5987f137695e
2026-09-24T22:12:28.252756Z,github.com/wemake-services/dotenv-linter,v0.0.0-20260924045409-bfec2b70af2e
2026-09-24T22:12:28.698524Z,github.com/tencent/bk-bcs/bcs-scenarios/bcs-terraform-bkprovider,v0.0.0-20260924090632-95440472e83f
2026-09-24T22:12:32.459857Z,github.com/SagerNet/go-shadowsocks2,v0.0.5
2026-09-24T22:12:38.479237Z,github.com/thebiggive/php-govtalk,v0.0.0-20260922105111-8230cae3a52e
2026-09-24T22:12:43.255008Z,github.com/azure/azure-sdk-for-go/sdk/security/keyvault/azcertificates/testdata/perf,v0.0.0-20260924213250-1d0aa557c8b7
2026-09-24T22:12:45.71799Z,github.com/webitel/protos/chat,v0.0.0-20260924131240-bc21e0dbcc73
2026-09-24T22:12:46.327606Z,github.com/muchq/moonbase,v0.0.0-20260924212407-80f165b81bd6
2026-09-24T22:12:50.949126Z,github.com/QWED-AI/qwed-finance,v2.1.1-0.20260520152429-d19dc164d79e+incompatible
2026-09-24T22:12:52.493086Z,github.com/dexidp/dex/examples,v0.0.0-20260924215713-94cbb90a50db
2026-09-24T22:12:55.183764Z,github.com/microsoft/retina/hack/tools/kapinger,v0.0.0-20260924195450-488424e2e8c8
2026-09-24T22:12:58.416446Z,github.com/thebiggive/hmrc-gift-aid,v2.0.4+incompatible
2026-09-24T22:13:05.02087Z,github.com/wishmatic/namegen,v0.7.0
2026-09-24T22:13:05.760362Z,github.com/steamdatabase/protobufs,v0.0.0-20260924215604-85cc399bb76a
2026-09-24T22:13:05.919774Z,github.com/blang/rpack,v0.7.1
2026-09-24T22:13:06.921517Z,github.com/bruin-data/bruin,v0.11.765-0.20260924161642-2b79332d7f61
2026-09-24T22:13:08.69306Z,github.com/turist-cloud/fetch,v3.0.3+incompatible
2026-09-24T22:13:14.307116Z,github.com/QwenLM/Qwen,v0.0.0-20240924111446-e5ebabcec1e1
2026-09-24T22:13:16.401933Z,github.com/QwenLM/Qwen-7B,v0.0.0-20240924111446-e5ebabcec1e1
2026-09-24T22:13:19.784928Z,github.com/MyCarrier-DevOps/goLibMyCarrier,v1.4.4-fix-devops-373-componentless-aggregate-inflight.8
2026-09-24T22:13:20.30568Z,github.com/quramy/ts-graphql-plugin,v4.0.6-0.20260924145122-c8ff10361199+incompatible
2026-09-24T22:13:20.65382Z,github.com/craigfrancis/hmrc-rti,v0.0.0-20260501092151-20f698433d5d
2026-09-24T22:13:22.400374Z,github.com/facebookincubator/velox,v0.0.0-20260924214929-a180dde6a8ce
2026-09-24T22:13:25.589337Z,github.com/google/device-infra/src/devtools/rbe,v0.0.0-20260924214545-47a82bab5cf4
2026-09-24T22:13:32.215946Z,github.com/MyCarrier-DevOps/goLibMyCarrier/argocdclient,v1.4.4-fix-devops-373-componentless-aggregate-inflight.8
2026-09-24T22:13:32.248434Z,github.com/MyCarrier-DevOps/goLibMyCarrier/otel,v1.4.4-fix-devops-373-componentless-aggregate-inflight.8
2026-09-24T22:13:32.409447Z,github.com/MyCarrier-DevOps/goLibMyCarrier/auth,v1.4.4-fix-devops-373-componentless-aggregate-inflight.8
2026-09-24T22:13:32.886402Z,github.com/MyCarrier-DevOps/goLibMyCarrier/clickhousemigrator,v1.4.4-fix-devops-373-componentless-aggregate-inflight.8
2026-09-24T22:13:32.918281Z,github.com/MyCarrier-DevOps/goLibMyCarrier/teamsbot,v1.4.4-fix-devops-373-componentless-aggregate-inflight.8
2026-09-24T22:13:33.005909Z,github.com/MyCarrier-DevOps/goLibMyCarrier/postgres,v1.4.4-fix-devops-373-componentless-aggregate-inflight.8
2026-09-24T22:13:33.025495Z,github.com/MyCarrier-DevOps/goLibMyCarrier/github,v1.4.4-fix-devops-373-componentless-aggregate-inflight.8
2026-09-24T22:13:33.046302Z,github.com/MyCarrier-DevOps/goLibMyCarrier/repocanon,v1.4.4-fix-devops-373-componentless-aggregate-inflight.8
2026-09-24T22:13:33.277493Z,github.com/MyCarrier-DevOps/goLibMyCarrier/slippy,v1.4.4-fix-devops-373-componentless-aggregate-inflight.8
2026-09-24T22:13:33.33594Z,github.com/MyCarrier-DevOps/goLibMyCarrier/kafka,v1.4.4-fix-devops-373-componentless-aggregate-inflight.8
2026-09-24T22:13:33.369428Z,github.com/MyCarrier-DevOps/goLibMyCarrier/pollyapi,v1.4.4-fix-devops-373-componentless-aggregate-inflight.8
2026-09-24T22:13:33.401129Z,github.com/MyCarrier-DevOps/goLibMyCarrier/logger,v1.4.4-fix-devops-373-componentless-aggregate-inflight.8
2026-09-24T22:13:34.396155Z,github.com/MyCarrier-DevOps/goLibMyCarrier/clickhouse,v1.4.4-fix-devops-373-componentless-aggregate-inflight.8
2026-09-24T22:13:34.696112Z,github.com/MyCarrier-DevOps/goLibMyCarrier/postgresmigrator,v1.4.4-fix-devops-373-componentless-aggregate-inflight.8
2026-09-24T22:13:34.720411Z,github.com/MyCarrier-DevOps/goLibMyCarrier/cievents,v1.4.4-fix-devops-373-componentless-aggregate-inflight.8
2026-09-24T22:13:34.796125Z,github.com/Ruffle-rs/ruffle,v0.6.1-0.20260924135521-61fb4441472d
2026-09-24T22:13:34.88504Z,github.com/NVIDIA/aistore,v0.0.0-20260924210711-99b821149f2c
2026-09-24T22:13:39.116754Z,github.com/danielpacak/ebpf,v0.1.0
2026-09-24T22:13:40.093846Z,github.com/MyCarrier-DevOps/goLibMyCarrier/slippyapi,v1.4.4-fix-devops-373-componentless-aggregate-inflight.8
2026-09-24T22:13:41.933708Z,github.com/harness-io/terraform-provider-harness,v0.45.8
2026-09-24T22:13:49.352715Z,github.com/libuv/libuv,v1.53.0
2026-09-24T22:13:51.034814Z,github.com/onllm-dev/onwatch/v2,v2.14.5
2026-09-24T22:13:51.861763Z,github.com/qed-it/asset_transfers_dev_guide/go,v1.6.1-0.20191031092659-b5f9d6196c42
2026-09-24T22:13:56.835211Z,github.com/kerberos-io/opensource/machinery,v0.0.0-20260924172452-e242882f2405
2026-09-24T22:14:00.570597Z,github.com/mbashem/cftracker/backend,v0.0.0-20260924201202-363cd210c14f
2026-09-24T22:14:03.340889Z,github.com/cloudnative-pg/charts,v0.0.0-20260924220343-dbba87f4dfd3
2026-09-24T22:14:08.344842Z,github.com/MyCarrier-DevOps/goLibMyCarrier/vault,v1.4.4-fix-devops-373-componentless-aggregate-inflight.8
2026-09-24T22:14:09.950085Z,github.com/antlr/antlr4,v4.0.0-20230328132021-86bc5cb585a8+incompatible
2026-09-24T22:14:10.5418Z,github.com/MyCarrier-DevOps/goLibMyCarrier/yaml,v1.4.4-fix-devops-373-componentless-aggregate-inflight.8
2026-09-24T22:14:11.261936Z,github.com/wandering-compiler/sdk,v0.0.0-20260924214152-bd4e8c992b0f
2026-09-24T22:14:11.732749Z,github.com/Azure/azure-sdk-for-go/sdk/storage/azblob,v0.0.0-20260924213250-1d0aa557c8b7
2026-09-24T22:14:15.270792Z,github.com/wearereasonablepeople/webpacker,v4.3.0+incompatible
2026-09-24T22:14:19.470473Z,github.com/aws/aws-advanced-go-wrapper,v0.0.0-20260924211130-5b67f3104ecf
2026-09-24T22:14:20.073975Z,github.com/azure/azure-sdk-for-go/eng/tools/testdata/scenariod/foo/v2,v2.0.0-20260924213250-1d0aa557c8b7
2026-09-24T22:14:21.814188Z,github.com/anycable/anycable,v0.0.0-20171108151557-180994796d3a
2026-09-24T22:14:25.345036Z,github.com/linuxdeepin/go-gir,v0.0.0-20190410081919-dff794c9de5b
2026-09-24T22:14:29.241745Z,github.com/QuantumLayer-dev/quantumlayer-platform/packages/workflows,v0.0.0-20250903062558-087e49cb5498
2026-09-24T22:14:32.96118Z,github.com/vixac/bullet,v0.4.0
2026-09-24T22:14:38.951806Z,github.com/jokerjohn/openclaw-autotrader,v0.0.0-20260924201444-7376aa2364a1
2026-09-24T22:14:41.296716Z,github.com/shipstream/bloodraven,v1.3.2
2026-09-24T22:14:42.149973Z,github.com/clidey/whodb,v0.0.0-20260924215351-1c8cfb93abed
2026-09-24T22:14:44.009666Z,github.com/daveearley/screenshot.rocks,v0.0.0-20260924071348-e4c4acdb8b3a
2026-09-24T22:14:47.35713Z,github.com/apparmor/apparmor,v4.1.7+incompatible
2026-09-24T22:14:52.520135Z,github.com/richardwilkes/unison,v0.107.0
2026-09-24T22:14:55.750339Z,github.com/JoseVillalta/amazon-ecs-agent,v0.0.0-20260924205416-6327f8e83b50
2026-09-24T22:14:58.205737Z,k8s.io/cloud-provider-gcp/providers,v0.0.0-20260924200030-766149f1613b
2026-09-24T22:15:01.019986Z,github.com/linuxdeepin/dde-api,v0.0.0-20190410035459-bc1d2d9d30a7
2026-09-24T22:15:07.959002Z,github.com/NixOS/nix,v0.0.0-20260924212821-28f79ac851bf
2026-09-24T22:15:10.276353Z,github.com/azure/azure-sdk-for-go/eng/tools/internal,v0.0.0-20260924213250-1d0aa557c8b7
2026-09-24T22:15:16.903764Z,github.com/hmrc/api-platform-test-user,v0.220.0
2026-09-24T22:15:18.979509Z,github.com/mycarrier-devops/golibmycarrier/argocdclient,v1.4.4-fix-devops-373-componentless-aggregate-inflight.8
2026-09-24T22:15:19.298915Z,github.com/mycarrier-devops/golibmycarrier/otel,v1.4.4-fix-devops-373-componentless-aggregate-inflight.8
2026-09-24T22:15:21.175123Z,github.com/mycarrier-devops/golibmycarrier/postgres,v1.4.4-fix-devops-373-componentless-aggregate-inflight.8
2026-09-24T22:15:21.251356Z,github.com/api-evangelist/hmrc,v0.0.0-20260923003913-c2e6e0797efb
2026-09-24T22:15:21.69581Z,github.com/mycarrier-devops/golibmycarrier/github,v1.4.4-fix-devops-373-componentless-aggregate-inflight.8
2026-09-24T22:15:22.163853Z,github.com/mycarrier-devops/golibmycarrier/slippy,v1.4.4-fix-devops-373-componentless-aggregate-inflight.8
2026-09-24T22:15:23.795878Z,github.com/nvidia/aistore,v0.0.0-20260924210711-99b821149f2c
2026-09-24T22:15:24.130526Z,github.com/mycarrier-devops/golibmycarrier/clickhouse,v1.4.4-fix-devops-373-componentless-aggregate-inflight.8
2026-09-24T22:15:25.468675Z,github.com/lbrlabs/pulumi-harness/sdk,v0.16.8
2026-09-24T22:15:25.926165Z,github.com/mycarrier-devops/golibmycarrier/logger,v1.4.4-fix-devops-373-componentless-aggregate-inflight.8
2026-09-24T22:15:27.489571Z,github.com/mycarrier-devops/golibmycarrier/pollyapi,v1.4.4-fix-devops-373-componentless-aggregate-inflight.8
2026-09-24T22:15:27.495113Z,github.com/mycarrier-devops/golibmycarrier/postgresmigrator,v1.4.4-fix-devops-373-componentless-aggregate-inflight.8
2026-09-24T22:15:27.526083Z,github.com/codymikol/karma-webpack,v5.0.0-alpha.4+incompatible
2026-09-24T22:15:27.605806Z,github.com/mycarrier-devops/golibmycarrier/cievents,v1.4.4-fix-devops-373-componentless-aggregate-inflight.8
2026-09-24T22:15:28.107724Z,github.com/paketo-community/bundle-install,v0.9.27
2026-09-24T22:15:28.23074Z,github.com/mycarrier-devops/golibmycarrier/teamsbot,v1.4.4-fix-devops-373-componentless-aggregate-inflight.8
2026-09-24T22:15:28.553611Z,github.com/mycarrier-devops/golibmycarrier/auth,v1.4.4-fix-devops-373-componentless-aggregate-inflight.8
2026-09-24T22:15:29.47742Z,github.com/mycarrier-devops/golibmycarrier/kafka,v1.4.4-fix-devops-373-componentless-aggregate-inflight.8
2026-09-24T22:15:29.739674Z,github.com/mycarrier-devops/golibmycarrier/yaml,v1.4.4-fix-devops-373-componentless-aggregate-inflight.8
2026-09-24T22:15:29.863655Z,github.com/mycarrier-devops/golibmycarrier/clickhousemigrator,v1.4.4-fix-devops-373-componentless-aggregate-inflight.8
2026-09-24T22:15:29.949651Z,github.com/Azure/azure-sdk-for-go/sdk/azidentity,v0.0.0-20260924213250-1d0aa557c8b7
2026-09-24T22:15:31.187524Z,github.com/skarlso/external-secrets,v0.0.0-20260924195947-9388800da48b
2026-09-24T22:15:33.319737Z,github.com/ONSdigital/dp-frontend-homepage-controller,v1.69.0
2026-09-24T22:15:35.212748Z,github.com/mycarrier-devops/golibmycarrier/slippyapi,v1.4.4-fix-devops-373-componentless-aggregate-inflight.8
2026-09-24T22:15:36.11345Z,github.com/mycarrier-devops/golibmycarrier/repocanon,v1.4.4-fix-devops-373-componentless-aggregate-inflight.8
2026-09-24T22:15:36.205547Z,github.com/mycarrier-devops/golibmycarrier/vault,v1.4.4-fix-devops-373-componentless-aggregate-inflight.8
2026-09-24T22:15:38.04191Z,github.com/mycarrier-devops/golibmycarrier,v1.4.4-fix-devops-373-componentless-aggregate-inflight.8
2026-09-24T22:15:38.944249Z,github.com/QwenLM/Qwen2-VL,v0.0.0-20250327072832-af8eef7cf132
2026-09-24T22:15:41.150004Z,github.com/guilhermebr/gox,v0.0.0-20260923190014-d1a2b7eb4a20
2026-09-24T22:15:43.591847Z,github.com/mbauer83/effect-golang-web,v0.6.0
2026-09-24T22:15:44.710154Z,github.com/QwenLM/Qwen2.5-VL,v0.0.0-20250327072832-af8eef7cf132
2026-09-24T22:15:46.175131Z,github.com/siyuan-note/bazaar,v0.0.0-20260924215654-938d62684aa3
2026-09-24T22:15:47.621099Z,github.com/launchdarkly/go-sdk-common/v3,v3.6.0
2026-09-24T22:15:48.13348Z,github.com/tencentcloud/tencentcloud-sdk-go,v0.0.0-20260924200346-043228750f05
2026-09-24T22:15:53.800057Z,github.com/qos-ch/slf4j,v1.7.8-0.20210810135543-8eea071d3e09
2026-09-24T22:15:55.907837Z,github.com/stojg/vivere,v0.0.0-20160829074420-caba64f0e719
2026-09-24T22:16:01.497689Z,github.com/passsy/kt.dart,v0.9.1
2026-09-24T22:16:05.555115Z,github.com/ganapativs/react-spectrum,v1.2.2
2026-09-24T22:16:11.543209Z,github.com/rackerlabs/understack,v0.5.8
2026-09-24T22:16:13.484994Z,github.com/azure/azure-sdk-for-go/sdk/storage/azblob,v0.0.0-20260924213250-1d0aa557c8b7
2026-09-24T22:16:14.523703Z,github.com/75lb/jsdoc-to-markdown,v9.1.3+incompatible
2026-09-24T22:16:15.025571Z,github.com/ros/rosdistro,v0.0.0-20260924143049-7e0910117e19
2026-09-24T22:16:15.887545Z,github.com/ProjectMirador/mirador-image-tools,v1.0.1
2026-09-24T22:16:16.261725Z,github.com/alibertay/gorchestra,v0.3.1
2026-09-24T22:16:17.711493Z,github.com/TencentCloud/TencentCloud-sdk-go,v1.3.186
2026-09-24T22:16:19.222833Z,github.com/m66b/fairemail,v0.0.0-20260924181109-34ff2ce7404c
2026-09-24T22:16:20.082774Z,github.com/liquid-labs/jsdoc-to-markdown,v9.1.3+incompatible
2026-09-24T22:16:22.507702Z,github.com/efritz/sse,v0.0.0-20181114222020-36ab69dfa02c
2026-09-24T22:16:25.328681Z,github.com/appleboy/gitea-secret-sync,v1.1.0
2026-09-24T22:16:35.681421Z,github.com/fullsend-ai/fullsend/internal/mintcore,v0.0.0-20260924215710-331f0b5ade99
2026-09-24T22:16:36.87578Z,github.com/viktordanov/uagent,v0.4.4
2026-09-24T22:16:43.47648Z,github.com/schollz/croc/v11,v11.5.4-0.20260922161242-5890191be511
2026-09-24T22:16:45.98802Z,github.com/gnoack/goldmark-shortlink,v0.0.0-20260924195352-9c6b235497ee
2026-09-24T22:16:46.387589Z,github.com/yohamta/dagu,v0.0.0-20230401180632-f851bd009247
2026-09-24T22:16:46.907159Z,github.com/vixac/firbolg_clients,v0.4.0
2026-09-24T22:16:47.033818Z,github.com/qwersyk/Newelle,v0.0.0-20250416130326-291216ba21cf
2026-09-24T22:16:47.508094Z,github.com/v2rayA/v2rayA/service,v0.0.0-20260924071350-bdbc305e97dd
2026-09-24T22:16:59.074883Z,github.com/kubernetes-sigs/cloud-provider-azure/pkg/azclient,v0.23.3
2026-09-24T22:17:00.315175Z,github.com/Daivuk/PureDOOM,v0.0.0-20260623204405-355cfbd16fac
2026-09-24T22:17:13.208068Z,github.com/mbauer83/effect-golang-sql,v0.6.0
2026-09-24T22:17:14.313296Z,github.com/mbauer83/effect-golang-observe-web,v0.4.0
2026-09-24T22:17:15.873803Z,github.com/projectmirador/mirador-image-tools,v1.0.1
2026-09-24T22:17:20.639014Z,github.com/seyedali-dev/goxide,v0.14.3
2026-09-24T22:17:29.7981Z,github.com/torusresearch/broadcast-channel,v13.3.0+incompatible
2026-09-24T22:17:33.568488Z,github.com/theory-cloud/apptheory/cdk-go/apptheorycdk/v4,v4.4.0
2026-09-24T22:17:38.597838Z,gitlab.com/gitlab-org/gitaly/tools/protolint,v0.0.0-20260924185739-284ca9ffdd81
2026-09-24T22:17:46.205402Z,github.com/localstack/lstk/test/integration,v0.0.0-20260924160557-c56ae70f50d6
2026-09-24T22:17:49.306648Z,github.com/jamesroutley/news.routley.io,v0.0.0-20260924220044-9d57b6479d31
2026-09-24T22:17:49.482624Z,github.com/brave-intl/publishers,v0.0.0-20260924220330-4df8b842b76e
2026-09-24T22:17:51.183725Z,github.com/QwikDev/qwik,v0.0.101
2026-09-24T22:17:53.083917Z,buf.build/gen/go/northpolesec/workshop-api/connectrpc/go,v1.21.0-20260924213724-21612bb79fd4.1
2026-09-24T22:17:55.068858Z,github.com/azure/azure-sdk-for-go/eng/tools/testdata/scenariob/foo,v0.0.0-20260924213250-1d0aa557c8b7
2026-09-24T22:18:00.171528Z,github.com/Azure/Azure-container-networking,v1.9.1
2026-09-24T22:18:00.352208Z,github.com/AxonFramework/AxonFramework,v0.0.0-20260924174606-bf4e82ab9fb0
2026-09-24T22:18:00.497435Z,github.com/tehrelt/icyre,v0.0.0-20260924215820-5a187b59f04b
2026-09-24T22:18:06.066969Z,github.com/stojg/vector,v0.0.0-20160826002642-54bbb5b9eb3c
2026-09-24T22:18:12.300263Z,github.com/qwed-ai/qwed-finance,v2.1.1-0.20260924075632-fb41f9ea8a61+incompatible
2026-09-24T22:18:15.302273Z,codefloe.com/pat-s/gomatrixserverlib,v1.0.10-0.20260924221406-a280a825fc3f
2026-09-24T22:18:19.858238Z,github.com/jaimestill/spike-harness-driver,v0.0.0-20260924174930-5282253d0246
2026-09-24T22:18:19.936416Z,github.com/cwbudde/go-citygml,v0.0.0-20260924220353-a623f7ba4149
2026-09-24T22:18:28.625586Z,github.com/ozkl/doomgeneric,v0.0.0-20250504131925-b94eba35b7cf
2026-09-24T22:18:28.890114Z,github.com/nexidan/draft-js,v0.1.0
2026-09-24T22:18:28.982841Z,github.com/wix/draft-js,v0.1.0
2026-09-24T22:18:35.011285Z,github.com/mtennekes/treemap,v0.0.0-20230525142610-93ed8d67d629
2026-09-24T22:18:37.923617Z,github.com/cadasto/openehr-sdk-go,v0.28.0
2026-09-24T22:18:38.746333Z,github.com/dtolnay/ghost,v0.0.0-20260501044927-75810092ea0b
2026-09-24T22:18:39.195454Z,github.com/qualcomm/aimet,v0.0.0-20260924191240-c920c7c7a9b0
2026-09-24T22:18:41.866519Z,github.com/DaVinciCodeCTF/dvctf2021,v0.0.0-20210314165110-b2c9190eaa77
2026-09-24T22:18:42.400846Z,github.com/floby/node-parser,v0.1.4
2026-09-24T22:18:45.723732Z,github.com/dtolnay/indoc,v0.0.0-20200616190640-7df4b3fc2032
2026-09-24T22:18:48.70745Z,github.com/remesharks/node-parser,v0.0.0-20240310005601-64d4c62fdd38
2026-09-24T22:18:48.907131Z,github.com/tyktechnologies/exp/cmd/httpbin-logserver,v0.0.0-20260924094508-cd7d2e84e744
2026-09-24T22:18:55.869963Z,github.com/bluesky-social/atproto,v0.0.0-20260924214742-2e583a4ed266
2026-09-24T22:18:56.242796Z,github.com/dtolnay/inventory,v0.0.0-20211110010441-a0a5d75b59f1
2026-09-24T22:18:56.488953Z,github.com/azure/azure-sdk-for-go/sdk/storage/azblob/testdata/perf,v0.0.0-20260924213250-1d0aa557c8b7
2026-09-24T22:18:57.286743Z,gopkg.in/launchdarkly/go-sdk-common.v3,v3.6.0
2026-09-24T22:19:02.564203Z,github.com/laude-institute/sandbox,v0.23.0
2026-09-24T22:19:07.521691Z,github.com/Azure/azure-sdk-for-rust,v0.0.0-20260924220253-f182a6d8e286
2026-09-24T22:19:15.600141Z,github.com/goauthentik/authentik,v0.0.0-20260924175310-d8a39e7fe61b
2026-09-24T22:19:15.996993Z,github.com/quad4-software/micron-parser-go,v1.2.1-0.20260918214152-89985d889dbf
2026-09-24T22:19:19.855187Z,github.com/Qwiklabs/codelab-tools,v1.2.2-0.20220304221351-79e43ce7bf39
2026-09-24T22:19:22.751836Z,github.com/seaweedfs/seaweedfs/test/s3/iam,v0.0.0-20260924181459-56d2f05ccd01
2026-09-24T22:19:23.633351Z,github.com/Qwiklabs/codelab-tools/claat,v0.0.0-20210816165054-582057febe9e
2026-09-24T22:19:31.850752Z,github.com/deploymenttheory/terraform-provider-microsoft365,v1.2.0
2026-09-24T22:19:31.908752Z,github.com/watertap-org/watertap,v0.0.0-20260924212149-321dcb5dc1be
2026-09-24T22:19:35.35452Z,github.com/QXQZX/LearnGo,v0.0.0-20211107132244-7b5ec0bc94e6
2026-09-24T22:19:45.409474Z,github.com/wix-incubator/draft-js,v0.1.0
2026-09-24T22:19:49.630055Z,github.com/moov-io/ach,v1.63.7
2026-09-24T22:19:51.363516Z,golang.org/x/tools/gopls/doc/assets,v0.0.0-20260924214851-51597d9e315b
2026-09-24T22:20:05.293685Z,github.com/sindresorhus/lazy-req,v2.1.0+incompatible
2026-09-24T22:20:09.3281Z,github.com/Apshenkin/wails/v2,v2.13.0
2026-09-24T22:20:12.521884Z,github.com/Qytera-Gmbh/JMeterHARImporterPlugin,v1.1.3-0.20251124073013-c84e529d46f2
2026-09-24T22:20:20.213891Z,github.com/cali0707/kubernetes-mcp-server,v0.0.0-20260923182102-966b9936b4f5
2026-09-24T22:20:30.745269Z,github.com/Azure/karpenter-provider-azure,v1.14.2-test.nodeimagepinning1
2026-09-24T22:20:32.760012Z,github.com/llir/llvm,v0.0.0-20170211115245-c56dac1e5d8b
