first_seen_at,module,version
2026-09-29T18:20:49.73499Z,github.com/tsukumogami/niwa,v0.16.4
2026-09-29T18:20:50.221179Z,github.com/astrabert/pdfitdown,v3.1.0+incompatible
2026-09-29T18:20:50.529643Z,github.com/nanirise/heart-echo,v0.0.0-20260929142954-d5c11fad45ee
2026-09-29T18:20:51.917533Z,github.com/contrario/nous,v5.61.0+incompatible
2026-09-29T18:20:54.082113Z,github.com/sosol/sosol,v1.0.17-rc4
2026-09-29T18:20:58.723415Z,git.sr.ht/~eliasnaur/gio-example,v0.10.3
2026-09-29T18:20:58.984077Z,github.com/MassBank/massbank-data,v0.0.0-20260317143814-705afb7bccc3
2026-09-29T18:21:03.24873Z,go.opentelemetry.io/collector-contrib/extension/encoding/awslogsencodingextension,v0.162.0
2026-09-29T18:21:04.734715Z,github.com/tiny-frameworks/nexfact,v1.0.0
2026-09-29T18:21:07.08176Z,github.com/max-mapper/standard-format,v1.6.10
2026-09-29T18:21:07.82422Z,github.com/react-map/react-map,v0.0.0-20260928045926-3526088c2aab
2026-09-29T18:21:08.064266Z,github.com/yeti-platform/yeti,v0.0.0-20260929175826-c1ab829b8e1b
2026-09-29T18:21:08.312945Z,github.com/reactivego/svg,v0.1.2-0.20260926035012-7f589501dfd1
2026-09-29T18:21:09.140098Z,github.com/zkochan/write-yaml-file,v1.0.2-0.20180929200749-f6dd85103335
2026-09-29T18:21:10.085617Z,github.com/zhidao/zeo,v1.4.6
2026-09-29T18:21:13.599696Z,github.com/willie-yao/cluster-autoscaler,v0.0.0-20260909153639-64f225cac68f
2026-09-29T18:21:15.281653Z,github.com/psy0rz/zfs_autobackup,v3.1.2+incompatible
2026-09-29T18:21:15.631083Z,github.com/axios/axios,v1.1.4-0.20221122183949-a372b4ce4b80
2026-09-29T18:21:16.69519Z,github.com/reactivego/kiwi,v0.0.9-0.20260926034910-2277613478f9
2026-09-29T18:21:20.020404Z,github.com/shortlink-org/portolan/pkg/ddd,v0.0.0-20260929182112-bc8a4ad358b5
2026-09-29T18:21:20.029611Z,github.com/ontolocy/neontology,v2.1.2+incompatible
2026-09-29T18:21:21.823819Z,github.com/goravel/framework/tests,v0.0.0-20260928031435-bbc349788ae6
2026-09-29T18:21:23.753363Z,github.com/oca/pos,v0.0.0-20260825063640-e6cea6242e84
2026-09-29T18:21:25.292414Z,github.com/reactivego/seen,v0.1.1-0.20260926034930-f60c3dc135e6
2026-09-29T18:21:25.721237Z,github.com/vercel/dns-cached-resolve,v0.0.0-20210605161832-0e75dfbed0ae
2026-09-29T18:21:28.946792Z,buf.build/gen/go/bufbuild/registry/connectrpc/gosimple,v1.19.0-20260928171354-147cdf0d0884.1
2026-09-29T18:21:35.068915Z,github.com/raystack/shield,v0.117.2-0.20260929091037-58583d214e6e
2026-09-29T18:21:43.593603Z,github.com/shortlink-org/portolan,v0.0.0-20260929181254-f6db68c4a86f
2026-09-29T18:21:48.567018Z,github.com/reactiveui/refit,v16.3.1-0.20260929133852-57ab320349ec+incompatible
2026-09-29T18:21:55.090284Z,github.com/react-native-community/react-native-viewpager,v9.0.5+incompatible
2026-09-29T18:21:58.013234Z,github.com/kitsteam/excalidraw,v0.26.0
2026-09-29T18:22:00.429362Z,github.com/goravel/framework,v0.0.0-20260928031435-bbc349788ae6
2026-09-29T18:22:04.806762Z,github.com/STMicroelectronics/stm32h7xx-hal-driver,v1.7.0
2026-09-29T18:22:07.013978Z,github.com/maloquacious/hmz2bio,v0.1.0
2026-09-29T18:22:11.030902Z,github.com/siderolabs/talos/tools/kubeimportlinter,v0.0.0-20260929170357-2363acc1e6fd
2026-09-29T18:22:11.989448Z,github.com/sjhgvr/oisd,v0.0.0-20260929182023-c24027b5e841
2026-09-29T18:22:19.399308Z,github.com/tetafro/jlog,v0.2.1
2026-09-29T18:22:22.052667Z,github.com/Dbos-Inc/dbos-transact-golang,v1.5.0
2026-09-29T18:22:22.876305Z,github.com/react-native-maps/react-native-maps,v1.29.11
2026-09-29T18:22:23.05669Z,github.com/polymerelements/iron-list,v2.0.4+incompatible
2026-09-29T18:22:25.31202Z,github.com/krakend/examples/grpc/images/grpc/genlibs,v0.0.0-20260929182121-78da670f042a
2026-09-29T18:22:28.774135Z,github.com/WoozyMasta/a2s,v0.4.0
2026-09-29T18:22:28.89115Z,github.com/cloud-gov/cg-provision,v0.0.0-20260917154017-3c11ded32acc
2026-09-29T18:22:30.233203Z,github.com/massbank/massbank-data,v0.0.0-20260317143814-705afb7bccc3
2026-09-29T18:22:38.014573Z,github.com/Datafuel-ai/datafuel-go,v0.2.0
2026-09-29T18:22:39.063297Z,github.com/reactor/blockhound,v0.0.0-20260928103239-a4efcc1e4970
2026-09-29T18:22:46.949322Z,github.com/reactos/rapps-db,v0.0.0-20260925021207-9dfa0a868842
2026-09-29T18:22:47.201309Z,go.jacobcolvin.com/niceyaml/fangs,v0.0.0-20260929062204-5c04caee2beb
2026-09-29T18:22:48.724203Z,github.com/kamilkisiela/graphql-hive,v0.0.0-20260929182129-a30858500d58
2026-09-29T18:22:49.745689Z,go.jacobcolvin.com/niceyaml/bubbles,v0.0.0-20260929062204-5c04caee2beb
2026-09-29T18:22:54.857233Z,go.opentelemetry.io/collector-contrib/extension/storage/dbstorage,v0.162.0
2026-09-29T18:22:58.146236Z,github.com/worldobservationlog/wrapper,v0.0.0-20260928135308-2fd7e0eaef08
2026-09-29T18:22:58.460501Z,github.com/OnSdigital/dp-s3,v1.1.0
2026-09-29T18:23:00.604501Z,github.com/josephburnett/gridwell/api,v0.3.0
2026-09-29T18:23:02.86105Z,github.com/aholstenson/llms-go,v0.10.0
2026-09-29T18:23:10.847255Z,github.com/reactiveui/reactivemvvm,v0.0.0-20260925053319-0ebd8f867072
2026-09-29T18:23:18.41239Z,github.com/crazycatviking/hex,v0.0.0-20260929181718-196fddd83e1e
2026-09-29T18:23:18.876561Z,github.com/amerkoleci/vortice,v0.0.0-20260929111432-4eda9a696e97
2026-09-29T18:23:20.764267Z,github.com/icholy/zitadel-go/v3,v3.28.1-0.20260929182302-513520092b41
2026-09-29T18:23:21.567939Z,github.com/Stellar-Index/StellarIndex,v0.94.0
2026-09-29T18:23:24.751681Z,github.com/stellar-index/stellarindex,v0.94.0
2026-09-29T18:23:25.898135Z,github.com/cisagov/manage.get.gov,v1.216.1-0.20260926004826-a1ff4c0a6100
2026-09-29T18:23:26.027405Z,github.com/habitat-network/habitat,v0.0.0-20260929172318-66b45dd47c76
2026-09-29T18:23:26.630012Z,github.com/react-spring/jotai,v3.0.1+incompatible
2026-09-29T18:23:40.900181Z,github.com/gokins-main/runner,v0.0.0-20210629091104-71996f87002b
2026-09-29T18:23:41.442071Z,github.com/danger-dream/Parrot,v0.34.3
2026-09-29T18:23:42.619084Z,github.com/devops-ansible/docker-antragsgruen,v0.0.0-20260928104004-c6aa18fb569d
2026-09-29T18:23:43.490124Z,github.com/HackMyChurch/aelf-dailyreadings,v1.4.0
2026-09-29T18:23:44.72739Z,github.com/tinyrange/cc,v0.0.0-20260929105712-8b858eac842a
2026-09-29T18:23:48.721741Z,github.com/hackmychurch/aelf-dailyreadings,v1.2.0
2026-09-29T18:23:50.366236Z,cloud.google.com/go/secretmanager,v1.22.1-0.20260929173421-31e8a93f63b9
2026-09-29T18:23:57.107662Z,github.com/lindyloopdev/understudy,v0.0.0-20260929132308-ea692b40a94d
2026-09-29T18:24:09.488417Z,github.com/pierky/arouteserver,v0.21.1-alpha1
2026-09-29T18:24:10.822009Z,github.com/prizarena/prizarena-public,v0.0.0-20180713061021-d96e70eb6c44
2026-09-29T18:24:18.523476Z,github.com/readthedocs/addons,v0.0.0-20260928102208-657cae5775e2
2026-09-29T18:24:20.582198Z,github.com/earendil-works/pi-mono,v0.99.1
2026-09-29T18:24:24.693725Z,github.com/5ouma/dotfiles,v0.0.0-20260929181010-952fb7e41d9e
2026-09-29T18:24:28.76329Z,github.com/Ark-network/ark,v0.8.0-rc.1
2026-09-29T18:24:32.280421Z,webtyp.com/sse,v0.2.3
2026-09-29T18:24:32.4153Z,github.com/ethindp/prism,v0.17.0
2026-09-29T18:24:32.604497Z,github.com/readthedocs/readthedocs-client,v0.0.0-20260928102208-657cae5775e2
2026-09-29T18:24:35.75441Z,github.com/PatrickJS/awesome-angular,v0.0.0-20260929182300-ad5d9c44bc56
2026-09-29T18:24:40.256273Z,github.com/lf-decentralized-trust-labs/paladin/domains/noto,v0.0.0-20260929122728-4cea00f42d94
2026-09-29T18:24:44.391227Z,github.com/illuminate/queue,v12.69.3+incompatible
2026-09-29T18:24:44.928394Z,github.com/deploymenttheory/go-apple-dm/server,v0.10.6
2026-09-29T18:24:46.246065Z,github.com/ark-network/Ark,v0.9.4
2026-09-29T18:24:46.586114Z,github.com/danger-dream/parrot,v0.34.3
2026-09-29T18:24:49.624471Z,github.com/bo-jr/bo-service-kit,v0.1.0
2026-09-29T18:25:11.648043Z,github.com/pingcap/chaos-mesh/api,v0.0.0-20260929012423-c859a9c63164
2026-09-29T18:25:13.164741Z,github.com/readyready15728/awesome-programming-games,v0.0.0-20260928220026-35ad9beffd22
2026-09-29T18:25:14.038117Z,github.com/app-sre/qenerate,v0.0.0-20260929002921-2ed95230f3ad
2026-09-29T18:25:18.578141Z,github.com/worldcoin/developer-docs,v0.0.0-20260929173229-b766939e3a55
2026-09-29T18:25:19.394977Z,github.com/readykit/gd,v0.0.0-20260927200118-d26314d21737
2026-09-29T18:25:20.213335Z,github.com/google/comprehensive-rust,v0.0.0-20260928205412-0c8fce060b43
2026-09-29T18:25:20.30807Z,github.com/BrighterCommand/Brighter,v0.0.0-20260929181351-9e8a1af85e3e
2026-09-29T18:25:23.572981Z,github.com/apple/container,v0.0.0-20260929182032-f7a75fb9a8e7
2026-09-29T18:25:24.213347Z,github.com/datafuel-ai/datafuel-go,v0.2.0
2026-09-29T18:25:25.212708Z,github.com/krakend/examples,v0.0.0-20260929182121-78da670f042a
2026-09-29T18:25:27.538476Z,github.com/rou-cru/takt-ai,v0.0.2-0.20260929182241-92400884d75b
2026-09-29T18:25:29.782097Z,github.com/symfony/security-http,v7.4.20+incompatible
2026-09-29T18:25:30.260765Z,github.com/storybooks/storybook,v10.6.1+incompatible
2026-09-29T18:25:31.256117Z,github.com/c2pa-org/conformance-public,v0.0.0-20260929181956-7e734fdf73be
2026-09-29T18:25:39.82522Z,github.com/NAVERCLOUDPLATFORM/ncloud-sdk-go-v2,v1.1.6
2026-09-29T18:25:43.012366Z,github.com/weaveworks/reignite/api,v0.0.0-20260929172527-d1f4676475c3
2026-09-29T18:25:46.543451Z,github.com/davbfr/dart_pdf,v0.0.0-20260928095620-b97c4a63dce8
2026-09-29T18:25:48.097433Z,github.com/xiaoshao9704/livekit-server,v0.10.3
2026-09-29T18:25:51.365987Z,github.com/nextcloud/notifications,v21.0.4+incompatible
2026-09-29T18:25:51.891483Z,github.com/777genius/plugin-kit-ai/sdk,v0.0.0-20260929174657-8d3eea851e6a
2026-09-29T18:25:52.326001Z,github.com/stackvista/sts-opentelemetry-collector/common,v0.0.0-20260929092439-5971dcb72548
2026-09-29T18:25:54.21659Z,github.com/recodeorg/tether,v1.0.0
2026-09-29T18:25:59.109352Z,webtyp.com/router,v0.2.1
2026-09-29T18:26:05.620395Z,github.com/chriswiegman/chriswiegman,v0.0.0-20260929181847-986ad4eb798e
2026-09-29T18:26:06.728845Z,github.com/symfony/validator,v7.4.20+incompatible
2026-09-29T18:26:06.968805Z,github.com/audiojs/encode,v1.6.0
2026-09-29T18:26:22.963974Z,github.com/Materializeinc/terraform-provider-materialize,v0.11.10
2026-09-29T18:26:30.430665Z,github.com/space-wizards/RobustToolBox,v0.8.60
2026-09-29T18:26:31.568078Z,go.jlucktay.dev/golang-workbench/text-template,v0.0.0-20260928032951-5e5ee5c15f68
2026-09-29T18:26:36.111886Z,github.com/asosick/iridium_image_template,v0.0.0-20260925184901-3b8a5685abbc
2026-09-29T18:26:37.518617Z,github.com/serezha93/go-ts3,v1.2.0
2026-09-29T18:26:38.773598Z,github.com/stmicroelectronics/stm32h7xx-hal-driver,v1.7.0
2026-09-29T18:26:42.974646Z,github.com/sourcenetwork/go-p2p,v0.1.14
2026-09-29T18:26:43.882887Z,github.com/fern-api/generator-cli-go,v0.10.3
2026-09-29T18:26:58.164206Z,github.com/mic92/nixos-shell,v0.0.0-20260929173415-a74de64a1fe4
2026-09-29T18:27:03.475712Z,github.com/zeptop-dev/bosun,v0.54.0
2026-09-29T18:27:09.102668Z,github.com/peacprotocol/peac/sdks/go/middleware/echo,v0.0.0-20260908171837-ea1b24b29c74
2026-09-29T18:27:14.334753Z,github.com/treyperrone/warren,v1.5.0
2026-09-29T18:27:18.190822Z,github.com/peacprotocol/peac/sdks/go/middleware/nethttp,v0.0.0-20260908171837-ea1b24b29c74
2026-09-29T18:27:20.188966Z,github.com/microsoft/language-server-protocol,v0.0.0-20260929093730-f1b0378161a7
2026-09-29T18:27:22.533243Z,github.com/RUB-NDS/TLS-Attacker,v7.14.0+incompatible
2026-09-29T18:27:27.563542Z,github.com/cloudfra/ufs,v0.15.1-0.20260929182402-e0e56641791d
2026-09-29T18:27:29.378055Z,github.com/midnightcommander/mc,v0.0.0-20260929071518-23a260ab1afd
2026-09-29T18:27:32.040648Z,github.com/webmeshproj/api,v0.0.0-20230607233334-794f64c18dbc
2026-09-29T18:27:44.981336Z,github.com/artifexsoftware/ghostpdl,v0.0.0-20220329072643-00f6bd069221
2026-09-29T18:27:56.748698Z,github.com/materializeinc/terraform-provider-materialize,v0.11.10
2026-09-29T18:27:57.358786Z,satellion.com/passmcp-graph,v0.0.1
2026-09-29T18:28:13.549771Z,github.com/rub-nds/tls-attacker,v7.14.0+incompatible
2026-09-29T18:28:21.260203Z,github.com/smartcontractkit/chainlink-testing-framework/tools/breakingchanges,v0.0.0-20260929152222-bdc167911b49
2026-09-29T18:28:45.256069Z,github.com/gitpod-io/gitpod/components/image-builder-api/go,v0.0.0-20260928134546-531a3a812250
2026-09-29T18:28:49.381564Z,github.com/real-dev-squad/website-backend,v0.0.0-20260929054445-2b7897027a7a
2026-09-29T18:28:56.223207Z,gitlab.com/yotoshelf/yotoshelf,v0.0.0-20260927192352-f9db9940fb07
2026-09-29T18:29:02.729288Z,github.com/OPCFoundation/UA-.NETStandard,v0.0.0-20260929180218-034d9934d18d
2026-09-29T18:29:27.226448Z,github.com/sanity-io/sanity,v6.17.0+incompatible
2026-09-29T18:29:28.60701Z,github.com/highesttt/mautrix-line-messenger,v0.0.0-20260929144122-9316913b1156
2026-09-29T18:29:32.185396Z,github.com/smartcontractkit/chainlink-testing-framework,v0.0.0-20260929152222-bdc167911b49
2026-09-29T18:29:35.553177Z,gitlab.com/jtl-software/jtl-shop/tools/semver,v0.0.0-20230607153712-8dc2994c3e17
2026-09-29T18:29:36.096983Z,github.com/erigontech/erigon/tests/erigon-ext-test,v0.0.0-20251017123258-db6e8ace3c2e
2026-09-29T18:29:41.778136Z,github.com/akash-network/rpc-proxy,v0.0.9-rc0
2026-09-29T18:29:43.742878Z,github.com/internetofwater/nabu,v0.0.0-20260929181552-1938645138cf
2026-09-29T18:29:46.384061Z,github.com/JetBrains/exposed,v0.0.0-20260929112609-80f98e796e65
2026-09-29T18:29:46.670221Z,github.com/maloquacious/hmz2map,v0.1.0
2026-09-29T18:30:03.345481Z,github.com/altshiftab/altshift_domain_tools,v1.11.0
2026-09-29T18:30:07.534684Z,github.com/hyperledger/firefly,v1.1.0-rc.1.0.20220830190659-edd7580d7e7c
2026-09-29T18:30:09.287173Z,github.com/openchemistry/avogadrolibs,v0.0.0-20260929181927-a58968c49a47
2026-09-29T18:30:11.445027Z,github.com/mylesiscool/viaversion,v0.0.0-20260929163742-7ac58c104b47
2026-09-29T18:30:13.058352Z,github.com/Blinklabs-io/gouroboros,v0.108.2
2026-09-29T18:30:27.471074Z,satellion.com/passmcp-registry,v0.0.1
2026-09-29T18:30:31.428102Z,github.com/googlecloudplatform/kubernetes/staging/src/k8s.io/cli-runtime,v0.0.0-20260929181630-fa5423953d48
2026-09-29T18:30:36.728901Z,github.com/sergelogvinov/go-proxmox-rest,v0.1.0
2026-09-29T18:30:37.833344Z,github.com/rattle-brain/go-ebpf/hello_world,v0.0.0-20260928190005-6d06d3f70d92
2026-09-29T18:30:41.724484Z,github.com/smart-on-fhir/cumulus-library,v4.1.3+incompatible
2026-09-29T18:30:43.238247Z,github.com/YuriBertoldi/OpenFiscalBR,v0.0.0-20260929180511-3c1e091fcecd
2026-09-29T18:30:55.013137Z,github.com/tox-dev/platformdirs,v0.0.0-20260929182714-af2fc7f3e0be
2026-09-29T18:31:04.358382Z,github.com/authzed/spicedb/e2e,v0.0.0-20260929182017-e4b276d7046c
2026-09-29T18:31:04.381208Z,github.com/growthbook/cli/v2,v2.7.0-next.0
2026-09-29T18:31:04.960594Z,github.com/signalfx/splunk-otel-collector/examples/splunk-hec-traces/tracing,v0.0.0-20260929182536-273a5e9847ca
2026-09-29T18:31:05.439345Z,github.com/fetchai/priv_wasmvm_sec/v3,v3.0.8-rc.3
2026-09-29T18:31:08.829954Z,github.com/gRPC/grpc-go,v1.86.0-dev
2026-09-29T18:31:13.344589Z,github.com/sqls-server/sqls,v0.2.49-0.20260820071858-2ff5e0c8b268
2026-09-29T18:31:42.705073Z,gitlab.com/gitlab-org/cli.git,v1.120.0
2026-09-29T18:31:44.862489Z,github.com/splitlog/splitlog,v2.1.1+incompatible
2026-09-29T18:31:56.734637Z,github.com/curling-ai/picoclaw,v0.0.0-20260929134446-ad5b9802d551
2026-09-29T18:32:02.957921Z,github.com/real-logic/artio,v0.0.0-20260929132826-2e79c8da5c17
2026-09-29T18:32:03.715541Z,github.com/h2oai/tk,v0.0.0-20260929182044-28246062365e
2026-09-29T18:32:07.783022Z,github.com/CalvinNeo/ACM,v0.0.0-20170924031959-f657ea30dc88
2026-09-29T18:32:08.087066Z,github.com/Xyntopia/taskyon,v0.0.0-20260920021134-a784d2261737
2026-09-29T18:32:11.130325Z,github.com/MaterializeInc/terraform-provider-materialize,v0.11.10
2026-09-29T18:32:17.688189Z,github.com/globalping/globalping,v0.0.0-20220416113327-2bf64f363926
2026-09-29T18:32:19.674841Z,github.com/VJudge/vjudge,v0.0.0-20260928202750-14436c7744e4
2026-09-29T18:32:23.440201Z,github.com/actions/setup-node,v7.0.1-0.20260925210528-7f84f1d52d0c+incompatible
2026-09-29T18:32:24.255483Z,github.com/jacoelho/validation,v1.1.0
2026-09-29T18:32:25.88922Z,github.com/HUggingFace/Math-Verify,v0.0.0-20260110014923-ba3d3aaff23b
2026-09-29T18:32:34.610825Z,github.com/anton-4/pest,v2.1.0+incompatible
2026-09-29T18:32:34.846954Z,github.com/bangboom030518/pest,v0.0.0-20220910075938-af4f105fdf83
2026-09-29T18:32:34.90489Z,github.com/emirvildanov/pest,v0.0.0-20240501122022-f090ec1216eb
2026-09-29T18:32:34.94499Z,github.com/baltsat/pest,v2.8.8+incompatible
2026-09-29T18:32:35.049707Z,github.com/jakobsteinberg/pest,v0.0.0-20240511135754-961f09305be3
2026-09-29T18:32:35.186413Z,github.com/aleod-m/pest,v2.1.0+incompatible
2026-09-29T18:32:35.196199Z,github.com/evancarroll/pest,v2.1.0+incompatible
2026-09-29T18:32:35.206138Z,github.com/godtamit/pest,v2.1.0+incompatible
2026-09-29T18:32:35.210491Z,github.com/appity/pest,v2.1.0+incompatible
2026-09-29T18:32:35.274503Z,github.com/goodjooy/pest,v2.1.0+incompatible
2026-09-29T18:32:35.291525Z,github.com/alextopher/pest,v0.0.0-20220804011203-9a93978d3a84
2026-09-29T18:32:35.33867Z,github.com/astrickharren/pest,v0.0.0-20230604213310-82e56323a04f
2026-09-29T18:32:35.347981Z,github.com/equim-chan/pest,v0.0.0-20230210132647-18ca64fb8ca2
2026-09-29T18:32:35.393524Z,github.com/giftzwerg02/pest,v0.0.0-20250202145120-a13c05c77840
2026-09-29T18:32:35.625361Z,github.com/gediminas19/pest,v2.1.0+incompatible
2026-09-29T18:32:35.977465Z,github.com/holothedrunk/pest,v0.0.0-20230522093108-9176af24ddb1
2026-09-29T18:32:36.067484Z,github.com/deveshtarasia/pest,v0.4.1
2026-09-29T18:32:36.084899Z,github.com/exevilrmkh/pest,v0.0.0-20240701001208-b858b4a2b9a7
2026-09-29T18:32:36.235156Z,github.com/cosmichorrordev/pest,v0.0.0-20250912080028-3da954b00346
2026-09-29T18:32:36.90885Z,github.com/jamalam360/pest,v0.0.0-20230210132647-18ca64fb8ca2
2026-09-29T18:32:37.105406Z,github.com/abdillah/pest,v2.1.0+incompatible
2026-09-29T18:32:37.508531Z,github.com/kensuke-hinata/pest,v2.1.0+incompatible
2026-09-29T18:32:37.737174Z,github.com/augustrush/pest,v0.0.0-20240830234552-537660ceb4c2
2026-09-29T18:32:37.794712Z,github.com/davidalphafox/pest,v2.7.5+incompatible
2026-09-29T18:32:38.25687Z,github.com/nukesor/pest,v0.0.0-20220821062559-ebee1fc9a5b1
2026-09-29T18:32:38.557361Z,github.com/mozgiii/pest,v2.1.0+incompatible
2026-09-29T18:32:38.904418Z,github.com/melidee/pest,v0.0.0-20240109145504-50822087de61
2026-09-29T18:32:39.199788Z,github.com/cyberflamego/pest,v2.1.0+incompatible
2026-09-29T18:32:39.247457Z,github.com/nocturnalglory/pest,v0.0.0-20230919002500-857d9f61c3d0
2026-09-29T18:32:39.620276Z,github.com/restioson/pest,v1.0.7
2026-09-29T18:32:39.636988Z,github.com/neroweneed/pest,v0.0.0-20250603075309-0326af5f866f
2026-09-29T18:32:39.768796Z,github.com/overminddl1/pest,v2.1.0+incompatible
2026-09-29T18:32:39.793046Z,github.com/oyelowo/pest,v0.0.0-20240702091542-21287a93a417
2026-09-29T18:32:39.88199Z,github.com/sergejjurecko/pest,v2.0.0+incompatible
2026-09-29T18:32:39.951409Z,github.com/markuspettersson98/pest,v0.0.0-20241018094752-e457389b0b85
2026-09-29T18:32:39.988206Z,github.com/nightwinkle/pest,v0.0.0-20250202145120-a13c05c77840
2026-09-29T18:32:40.10823Z,github.com/rustools/pest,v2.1.0+incompatible
2026-09-29T18:32:40.319948Z,github.com/awea/pest,v2.1.0+incompatible
2026-09-29T18:32:40.553806Z,github.com/laburn/pest,v2.1.0+incompatible
2026-09-29T18:32:40.601895Z,github.com/shaddy/pest,v0.0.0-20240320121504-9ea1515c8f74
2026-09-29T18:32:40.742333Z,github.com/stoleun/pest,v0.0.0-20241018094752-e457389b0b85
2026-09-29T18:32:41.065236Z,github.com/sephvelut/pest,v2.1.0+incompatible
2026-09-29T18:32:41.158811Z,github.com/sunoukmun/pest,v0.0.0-20240208095646-43f894e9f943
2026-09-29T18:32:41.234705Z,go.mongodb.org/mongo-driver/ext/awsauth,v0.0.0-20260928230751-5fbb0d18a83e
2026-09-29T18:32:41.398601Z,github.com/tartasprint/pest,v0.0.0-20241018092728-3ae5eba11879
2026-09-29T18:32:41.405339Z,github.com/softwaredreamer/pest,v2.1.0+incompatible
2026-09-29T18:32:41.865111Z,github.com/jeanarhancet/pest,v2.1.0+incompatible
2026-09-29T18:32:42.413825Z,github.com/turbo87/pest,v2.1.0+incompatible
2026-09-29T18:32:42.70103Z,github.com/shawnjian/pest,v0.0.0-20240806063119-b32cfeeef586
2026-09-29T18:32:42.7641Z,github.com/ajprabhu09/pest,v0.0.0-20230322224341-6ac59061193a
2026-09-29T18:32:43.16713Z,github.com/keruspe/pest,v2.0.0+incompatible
2026-09-29T18:32:43.480313Z,github.com/adamandmath/pest,v2.1.0+incompatible
2026-09-29T18:32:43.646525Z,github.com/teolhyn/pest,v2.8.5+incompatible
2026-09-29T18:32:43.832132Z,github.com/akshay-deepsource/pest,v2.1.0+incompatible
2026-09-29T18:32:44.112317Z,github.com/vovamorda/pest,v0.0.0-20240402020328-f60b5184e5eb
2026-09-29T18:32:44.381133Z,github.com/whmhammer/pest,v0.0.0-20230617111042-1622d12e3bd4
2026-09-29T18:32:44.505533Z,github.com/alpaylan/pest,v0.0.0-20250102154358-14d999609db7
2026-09-29T18:32:44.57491Z,github.com/alienwareagent/pest,v0.0.0-20250615140112-2f2ba3d9281d
2026-09-29T18:32:44.831564Z,github.com/alex/pest,v2.1.0+incompatible
2026-09-29T18:32:44.998108Z,github.com/arpit-saxena/pest,v2.1.0+incompatible
2026-09-29T18:32:45.037969Z,github.com/austriancoder/pest,v0.0.0-20240701001208-b858b4a2b9a7
2026-09-29T18:32:45.539339Z,github.com/baitcenter/pest,v2.1.0+incompatible
2026-09-29T18:32:45.742547Z,github.com/artisdom/pest,v0.4.1
2026-09-29T18:32:45.861804Z,github.com/bansheerubber/pest,v0.0.0-20230829233600-ec61e9219f11
2026-09-29T18:32:46.233867Z,github.com/andybest/pest,v2.1.0+incompatible
2026-09-29T18:32:46.319024Z,github.com/benniekiss/pest,v0.0.0-20260704115739-24ed7bc68d5a
2026-09-29T18:32:46.32486Z,github.com/benbrittain/pest,v2.0.0+incompatible
2026-09-29T18:32:46.525789Z,github.com/arturzamik/pest,v0.0.0-20240402020328-f60b5184e5eb
2026-09-29T18:32:46.851562Z,github.com/applegrew/pest,v2.1.0+incompatible
2026-09-29T18:32:47.143454Z,github.com/bojankaios/pest,v0.0.0-20220202030025-130bc5531cdf
2026-09-29T18:32:48.382771Z,github.com/berryware/pest,v2.8.1+incompatible
2026-09-29T18:32:48.44191Z,github.com/biaoma-ty/pest,v0.0.0-20250615140112-2f2ba3d9281d
2026-09-29T18:32:48.572822Z,github.com/d-drozhzhin/pest,v0.0.0-20230417124239-5ed9a9759574
2026-09-29T18:32:48.669603Z,github.com/benedola/pest,v0.0.0-20240402020328-f60b5184e5eb
2026-09-29T18:32:48.765502Z,github.com/clpi/pest,v2.1.0+incompatible
2026-09-29T18:32:49.033768Z,github.com/canndrew/pest,v2.1.0+incompatible
2026-09-29T18:32:49.0542Z,github.com/borsnazar/pest,v0.0.0-20240402020328-f60b5184e5eb
2026-09-29T18:32:49.228336Z,github.com/dataliz9r/pest,v2.7.7+incompatible
2026-09-29T18:32:49.23038Z,github.com/cambricorp/pest,v0.0.0-20230802002334-734ba66ad732
2026-09-29T18:32:49.39494Z,github.com/cr0sh/pest,v2.1.0+incompatible
2026-09-29T18:32:49.413722Z,github.com/ayourtch/pest,v2.1.0+incompatible
2026-09-29T18:32:49.417995Z,github.com/axelmagn/pest,v2.1.0+incompatible
2026-09-29T18:32:49.442083Z,github.com/biwakonbu/pest,v2.1.0+incompatible
2026-09-29T18:32:49.553909Z,github.com/cocalo1111/pest,v0.0.0-20240402020328-f60b5184e5eb
2026-09-29T18:32:49.840905Z,github.com/ajunlonglive/pest,v2.1.0+incompatible
2026-09-29T18:32:49.946061Z,github.com/cocaloebano/pest,v0.0.0-20240402020328-f60b5184e5eb
2026-09-29T18:32:50.293235Z,github.com/daynin/pest,v2.1.0+incompatible
2026-09-29T18:32:50.381009Z,github.com/davidsantiago/pest,v0.0.0-20230908114102-d2e25252ba33
2026-09-29T18:32:50.604505Z,github.com/depytat62636363/pest,v0.0.0-20240402020328-f60b5184e5eb
2026-09-29T18:32:50.639646Z,github.com/actions/labeler,v7.0.1-0.20260923162908-bc32c493030c+incompatible
2026-09-29T18:32:50.703328Z,github.com/chaosprint/pest,v2.1.0+incompatible
2026-09-29T18:32:51.728666Z,github.com/debich228/pest,v0.0.0-20240402020328-f60b5184e5eb
2026-09-29T18:32:51.898151Z,github.com/dequbed/pest,v0.0.0-20221123124303-0ba8386995ec
2026-09-29T18:32:52.079978Z,github.com/dylibso/pest,v0.0.0-20231006083701-5d30733b0a09
2026-09-29T18:32:52.3706Z,github.com/dhan0779/pest,v2.5.5+incompatible
2026-09-29T18:32:52.84823Z,github.com/dmeijboom/pest,v2.1.0+incompatible
2026-09-29T18:32:52.996433Z,github.com/emacsway/pest,v2.8.3+incompatible
2026-09-29T18:32:53.507494Z,github.com/elicharlese/pest,v0.0.0-20230915234859-a693e52b3589
2026-09-29T18:32:53.522621Z,github.com/elfenpiff/pest,v0.0.0-20260318001126-64111e5d10bb
2026-09-29T18:32:53.627034Z,github.com/gitter-badger/pest,v0.2.2
2026-09-29T18:32:53.813661Z,github.com/gildo/pest,v0.3.2
2026-09-29T18:32:53.832109Z,github.com/dertuxmalwieder/pest,v2.8.0+incompatible
2026-09-29T18:32:53.836043Z,github.com/elonmusktwitter1/pest,v0.0.0-20240402020328-f60b5184e5eb
2026-09-29T18:32:53.990149Z,github.com/drvirgilio/pest,v2.0.0+incompatible
2026-09-29T18:32:54.429489Z,github.com/fexolm/pest,v2.1.0+incompatible
2026-09-29T18:32:54.475262Z,github.com/fabricedesre/pest,v2.1.0+incompatible
2026-09-29T18:32:54.845754Z,github.com/e-dant/pest,v0.0.0-20230506184614-23831eccd4d2
2026-09-29T18:32:54.876841Z,github.com/igor-raits/pest,v1.0.0
2026-09-29T18:32:55.554145Z,github.com/icodein/pest,v0.0.0-20220819021002-3a1f1672d441
2026-09-29T18:32:55.640872Z,github.com/ihorvisamoney/pest,v0.0.0-20240402020328-f60b5184e5eb
2026-09-29T18:32:55.776056Z,github.com/ink-splatters/pest,v0.0.0-20240501122022-f090ec1216eb
2026-09-29T18:32:55.789326Z,github.com/fbird2020/pest,v2.1.0+incompatible
2026-09-29T18:32:55.849395Z,github.com/hoangpq/pest,v2.1.0+incompatible
2026-09-29T18:32:55.998283Z,github.com/idealzhang2/pest,v0.0.0-20240402020328-f60b5184e5eb
2026-09-29T18:32:56.609987Z,github.com/jamestiotio/pest,v0.0.0-20240312232833-9f9094ec4e10
2026-09-29T18:32:56.672652Z,github.com/infinohq/pest,v0.0.0-20240208095646-43f894e9f943
2026-09-29T18:32:56.759925Z,github.com/isgasho/pest,v2.1.0+incompatible
2026-09-29T18:32:56.854866Z,github.com/gzz2000/pest,v2.1.0+incompatible
2026-09-29T18:32:57.010712Z,github.com/jeryaiwei/pest,v0.0.0-20240104143836-d16266af2e8e
2026-09-29T18:32:57.047803Z,github.com/Symfony/Symfony,v8.1.8+incompatible
2026-09-29T18:32:57.489479Z,github.com/reallyoldfogie/cRL-go,v0.12.2
2026-09-29T18:32:58.016604Z,github.com/leftoutsidealone/pest,v0.0.0-20240402020328-f60b5184e5eb
2026-09-29T18:32:58.233968Z,github.com/justanotherdot/pest,v2.1.0+incompatible
2026-09-29T18:32:58.246007Z,github.com/kentaromiu1/pest,v0.0.0-20240402020328-f60b5184e5eb
2026-09-29T18:32:58.613316Z,github.com/kaylendog/pest,v2.1.0+incompatible
2026-09-29T18:32:58.795132Z,github.com/lehaarest/pest,v0.0.0-20240402020328-f60b5184e5eb
2026-09-29T18:32:58.833899Z,github.com/gkelly/pest,v2.1.0+incompatible
2026-09-29T18:32:58.879173Z,github.com/jwpjrdev/pest,v2.1.0+incompatible
2026-09-29T18:32:58.920905Z,github.com/livingthought/pest,v1.0.3
2026-09-29T18:32:58.949973Z,github.com/golddranks/pest,v2.1.0+incompatible
2026-09-29T18:32:58.980009Z,github.com/lightsing/pest,v2.2.1+incompatible
2026-09-29T18:32:59.01861Z,github.com/lancosch/pest,v0.0.0-20250615140112-2f2ba3d9281d
2026-09-29T18:32:59.151083Z,github.com/lisld/pest,v0.0.0-20240927141701-1d029d95b0da
2026-09-29T18:32:59.417513Z,github.com/ejoebstl/pest,v2.1.0+incompatible
2026-09-29T18:32:59.557533Z,github.com/lideen999/pest,v2.1.0+incompatible
2026-09-29T18:32:59.72481Z,github.com/linecode/pest,v2.1.0+incompatible
2026-09-29T18:32:59.937179Z,github.com/klensy/pest,v0.0.0-20220729160901-d1935d4e4627
2026-09-29T18:32:59.94761Z,github.com/mapbased/pest,v1.0.6
2026-09-29T18:32:59.956005Z,github.com/loewenheim/pest,v2.1.0+incompatible
2026-09-29T18:33:00.553282Z,github.com/juanbono/pest,v0.0.0-20221214131749-2c4720198521
2026-09-29T18:33:00.561345Z,github.com/kaikalii/pest,v2.1.0+incompatible
2026-09-29T18:33:00.676612Z,github.com/jochasinga/pest,v2.1.0+incompatible
2026-09-29T18:33:00.724309Z,github.com/luizdepra/pest,v2.0.0+incompatible
2026-09-29T18:33:00.871384Z,github.com/mariacruceat/pest,v1.0.7
2026-09-29T18:33:01.403067Z,github.com/matanui159/pest,v0.0.0-20230318004422-ed37c8b495d1
2026-09-29T18:33:01.793447Z,github.com/librelois/pest,v2.1.0+incompatible
2026-09-29T18:33:01.8087Z,github.com/edinburgh-genome-foundry/overhang,v0.1.8
2026-09-29T18:33:01.956419Z,github.com/mdg/pest,v2.1.0+incompatible
2026-09-29T18:33:02.082948Z,github.com/mrandreastoth/pest,v0.0.0-20240501122022-f090ec1216eb
2026-09-29T18:33:02.207286Z,github.com/mdease/pest,v1.0.7
2026-09-29T18:33:02.257808Z,github.com/mxmsll/pest,v0.0.0-20230331020129-f668fcc86596
2026-09-29T18:33:02.412318Z,github.com/miaomiao1992/pest,v2.8.3+incompatible
2026-09-29T18:33:03.51621Z,github.com/osfmk/pest,v2.5.7+incompatible
2026-09-29T18:33:03.527285Z,github.com/myfloss/pest,v0.0.0-20220810152930-9c42f1293aa9
2026-09-29T18:33:03.883085Z,github.com/perfgao/pest,v0.0.0-20230802002334-734ba66ad732
2026-09-29T18:33:03.887545Z,github.com/open-dx/pest,v2.1.0+incompatible
2026-09-29T18:33:04.150036Z,github.com/nathanielknight/pest,v2.1.0+incompatible
2026-09-29T18:33:04.247444Z,github.com/novacrazy/pest,v2.1.0+incompatible
2026-09-29T18:33:04.300066Z,github.com/meiamsome/pest,v2.1.0+incompatible
2026-09-29T18:33:04.507162Z,github.com/GoogleCLOUDPLATFORM/functions-framework-go,v1.8.1
2026-09-29T18:33:04.579271Z,github.com/prsabahrami/pest,v0.0.0-20240906142255-da3fcfeb446b
2026-09-29T18:33:04.905186Z,github.com/m561247/pest,v2.7.15+incompatible
2026-09-29T18:33:05.08987Z,github.com/novusnota-forks/pest,v0.0.0-20240324012037-9d252486a019
2026-09-29T18:33:05.185761Z,github.com/patrickfung/pest,v2.1.0+incompatible
2026-09-29T18:33:05.226678Z,github.com/pgimalac/pest,v0.0.0-20230829233600-ec61e9219f11
2026-09-29T18:33:05.350944Z,github.com/romavanash/pest,v0.0.0-20240402020328-f60b5184e5eb
2026-09-29T18:33:05.361963Z,github.com/passcod/pest,v0.4.1
2026-09-29T18:33:05.394135Z,github.com/musl/pest,v2.1.0+incompatible
2026-09-29T18:33:05.402794Z,github.com/rlpowell/pest,v0.0.0-20250205053222-70e9b5426c8b
2026-09-29T18:33:05.648505Z,github.com/rowhit/pest,v1.0.7
2026-09-29T18:33:05.73695Z,github.com/mbrukman/pest,v2.1.0+incompatible
2026-09-29T18:33:05.860093Z,github.com/rafael-patronilo/pest,v2.1.0+incompatible
2026-09-29T18:33:06.402956Z,github.com/sahwar/pest,v2.1.0+incompatible
2026-09-29T18:33:06.509169Z,github.com/rushsteve1/pest,v0.0.0-20250406145121-e1a1a855bf4f
2026-09-29T18:33:06.554641Z,github.com/remexre/pest,v1.0.6
2026-09-29T18:33:06.58367Z,github.com/meta-introspector/pest,v2.8.3+incompatible
2026-09-29T18:33:07.135778Z,github.com/r-ba/pest,v2.1.0+incompatible
2026-09-29T18:33:07.41595Z,github.com/salewski/pest,v2.4.1+incompatible
2026-09-29T18:33:07.810602Z,github.com/edinburgh-genome-foundry/tatapov,v0.2.4
2026-09-29T18:33:07.930839Z,github.com/rstkit/pest,v0.0.0-20240501122022-f090ec1216eb
2026-09-29T18:33:08.108123Z,github.com/sjmielke/pest,v0.4.1
2026-09-29T18:33:08.190208Z,github.com/mzhang28/pest,v2.1.0+incompatible
2026-09-29T18:33:08.22389Z,github.com/scowcron/pest,v0.4.1
2026-09-29T18:33:08.308189Z,github.com/rsyai-oos/pest,v0.0.0-20251003085557-d2dd16c5bf36
2026-09-29T18:33:08.357533Z,github.com/simple555a/pest,v0.2.9
2026-09-29T18:33:08.508894Z,github.com/rob-mur/pest,v2.1.0+incompatible
2026-09-29T18:33:08.539553Z,github.com/sezna/pest,v2.1.0+incompatible
2026-09-29T18:33:08.614744Z,github.com/scarecrowlab/pest,v2.1.0+incompatible
2026-09-29T18:33:08.707495Z,github.com/sirivong/pest,v0.0.0-20260926115713-9abf9e564f51
2026-09-29T18:33:08.934608Z,github.com/shanavas786/pest,v0.4.1
2026-09-29T18:33:09.392808Z,github.com/snoopdoggydogg1337/pest,v0.0.0-20240402020328-f60b5184e5eb
2026-09-29T18:33:09.476819Z,github.com/sanfusu/pest,v0.0.0-20230127122851-90aa0c8bd044
2026-09-29T18:33:09.639179Z,github.com/sssooonnnggg/pest,v0.0.0-20240501122022-f090ec1216eb
2026-09-29T18:33:09.699257Z,github.com/socialmediarefugee/pest,v0.0.0-20251121110635-28427c6c08b8
2026-09-29T18:33:09.852474Z,github.com/sasalovesosa/pest,v0.0.0-20240402020328-f60b5184e5eb
2026-09-29T18:33:09.942539Z,github.com/skyzh/pest,v0.0.0-20230210132647-18ca64fb8ca2
2026-09-29T18:33:10.216267Z,github.com/swar09/pest,v0.0.0-20260809022416-c3a695649566
2026-09-29T18:33:10.378484Z,github.com/swordlib/pest,v0.0.0-20240324012037-9d252486a019
2026-09-29T18:33:10.534845Z,github.com/shidel-dev/pest,v2.1.0+incompatible
2026-09-29T18:33:10.650516Z,github.com/sarvex/pest,v2.6.0+incompatible
2026-09-29T18:33:13.72854Z,github.com/opensearch-project/opensearch-ruby,v2.0.1-0.20240710150236-683a85445ff0+incompatible
2026-09-29T18:33:14.842353Z,github.com/sushant94/pest,v2.1.0+incompatible
2026-09-29T18:33:17.250951Z,github.com/reallyoldfogie/mc-bot-go,v0.2.7
2026-09-29T18:33:21.468267Z,github.com/Realm-ID/sdk/go/examples/admin,v0.0.0-20260924065104-5fdc935c13fc
2026-09-29T18:33:25.167756Z,github.com/realmorrisliu/openrouter-rs,v0.16.0
2026-09-29T18:33:32.240955Z,github.com/yblok13/instagram-private-api,v1.0.1
2026-09-29T18:33:35.251984Z,github.com/realm/realm-cocoa,v20.0.6+incompatible
2026-09-29T18:33:38.360101Z,github.com/realmroot/toolbox,v0.6.0
2026-09-29T18:33:40.90206Z,github.com/realmroot/cli,v0.6.0
2026-09-29T18:33:44.187637Z,github.com/realm/realm-swift,v20.0.6+incompatible
2026-09-29T18:33:44.380777Z,github.com/Krister-Johansson/prisma-extension-timescaledb,v0.0.0-20260929183137-304441b83b56
2026-09-29T18:33:49.351132Z,github.com/ATOTTO/clipboard,v0.1.4
2026-09-29T18:33:51.565029Z,github.com/primefaces/primefaces,v16.0.1-0.20260926140346-64942a4c8624+incompatible
2026-09-29T18:33:56.622907Z,github.com/veris-ai/veris-cli,v0.18.0
2026-09-29T18:33:59.764781Z,github.com/Realm-ID/sdk/go,v0.0.0-20260924065104-5fdc935c13fc
2026-09-29T18:34:00.3945Z,github.com/Realm-ID/sdk,v0.0.0-20260924065104-5fdc935c13fc
2026-09-29T18:34:10.567771Z,github.com/massbank/MassBank-data,v0.0.0-20260317143814-705afb7bccc3
2026-09-29T18:34:14.088941Z,github.com/MarcusSchwarz/lesserphp,v0.6.0
2026-09-29T18:34:32.603689Z,github.com/reallyoldfogie/crl-go,v0.12.2
2026-09-29T18:34:36.037277Z,github.com/GoogleCloudPlatform/golang-samples/logging,v0.0.0-20260929183402-6c6c492ba4b8
2026-09-29T18:34:37.198139Z,github.com/realraum/door_and_sensors/backdoorcx_sensor_node,v0.0.0-20260923144107-29cdca6f3904
2026-09-29T18:34:37.499785Z,github.com/realraum/door_and_sensors/door_daemon,v0.0.0-20260923144107-29cdca6f3904
2026-09-29T18:34:37.841718Z,github.com/kdex-tech/kdex-crds,v0.14.247
2026-09-29T18:34:42.388123Z,github.com/nalind/buildah,v0.0.0-20260928154359-552976bd99f4
2026-09-29T18:34:44.447811Z,github.com/GoogleCloudPlatform/golang-samples/eventarc/storage_handler,v0.0.0-20260929183402-6c6c492ba4b8
2026-09-29T18:34:46.735521Z,github.com/realraum/door_and_sensors/r3-spaceapistatus,v0.0.0-20260923144107-29cdca6f3904
2026-09-29T18:34:47.967921Z,github.com/realraum/door_and_sensors/r3-metaevt-maker,v0.0.0-20260923144107-29cdca6f3904
2026-09-29T18:34:58.220707Z,github.com/googlecloudplatform/golang-samples/functions/log,v0.0.0-20260929183402-6c6c492ba4b8
2026-09-29T18:35:04.923864Z,github.com/googlecloudplatform/golang-samples/eventarc/testing,v0.0.0-20260929183402-6c6c492ba4b8
2026-09-29T18:35:05.403739Z,github.com/GoogleCloudPlatform/golang-samples/functions/functionsv2/log,v0.0.0-20260929183402-6c6c492ba4b8
2026-09-29T18:35:15.183622Z,github.com/flanksource/incident-commander,v0.0.1959
2026-09-29T18:35:16.222276Z,github.com/GoogleCloudPlatform/golang-samples/iap,v0.0.0-20260929183402-6c6c492ba4b8
2026-09-29T18:35:16.658529Z,github.com/realtimechris/jsonifier,v1.0.2
2026-09-29T18:35:23.033918Z,github.com/abgeo/maroid/libs/pluginapi,v0.0.0-20260929183257-fa0845d82ea4
2026-09-29T18:35:25.041635Z,github.com/abgeo/maroid/libs/pluginconfig,v0.0.0-20260929183257-fa0845d82ea4
2026-09-29T18:35:28.567913Z,github.com/wricardo/tesla-road-trip-game,v0.0.0-20260928210649-2796bc814c00
2026-09-29T18:35:29.092301Z,github.com/arana-db/arana,v0.1.0-rc1.0.20220918130732-5bc6d9d598a8
2026-09-29T18:35:36.802917Z,github.com/GoogleCloudPlatform/golang-samples/eventarc/generic,v0.0.0-20260929183402-6c6c492ba4b8
2026-09-29T18:35:39.955157Z,github.com/PeST-PaRSeR/PEST,v2.7.6+incompatible
2026-09-29T18:35:42.809863Z,github.com/nvbn/thefuck,v0.0.0-20160628003027-d5e333b7271a
2026-09-29T18:35:51.864725Z,github.com/googlecloudplatform/golang-samples/logging,v0.0.0-20260929183402-6c6c492ba4b8
2026-09-29T18:35:54.964881Z,github.com/gwos/tcg/sdk,v0.0.0-20260929182145-c045772e5e21
2026-09-29T18:36:03.461415Z,go.temporal.io/sdk/contrib/opentelemetry/otlpworker,v0.1.0
2026-09-29T18:36:06.461238Z,github.com/hivemq/hivemq-edge,v0.0.0-20260929115044-6edd6612f11f
2026-09-29T18:36:06.578983Z,github.com/roasbeef/btcrpcclient,v0.0.0-20170427153318-e15bd09b4665
2026-09-29T18:36:06.807918Z,github.com/Nvidia/cutlass,v2.11.0+incompatible
2026-09-29T18:36:14.218628Z,github.com/ocean-industries-concept-lab/openbridge-webcomponents,v2.0.0+incompatible
2026-09-29T18:36:19.61871Z,github.com/TheThingsNetwork/lorawan-devices/website/tools/build,v0.0.0-20260929134029-54e6e25c57ba
2026-09-29T18:36:26.205637Z,gitlab.com/openos-project/ipfs-deving/boxo,v0.19.0
2026-09-29T18:36:31.234293Z,github.com/interactionlabs/traversal-connector,v0.8.9
2026-09-29T18:36:38.236691Z,github.com/wasmerio/wasmer-sdk,v1.2.1
2026-09-29T18:36:42.321443Z,github.com/ldechoux/gbe,v0.1.2-0.20260929183424-2a3079d3edd2
2026-09-29T18:36:50.466169Z,github.com/gwos/tcg,v0.0.0-20260929182145-c045772e5e21
2026-09-29T18:36:51.69653Z,gitee.com/codedbyte/gfx,v0.0.0-20260929155514-aa89b620cebd
2026-09-29T18:36:55.766214Z,github.com/kitsteam/groupwriter-backend,v0.0.1-7-kits-1
2026-09-29T18:36:56.310333Z,github.com/googlecloudplatform/golang-samples/eventarc/generic,v0.0.0-20260929183402-6c6c492ba4b8
2026-09-29T18:36:57.718039Z,github.com/acl-org/acl-anthology,v0.0.0-20260929173607-7fce682fc90a
2026-09-29T18:36:59.973201Z,github.com/siyuan-note/insider,v1.2.0-alpha5
2026-09-29T18:37:04.441504Z,github.com/RamblingCookieMonster/BuildHelpers,v0.0.0-20260917185047-dd0437ad025e
2026-09-29T18:37:04.741277Z,github.com/siyuan-note/petal,v0.3.18
2026-09-29T18:37:04.75236Z,github.com/googlecloudplatform/golang-samples/eventarc/storage_handler,v0.0.0-20260929183402-6c6c492ba4b8
2026-09-29T18:37:12.116749Z,github.com/nix-community/colmena,v0.2.2
2026-09-29T18:37:15.428481Z,github.com/googlecloudplatform/golang-samples/iap,v0.0.0-20260929183402-6c6c492ba4b8
2026-09-29T18:37:15.850384Z,github.com/OpenTechFund/hypha,v1.9.0
2026-09-29T18:37:17.429157Z,github.com/opentechfund/hypha,v1.16.1
2026-09-29T18:37:17.920243Z,github.com/onasunnymorning/domain-os,v0.9.0
2026-09-29T18:37:18.023121Z,github.com/Bacon/Baconqrcode,v0.0.0-20221207174657-8674e51bb65a
2026-09-29T18:37:19.943542Z,github.com/matsen/bipartite,v0.0.0-20260929180908-eb8fa8ee5614
2026-09-29T18:37:21.201585Z,github.com/Arm-software/CMSIS-FreeRTOS,v11.1.0+incompatible
2026-09-29T18:37:22.41168Z,github.com/mtth/pal,v0.2.0
2026-09-29T18:37:23.695744Z,github.com/AstraBert/PdfItDown,v0.0.1
2026-09-29T18:37:27.120569Z,github.com/fullsend-ai/agents,v0.30.0
2026-09-29T18:37:29.447397Z,github.com/GitHub/codeql-action,v3.36.0+incompatible
2026-09-29T18:37:30.055882Z,github.com/gonstruct/grantable,v0.1.0
2026-09-29T18:37:31.026244Z,github.com/apache/trafficcontrol,v1.1.4-0.20230828195407-6ca8fda7f9fc
2026-09-29T18:37:31.043114Z,github.com/Pow3rTool/RCON,v0.0.1
2026-09-29T18:37:31.305064Z,github.com/ifsnop/mysqldump-php,v0.0.0-20260802193947-d328c86e17f3
2026-09-29T18:37:31.92528Z,github.com/JamieMagee/osv-offline,v0.0.0-20260929172618-be02d5f09a87
2026-09-29T18:37:34.626715Z,github.com/symfony/DependencyInjection,v6.4.47+incompatible
2026-09-29T18:37:34.791463Z,github.com/aswanidev-vs/chest,v0.6.0
2026-09-29T18:37:36.830633Z,github.com/symfony/form,v7.4.20+incompatible
2026-09-29T18:37:37.347719Z,github.com/github/CodeQL-Action,v4.36.2+incompatible
2026-09-29T18:37:42.490736Z,github.com/indicio-tech/aries-bifold,v1.0.0-alpha.419
2026-09-29T18:37:44.597916Z,github.com/symfony/security-bundle,v7.4.20+incompatible
2026-09-29T18:37:44.715635Z,github.com/pardnchiu/Agenvoy,v1.0.20
2026-09-29T18:37:46.100781Z,github.com/googlecloudplatform/golang-samples/functions/functionsv2/log,v0.0.0-20260929183402-6c6c492ba4b8
2026-09-29T18:37:46.209658Z,github.com/thethingsnetwork/lorawan-devices/website/tools/build,v0.0.0-20260929134029-54e6e25c57ba
2026-09-29T18:37:47.759545Z,github.com/ArxEd-Inc/adk-go/v2,v2.2.1-0.20260929181630-1cb6c58058b1
2026-09-29T18:37:51.577494Z,github.com/trailhq/graft,v0.20.0
2026-09-29T18:37:52.696781Z,github.com/AVSLab/basilisk,v2.8.27+incompatible
2026-09-29T18:37:54.705008Z,github.com/yz1311/react-native-scrollable-tab-view,v0.7.2
2026-09-29T18:37:55.59437Z,github.com/kitsteam/groupwriter-frontend,v0.0.1-5-kits-1
2026-09-29T18:37:55.812087Z,github.com/shuse2/react-native-scrollable-tab-view,v0.3.8
2026-09-29T18:37:56.225202Z,github.com/symfony/Console,v6.4.47+incompatible
2026-09-29T18:37:56.582457Z,github.com/autometrics-dev/am,v0.4.1
2026-09-29T18:37:57.117934Z,github.com/symfony/dependencyinjection,v7.4.20+incompatible
2026-09-29T18:37:57.207826Z,github.com/PrimeIntellect-ai/PRIME-RL,v0.7.0
2026-09-29T18:37:59.782288Z,github.com/iotaledger/iota.c,v0.3.0
2026-09-29T18:38:01.918044Z,github.com/avslab/basilisk,v2.8.41+incompatible
2026-09-29T18:38:02.265824Z,github.com/Fields2Cover/fields2cover,v1.2.0
2026-09-29T18:38:03.117133Z,github.com/context-dot-dev/context-go-sdk/v2,v2.22.0
2026-09-29T18:38:07.95491Z,github.com/symfony/messenger,v6.4.47+incompatible
2026-09-29T18:38:08.253282Z,github.com/surveyjs/surveyjs,v2.5.45+incompatible
2026-09-29T18:38:08.403784Z,github.com/vsc-eco/go-vsc-node,v0.0.0-20260929140528-0adaeeddcc25
2026-09-29T18:38:08.593938Z,github.com/surveyjs/survey-pdf,v2.5.45+incompatible
2026-09-29T18:38:09.337676Z,github.com/razzant/claudexor,v3.14.0+incompatible
2026-09-29T18:38:11.048954Z,github.com/dicklesworthstone/beads_viewer,v0.25.1
2026-09-29T18:38:15.383613Z,github.com/johnnyMorganz/Stylua,v0.15.3
2026-09-29T18:38:16.829101Z,github.com/studio-ousia/wikipedia2vec,v0.1.7
2026-09-29T18:38:17.53992Z,github.com/boa-DEv/boa,v0.2.1
2026-09-29T18:38:17.582651Z,github.com/boA-dev/Boa,v0.5.0
2026-09-29T18:38:17.633094Z,github.com/boa-DeV/boa,v0.3.0
2026-09-29T18:38:17.665315Z,github.com/initia-labs/wasmd,v0.54.10-initia.0
2026-09-29T18:38:18.222645Z,github.com/boA-dev/boA,v0.4.0
2026-09-29T18:38:19.454296Z,github.com/boa-Dev/boA,v0.8.0
2026-09-29T18:38:20.512339Z,github.com/rebar/rebar3,v0.0.0-20260928170406-f23f21b51666
2026-09-29T18:38:21.040039Z,github.com/tinkerbell/tink,v0.8.1-0.20230110022957-80358d304f37
2026-09-29T18:38:21.491934Z,github.com/dubinc/dub-ruby,v0.2.2-alpha.63
2026-09-29T18:38:21.556484Z,github.com/symfony/security-core,v7.4.20+incompatible
2026-09-29T18:38:22.529907Z,github.com/surveyjs/survey-creator,v2.5.45+incompatible
2026-09-29T18:38:22.944011Z,github.com/boA-Dev/bOA,v0.9.0
2026-09-29T18:38:23.165721Z,github.com/InteractionLabs/traversal-connector,v0.8.9
2026-09-29T18:38:23.565795Z,github.com/rebay1982/c64char,v0.2.0
2026-09-29T18:38:23.768308Z,github.com/bOa-dev/Boa,v0.2.1
2026-09-29T18:38:23.970222Z,github.com/awayfl/avm2,v0.2.176
2026-09-29T18:38:26.766465Z,github.com/boA-deV/boa,v0.8.0
2026-09-29T18:38:26.950052Z,github.com/symfony/doctrine-bridge,v6.4.47+incompatible
2026-09-29T18:38:27.324304Z,github.com/boA-dEv/boa,v0.2.1
2026-09-29T18:38:27.923302Z,git.stit.tech/stit-core/golibinfra,v1.2.0
2026-09-29T18:38:28.077904Z,github.com/lostcityrs/launcher,v1.0.2
2026-09-29T18:38:30.23767Z,github.com/bOA-dev/boa,v0.4.0
2026-09-29T18:38:31.500441Z,github.com/Boa-dEv/boa,v0.5.1
2026-09-29T18:38:31.688535Z,github.com/symfony/workflow,v7.4.20+incompatible
2026-09-29T18:38:32.304759Z,github.com/GoogleCloudPlatform/golang-samples/parametermanager,v0.0.0-20260929183402-6c6c492ba4b8
2026-09-29T18:38:33.048306Z,github.com/Sylius/SyliusInventoryBundle,v2.2.10+incompatible
2026-09-29T18:38:33.726938Z,github.com/boa-deV/boa,v0.3.0
2026-09-29T18:38:33.903156Z,github.com/Arthur031221/installwall,v0.1.0
2026-09-29T18:38:34.565827Z,github.com/marcusschwarz/lesserphp,v0.0.0-20210310191423-64ece57ad81a
2026-09-29T18:38:35.075893Z,github.com/boA-dev/boa,v0.8.0
2026-09-29T18:38:37.291448Z,github.com/agenvoy/Agenvoy,v1.0.26
2026-09-29T18:38:37.65069Z,github.com/Araddon/dateparse,v0.0.0-20190622164848-0fb0a474d195
2026-09-29T18:38:39.609241Z,github.com/open-telemetry/opentelemetry-collector/cmd/builder,v0.162.0
2026-09-29T18:38:40.02825Z,gitlab.com/mergetb/portal/cli,v1.4.33
2026-09-29T18:38:40.373041Z,github.com/bOa-dev/boa,v0.6.0
2026-09-29T18:38:41.352661Z,github.com/wasmerio/wasmer-js,v1.0.2
2026-09-29T18:38:42.517121Z,github.com/MilesCranmer/pysr,v1.0.0
2026-09-29T18:38:44.093229Z,github.com/Spottarr/Spottarr,v1.3.0
2026-09-29T18:38:52.767335Z,github.com/tanstack/db,v0.0.0-20260929181545-3eb5b2b387fe
2026-09-29T18:38:53.253934Z,github.com/surveyjs/survey-library,v2.5.45+incompatible
2026-09-29T18:38:55.857849Z,github.com/chdb-io/chdb-core,v3.2.0+incompatible
2026-09-29T18:38:59.298874Z,github.com/wordPress/wordPress,v0.0.0-20260929170752-70911d3ffa79
2026-09-29T18:38:59.658441Z,github.com/rebeccapanel/rebecca,v1.5.0
2026-09-29T18:39:00.614347Z,github.com/streamingfast/eth-go,v0.0.0-20260929161510-29a72747661d
2026-09-29T18:39:05.451953Z,github.com/wordPress/wordpress,v0.0.0-20260929170752-70911d3ffa79
2026-09-29T18:39:05.73601Z,github.com/CloudYKit/fastprinter,v0.0.0-20200109182630-33d98a066a53
2026-09-29T18:39:06.120598Z,github.com/radixark/sgl-router,v0.0.0-20260929183103-df2c790d7017
2026-09-29T18:39:08.90484Z,github.com/radareorg/radare2-pm,v0.0.0-20260929182359-35e50982b83e
2026-09-29T18:39:09.652944Z,github.com/capabilityhostprotocol/chp-core,v0.6.0-rc.1
2026-09-29T18:39:10.011825Z,github.com/spinnaker/spinnaker/spin,v0.0.0-20260929182426-3a26f8ed0df3
2026-09-29T18:39:11.837614Z,github.com/lsongdev/miya-channels,v0.0.0-20260928150902-26172817e600
2026-09-29T18:39:12.160844Z,github.com/kitsteam/groupwriter,v0.0.2-kits-1
2026-09-29T18:39:14.42398Z,github.com/telekom/controlplane/event/api,v0.0.0-20260929142230-b69b55bf92f6
2026-09-29T18:39:15.263591Z,github.com/GoogleCloudPlatform/golang-samples/functions/tips/infinite_retries,v0.0.0-20260929183402-6c6c492ba4b8
2026-09-29T18:39:15.663305Z,github.com/surveyjs/widgets,v2.5.45+incompatible
2026-09-29T18:39:15.713518Z,github.com/SAUSy-Lab/retro-gtfs,v0.0.0-20260929160723-50d684434930
2026-09-29T18:39:15.736489Z,github.com/telekom/controlplane/permission/api,v0.0.0-20260929142230-b69b55bf92f6
2026-09-29T18:39:18.515216Z,github.com/egoist/mygo,v0.1.9
2026-09-29T18:39:19.39891Z,github.com/CcBlueX/liquidBounce,v0.11.1
2026-09-29T18:39:20.50898Z,github.com/open-telemetry/opentelemetry-cpp,v1.29.1-0.20260929000526-754928da11ed
2026-09-29T18:39:22.478629Z,github.com/telekom/controlplane/file/api,v0.0.0-20260929142230-b69b55bf92f6
2026-09-29T18:39:23.798978Z,github.com/AlectHomas/kong,v0.2.11
2026-09-29T18:39:24.812126Z,github.com/aws/aws-sdk-go-V2/service/apigateway,v1.49.0
2026-09-29T18:39:25.465005Z,github.com/liskhq/lisk-hub,v1.22.0
2026-09-29T18:39:26.392274Z,github.com/tanstack/optimistic,v0.0.0-20260929181545-3eb5b2b387fe
2026-09-29T18:39:28.891325Z,github.com/Laravel/Framework,v12.69.3+incompatible
2026-09-29T18:39:33.678941Z,github.com/smarty-php/smarty,v0.0.0-20260629084856-838d6ad1c635
2026-09-29T18:39:35.104552Z,github.com/tencentcloud/tencentcloud-sdk-go/tencentcloud/portal,v1.3.166
2026-09-29T18:39:35.587217Z,github.com/D8-X/globalrpc,v0.6.0
2026-09-29T18:39:38.554544Z,github.com/star-haven/papermario-dx,v0.0.0-20260929172124-3f90915bf7e8
2026-09-29T18:39:40.422466Z,github.com/tencentcloud/tencentcloud-sdk-go/tencentcloud/workbuddyenterprise,v1.3.186
2026-09-29T18:39:40.441198Z,github.com/speedata/texperiments,v0.2.68
2026-09-29T18:39:44.714034Z,github.com/arthur031221/installwall,v0.1.0
2026-09-29T18:39:45.421763Z,webtyp.com/wasmbrowsertest,v0.1.56
2026-09-29T18:39:48.108528Z,github.com/spinnaker/spinnaker,v0.0.0-20260929182426-3a26f8ed0df3
2026-09-29T18:39:48.939479Z,github.com/symfony/web-profiler-bundle,v7.4.20+incompatible
2026-09-29T18:39:54.406557Z,github.com/JuliaBinaryWrappers/Openssl_jll.jl,v0.0.0-20260826195335-ecbe9a2e455f
2026-09-29T18:39:54.691294Z,github.com/Tryghost/ghost,v6.67.0+incompatible
2026-09-29T18:39:58.833895Z,github.com/tencentcloud/tencentcloud-sdk-go/tencentcloud/edgezone,v1.3.182
2026-09-29T18:40:00.954806Z,github.com/keep94/dynarray,v0.1.0
2026-09-29T18:40:01.616188Z,github.com/tencentcloud/tencentcloud-sdk-go/tencentcloud/databuddy,v1.3.188
2026-09-29T18:40:05.723728Z,github.com/GoogleCloudPlatform/golang-samples/functions/tips,v0.0.0-20260929183402-6c6c492ba4b8
2026-09-29T18:40:07.79399Z,github.com/cgs-earth/sal,v0.0.0-20260928180653-ba8d811ecd61
2026-09-29T18:40:15.325824Z,github.com/wordpress/Wordpress,v0.0.0-20260929170752-70911d3ffa79
2026-09-29T18:40:27.186296Z,github.com/googlecloudplatform/golang-samples/translate,v0.0.0-20260929183402-6c6c492ba4b8
2026-09-29T18:40:31.279532Z,github.com/rc21net/builders,v0.0.0-20181004170510-400078147165
2026-09-29T18:40:32.120656Z,github.com/nats-io/nack,v0.24.1-0.20260921105308-be6613994426
2026-09-29T18:40:34.735465Z,github.com/SiliconCompiler/siliconcompiler,v0.21.6
2026-09-29T18:40:38.56654Z,github.com/axiomhq/ivfq,v0.7.0
2026-09-29T18:40:45.092529Z,github.com/atom/electron,v42.11.9+incompatible
2026-09-29T18:40:52.851043Z,github.com/d8-x/globalrpc,v0.6.0
2026-09-29T18:40:53.078099Z,github.com/telekom/controlplane/event,v0.0.0-20260929142230-b69b55bf92f6
2026-09-29T18:40:56.760061Z,github.com/telekom/controlplane/file,v0.0.0-20260929142230-b69b55bf92f6
2026-09-29T18:40:57.141574Z,github.com/milescranmer/pysr,v2.6.0+incompatible
2026-09-29T18:40:57.966147Z,github.com/rebuno/rebuno,v0.31.0
2026-09-29T18:40:58.865899Z,github.com/kitsteam/mindmapp,v0.7.11
2026-09-29T18:40:59.271241Z,github.com/telekom/controlplane/permission,v0.0.0-20260929142230-b69b55bf92f6
2026-09-29T18:41:00.183373Z,github.com/randygaul/cute_framework,v0.0.0-20260929183026-cff154731aab
2026-09-29T18:41:00.728984Z,github.com/atom/atom-shell,v42.11.9+incompatible
2026-09-29T18:41:02.679715Z,github.com/PaloAltoNetworks/pango,v0.10.3-0.20260929184030-24d59b076029
2026-09-29T18:41:02.681097Z,github.com/rebus-org/rebus,v0.0.0-20260929063638-8600c812c990
2026-09-29T18:41:04.16882Z,github.com/JanDeDobbeleer/oh-mY-pOsh,v7.94.1+incompatible
2026-09-29T18:41:06.411677Z,webtyp.com/devbrowser,v0.5.24
2026-09-29T18:41:08.63186Z,github.com/junit-team/junit-framework,v0.0.0-20260929180533-046855421e6c
2026-09-29T18:41:09.457847Z,github.com/Symfony/symfony,v6.4.46+incompatible
2026-09-29T18:41:13.025363Z,github.com/motemen/go-quickfix,v0.0.0-20150610113234-f1c595141634
2026-09-29T18:41:15.785773Z,github.com/adrianriobo/qenvs,v0.0.0-20260928050618-004f9bbdfe8d
2026-09-29T18:41:16.472364Z,github.com/coreos/dex/examples,v0.0.0-20260929064916-46fd7efec8a5
2026-09-29T18:41:17.364092Z,github.com/sonofmagic/monorepo-template,v0.0.0-20260929180516-98620a0745a2
2026-09-29T18:41:23.987184Z,github.com/royalaid/qidao-sdk,v5.1.70+incompatible
2026-09-29T18:41:27.464552Z,github.com/fyndiq/confluent_kafka_helpers,v0.6.1
2026-09-29T18:41:28.574844Z,github.com/paypal/paypal-php-server-sdk,v0.0.0-20260121220220-a57716159366
2026-09-29T18:41:30.221689Z,github.com/michalc/stream-inflate,v0.0.28
2026-09-29T18:41:35.381137Z,github.com/kigorygh/cli-aim-trainer,v0.0.0-20260929115817-e5d97507e008
2026-09-29T18:41:46.113985Z,github.com/GoogleCloudPlatform/golang-samples/vision,v0.0.0-20260929183402-6c6c492ba4b8
2026-09-29T18:41:47.888861Z,github.com/opendatahub-io/odh-platform-utilities/framework,v0.0.0-20260910142511-54dc15029883
2026-09-29T18:41:54.072526Z,github.com/lstrojny/functional-php,v0.0.0-20181203164705-f5b3b4424dcd
2026-09-29T18:41:57.451708Z,github.com/dipu-bd/pyease-grpc,v1.6.0
2026-09-29T18:42:04.102131Z,github.com/ntotten/prettier,v0.0.0-20190131043655-43e2132d9754
2026-09-29T18:42:08.343672Z,github.com/receptron/mulmocast-vision,v0.0.0-20260929064759-9bc03e0c641a
2026-09-29T18:42:08.598413Z,github.com/vooon/zoneomatic/pkg/dnsfmt,v0.0.0-20260929183951-9ee69368dc2b
2026-09-29T18:42:08.736245Z,github.com/vg010623/toktrim,v0.2.0
2026-09-29T18:42:12.495042Z,github.com/maxmood96/mongo-tools,v0.0.0-20260929162625-9348e032419d
2026-09-29T18:42:12.693021Z,github.com/Attumm/redisdict,v2.1.0+incompatible
2026-09-29T18:42:13.474734Z,github.com/reche23/real-regex,v2026.9.10+incompatible
2026-09-29T18:42:13.864004Z,github.com/paloaltonetworks/pango,v0.10.3-0.20260929184030-24d59b076029
2026-09-29T18:42:14.700561Z,github.com/grafana/mimir/mimir-build-image,v0.0.0-20260929181658-86251689a97b
2026-09-29T18:42:15.917842Z,github.com/googlecloudplatform/golang-samples/testing/gimmeproj,v0.0.0-20260929183402-6c6c492ba4b8
2026-09-29T18:42:19.039209Z,github.com/attumm/redisdict,v2.7.0+incompatible
2026-09-29T18:42:21.784678Z,github.com/openresty/lua-nginx-module,v0.10.32-0.20260924063956-62d9257fba36
2026-09-29T18:42:26.105894Z,github.com/builderio/mitosis,v0.0.0-20260929154128-38bbdbc321c5
2026-09-29T18:42:27.199702Z,github.com/felixfbecker/sourcegraph,v0.0.0
2026-09-29T18:42:27.374023Z,github.com/aself101/kling-api,v2.0.0+incompatible
2026-09-29T18:42:34.145308Z,github.com/quic-go/quic-go,v0.63.1-0.20260929170350-e1fbf93ace25
2026-09-29T18:42:40.388134Z,github.com/Automattic/newspack-popups,v3.12.2+incompatible
2026-09-29T18:42:47.757011Z,github.com/windmill-labs/windmill-go-client,v1.820.0
2026-09-29T18:42:50.683192Z,github.com/orrison/meliorstan,v0.1.0
2026-09-29T18:42:52.390363Z,github.com/localden/mcp-repo-data-tracker,v0.0.0-20260929145654-3d7cacfece3f
2026-09-29T18:42:52.536432Z,github.com/symfony/uid,v0.0.0-20260923161828-a96bbdb02a04
2026-09-29T18:42:53.703222Z,github.com/vooon/zoneomatic,v0.0.0-20260929183951-9ee69368dc2b
2026-09-29T18:42:54.375181Z,webtyp.com/mcp,v0.2.37
2026-09-29T18:42:57.277174Z,github.com/googlecloudplatform/golang-samples/vision,v0.0.0-20260929183402-6c6c492ba4b8
2026-09-29T18:43:01.360142Z,github.com/recipe-scrapers/recipe-scrapers,v0.0.0-20260923162921-901f3484b600
2026-09-29T18:43:10.218603Z,github.com/atomic-blend/backend,v0.1.2-0.20260126170556-d4be9ed98e9d
2026-09-29T18:43:16.96362Z,github.com/automattic/newspack-popups,v3.12.2+incompatible
2026-09-29T18:43:17.063657Z,github.com/kitsteam/mindwendel,v0.2.9-kits-2
2026-09-29T18:43:25.946906Z,github.com/ExpenSify/App,v1.0.1-488
2026-09-29T18:43:26.686464Z,github.com/Textpattern/Textpattern,v0.0.0-20260929111139-dbb6def84060
2026-09-29T18:43:31.583821Z,github.com/oopsmonk/iota.c,v0.0.0-20220810143410-8551754c3e45
2026-09-29T18:43:33.610989Z,github.com/dynatrace/dynatrace-bindplane-otel-contrib/receiver/pluginreceiver,v1.0.0
2026-09-29T18:43:35.805508Z,github.com/oopsmonk/entangled,v0.0.0-20200119051129-b2b64e8dea48
2026-09-29T18:43:37.050766Z,github.com/zamiba/go-mediaitems-profiles,v0.3.0
2026-09-29T18:43:38.538115Z,github.com/googlecloudplatform/golang-samples/internal/managedkafka,v0.0.0-20260929183402-6c6c492ba4b8
2026-09-29T18:43:40.173824Z,github.com/trialandsuccess/configuraptor,v1.15.0
2026-09-29T18:43:42.290132Z,github.com/m-matelski/mdiff,v0.1.5
2026-09-29T18:43:42.767928Z,github.com/BSidesSF/CTF-2021-Release,v0.0.0-20210314185342-53c74b532bcb
2026-09-29T18:43:46.45958Z,github.com/phpmyadmin/sql-parser,v4.3.2-0.20251031220533-75397801ef68+incompatible
2026-09-29T18:43:48.04912Z,github.com/dynatrace/dynatrace-bindplane-otel-contrib/pkg/version,v1.0.0
2026-09-29T18:43:48.13864Z,github.com/oxidecomputer/humility,v0.0.0-20260929181508-33b8a35a2fc3
2026-09-29T18:43:48.211641Z,github.com/dynatrace/dynatrace-bindplane-otel-contrib/pkg/measurements,v1.0.0
2026-09-29T18:43:48.336449Z,github.com/dynatrace/dynatrace-bindplane-otel-contrib/extension/pebbleextension,v1.0.0
2026-09-29T18:43:48.966518Z,github.com/dynatrace/dynatrace-bindplane-otel-contrib/pkg/snapshot,v1.0.0
2026-09-29T18:43:49.882578Z,github.com/dynatrace/dynatrace-bindplane-otel-contrib/pkg/osinfo,v1.0.0
2026-09-29T18:43:50.449475Z,github.com/dynatrace/dynatrace-bindplane-otel-contrib/processor/topologyprocessor,v1.0.0
2026-09-29T18:43:55.581961Z,github.com/ikermy/air-common,v1.51.1-0.20260929184258-e8d7ddb6f756
2026-09-29T18:43:56.212115Z,github.com/cyhhao/vibe-remote,v3.0.14+incompatible
2026-09-29T18:43:56.697384Z,github.com/GoogleCloudPlatform/golang-samples/translate,v0.0.0-20260929183402-6c6c492ba4b8
2026-09-29T18:44:04.134993Z,github.com/mmourafiq/clipped,v0.6.7
2026-09-29T18:44:04.645594Z,github.com/SukramJ/go-openccu-data,v0.2.0
2026-09-29T18:44:08.534262Z,github.com/dynatrace/dynatrace-bindplane-otel-contrib/exporter/azureblobexporter,v1.0.0
2026-09-29T18:44:08.783373Z,github.com/dynatrace/dynatrace-bindplane-otel-contrib/exporter/qradar,v1.0.0
2026-09-29T18:44:08.911672Z,github.com/Virus-Axel/godot-solana-sdk,v1.4.5-0.20260420072039-c7f89894df01
2026-09-29T18:44:09.102573Z,github.com/dynatrace/dynatrace-bindplane-otel-contrib/exporter/googlecloudstorageexporter,v1.0.0
2026-09-29T18:44:09.178324Z,github.com/googlecloudplatform/golang-samples/dlp,v0.0.0-20260929183402-6c6c492ba4b8
2026-09-29T18:44:09.282734Z,github.com/dynatrace/dynatrace-bindplane-otel-contrib/exporter/googlemanagedprometheusexporter,v1.0.0
2026-09-29T18:44:09.655034Z,github.com/dynatrace/dynatrace-bindplane-otel-contrib/exporter/snowflakeexporter,v1.0.0
2026-09-29T18:44:09.687467Z,github.com/dynatrace/dynatrace-bindplane-otel-contrib/exporter/chronicleexporter,v1.0.0
2026-09-29T18:44:09.891682Z,github.com/dynatrace/dynatrace-bindplane-otel-contrib/exporter/opampexporter,v1.0.0
2026-09-29T18:44:10.176549Z,github.com/dynatrace/dynatrace-bindplane-otel-contrib/extension/badgerextension,v1.0.0
2026-09-29T18:44:10.325815Z,github.com/dynatrace/dynatrace-bindplane-otel-contrib/exporter/chronicleforwarderexporter,v1.0.0
2026-09-29T18:44:10.329593Z,github.com/dynatrace/dynatrace-bindplane-otel-contrib/exporter/awssecuritylakeexporter,v1.0.0
2026-09-29T18:44:11.088476Z,github.com/dynatrace/dynatrace-bindplane-otel-contrib/exporter/googlecloudexporter,v1.0.0
2026-09-29T18:44:11.303131Z,github.com/dynatrace/dynatrace-bindplane-otel-contrib/exporter/azureloganalyticsexporter,v1.0.0
2026-09-29T18:44:11.567367Z,github.com/dynatrace/dynatrace-bindplane-otel-contrib/exporter/webhookexporter,v1.0.0
2026-09-29T18:44:12.341064Z,github.com/dynatrace/dynatrace-bindplane-otel-contrib/extension/awss3eventextension,v1.0.0
2026-09-29T18:44:17.41939Z,github.com/saravenpi/filet,v0.18.2
2026-09-29T18:44:18.748731Z,github.com/codeforjapan/decidim-cfj,v1.11.0
2026-09-29T18:44:19.440456Z,github.com/dynatrace/dynatrace-bindplane-otel-contrib/extension/opampgateway,v1.0.0
2026-09-29T18:44:19.849748Z,github.com/dynatrace/dynatrace-bindplane-otel-contrib/processor/asimstandardizationprocessor,v1.0.0
2026-09-29T18:44:20.308599Z,github.com/dynatrace/dynatrace-bindplane-otel-contrib/processor/datapointcountprocessor,v1.0.0
2026-09-29T18:44:20.38981Z,github.com/dynatrace/dynatrace-bindplane-otel-contrib/processor/ocsfstandardizationprocessor,v1.0.0
2026-09-29T18:44:20.98931Z,github.com/dynatrace/dynatrace-bindplane-otel-contrib/processor/lookupprocessor,v1.0.0
2026-09-29T18:44:21.153157Z,github.com/dynatrace/dynatrace-bindplane-otel-contrib/processor/metricstatsprocessor,v1.0.0
2026-09-29T18:44:21.311837Z,github.com/dynatrace/dynatrace-bindplane-otel-contrib/processor/randomfailureprocessor,v1.0.0
2026-09-29T18:44:21.537561Z,github.com/dynatrace/dynatrace-bindplane-otel-contrib/processor/metricextractprocessor,v1.0.0
2026-09-29T18:44:21.562221Z,github.com/dynatrace/dynatrace-bindplane-otel-contrib/processor/maskprocessor,v1.0.0
2026-09-29T18:44:23.682226Z,github.com/dynatrace/dynatrace-bindplane-otel-contrib/processor/logcountprocessor,v1.0.0
2026-09-29T18:44:24.023387Z,github.com/flamingock/flamingock-java,v1.0.0-beta.6
2026-09-29T18:44:25.859579Z,github.com/dynatrace/dynatrace-bindplane-otel-contrib/processor/samplingprocessor,v1.0.0
2026-09-29T18:44:26.541364Z,github.com/dynatrace/dynatrace-bindplane-otel-contrib/processor/spancountprocessor,v1.0.0
2026-09-29T18:44:26.563734Z,github.com/dynatrace/dynatrace-bindplane-otel-contrib/processor/resourceattributetransposerprocessor,v1.0.0
2026-09-29T18:44:26.926174Z,github.com/SecureCodeBox/secureCodeBox/operator,v0.0.0-20210512114551-f7af2ead2c3d
2026-09-29T18:44:27.139099Z,github.com/dynatrace/dynatrace-bindplane-otel-contrib/processor/removeemptyvaluesprocessor,v1.0.0
2026-09-29T18:44:28.554586Z,github.com/runnerq/cloud-storage-go,v0.0.0-20260929184404-9a7f86bcbff5
2026-09-29T18:44:29.092279Z,github.com/DubInc/dub,v0.0.0-20260929182404-e5d5f883a794
2026-09-29T18:44:29.493266Z,github.com/dynatrace/dynatrace-bindplane-otel-contrib/receiver/awss3rehydrationreceiver,v1.0.0
2026-09-29T18:44:29.855594Z,github.com/dynatrace/dynatrace-bindplane-otel-contrib/processor/threatenrichmentprocessor,v1.0.0
2026-09-29T18:44:30.644981Z,github.com/dynatrace/dynatrace-bindplane-otel-contrib/receiver/azureblobrehydrationreceiver,v1.0.0
2026-09-29T18:44:30.735689Z,github.com/dynatrace/dynatrace-bindplane-otel-contrib/receiver/gcspubsubeventreceiver,v1.0.0
2026-09-29T18:44:30.862828Z,github.com/dynatrace/dynatrace-bindplane-otel-contrib/processor/throughputmeasurementprocessor,v1.0.0
2026-09-29T18:44:30.906282Z,github.com/dynatrace/dynatrace-bindplane-otel-contrib/receiver/awss3eventreceiver,v1.0.0
2026-09-29T18:44:31.445314Z,github.com/dynatrace/dynatrace-bindplane-otel-contrib/receiver/awsneuronreceiver,v1.0.0
2026-09-29T18:44:32.204146Z,github.com/dynatrace/dynatrace-bindplane-otel-contrib/receiver/bindplaneauditlogs,v1.0.0
2026-09-29T18:44:33.581158Z,github.com/dynatrace/dynatrace-bindplane-otel-contrib/receiver/azureblobpollingreceiver,v1.0.0
2026-09-29T18:44:34.705166Z,github.com/dynatrace/dynatrace-bindplane-otel-contrib/receiver/httpreceiver,v1.0.0
2026-09-29T18:44:36.627096Z,github.com/dynatrace/dynatrace-bindplane-otel-contrib/receiver/m365receiver,v1.0.0
2026-09-29T18:44:37.217926Z,github.com/dynatrace/dynatrace-bindplane-otel-contrib/receiver/googlecloudstoragerehydrationreceiver,v1.0.0
2026-09-29T18:44:37.79482Z,github.com/spamsch/son-of-simon,v0.8.2
2026-09-29T18:44:39.435861Z,github.com/dynatrace/dynatrace-bindplane-otel-contrib/receiver/sapnetweaverreceiver,v1.0.0
2026-09-29T18:44:39.539537Z,github.com/dynatrace/dynatrace-bindplane-otel-contrib/receiver/oktareceiver,v1.0.0
2026-09-29T18:44:39.787932Z,github.com/dynatrace/dynatrace-bindplane-otel-contrib/receiver/routereceiver,v1.0.0
2026-09-29T18:44:40.947898Z,github.com/dynatrace/dynatrace-bindplane-otel-contrib/receiver/windowseventtracereceiver,v1.0.0
2026-09-29T18:44:41.718213Z,github.com/dynatrace/dynatrace-bindplane-otel-contrib/receiver/telemetrygeneratorreceiver,v1.0.0
2026-09-29T18:44:42.145021Z,github.com/dynatrace/dynatrace-bindplane-otel-contrib/receiver/pcapreceiver,v1.0.0
2026-09-29T18:44:42.162567Z,github.com/dynatrace/dynatrace-bindplane-otel-contrib/receiver/restapireceiver,v1.0.0
2026-09-29T18:44:42.224414Z,github.com/dynatrace/dynatrace-bindplane-otel-contrib/receiver/splunksearchapireceiver,v1.0.0
2026-09-29T18:44:42.313945Z,github.com/tudo75/nvidia-fan-control,v1.0.7-0.20210804185112-2e604d995479
2026-09-29T18:44:42.767819Z,github.com/robolectric/robolectric,v0.0.0-20260928070422-5fa3b6a70ba8
2026-09-29T18:44:46.075628Z,github.com/python-fileformats/fileformats,v0.6.4
2026-09-29T18:44:46.16139Z,github.com/dcostersabin/nvidia-fan-control-gui-linux,v0.0.0-20230530143908-f96363039eb2
2026-09-29T18:44:50.593906Z,github.com/apache/camel-k/v2,v2.0.0-20260929101546-88cdc0b90b42
2026-09-29T18:44:54.061837Z,github.com/kiwix/operations,v0.0.0-20260929094159-fc328a9b4d5b
2026-09-29T18:44:54.063831Z,github.com/dynatrace/dynatrace-bindplane-otel-contrib,v1.0.0
2026-09-29T18:44:58.158465Z,github.com/dynatrace/dynatrace-bindplane-otel-contrib/pkg/expr,v1.0.0
2026-09-29T18:44:58.830034Z,github.com/dynatrace/dynatrace-bindplane-otel-contrib/internal/aws,v1.0.0
2026-09-29T18:44:58.830064Z,github.com/dynatrace/dynatrace-bindplane-otel-contrib/internal/testutils,v1.0.0
2026-09-29T18:44:58.831898Z,github.com/dynatrace/dynatrace-bindplane-otel-contrib/internal/amqfilter,v1.0.0
2026-09-29T18:44:59.016001Z,github.com/dynatrace/dynatrace-bindplane-otel-contrib/internal/blobconsume,v1.0.0
2026-09-29T18:44:59.072085Z,github.com/dynatrace/dynatrace-bindplane-otel-contrib/internal/storageclient,v1.0.0
2026-09-29T18:44:59.371686Z,github.com/dynatrace/dynatrace-bindplane-otel-contrib/internal/exporterutils,v1.0.0
2026-09-29T18:44:59.433011Z,github.com/dynatrace/dynatrace-bindplane-otel-contrib/internal/azureblob,v1.0.0
2026-09-29T18:45:00.840649Z,github.com/dynatrace/dynatrace-bindplane-otel-contrib/internal/blobstream,v1.0.0
2026-09-29T18:45:03.96412Z,github.com/dynatrace/dynatrace-bindplane-otel-contrib/pkg/counter,v1.0.0
2026-09-29T18:45:17.120762Z,github.com/tinfoilsh/cvmimage,v0.0.25
2026-09-29T18:45:17.845362Z,github.com/Golang/groupcache,v0.0.0-20191027212112-611e8accdfc9
2026-09-29T18:45:31.261276Z,github.com/virus-axel/godot-solana-sdk,v1.4.5
2026-09-29T18:45:31.514515Z,github.com/sukramj/go-openccu-data,v0.2.0
2026-09-29T18:45:35.905511Z,github.com/airshipit/kubernetes-entrypoint,v0.3.2-0.20260812173935-93ba16e7e25b
2026-09-29T18:45:36.462787Z,github.com/gomaja/go-asn1-gsmmap,v1.0.3
2026-09-29T18:45:41.25071Z,github.com/STMicroelectronics/stm32-mw-freertos,v0.0.0-20210708145458-5fe3a380e5ea
2026-09-29T18:45:45.13375Z,github.com/raposa-industries/adhunters/kit,v0.0.0-20260929182540-5608e0e4edf9
2026-09-29T18:45:46.318009Z,github.com/oracle/oci-powershell-modules,v143.1.0+incompatible
2026-09-29T18:45:48.027729Z,github.com/langgenius/docs,v0.0.0-20260628105821-72dbde29274b
2026-09-29T18:45:56.627138Z,github.com/DATADOG/datadog-agent/pkg/config/remote,v0.77.0-rc.1
2026-09-29T18:46:04.749399Z,github.com/STEllAR-GROUP/hpx,v2.0.0+incompatible
2026-09-29T18:46:08.080425Z,github.com/MilesCranmer/PySR,v2.6.0+incompatible
2026-09-29T18:46:17.947357Z,github.com/raposa-industries/adhunters,v0.0.0-20260929182540-5608e0e4edf9
2026-09-29T18:46:19.354837Z,github.com/Hyundai-Kia-Connect/hyundai_kia_connect_api,v4.34.0+incompatible
2026-09-29T18:46:20.578201Z,github.com/recordevolution/devicemanagementagent,v0.21.12
2026-09-29T18:46:33.091962Z,github.com/conforma/go-containerregistry/pkg/authn/kubernetes,v0.0.0-20260702142841-f9eefe19c7b2
2026-09-29T18:46:35.316177Z,github.com/ark-nEtwork/ark,v0.1.0
2026-09-29T18:46:35.381372Z,github.com/goliatone/node-bacstack,v0.0.1-beta.3
2026-09-29T18:46:35.503154Z,github.com/TheSlopMachine/proxypool,v1.0.0
2026-09-29T18:46:37.785435Z,github.com/ark-NEtwOrk/ark,v0.1.0
2026-09-29T18:46:37.944554Z,github.com/DATADOG/datadog-agent/pkg/config/model,v0.52.1
2026-09-29T18:46:39.289767Z,github.com/recrof/MeshCore,v0.0.0-20260919222616-e94125987ed8
2026-09-29T18:46:40.417717Z,github.com/Ark-netWork/arK,v0.0.1-alpha
2026-09-29T18:46:40.697915Z,github.com/ark-netWork/Ark,v0.1.1
2026-09-29T18:46:44.542846Z,github.com/ecohealthalliance/REacTive-table,v0.8.43
2026-09-29T18:46:52.420689Z,github.com/mitchellh/ghostty,v0.0.0-20230601021708-866de88ee62c
2026-09-29T18:46:59.772299Z,github.com/JUliaRegistries/General,v0.0.0-20260929184333-ee477c4c042c
2026-09-29T18:47:00.198839Z,github.com/kitsteam/mmp,v0.2.20
2026-09-29T18:47:03.912245Z,github.com/rectorphp/rector-doctrine,v0.0.0-20260926184048-91e9c152654a
2026-09-29T18:47:05.833478Z,github.com/fog/fog-xml,v0.1.3
2026-09-29T18:47:06.573198Z,gopkg.in/jbenet/go-context.v0,v0.0.0-20150711004518-d14ea06fba99
2026-09-29T18:47:06.769196Z,github.com/rectorphp/rector-downgrade-php,v0.0.0-20260926184106-aecffc1f3188
2026-09-29T18:47:07.884631Z,github.com/divijg19/Helm,v1.9.7
2026-09-29T18:47:09.143499Z,github.com/ark-NetwOrk/ArK,v0.4.0
2026-09-29T18:47:09.566416Z,github.com/Agent-field/agentfield,v0.1.141
2026-09-29T18:47:16.29584Z,github.com/arK-netwoRk/ark,v0.4.0
2026-09-29T18:47:16.396379Z,github.com/courier-new/sourcegraph,v0.0.0
2026-09-29T18:47:16.926635Z,github.com/aRk-nEtwOrk/ark,v0.4.0
2026-09-29T18:47:19.140988Z,github.com/aRk-neTwork/aRk,v0.4.0
2026-09-29T18:47:20.293176Z,github.com/justjavac/wechat-miniapp-radar,v0.0.0-20260929120228-31436a5301f7
2026-09-29T18:47:20.794233Z,github.com/splunk/terraform-provider-splunk,v1.5.7
2026-09-29T18:47:22.103901Z,github.com/ecohealthalliance/ReActive-tAble,v0.8.43
2026-09-29T18:47:22.58875Z,github.com/ark-NetWork/ark,v0.4.0
2026-09-29T18:47:28.032169Z,github.com/ark-neTwOrK/ark,v0.4.1
2026-09-29T18:47:29.450411Z,github.com/arK-netWork/ark,v0.4.1
2026-09-29T18:47:32.153974Z,github.com/ark-networK/aRk,v0.4.2
2026-09-29T18:47:34.51159Z,github.com/simonw/simonw,v0.0.0-20260929182959-9e85d674150e
2026-09-29T18:47:37.698437Z,github.com/aRk-neTwOrk/ark,v0.2.0
2026-09-29T18:47:38.429184Z,github.com/ARk-neTwork/ark,v0.2.0
2026-09-29T18:47:40.478059Z,github.com/LocalKinAI/kin-code,v0.10.1-0.20260913051313-436cfa58148e
2026-09-29T18:47:40.938807Z,github.com/arK-netWork/aRk,v0.2.0
2026-09-29T18:47:41.520999Z,github.com/arK-netwORk/ark,v0.2.0
2026-09-29T18:47:42.254092Z,github.com/ark-Network/arK,v0.1.0
2026-09-29T18:47:45.760856Z,github.com/ark-netWoRk/ark,v0.2.0
2026-09-29T18:47:46.004506Z,github.com/ark-network/aRk,v0.2.0
2026-09-29T18:47:46.473708Z,github.com/ark-neTwork/aRk,v0.2.0
2026-09-29T18:47:51.148727Z,github.com/bazel-contrib/rules_jvm,v0.34.1-0.20260911155646-5fa6305ad151
2026-09-29T18:47:51.196113Z,github.com/arK-netWork/aRK,v0.3.1-rc.0
2026-09-29T18:47:52.796723Z,github.com/ark-NeTwork/ark,v0.3.1-rc.0
2026-09-29T18:47:54.625786Z,github.com/Remix-Run/react-router,v0.0.0-20230614155622-ed17fcd344d3
2026-09-29T18:47:55.061571Z,github.com/googlecloudplatform/golang-samples/getting-started,v0.0.0-20260929183402-6c6c492ba4b8
2026-09-29T18:47:55.282873Z,github.com/Dicklesworthstone/beads_viewer,v0.25.2-0.20260929173034-c02a80a0bc75
2026-09-29T18:47:56.216802Z,github.com/mozilla/code-review,v0.0.0-20191126145506-4c4d67535c11
2026-09-29T18:47:59.510474Z,github.com/SmallStep/cli,v0.31.0
2026-09-29T18:48:01.781543Z,github.com/saleor/saleor,v2017.12.2-0.20260929114538-9ea6bdeae2e7+incompatible
2026-09-29T18:48:06.58495Z,github.com/adonisjs/ace,v14.1.1+incompatible
2026-09-29T18:48:07.652307Z,github.com/andymai/gridfinity-layout-tool,v1.21.1-0.20260524031530-c704ffc0498d
2026-09-29T18:48:08.985986Z,github.com/nrfconnect/sdk-connectedhomeip,v3.4.1+incompatible
2026-09-29T18:48:09.664764Z,github.com/ark-nETwork/ark,v0.2.0
2026-09-29T18:48:12.397133Z,github.com/php-curl-class/php-curl-class,v0.0.0-20260929181837-36bd67747809
2026-09-29T18:48:12.954726Z,github.com/chipsalliance/Cores-VeeR-EH1,v0.0.0-20260716094149-d04b1c7ae675
2026-09-29T18:48:15.370401Z,go.chromium.org/build/kzipinfo,v0.0.0-20260929090115-938ab625cd0c
2026-09-29T18:48:18.725997Z,github.com/GoogleCloudPlatform/golang-samples/asset,v0.0.0-20260929183402-6c6c492ba4b8
2026-09-29T18:48:18.872027Z,github.com/dreego-stack/dreego/dreegotest,v0.10.9
2026-09-29T18:48:32.403058Z,github.com/Redaxo/Core,v0.0.0-20260922225610-5ccac96aad23
2026-09-29T18:48:34.979889Z,github.com/gojekfarm/xrun,v0.4.1-0.20260929184800-4de7f472d6d4
2026-09-29T18:48:35.607384Z,github.com/GoogleCloudPlatform/golang-samples/dialogflow,v0.0.0-20260929183402-6c6c492ba4b8
2026-09-29T18:48:36.563874Z,github.com/GoogleCloudPlatform/golang-samples/jobs,v0.0.0-20260929183402-6c6c492ba4b8
2026-09-29T18:48:36.774243Z,github.com/GoogleCloudPlatform/golang-samples/storagetransfer,v0.0.0-20260929183402-6c6c492ba4b8
2026-09-29T18:48:37.919065Z,github.com/pb33f/libopenapi-validator,v0.15.0
2026-09-29T18:48:37.99973Z,github.com/libercapital/liber-logger-go,v1.2.0
2026-09-29T18:48:40.579609Z,github.com/redbase-app/redb-identity,v4.1.1+incompatible
2026-09-29T18:48:41.039907Z,github.com/pEsT-pARSeR/PEST,v2.9.3-0.20260926115713-9abf9e564f51+incompatible
2026-09-29T18:48:41.575018Z,github.com/peST-PaRSEr/pESt,v2.9.3-0.20260926115713-9abf9e564f51+incompatible
2026-09-29T18:48:41.6845Z,github.com/PEsT-pArsER/peSt,v2.9.3-0.20260926115713-9abf9e564f51+incompatible
2026-09-29T18:48:41.721877Z,github.com/PEsT-paRsEr/pEST,v2.9.3-0.20260926115713-9abf9e564f51+incompatible
2026-09-29T18:48:41.832268Z,github.com/PEST-PARSer/PEsT,v2.9.3-0.20260926115713-9abf9e564f51+incompatible
2026-09-29T18:48:41.935927Z,github.com/PEst-PaRSER/peST,v2.9.3-0.20260926115713-9abf9e564f51+incompatible
2026-09-29T18:48:41.976042Z,github.com/PEst-pARSER/pEst,v2.9.3-0.20260926115713-9abf9e564f51+incompatible
2026-09-29T18:48:41.979787Z,github.com/pEst-PARSEr/PEst,v2.9.3-0.20260926115713-9abf9e564f51+incompatible
2026-09-29T18:48:42.153964Z,github.com/pEst-pArSeR/PEST,v2.9.3-0.20260926115713-9abf9e564f51+incompatible
2026-09-29T18:48:42.258743Z,github.com/Pest-paRseR/pEST,v2.9.3-0.20260926115713-9abf9e564f51+incompatible
2026-09-29T18:48:42.373036Z,github.com/PEST-parsEr/PeST,v2.9.3-0.20260926115713-9abf9e564f51+incompatible
2026-09-29T18:48:42.375464Z,github.com/PesT-pARsER/pEST,v2.9.3-0.20260926115713-9abf9e564f51+incompatible
2026-09-29T18:48:42.530412Z,github.com/pEst-PARsER/PESt,v2.9.3-0.20260926115713-9abf9e564f51+incompatible
2026-09-29T18:48:42.634713Z,github.com/pest-pARsEr/pESt,v2.9.3-0.20260926115713-9abf9e564f51+incompatible
2026-09-29T18:48:42.642594Z,github.com/pEST-PARsER/PEst,v2.9.3-0.20260926115713-9abf9e564f51+incompatible
2026-09-29T18:48:42.748859Z,github.com/PESt-PARSER/pest,v2.9.3-0.20260926115713-9abf9e564f51+incompatible
2026-09-29T18:48:42.923468Z,github.com/PeSt-PArSer/PeST,v2.9.3-0.20260926115713-9abf9e564f51+incompatible
2026-09-29T18:48:43.041905Z,github.com/PEST-PaRsER/pEst,v2.9.3-0.20260926115713-9abf9e564f51+incompatible
2026-09-29T18:48:43.084003Z,github.com/PEsT-PArser/pEst,v2.9.3-0.20260926115713-9abf9e564f51+incompatible
2026-09-29T18:48:43.116369Z,github.com/pEst-PARsEr/PesT,v2.9.3-0.20260926115713-9abf9e564f51+incompatible
2026-09-29T18:48:43.303214Z,github.com/pEsT-PARSeR/PeST,v2.9.3-0.20260926115713-9abf9e564f51+incompatible
2026-09-29T18:48:43.578209Z,github.com/pESt-PaRSEr/PeSt,v2.9.3-0.20260926115713-9abf9e564f51+incompatible
2026-09-29T18:48:43.58595Z,github.com/oasislabs/ekiden/go,v0.2601.1-0.20260929102830-acf17ac3f60c
2026-09-29T18:48:43.667381Z,github.com/PEst-PArsEr/PesT,v2.9.3-0.20260926115713-9abf9e564f51+incompatible
2026-09-29T18:48:43.740582Z,github.com/Pest-pARsER/PesT,v2.9.3-0.20260926115713-9abf9e564f51+incompatible
2026-09-29T18:48:43.843982Z,github.com/pEST-PArser/pEsT,v2.9.3-0.20260926115713-9abf9e564f51+incompatible
2026-09-29T18:48:44.688265Z,github.com/pEST-pARsEr/pesT,v2.9.3-0.20260926115713-9abf9e564f51+incompatible
2026-09-29T18:48:44.699236Z,github.com/peSt-PArsEr/pEsT,v2.9.3-0.20260926115713-9abf9e564f51+incompatible
2026-09-29T18:48:44.732986Z,github.com/pest-Parser/pesT,v2.9.3-0.20260926115713-9abf9e564f51+incompatible
2026-09-29T18:48:45.166222Z,github.com/PeSt-ParseR/PEst,v2.9.3-0.20260926115713-9abf9e564f51+incompatible
2026-09-29T18:48:45.854999Z,github.com/GoogleCloudPlatform/golang-samples/cdn,v0.0.0-20260929183402-6c6c492ba4b8
2026-09-29T18:48:46.267677Z,github.com/googlecloudplatform/golang-samples/functions,v0.0.0-20260929183402-6c6c492ba4b8
2026-09-29T18:48:46.974435Z,github.com/GoogleCloudPlatform/golang-samples/iam,v0.0.0-20260929183402-6c6c492ba4b8
2026-09-29T18:48:48.789207Z,github.com/PESt-PaRSeR/peSt,v2.9.3-0.20260926115713-9abf9e564f51+incompatible
2026-09-29T18:48:48.991468Z,github.com/peST-parSEr/PeSt,v2.9.3-0.20260926115713-9abf9e564f51+incompatible
2026-09-29T18:48:49.058204Z,github.com/pESt-pARser/Pest,v2.9.3-0.20260926115713-9abf9e564f51+incompatible
2026-09-29T18:48:50.450117Z,github.com/PEsT-parser/pESt,v2.9.3-0.20260926115713-9abf9e564f51+incompatible
2026-09-29T18:48:50.489002Z,github.com/PEst-pArSEr/pest,v2.9.3-0.20260926115713-9abf9e564f51+incompatible
2026-09-29T18:48:51.150909Z,github.com/Pest-PARSER/PEst,v2.9.3-0.20260926115713-9abf9e564f51+incompatible
2026-09-29T18:48:51.535251Z,github.com/lehigh-university-libraries/htr,v0.20.0
2026-09-29T18:48:52.319534Z,github.com/pest-PaRSer/PESt,v2.9.3-0.20260926115713-9abf9e564f51+incompatible
2026-09-29T18:48:54.597099Z,github.com/GoogleCloudPlatform/golang-samples/functions/functionsv2/imagemagick,v0.0.0-20260929183402-6c6c492ba4b8
2026-09-29T18:48:57.355205Z,github.com/harbor-framework/harbor,v0.23.1-0.20260929162221-0dc28dd80519
2026-09-29T18:48:59.018888Z,github.com/redbooth/backbone-redux,v0.0.0-20260923154555-9ed9b716b0c2
2026-09-29T18:49:15.060672Z,github.com/googlecloudplatform/golang-samples/profiler,v0.0.0-20260929183402-6c6c492ba4b8
2026-09-29T18:49:19.681036Z,github.com/truongfelix/idena-go,v0.17.2-0.20260929184709-9988029a7d66
2026-09-29T18:49:20.454484Z,github.com/kitsteam/oer-finder-plugin,v0.0.1
2026-09-29T18:49:27.489697Z,github.com/reinaldosaraiva/gocouple,v0.2.0
2026-09-29T18:49:30.075367Z,github.com/hjensas/ironic-operator,v0.0.0-20260927135033-43f1efee290a
2026-09-29T18:49:30.816625Z,github.com/atomic-blend/backend/productivity,v0.12.1
2026-09-29T18:49:35.658026Z,go.jlucktay.dev/golang-workbench/euler,v0.0.0-20260928032951-5e5ee5c15f68
2026-09-29T18:49:39.925885Z,github.com/googlecloudplatform/professional-services/tools/instance_mapper,v0.0.0-20260929184853-3a91c47ead3b
2026-09-29T18:49:40.343369Z,github.com/chaos-mesh/chaos-mesh/e2e-test/cmd/e2e_helper,v0.0.0-20260929012423-c859a9c63164
2026-09-29T18:49:48.448066Z,satellion.com/passmcp-server,v0.0.1
2026-09-29T18:49:55.121446Z,github.com/warpbuilds/warpbuild-agent,v1.13.0
2026-09-29T18:49:55.29671Z,github.com/kitsteam/pictosearch,v0.0.1
2026-09-29T18:50:00.108297Z,github.com/fosrl/newt,v1.18.0
2026-09-29T18:50:03.900085Z,github.com/ark-Network/ark,v0.3.0
2026-09-29T18:50:04.092246Z,github.com/googlecloudplatform/opentelemetry-operations-collector/components/google-built-opentelemetry-collector/extension/healthagent,v0.0.0-20260929184759-9e06c8cefcbf
2026-09-29T18:50:06.91753Z,github.com/googlecloudplatform/opentelemetry-operations-collector/components/google-built-opentelemetry-collector/processor/googlepolicyprocessor,v0.0.0-20260929184759-9e06c8cefcbf
2026-09-29T18:50:07.963556Z,github.com/hmdsefi/gograph,v0.7.2
2026-09-29T18:50:15.442114Z,github.com/theslopmachine/proxypool,v1.0.0
2026-09-29T18:50:16.221942Z,github.com/GoogleCloudPlatform/opentelemetry-operations-collector/components/google-built-opentelemetry-collector/processor/googlepolicyprocessor,v0.0.0-20260929184759-9e06c8cefcbf
2026-09-29T18:50:36.628997Z,github.com/gofr-dev/gofr,v0.0.0-20260917140829-dc7f88908169
2026-09-29T18:50:36.74257Z,github.com/GoogleCloudPlatform/golang-samples/functions/console_snippets/firestore,v0.0.0-20260929183402-6c6c492ba4b8
2026-09-29T18:50:43.111525Z,go.opentelemetry.io/collector-contrib/extension/storage,v0.162.0
2026-09-29T18:50:48.53109Z,github.com/redaxo/core,v0.0.0-20260922225610-5ccac96aad23
2026-09-29T18:50:54.122704Z,github.com/googlecloudplatform/golang-samples/getting-started/background,v0.0.0-20260929183402-6c6c492ba4b8
2026-09-29T18:50:58.237229Z,github.com/googlecloudplatform/golang-samples/functions/functionsv2/imagemagick,v0.0.0-20260929183402-6c6c492ba4b8
2026-09-29T18:50:58.944789Z,github.com/shogo82148/Redis-Namespace,v0.0.0-20260929145350-60569f665495
2026-09-29T18:51:00.400105Z,github.com/shogo82148/actions-upload-release-asset,v1.10.5
2026-09-29T18:51:00.468336Z,github.com/shogo82148/actions-setup-mysql,v1.54.1
2026-09-29T18:51:01.533255Z,github.com/Shopify/krane,v3.9.2+incompatible
2026-09-29T18:51:02.765287Z,github.com/shogo82148/actions-setup-perl,v1.44.1
2026-09-29T18:51:03.063907Z,github.com/shogo82148/actions-setup-redis,v1.58.1
2026-09-29T18:51:03.525186Z,github.com/redf0x1/camofox-browser,v2.4.8+incompatible
2026-09-29T18:51:04.489706Z,github.com/GoogleCloudPlatform/golang-samples/functions/security,v0.0.0-20260929183402-6c6c492ba4b8
2026-09-29T18:51:05.146894Z,github.com/wasmCloud/wasmCloud,v2.10.0+incompatible
2026-09-29T18:51:05.477504Z,github.com/shogo82148/dotfiles,v0.0.0-20260929125942-c47a56e161b5
2026-09-29T18:51:06.830009Z,github.com/googlecloudplatform/golang-samples/healthcare,v0.0.0-20260929183402-6c6c492ba4b8
2026-09-29T18:51:07.896483Z,github.com/SierraSoftworks/vue-template,v0.0.0-20260928012723-cb8e9036bcc0
2026-09-29T18:51:09.222459Z,github.com/GoogleCloudPlatform/golang-samples/run/sigterm-handler,v0.0.0-20260929183402-6c6c492ba4b8
2026-09-29T18:51:09.274116Z,github.com/googlecloudplatform/golang-samples/functions/codelabs/gopher,v0.0.0-20260929183402-6c6c492ba4b8
2026-09-29T18:51:09.348584Z,github.com/GoogleCloudPlatform/golang-samples/internal/cloudrunci/testingapp,v0.0.0-20260929183402-6c6c492ba4b8
2026-09-29T18:51:14.979041Z,github.com/GoogleCloudPlatform/golang-samples/routeoptimization,v0.0.0-20260929183402-6c6c492ba4b8
2026-09-29T18:51:15.090105Z,github.com/googlecloudplatform/golang-samples/asset,v0.0.0-20260929183402-6c6c492ba4b8
2026-09-29T18:51:15.349379Z,github.com/GoogleCloudPlatform/golang-samples/getting-started/gce,v0.0.0-20260929183402-6c6c492ba4b8
2026-09-29T18:51:16.349528Z,github.com/GoogleCloudPlatform/golang-samples/functions/spanner,v0.0.0-20260929183402-6c6c492ba4b8
2026-09-29T18:51:16.501018Z,github.com/GoogleCloudPlatform/golang-samples/functions/functionsv2/firebase/upper,v0.0.0-20260929183402-6c6c492ba4b8
2026-09-29T18:51:22.056872Z,github.com/divijg19/helm,v1.6.2
2026-09-29T18:51:24.139109Z,github.com/clodoaldomarques/core-sdk,v0.8.3
2026-09-29T18:51:26.884962Z,github.com/windmill-labs/windmill,v1.820.0
2026-09-29T18:51:27.277613Z,github.com/PEst-ParseR/PeST,v1.0.3
2026-09-29T18:51:27.646964Z,github.com/PeST-ParseR/peST,v1.0.3
2026-09-29T18:51:29.202344Z,github.com/Apache/solr,v0.0.0-20260929110855-e55d2e7bcb23
2026-09-29T18:51:29.275346Z,github.com/shogo82148/actions-goveralls,v1.11.3
2026-09-29T18:51:31.9674Z,github.com/joeylking/agent-runtime/examples/live,v0.0.0-20260925213021-5e18dfa06d52
2026-09-29T18:51:32.300157Z,github.com/pesT-PARSER/PesT,v1.0.3
2026-09-29T18:51:32.461049Z,github.com/linode/terraform-provider-linode/tools,v0.0.0-20260929145242-9f587369726a
2026-09-29T18:51:35.491363Z,github.com/PESt-ParSer/PEsT,v1.0.3
2026-09-29T18:51:36.611202Z,github.com/TryGhost/ghost,v6.66.0+incompatible
2026-09-29T18:51:36.772876Z,github.com/PesT-ParSEr/pest,v1.0.3
2026-09-29T18:51:37.246898Z,github.com/googlecloudplatform/golang-samples/cdn,v0.0.0-20260929183402-6c6c492ba4b8
2026-09-29T18:51:37.381289Z,github.com/Pest-Parser/PeST,v1.0.3
2026-09-29T18:51:37.983102Z,github.com/peSt-ParSER/PesT,v1.0.3
2026-09-29T18:51:38.322576Z,github.com/pEST-pArSER/pEsT,v1.0.3
2026-09-29T18:51:38.586202Z,github.com/joeylking/agent-runtime/examples/mcp,v0.0.0-20260925213021-5e18dfa06d52
2026-09-29T18:51:41.81794Z,github.com/Pest-pARSER/PEsT,v1.0.3
2026-09-29T18:51:43.235137Z,github.com/PeST-pARSEr/PesT,v1.0.3
2026-09-29T18:51:45.317249Z,github.com/pEst-parSEr/PeST,v1.0.3
2026-09-29T18:51:45.343902Z,go.jlucktay.dev/golang-workbench/mholt.github.io/binding,v0.0.0-20260928032951-5e5ee5c15f68
2026-09-29T18:51:45.76176Z,github.com/fikretyukselit/frc-mcp,v0.0.0-20260929181312-33ff96b9dde4
2026-09-29T18:51:47.047115Z,github.com/googlecloudplatform/golang-samples/firestore,v0.0.0-20260929183402-6c6c492ba4b8
2026-09-29T18:51:48.047032Z,github.com/PEsT-ParSEr/PeST,v1.0.3
2026-09-29T18:51:48.483556Z,github.com/redguardtoo/emacs.d,v0.0.0-20260929064312-b29527047f36
2026-09-29T18:51:50.526576Z,github.com/PEst-pArSEr/pEst,v1.0.3
2026-09-29T18:51:52.509005Z,github.com/PesT-PaRSEr/PEST,v1.0.3
2026-09-29T18:51:53.948281Z,github.com/googlecloudplatform/golang-samples/jobs,v0.0.0-20260929183402-6c6c492ba4b8
2026-09-29T18:51:54.346691Z,github.com/googlecloudplatform/golang-samples/iam,v0.0.0-20260929183402-6c6c492ba4b8
2026-09-29T18:51:55.498717Z,github.com/googlecloudplatform/golang-samples/storagetransfer,v0.0.0-20260929183402-6c6c492ba4b8
2026-09-29T18:51:55.856485Z,github.com/pEST-parSER/pest,v1.0.3
2026-09-29T18:51:55.916742Z,github.com/pEst-ParseR/peSt,v1.0.3
2026-09-29T18:52:00.701262Z,github.com/pEst-parSEr/PesT,v1.0.3
2026-09-29T18:52:01.010278Z,github.com/Pest-PARSER/pEsT,v1.0.3
2026-09-29T18:52:07.042251Z,github.com/googlecloudplatform/golang-samples/dialogflow,v0.0.0-20260929183402-6c6c492ba4b8
2026-09-29T18:52:08.075578Z,github.com/pEsT-parSeR/pEsT,v1.0.3
2026-09-29T18:52:08.64453Z,github.com/GrapheneOS/platform_system_core,v0.0.0-20260925165413-322ff5129d86
2026-09-29T18:52:10.813879Z,github.com/redhat-ai-americas/memory-hub,v0.0.0-20260923150210-e3ceb2887f4b
2026-09-29T18:52:11.840263Z,github.com/PEST-pArser/peSt,v1.0.3
2026-09-29T18:52:14.726779Z,github.com/redhat-appstudio/internal-services,v0.0.0-20260929125827-3de31725f800
2026-09-29T18:52:14.793637Z,github.com/redhat-appstudio/e2e-tests,v0.0.0-20260929075316-f89dd6b31483
2026-09-29T18:52:15.145304Z,github.com/AOSPA/android_system_core,v0.0.0-20260826025421-a39957699ee5
2026-09-29T18:52:15.437449Z,gofr.dev/pkg/gofr/datasource/couchbase,v0.0.0-20250821122700-76a5e930ac21
2026-09-29T18:52:16.229539Z,github.com/redhat-appstudio/image-controller,v0.0.0-20260929062315-e485dd96ea6d
2026-09-29T18:52:17.299888Z,github.com/GoogleCloudPlatform/golang-samples/healthcare,v0.0.0-20260929183402-6c6c492ba4b8
2026-09-29T18:52:17.949565Z,github.com/horsicq/xntsv,v0.0.0-20260929183340-8228f11e2561
2026-09-29T18:52:18.146487Z,github.com/PeST-paRSER/pEsT,v1.0.3
2026-09-29T18:52:18.83506Z,github.com/peST-pArSEr/pEst,v1.0.3
2026-09-29T18:52:19.397182Z,github.com/wotek/flux,v1.4.0
2026-09-29T18:52:20.728237Z,github.com/PeST-pArseR/pESt,v1.0.3
2026-09-29T18:52:21.11201Z,github.com/crdroidandroid/android_system_core,v0.0.0-20260912141109-d7f5b3c7fac2
2026-09-29T18:52:24.33316Z,github.com/peSt-paRsER/PEst,v1.0.3
2026-09-29T18:52:26.194797Z,gofr.dev/pkg/gofr/datasource/oracle,v0.0.0-20250821122700-76a5e930ac21
2026-09-29T18:52:26.447704Z,github.com/DerpFest-AOSP/android_system_core,v0.0.0-20260909145530-44b32ebbfce6
2026-09-29T18:52:26.884394Z,github.com/googlecloudplatform/golang-samples/functions/imagemagick,v0.0.0-20260929183402-6c6c492ba4b8
2026-09-29T18:52:28.748937Z,github.com/peST-PArSer/peSt,v1.0.3
2026-09-29T18:52:30.316272Z,github.com/redhat-best-practices-for-k8s/certsuite-operator,v0.0.0-20260925124402-61968c09a583
2026-09-29T18:52:30.685042Z,github.com/SodiumFRP/sodium,v0.0.0-20260928234311-03d0c0fe446a
2026-09-29T18:52:35.095017Z,github.com/PESt-ParSer/PeST,v1.0.3
2026-09-29T18:52:36.003714Z,github.com/shogo82148/redis-namespace,v0.0.0-20260929145350-60569f665495
2026-09-29T18:52:37.876176Z,github.com/shopify/krane,v3.9.2+incompatible
2026-09-29T18:52:38.697789Z,github.com/ArchiveBox/electron-archivebox,v1.13.13
2026-09-29T18:52:39.701579Z,github.com/future-architect/vUls,v0.41.0-rc.2
2026-09-29T18:52:40.05576Z,github.com/Divy1211/BinaryFileParser,v0.3.0-alpha3
2026-09-29T18:52:42.646853Z,github.com/archivebox/electron-archivebox,v1.13.13
2026-09-29T18:52:43.602401Z,github.com/idaholab/strelka,v0.0.0-20260903164941-c66f12bce0d4
2026-09-29T18:52:44.279909Z,github.com/alecmestroni/npm-run-all-next,v1.5.2
2026-09-29T18:52:45.886897Z,github.com/joeylking/agent-runtime,v0.0.0-20260925213021-5e18dfa06d52
2026-09-29T18:52:47.815895Z,github.com/schapman1974/tinymongo,v1.1.2
2026-09-29T18:52:47.833739Z,github.com/eloquent/pathogen,v0.0.0-20131018043047-723452b1bc3b
2026-09-29T18:52:47.903155Z,github.com/pouriashiralipour/golang-web-api,v0.0.0-20260922131445-d21cb7996d98
2026-09-29T18:52:49.635144Z,github.com/ecohealthalliance/reACTIVE-tAblE,v0.3.20
2026-09-29T18:52:53.483142Z,github.com/redhat-cop/gitops-catalog,v0.0.0-20260925202118-21c57d20f88c
2026-09-29T18:52:54.248771Z,github.com/abgeo/maroid/libs/notifier,v0.0.0-20260929183257-fa0845d82ea4
2026-09-29T18:52:56.024414Z,github.com/GoogleCloudPlatform/golang-samples/functions/codelabs/gopher,v0.0.0-20260929183402-6c6c492ba4b8
2026-09-29T18:52:57.326741Z,github.com/eclipse-symphony/symphony/packages/mage,v0.0.0-20260929170937-1997db27c5c0
2026-09-29T18:52:59.343438Z,github.com/go-spring/go-spring/starter/starter-echo,v0.0.0-20260929130730-0bb76dd9cc81
2026-09-29T18:53:00.486389Z,github.com/red-hat-data-services/maas-billing,v0.0.0-20260928161431-cfa888550696
2026-09-29T18:53:12.188144Z,github.com/TiB-Software/go-commons,v1.6.0
2026-09-29T18:53:15.605356Z,github.com/googlecloudplatform/golang-samples/functions/spanner,v0.0.0-20260929183402-6c6c492ba4b8
2026-09-29T18:53:16.126212Z,github.com/abgeo/maroid/libs/notifierapi,v0.0.0-20260929183257-fa0845d82ea4
2026-09-29T18:53:24.889186Z,github.com/googlecloudplatform/golang-samples/run,v0.0.0-20260929183402-6c6c492ba4b8
2026-09-29T18:53:33.996006Z,github.com/VULNCheck-Oss/Go-exploit,v1.58.0
2026-09-29T18:53:35.016206Z,github.com/googlecloudplatform/golang-samples/run/sigterm-handler,v0.0.0-20260929183402-6c6c492ba4b8
2026-09-29T18:53:42.100732Z,github.com/redhat-et/protobot,v0.0.0-20260929184117-961798334e19
2026-09-29T18:53:44.670776Z,github.com/GoogleCloudPlatform/golang-samples/appengine,v0.0.0-20260929183402-6c6c492ba4b8
2026-09-29T18:53:45.398386Z,github.com/GoogleCloudPlatform/golang-samples/getting-started/background,v0.0.0-20260929183402-6c6c492ba4b8
2026-09-29T18:53:45.76908Z,github.com/googlecloudplatform/golang-samples/functions/console_snippets/google_analytics,v0.0.0-20260929183402-6c6c492ba4b8
2026-09-29T18:53:46.257006Z,github.com/googlecloudplatform/golang-samples/routeoptimization,v0.0.0-20260929183402-6c6c492ba4b8
2026-09-29T18:53:48.725341Z,github.com/tib-software/go-commons,v1.6.0
2026-09-29T18:53:50.275508Z,github.com/timzatko/Sklearn-Nature-Inspired-Algorithms,v0.4.3
2026-09-29T18:53:50.315756Z,github.com/open-policy-agent/gatekeeper,v0.0.0-20201030005942-bfcfa2d44c2f
2026-09-29T18:53:56.138625Z,github.com/googlecloudplatform/golang-samples/getting-started/gce,v0.0.0-20260929183402-6c6c492ba4b8
2026-09-29T18:53:57.588645Z,github.com/kitware/Cmake,v2.8.10+incompatible
2026-09-29T18:53:59.620018Z,github.com/clarktrimble/apispec,v0.0.3
2026-09-29T18:54:06.910396Z,go.medium.engineering/picchu,v1.6.1
2026-09-29T18:54:08.872092Z,github.com/redhatinsights/compliance-backend,v0.0.0-20260929141109-ef8197bfc810
2026-09-29T18:54:09.516873Z,github.com/bacnet-stack/bacnet-stack,v0.0.0-20260929185202-2d4fa00c20a2
2026-09-29T18:54:12.311923Z,github.com/openfaas/faas-cli,v0.0.0-20260929183633-843323c6304d
2026-09-29T18:54:17.135409Z,github.com/RedHatInsights/insights-core,v0.0.0-20260924075340-e0cbceee1b78
2026-09-29T18:54:20.843729Z,github.com/redhatinsights/insights-content-template-renderer,v0.0.0-20260929045245-2c7800cf719d
2026-09-29T18:54:25.077304Z,go.opentelemetry.io/collector-contrib,v0.162.1-0.20260929180617-34dc92418064
2026-09-29T18:54:25.35756Z,github.com/wolfssl/wolfssl,v5.9.4-stable.0.20260929180440-fa267fdfea09+incompatible
2026-09-29T18:54:25.911181Z,github.com/SecObserve/secobserve,v0.9.9
2026-09-29T18:54:28.099656Z,github.com/redhatinsights/payload-tracker-go,v0.0.0-20260929132015-ff4a896d8fda
2026-09-29T18:54:33.71646Z,github.com/abgeo/maroid/libs/testdb,v0.0.0-20260929183257-fa0845d82ea4
2026-09-29T18:54:35.86014Z,github.com/RaRe-Technologies/smart_open,v8.0.2+incompatible
2026-09-29T18:54:37.617914Z,github.com/resend/resend-go/v4,v4.8.0
2026-09-29T18:54:44.41588Z,github.com/binsync/declib,v0.2.0
2026-09-29T18:54:53.930285Z,github.com/timzatko/sklearn-nature-inspired-algorithms,v0.4.6
2026-09-29T18:54:54.889772Z,open-cluster-management.io/addon-framework,v1.2.1-0.20260319130506-22f8652ec3e9
2026-09-29T18:55:05.027847Z,github.com/LostCityRS/engine-TS,v0.0.0-20251229164111-9aadcec4e956
2026-09-29T18:55:06.351181Z,github.com/rare-technologies/smart_open,v8.0.2+incompatible
2026-09-29T18:55:08.585405Z,github.com/secobserve/secobserve,v1.57.0
2026-09-29T18:55:12.543408Z,github.com/fosrl/olm,v1.10.0
2026-09-29T18:55:17.126288Z,github.com/pingcap/chaos-mesh,v0.0.0-20260929012423-c859a9c63164
2026-09-29T18:55:18.192663Z,github.com/LostCityRS/content,v0.0.0-20251227203807-e5d0282e03b3
2026-09-29T18:55:22.176785Z,github.com/LostCityRS/client-TS,v0.0.0-20251010041614-1cfb57bff1a4
2026-09-29T18:55:23.211995Z,github.com/nvidia/nvsentinel/health-monitors/slurm-drain-monitor,v0.0.0-20260929142712-08351fe50553
2026-09-29T18:55:24.736013Z,github.com/Automattic/wp-calypso,v0.0.0-20260929183929-1514fbfab372
2026-09-29T18:55:25.430654Z,github.com/LostCityRS/client-Java,v0.0.0-20250814010736-01f1608842ac
2026-09-29T18:55:34.454196Z,github.com/opensearch-project/opensearch-go/v5,v5.0.1-0.20260929061042-1491d81af24d
2026-09-29T18:55:35.173246Z,github.com/tinywasm/view,v0.6.13
2026-09-29T18:55:35.181202Z,github.com/nestybox/sysbox-fs,v0.0.0-20250117230605-f143580dd84e
2026-09-29T18:55:43.098022Z,github.com/tinywasm/components,v0.7.4
2026-09-29T18:55:44.896785Z,github.com/weaveworks/reignite,v0.0.0-20260929172527-d1f4676475c3
2026-09-29T18:55:48.449385Z,github.com/JulianKahnert/PDF-Archiver,v0.0.0-20260929184339-a4d56521233b
2026-09-29T18:55:49.998116Z,github.com/gitpod-io/gitpod/components/image-builder-api,v0.0.0-20260928134546-531a3a812250
2026-09-29T18:55:54.596438Z,github.com/spiridonov/deadhorse,v0.0.0-20260929183300-42548f09eaae
2026-09-29T18:55:57.443467Z,github.com/ark-NEtwork/ark,v0.2.0
2026-09-29T18:55:57.644035Z,github.com/tryghost/Ghost,v6.67.0+incompatible
2026-09-29T18:55:57.991995Z,github.com/weaveworks/flintlock,v0.0.0-20260929172527-d1f4676475c3
2026-09-29T18:55:59.221476Z,sigs.k8s.io/gcp-filestore-csi-driver,v1.14.1-0.20260922152611-b3d519b0665c
2026-09-29T18:56:01.396171Z,github.com/gopherex/sqld,v1.1.4
2026-09-29T18:56:05.43146Z,github.com/victorymau/react-os-shell,v4.123.0+incompatible
2026-09-29T18:56:08.990429Z,github.com/ark-netWorK/ark,v0.2.0
2026-09-29T18:56:10.196432Z,github.com/wso2/carbon-identity-framework,v7.11.211+incompatible
2026-09-29T18:56:14.529538Z,github.com/redianthus/owi,v0.0.0-20260929150024-03d8cb164a76
2026-09-29T18:56:15.045338Z,github.com/ark-NEtwoRk/ark,v0.2.0
2026-09-29T18:56:21.629597Z,github.com/ark-neTWork/ark,v0.2.0
2026-09-29T18:56:21.664326Z,github.com/re-Director/re-director,v0.0.0-20260925141738-09ef845d16cb
2026-09-29T18:56:23.634396Z,github.com/ark-neTWoRk/ark,v0.2.0
2026-09-29T18:56:24.036267Z,github.com/commet-labs/commet-go/v9,v9.4.0
2026-09-29T18:56:28.291076Z,github.com/aRk-netWork/ark,v0.2.0
2026-09-29T18:56:32.187258Z,go.opentelemetry.io/collector-contrib/extension/encoding,v0.162.0
2026-09-29T18:56:32.971447Z,github.com/ArK-neTwork/ark,v0.2.0
2026-09-29T18:56:33.299572Z,github.com/ArK-networK/arK,v0.2.0
2026-09-29T18:56:33.755777Z,github.com/arK-network/aRk,v0.2.0
2026-09-29T18:56:38.070078Z,github.com/Ark-nETwork/ark,v0.2.0
2026-09-29T18:56:40.043067Z,github.com/Ark-network/aRk,v0.2.0
2026-09-29T18:56:41.285577Z,github.com/Hajimehoshi/ebiten/v2,v2.3.0-alpha.0.20210928160017-78cdb94552e2
2026-09-29T18:56:44.03254Z,github.com/mrz1836/mage-x,v1.27.4
2026-09-29T18:56:46.127913Z,github.com/milescranmer/SymbolicRegression.jl,v2.5.0+incompatible
2026-09-29T18:56:48.608514Z,github.com/gopherex/sqld/cmd/sqld-gen-bob,v1.1.4
2026-09-29T18:56:51.500265Z,gopkg.in/mikefarah/yq.v4,v4.54.1
2026-09-29T18:56:51.669084Z,github.com/redis/go-redis/example/cluster-mget,v0.0.0-20260929121822-d8ee0a5e137b
2026-09-29T18:56:55.150254Z,github.com/redis/go-redis/example/hll,v0.0.0-20260929121822-d8ee0a5e137b
2026-09-29T18:56:55.717351Z,github.com/redis/go-redis/example/redis-bloom,v0.0.0-20260929121822-d8ee0a5e137b
2026-09-29T18:56:56.314817Z,github.com/redis/go-redis/example/digest-optimistic-locking,v0.0.0-20260929121822-d8ee0a5e137b
2026-09-29T18:57:06.178793Z,github.com/databricks/zerobus-sdk,v0.0.0-20260929082639-71eabb1b1240
2026-09-29T18:57:09.5819Z,github.com/redis/go-redis/example/disable-maintnotifications,v0.0.0-20260929121822-d8ee0a5e137b
2026-09-29T18:57:19.874745Z,github.com/redis-insight/redisinsight,v0.0.0-20260929112148-43bd288ed30d
2026-09-29T18:57:22.953925Z,github.com/redisinsight/redis-insight,v0.0.0-20260929112148-43bd288ed30d
2026-09-29T18:57:29.122136Z,github.com/carapace-sh/carapace-shlex,v1.1.2-0.20260929132946-3994fc8f8fa3
2026-09-29T18:57:31.18017Z,github.com/redis/go-redis/example/search-aggregate-steps,v0.0.0-20260929121822-d8ee0a5e137b
2026-09-29T18:57:34.836131Z,github.com/tribulnation/sdk,v0.0.0-20260929184503-db42aad030a1
2026-09-29T18:57:35.330199Z,github.com/GoogleCloudPlatform/golang-samples/eventarc/testing,v0.0.0-20260929183402-6c6c492ba4b8
2026-09-29T18:57:39.455333Z,github.com/apollostack/angular2-apollo,v4.1.1+incompatible
2026-09-29T18:57:41.672553Z,github.com/dersimeon/castctl,v1.0.1
2026-09-29T18:57:46.217593Z,github.com/facebookincubator/hsthrift,v0.0.0-20260929183141-d52473ac032d
2026-09-29T18:57:52.638112Z,github.com/rabbitmq/omq,v0.55.1-0.20260925100911-b49638e19c20
2026-09-29T18:57:57.481716Z,github.laiyagushi.com/runapi-ai/flux-sdk,v0.0.0-20260928040236-b2cf0b007981
2026-09-29T18:57:58.957092Z,github.com/the-i-engineers/cert-manager-webhook-oci,v0.3.7
2026-09-29T18:58:04.153812Z,github.com/dbrgn/openair-rs,v0.6.1
2026-09-29T18:58:05.463815Z,github.com/GoogleCloudPlatform/golang-samples/run/testing,v0.0.0-20260929183402-6c6c492ba4b8
2026-09-29T18:58:06.863659Z,github.com/viant/authz,v0.0.0-20260929185652-d5fd27551d76
2026-09-29T18:58:10.045897Z,github.com/zhs007/jarviscore,v0.0.0-20181107095125-e9ed54da09e3
2026-09-29T18:58:19.226697Z,github.com/Paymentbox-com/service-mesh-go,v0.1.1
2026-09-29T18:58:20.282501Z,github.com/Abraxas-365/iamkit/sdk,v0.0.0-20260929055221-72a4743b63dc
2026-09-29T18:58:21.096749Z,github.com/soda480/rest3client,v0.2.0
2026-09-29T18:58:23.131573Z,github.com/paymentbox-com/service-mesh-go,v0.1.1
2026-09-29T18:58:24.193059Z,github.com/udistrital/sga_mid_syllabus,v0.0.0-20260929185222-426d146b158b
2026-09-29T18:58:24.195273Z,gitlab.com/baserow/baserow,v0.0.0-20260929183330-ecf3ce19b3bb
2026-09-29T18:58:28.441416Z,github.com/tylergannon/gimbal,v0.12.2-0.20260929133641-3a13339dfc4c
2026-09-29T18:58:36.644041Z,github.com/drpcorg/nodecore,v0.0.0-20260929144519-a974a749c370
2026-09-29T18:58:44.63254Z,github.com/udistrital/sga_syllabus_mid,v0.0.0-20260929185222-426d146b158b
2026-09-29T18:58:47.725577Z,github.com/Abraxas-365/iamkit,v0.0.0-20260929055221-72a4743b63dc
2026-09-29T18:58:48.731825Z,github.com/MaxMood96/mongo-tools,v0.0.0-20260929162625-9348e032419d
2026-09-29T18:58:49.453386Z,github.com/go-authn/servercert,v0.1.0
2026-09-29T18:58:51.862449Z,github.com/maratyszcza/FP16,v0.0.0-20210320202818-0a92994d729f
2026-09-29T18:58:51.898429Z,github.com/grafana/pyroscope,v1.7.1-0.20241002063152-3cc5bd857f25
2026-09-29T18:58:52.098188Z,github.com/tetratelabs/getenvoy-package,v0.0.0-20190724112600-e257222d7b55
2026-09-29T18:58:52.817859Z,github.com/rednblackgames/gdx-miniaudio,v0.0.0-20260927155503-866c55315bd9
2026-09-29T18:58:54.197825Z,github.com/OneBusAWay/go-sdk,v0.1.0-alpha.13
2026-09-29T18:58:55.749242Z,github.com/thephpleague/uri-src,v0.0.0-20260929184909-ab574448a556
2026-09-29T18:59:04.746424Z,cnb.cool/cnb/feedback,v0.0.0-20260925133913-3f4e9142d56c
2026-09-29T18:59:10.728989Z,github.com/jeremygprawira/wlog/trace/otel,v0.8.0
2026-09-29T18:59:34.855345Z,github.com/QubesOS/qubes-core-agent-linux,v2.1.15+incompatible
2026-09-29T18:59:39.625878Z,opendev.org/openstack/cinder,v0.0.0-20260929160748-803dca69e692
2026-09-29T18:59:41.015769Z,github.com/edragoev1/pdfjet/v9,v9.0.3-0.20260929134354-8aaf0539e53c
2026-09-29T18:59:41.478822Z,github.com/redpanda-data/ai-sdk-go/examples/web_research_agent,v0.0.0-20260929165242-b6e41d4d6879
2026-09-29T18:59:42.483986Z,github.com/redpanda-data/ai-sdk-go/examples/agent_as_tool,v0.0.0-20260929165242-b6e41d4d6879
2026-09-29T18:59:42.51516Z,github.com/redpanda-data/ai-sdk-go/examples/lazy_tools,v0.0.0-20260929165242-b6e41d4d6879
2026-09-29T18:59:43.411515Z,github.com/newrelic/newrelic-cli/tools,v0.0.0-20260929132914-19d7c29ec2c4
2026-09-29T18:59:45.630512Z,github.com/abraxas-365/iamkit/sdk,v0.0.0-20260929055221-72a4743b63dc
2026-09-29T18:59:45.928902Z,github.com/qubesos/qubes-core-agent-linux,v2.1.15+incompatible
2026-09-29T18:59:51.503241Z,github.com/uqfoundation/pathos,v0.0.0-20260928031335-5b000edbe889
2026-09-29T18:59:56.737597Z,github.com/redpanda-data/common-go/portmapper,v0.0.0-20260922181238-9566b7beb637
2026-09-29T19:00:13.712885Z,github.com/threefoldtech/tfgrid,v0.0.0-20210920160039-e44a3ccc1f55
2026-09-29T19:00:14.716193Z,github.com/redot-engine/redot-engine,v0.0.0-20260929062712-80d31f765b0e
2026-09-29T19:00:16.572091Z,github.com/redpanda-data/redpanda-operator/acceptance,v0.0.0-20260929164432-4004ab035cdf
2026-09-29T19:00:21.398814Z,github.com/icco/plex-ai-labels,v0.0.0-20260929145135-3adbab79ac12
2026-09-29T19:00:30.266173Z,github.com/redpanda-data/redpanda-operator/lint,v0.0.0-20260929164432-4004ab035cdf
2026-09-29T19:00:31.178305Z,github.com/redpanda-data/redpanda-operator/licensereport,v0.0.0-20260929164432-4004ab035cdf
2026-09-29T19:00:38.17783Z,github.com/redpanda-data/redpanda-operator/reaper,v0.0.0-20260929164432-4004ab035cdf
2026-09-29T19:00:39.482904Z,github.com/redpanda-data/redpanda-operator/rpk-k8s-publish,v0.0.0-20260929164432-4004ab035cdf
2026-09-29T19:00:55.694665Z,github.com/joshvanl/durabletask-go,v0.0.0-20260929185633-04f8212c44f9
2026-09-29T19:01:05.010133Z,github.com/arK-netwOrk/Ark,v0.2.0
2026-09-29T19:01:06.555658Z,github.com/sumex-io/sumex-tradelib,v0.0.0-20260929181243-35f4711fb5fa
2026-09-29T19:01:08.162421Z,github.com/arcgolabs/vale,v0.1.7
2026-09-29T19:01:08.505725Z,github.com/ark-NetwOrK/ark,v0.2.0
2026-09-29T19:01:08.809154Z,github.com/flanksource/mission-control,v0.0.1959
2026-09-29T19:01:15.01965Z,github.com/ark-NEtwork/Ark,v0.2.0
2026-09-29T19:01:15.912968Z,github.com/ark-netWork/ark,v0.2.0
2026-09-29T19:01:16.887111Z,go.fuzzyporpoise.dev/book,v1.8.1
2026-09-29T19:01:18.756401Z,github.com/arK-Network/ark,v0.2.0
2026-09-29T19:01:19.486788Z,github.com/algolia/diffable-html,v4.1.0+incompatible
2026-09-29T19:01:22.635931Z,github.com/ark-netwoRk/ark,v0.2.0
2026-09-29T19:01:24.715319Z,github.com/aRk-neTwork/arK,v0.2.0
2026-09-29T19:01:29.033019Z,github.com/ark-network/arK,v0.2.0
2026-09-29T19:01:31.063929Z,github.com/carlos-rian/pysqlx-engine,v0.2.28
2026-09-29T19:01:34.182902Z,github.com/autumnjolitz/instruct,v0.9.0
2026-09-29T19:01:35.647883Z,github.com/ark-netWoRk/Ark,v0.2.0
2026-09-29T19:01:38.104734Z,github.com/ark-nEtWoRk/ark,v0.2.0
2026-09-29T19:01:39.807393Z,github.com/CMSgov/bcda-app,v0.0.0-20260929185057-92aa4ebda067
2026-09-29T19:01:43.890102Z,github.com/GoogleCloudPlatform/opentelemetry-operations-collector/pkg/googlepolicy,v0.0.0-20260929184759-9e06c8cefcbf
2026-09-29T19:01:44.664728Z,github.com/googlecloudplatform/opentelemetry-operations-collector/pkg/googlepolicy,v0.0.0-20260929184759-9e06c8cefcbf
2026-09-29T19:01:47.439052Z,github.com/hugoblox/hugo-blox-builder,v0.0.0-20251203210108-301b29448a05
2026-09-29T19:01:47.858304Z,github.com/calibr/node-amqptools,v0.21.5
2026-09-29T19:01:52.556758Z,github.com/zoobst/gobi,v0.4.14
2026-09-29T19:01:53.530448Z,github.com/frsource/toolkit,v0.0.0-20260929095024-f038a54a60fb
2026-09-29T19:02:00.689008Z,github.com/MASTERMINDS/structable,v0.0.0-20170407152004-a1a302ef78ec
2026-09-29T19:02:01.94584Z,github.com/gordonwei/victoria-gateway,v1.13.0
2026-09-29T19:02:02.1424Z,github.com/redrick/gw,v0.0.0-20260928123306-67e5a0106474
2026-09-29T19:02:07.94122Z,github.com/Supergiovane/KNXUltimate,v5.2.11+incompatible
2026-09-29T19:02:11.025269Z,github.com/oam-dev/kubevela,v1.11.1-0.20260929162142-f450c6ee9648
2026-09-29T19:02:13.48082Z,github.com/konsumer/rawproto,v0.7.6
2026-09-29T19:02:17.657728Z,github.com/frappe/frappe_docker,v3.2.2+incompatible
2026-09-29T19:02:18.670109Z,github.com/element-hq/synapse,v1.162.0
2026-09-29T19:02:20.919989Z,github.com/altcha-org/altcha-lib-go,v0.0.0-20260929091010-3753ae8468c1
2026-09-29T19:02:25.423898Z,github.com/supergiovane/knxultimate,v5.2.11+incompatible
2026-09-29T19:02:26.854583Z,github.com/microsoft/scitt-ccf-ledger,v0.0.0-20260929190052-2616471edf73
2026-09-29T19:02:27.889165Z,github.com/MoIzadloo/tsocks,v3.5.0+incompatible
2026-09-29T19:02:33.572859Z,webtyp.com/gorun,v0.0.27
2026-09-29T19:02:35.149943Z,webtyp.com/time,v0.5.7
2026-09-29T19:02:40.812944Z,github.com/cmsgov/bcda-app,v0.0.0-20260929185057-92aa4ebda067
2026-09-29T19:02:44.251814Z,github.com/GoogleCloudPlatform/opentelemetry-operations-collector/components/google-built-opentelemetry-collector/extension/healthagent,v0.0.0-20260929184759-9e06c8cefcbf
2026-09-29T19:02:45.511289Z,github.com/vaxin/seedance-cli,v0.2.0
2026-09-29T19:02:45.722693Z,github.com/DecimalTurn/toml-patch,v3.1.1+incompatible
2026-09-29T19:02:48.598142Z,github.com/Clipperhouse/displaywidth,v0.7.0
2026-09-29T19:02:50.246411Z,github.com/PNap/go-sdk-helper-bmc,v0.4.0
2026-09-29T19:02:51.161749Z,github.com/PixVerseAI/cli,v1.4.6
2026-09-29T19:02:51.647612Z,gitlab.torproject.org/tpo/anti-censorship/pluggable-transports/snowflake/v2,v2.14.2-0.20260928124409-9850fbe31535
2026-09-29T19:02:55.936867Z,github.com/LibsDL-org/SDL,v0.0.0-20260929134534-e8262a87a7b5
2026-09-29T19:02:56.722088Z,github.com/primandproper/primitives-go/v2,v2.11.0
2026-09-29T19:03:04.153271Z,github.com/alex-feel/hugo-artifacts/modules/agent-readiness,v0.0.0-20260927203029-7463fac8d93e
2026-09-29T19:03:05.760708Z,github.com/jeremygprawira/wlog,v0.8.1-0.20260927083313-3c58dc1b1339
2026-09-29T19:03:07.749598Z,github.com/SAP/Jenkins-Library,v1.478.0
2026-09-29T19:03:09.367692Z,github.com/STMicroelectronics/cmsis-device-h7,v1.10.4
2026-09-29T19:03:10.05588Z,buf.build/gen/go/brevdev/devplane/connectrpc/go,v1.21.0-20260929185244-7a10242522f7.1
2026-09-29T19:03:18.285456Z,github.com/Cloudquery/faker/v3,v3.7.7
2026-09-29T19:03:21.909205Z,github.com/sosy-lab/cpachecker,v0.0.0-20260929184518-f442343e906c
2026-09-29T19:03:29.928055Z,gitlab.com/gitlab-org/release-tools/metrics,v0.0.0-20260929182906-be6f77998c42
2026-09-29T19:03:30.235916Z,github.com/dviraran/xCell,v0.0.0-20240503145021-20e2919eefd3
2026-09-29T19:03:32.384894Z,github.com/libraz/go-oidc-provider/examples/internal/rpkit,v0.0.0-20260928142657-b387619d1542
2026-09-29T19:03:33.565018Z,github.com/pixverseai/cli,v1.4.6
2026-09-29T19:03:33.609852Z,github.com/decimalturn/toml-patch,v3.1.1+incompatible
2026-09-29T19:03:34.991852Z,github.com/moizadloo/tsocks,v3.5.0+incompatible
2026-09-29T19:03:41.612161Z,github.com/stmicroelectronics/cmsis-device-h7,v1.10.4
2026-09-29T19:03:44.774891Z,github.com/LiskHQ/lisk-hub,v3.0.2-alpha.0+incompatible
2026-09-29T19:03:47.620794Z,rafaelmartins.com/p/octokeyz,v0.0.0-20260929184531-90d77c5eff28
2026-09-29T19:03:52.352769Z,github.com/py2neo-org/py2neo,v0.0.0-20231020151005-05dbdb4bc6cd
2026-09-29T19:03:53.069192Z,github.com/googleapis/go-genai,v1.71.1-0.20260929061754-a2adbb50f5a2
2026-09-29T19:03:54.365618Z,github.com/palmr/gb-link-cable,v0.0.0-20260922185202-8fe787adfd89
2026-09-29T19:03:58.335821Z,github.com/tangerg/lynx/otel,v0.40.0
2026-09-29T19:04:01.853025Z,sigs.k8s.io/kubebuilder/v2,v2.0.0-20210118205944-032f0c4c0af6
2026-09-29T19:04:03.715562Z,github.com/stakwork/stakgraph/gateway/wrapper,v0.0.0-20260929184420-cfc61ba11a8b
2026-09-29T19:04:03.882364Z,github.com/radek-sprta/awesome-game-remakes,v0.0.0-20260929184026-9b38e444e6eb
2026-09-29T19:04:06.773842Z,github.com/perfectlysoft/perfect-mongodb,v0.0.0-20260929143831-6b8fe03572e2
2026-09-29T19:04:08.482598Z,github.com/artyomsv/marauder/backend,v0.0.0-20260929142030-fefa70addffb
2026-09-29T19:04:09.708114Z,github.com/pp81381/rsp1570serial,v0.1.6
2026-09-29T19:04:09.802817Z,github.com/radio-t/radio-t-site,v0.0.0-20260929190010-a21191b37f2e
2026-09-29T19:04:13.902087Z,cloud.google.com/go/pubsublite,v0.3.1-0.20201117074827-ecc706b03079
2026-09-29T19:04:14.738429Z,github.com/aws/aws-sdk-go-v2/service/identitystore,v1.47.0
2026-09-29T19:04:15.515472Z,github.com/reduxjs/redux-starter-kit,v2.13.0+incompatible
2026-09-29T19:04:21.188857Z,github.com/wolfenrain/umbra,v0.0.0-20221031132746-e37a865c8cc7
2026-09-29T19:04:22.315342Z,github.com/STMicroelectronics/stm32-mw-usb-device,v2.11.3+incompatible
2026-09-29T19:04:24.452412Z,github.com/aws/aws-sdk-go-v2/service/opensearch,v1.83.0
2026-09-29T19:04:28.897876Z,github.com/Test-More/Test2-Plugin-Cover,v0.0.0-20260911172130-6c13802ce095
2026-09-29T19:04:31.126023Z,github.com/wordpress/gutenberg,v0.0.0-20240717051440-92cea9e8ec3a
2026-09-29T19:04:38.942646Z,github.com/reduxjs/redux-toolkit,v2.13.0+incompatible
2026-09-29T19:04:42.680539Z,github.com/pixaranimationstudios/opensubdiv,v0.0.0-20260929172133-5ae53ff9c853
2026-09-29T19:04:46.438611Z,github.com/chemag/h265nal,v0.0.0-20260818141445-8e2fc0307c83
2026-09-29T19:04:49.116893Z,github.com/stakwork/stakgraph/gateway,v0.0.0-20260929184420-cfc61ba11a8b
2026-09-29T19:04:54.637316Z,github.com/kinged007/sortie-loop,v0.0.0-20260929190226-94b50da8a8b3
2026-09-29T19:05:00.231601Z,github.com/k1low/awsdo,v1.4.5
2026-09-29T19:05:01.923243Z,github.com/stmicroelectronics/stm32-mw-usb-device,v2.11.3+incompatible
2026-09-29T19:05:08.953403Z,github.com/EncEve/crypto,v0.0.0-20160429165342-5ea175e57bff
2026-09-29T19:05:15.058417Z,github.com/strahe/sanic-redis,v0.5.0
2026-09-29T19:05:17.663821Z,github.com/terorie/od-database,v0.0.0-20181207002821-1730501c67b5
2026-09-29T19:05:18.458997Z,github.com/PatrickLaabs/patricklaabs/update,v0.0.0-20260929165043-03abbca25d71
2026-09-29T19:05:21.535968Z,github.com/grafana-tools/sdk,v0.0.0-20171111150935-1af2eabc20dc
2026-09-29T19:05:27.493068Z,github.com/finalfusion/finalfusion-utils,v0.5.1
2026-09-29T19:05:30.422589Z,github.com/aep-dev/api-linter,v0.0.0-20240229214749-2bc5c574eb2e
2026-09-29T19:05:32.808039Z,github.com/finalfusion/finalfusion-python,v0.1.0
2026-09-29T19:05:33.771963Z,github.com/openshift/cluster-health-analyzer,v0.1.1-0.20260924101851-40916e0a26c8
2026-09-29T19:05:42.269026Z,github.com/rattle-brain/go-ebpf,v0.0.0-20260928190005-6d06d3f70d92
2026-09-29T19:05:54.293721Z,github.com/pions/webrtc,v1.0.1-0.20180828080309-cbea80026dc7
2026-09-29T19:05:56.072371Z,github.com/aws/aws-sdk-go-v2/service/inspector2,v1.61.0
2026-09-29T19:05:58.450725Z,webtyp.com/unixid,v0.2.29
2026-09-29T19:06:00.160993Z,github.com/vatnode/eu-vat-rates-data-go,v1.21.0
2026-09-29T19:06:03.244729Z,github.com/kitsteam/teammapper,v0.1.4
2026-09-29T19:06:03.265088Z,github.com/Nordix/cluster-api-provider-metal3/api,v0.0.0-20260924111745-ac4672b4d823
2026-09-29T19:06:03.903077Z,gitlab.com/blue-lila/kitcla,v0.0.72
2026-09-29T19:06:04.108969Z,github.com/pycqa/flake8,v0.0.0-20260929162716-0764184dabaf
2026-09-29T19:06:04.678604Z,github.com/bluesky-social/indigo,v0.0.0-20260929184902-b2619d864df0
2026-09-29T19:06:12.017209Z,github.com/hanzoai/personas,v1.0.4
2026-09-29T19:06:12.965341Z,github.com/enceve/crypto,v0.0.0-20160429165342-5ea175e57bff
2026-09-29T19:06:13.001793Z,github.com/aRK-networK/ark,v0.2.0
2026-09-29T19:06:27.902478Z,github.com/Ark-NetworK/ark,v0.2.0
2026-09-29T19:06:31.082274Z,github.com/rpi-distro/pi-gen,v0.0.0-20260929114018-c4f875735c10
2026-09-29T19:06:35.114246Z,github.com/bjorn/raccoin,v0.2.0
2026-09-29T19:06:35.707107Z,github.com/litelDev/levilamina,v26.51.6+incompatible
2026-09-29T19:06:37.25785Z,github.com/reearth/reearth/server,v0.0.0-20260929085330-9efbb0156860
2026-09-29T19:06:38.558113Z,github.com/gluonfield/jaz,v0.0.146
2026-09-29T19:06:43.603794Z,github.com/brunocodutra/metal,v0.7.0
2026-09-29T19:06:46.490021Z,github.com/aws-controllers-k8s/glue-controller,v1.2.3-0.20260929183759-30518cf64be3
2026-09-29T19:06:59.134718Z,github.com/aws/aws-sdk-go-v2/service/sagemaker,v1.280.0
2026-09-29T19:07:02.409259Z,github.com/Aswanidev-vs/chest,v0.6.0
2026-09-29T19:07:13.008961Z,github.com/helm/helm-www/sdkexamples,v0.0.0-20260929184513-cc4704b322d3
2026-09-29T19:07:13.762423Z,github.com/greenham13/grepai,v0.37.1-0.20260929190643-f6d2506e9eaa
2026-09-29T19:07:14.237815Z,github.com/awked-com/btrfs-backup-tools,v0.0.0-20260929185422-443b0c553178
2026-09-29T19:07:19.350939Z,github.com/aws/aws-sdk-go-v2/service/ec2,v1.338.0
2026-09-29T19:07:19.433457Z,github.com/htmlcsstoimage/pulumi-html-css-to-image,v0.2.0
2026-09-29T19:07:20.296353Z,github.com/htmlcsstoimage/pulumi-html-css-to-image/sdk/go,v0.2.0
2026-09-29T19:07:26.645813Z,xorm.io/xorm,v1.4.2
2026-09-29T19:07:28.405376Z,github.com/waltzofpearls/belt,v0.3.1
2026-09-29T19:07:34.956337Z,github.com/awked-com/nix-ci-worker,v0.0.0-20260929185436-b4573637d711
2026-09-29T19:07:35.896903Z,github.com/Mesh3l911/CVE-2021-32158,v0.0.0-20210426014413-0d6e30d87443
2026-09-29T19:07:54.288652Z,github.com/googlechrome/lighthouse,v0.0.0-20200312225301-468c10bb9df7
2026-09-29T19:07:54.384547Z,github.com/aws/aws-sdk-go-v2/service/glue,v1.165.0
2026-09-29T19:07:55.760854Z,github.com/perseids-project/sosol,v1.0.19-rc1.0.20211123160453-25dd79758653
2026-09-29T19:07:55.912363Z,github.com/helm/helm-www,v0.0.0-20260929184513-cc4704b322d3
2026-09-29T19:08:00.753693Z,github.com/aivis/nodejs-wav2png,v0.0.0-20130918155009-6d656f45d09f
2026-09-29T19:08:08.248515Z,github.com/reearth/reearth,v0.0.0-20260929085330-9efbb0156860
2026-09-29T19:08:10.076841Z,github.com/giovani-sirbu/mercury,v0.0.0-20260929145457-3954d666f87e
2026-09-29T19:08:11.806803Z,github.com/lotusnprod/lotus-processor,v0.0.0-20260928093452-63c558a7e4dd
2026-09-29T19:08:22.971786Z,github.com/aither64/codex-web,v0.0.0-20260929190212-f16fcff6fa9a
2026-09-29T19:08:26.490446Z,github.com/artyomsv/marauder,v0.0.0-20260929142030-fefa70addffb
2026-09-29T19:08:34.984384Z,github.com/dapr/components-contrib/bindings/wasm/testdata/loop,v0.0.0-20260929180936-c81381ab4cc6
2026-09-29T19:08:56.7048Z,github.com/aws/aws-sdk-go-v2/service/elasticache,v1.63.0
2026-09-29T19:09:04.757725Z,github.com/VOLTTRON/volttron,v0.0.0-20260926033909-22f85a465171
2026-09-29T19:09:05.530544Z,github.com/gitenberg/also-sprach-zarathustra--ein-buch-f-r-alle-und-keinen_7205,v0.0.0-20181021001313-9500ad9de2fb
2026-09-29T19:09:37.072377Z,github.com/symfony/dom-crawler,v0.0.0-20181124223019-2cdc7d3909ee
2026-09-29T19:09:40.314001Z,github.com/refaktor/rye/embed,v0.0.0-20260928180026-34dff13bce69
2026-09-29T19:09:40.720468Z,github.com/Nvidia/k8s-device-plugin,v0.20.1
2026-09-29T19:09:54.053332Z,github.com/ValveSoftware/SteamVR-for-Linux,v0.0.0-20260928210744-917dd9c63564
2026-09-29T19:10:02.186343Z,github.com/Actor-Framework/actor-framework,v0.0.0-20260929094036-9fccef56a4d3
2026-09-29T19:10:08.351401Z,github.com/coreos/dex,v0.0.0-20260929064916-46fd7efec8a5
2026-09-29T19:10:09.101362Z,github.com/ODIM-project/ODIM/lib-dmtf,v0.0.0-20210309174355-8b7f338a2b41
2026-09-29T19:10:09.202468Z,github.com/Virtual-TreeView/Virtual-TreeView,v0.0.0-20260929075548-1ca733f1938a
2026-09-29T19:10:11.631971Z,github.com/froala/wysiwyg-editor,v0.0.0-20260715105039-31a97294912d
2026-09-29T19:10:11.854221Z,github.com/atomic-blend/backend/auth,v0.9.0
2026-09-29T19:10:24.075068Z,github.com/WISDEM/WISDEM,v4.2.7+incompatible
2026-09-29T19:10:48.971186Z,github.com/rcpch/digital-growth-charts-react-component-library,v7.7.1+incompatible
2026-09-29T19:10:54.926412Z,github.com/NVIDIA/NVSentinel/data-models,v0.0.0-20260929142712-08351fe50553
2026-09-29T19:11:12.33077Z,github.com/pions/pkg,v0.0.0-20180806081500-854ffd8f0188
2026-09-29T19:11:13.362359Z,github.com/reflexioai/claude-smart,v0.2.51
2026-09-29T19:11:22.276437Z,github.com/UPTRACE/bun/internal/dbtest,v0.0.0-20260923081935-2b56250bfd68
2026-09-29T19:11:54.85915Z,github.com/p32929/ccss,v0.0.0-20260925035100-aad7d6324e6c
2026-09-29T19:11:58.072998Z,github.com/tryGhost/ghost,v6.66.0+incompatible
2026-09-29T19:12:04.07681Z,github.com/stmicroelectronics/stm32-mw-fatfs,v0.0.0-20260909085635-dd9126e957ae
2026-09-29T19:12:07.265213Z,github.com/Jguer/Yay/v11,v11.3.1
2026-09-29T19:12:07.358636Z,github.com/facebookresearch/igsm,v0.0.0-20250112233549-a1ed1d04600a
2026-09-29T19:12:09.345308Z,github.com/Hexeption/mcp-reborn,v0.0.0-20260724232014-727d72ffc66b
2026-09-29T19:12:11.720156Z,github.com/Hexeption/MinecraftForge,v11.0.0+incompatible
2026-09-29T19:12:15.493161Z,github.com/Corentints/ai-model-prices,v2026.9.28+incompatible
2026-09-29T19:12:19.114763Z,github.com/refractionPOINT/lc-extension/multiplexer,v0.0.0-20260929050642-03a8657803a8
2026-09-29T19:12:20.455844Z,github.com/kong/kubernetes-ingress-controller,v1.2.1-0.20210902134756-3e9761c378d0
2026-09-29T19:12:21.966197Z,github.com/aniket965/github-topics,v0.0.0-20170506150306-ad07c06c868a
2026-09-29T19:12:23.804872Z,github.com/cloudmesh/yamldb,v1.0.10
2026-09-29T19:12:24.811448Z,github.com/refractionPOINT/python-limacharlie,v0.0.0-20260929004152-e40d0889ff32
2026-09-29T19:12:28.884327Z,github.com/rom1504/minecraft-data,v0.4.0
2026-09-29T19:12:29.587392Z,github.com/tkdchen/Nitrate,v4.7.1+incompatible
2026-09-29T19:12:32.032776Z,github.com/Misode/mcsrc,v0.0.0-20251106222210-d0125994f080
2026-09-29T19:12:32.11614Z,github.com/LineageOS/android_system_core,v0.0.0-20250207173605-c0500ffe2cc2
2026-09-29T19:12:43.163784Z,github.com/seldaek/monolog,v0.0.0-20260929191041-aa53cd9bb323
2026-09-29T19:12:46.986282Z,github.com/STMicroelectronics/cmsis-core,v5.6.0+incompatible
2026-09-29T19:12:54.617917Z,github.com/spaceflightnewsapi/spaceflightnewsapi,v0.1.1
2026-09-29T19:12:59.548777Z,codeberg.org/tslocum/list2regexp,v1.0.6-0.20260929191204-a6743d7ac826
2026-09-29T19:13:03.742569Z,github.com/nvidia/nvsentinel/plugins/mock-slurm-operator,v0.0.0-20260929142712-08351fe50553
2026-09-29T19:13:09.99428Z,github.com/quantecon/lecture-python-intro,v0.0.0-20260928213508-2a15be252a69
2026-09-29T19:13:11.394024Z,github.com/Xilinx/PYNQ,v4.0.0+incompatible
2026-09-29T19:13:20.99433Z,github.com/containers/gvisor-tap-vsock/tools,v0.0.0-20260929090537-ad36eb20acfa
2026-09-29T19:13:30.140764Z,github.com/misode/mcsrc,v0.0.0-20251106222210-d0125994f080
2026-09-29T19:13:30.374908Z,github.com/Orrison/Meliorstan,v0.1.0
2026-09-29T19:13:35.433141Z,github.com/atodorov/kiwi,v3.8.17-1+incompatible
2026-09-29T19:13:40.143496Z,github.com/keycloak/keycloak-benchmark,v0.0.0-20260928195333-cee23c9f636c
2026-09-29T19:13:41.458088Z,github.com/openresty/ngx_devel_kit,v0.3.5
2026-09-29T19:13:42.804081Z,github.com/kubecost/cost-model,v1.121.4-0.20260923173606-1aaf85ffd875
2026-09-29T19:13:45.082633Z,github.com/dylang/logging,v4.2.0+incompatible
2026-09-29T19:13:47.606421Z,github.com/regarager/shiko-prompt,v0.0.0-20260924000258-c4e927fa23dd
2026-09-29T19:13:56.78523Z,github.com/containers/gvisor-tap-vsock,v0.0.0-20260929090537-ad36eb20acfa
2026-09-29T19:13:57.371932Z,github.com/kellpro/go-pq-cdc,v0.0.0-20260929154218-c41f8ce832fa
2026-09-29T19:14:06.172902Z,github.com/Seldaek/monolog,v0.0.0-20260929191041-aa53cd9bb323
2026-09-29T19:14:06.351527Z,github.com/x402-foundation/x402/go/v2,v2.28.0
2026-09-29T19:14:07.882648Z,github.com/MarathonLabs/marathon-cloud-cli,v0.0.0-20260927113602-ebd63e3441df
2026-09-29T19:14:09.236088Z,github.com/virtual-treeview/virtual-treeview,v0.0.0-20260929075548-1ca733f1938a
2026-09-29T19:14:10.429031Z,github.com/aws/aws-sdk-go-v2/service/sesv2,v1.77.0
2026-09-29T19:14:13.435234Z,github.com/sodiumfrp/sodium,v0.0.0-20260928234311-03d0c0fe446a
2026-09-29T19:14:17.724109Z,huggingface.co/datasets/inclusionai/areal-boba-data.git,v0.0.0-20250329012655-1799c00be3f1
2026-09-29T19:14:24.175336Z,github.com/ropensci/roadoi,v0.4.1
2026-09-29T19:14:24.683447Z,github.com/scienceai/crossref,v1.0.0
2026-09-29T19:14:37.776404Z,github.com/syllo/nvtop,v0.0.0-20260927221829-ed4a572ea7a2
2026-09-29T19:14:38.429696Z,github.com/Kong/openresty-release-mirror,v0.0.0-20260624054033-9898de9b90cd
2026-09-29T19:14:43.045949Z,github.com/theodinproject/theodinproject,v0.0.0-20260929143458-ac4c64632a79
2026-09-29T19:14:44.547721Z,github.com/KYOH86/gogh/v4,v4.0.0-alpha.1
2026-09-29T19:14:47.44368Z,github.com/rdmtc/node-red-contrib-ccu,v4.4.5+incompatible
2026-09-29T19:14:51.757073Z,github.com/volttron/volttron,v0.0.0-20260926033909-22f85a465171
2026-09-29T19:14:55.566024Z,innobytes.tech/bflow,v0.1.0-rc.3
2026-09-29T19:15:04.949116Z,github.com/observatorium/api,v0.1.3-0.20260929114314-ab5f9dc1a93b
2026-09-29T19:15:10.176526Z,github.com/zhangzhe-ctrl/ani-resource-service,v0.0.0-20260929185545-71aa986078df
2026-09-29T19:15:15.685724Z,github.com/hexeption/minecraftforge,v11.0.0+incompatible
2026-09-29T19:15:28.588433Z,github.com/wisdem/wisdem,v4.2.7+incompatible
2026-09-29T19:15:30.558369Z,github.com/xilinx/pynq,v4.0.0+incompatible
2026-09-29T19:15:35.545177Z,github.com/rdmtc/redmatic,v9.10.0+incompatible
2026-09-29T19:15:54.262407Z,github.com/atodorov/Kiwi,v3.8.17-1+incompatible
2026-09-29T19:16:12.750454Z,github.com/semistrict/sproutfs,v0.0.0-20260929132852-5a8f20977e19
2026-09-29T19:16:13.045667Z,github.com/aws/aws-sdk-go-v2/service/bedrockagentruntime,v1.64.0
2026-09-29T19:16:22.194093Z,github.com/therealbill/typesafe-go,v0.0.0-20260929000010-a809d578f051
2026-09-29T19:16:24.681616Z,github.com/aws/aws-sdk-go-v2/service/appstream,v1.71.0
2026-09-29T19:16:34.359379Z,github.com/SalesforceAIResearch/gift-eval,v0.0.0-20260928073448-82a8c1f9212c
2026-09-29T19:16:37.243574Z,github.com/vector-im/riot-web,v1.12.30
2026-09-29T19:16:40.404836Z,github.com/openshift/cluster-capi-operator/hack/tools,v0.0.0-20260929165937-31515a43cbfa
2026-09-29T19:16:49.544497Z,github.com/corentints/ai-model-prices,v2026.6.9+incompatible
2026-09-29T19:17:06.127292Z,github.com/Layr-labs/eigenlayer-middleware,v1.5.0
2026-09-29T19:17:08.979972Z,github.com/unxed/goWidgets,v0.0.0-20260929191148-a4c47076749a
2026-09-29T19:17:12.631756Z,github.com/regro/conda-mirror,v0.12.2
2026-09-29T19:17:16.748839Z,github.com/kitsteam/tesseract.js,v2.0.0-alpha.11+incompatible
2026-09-29T19:17:36.484264Z,github.com/SecureCodeBox/secureCodeBox,v0.0.0-20210512114551-f7af2ead2c3d
2026-09-29T19:17:37.90891Z,github.com/gasp-xyz/gasp-e2e,v0.32.0
2026-09-29T19:17:43.312224Z,github.com/tkdchen/nitrate,v4.7.1+incompatible
2026-09-29T19:17:44.086499Z,github.com/Orrison/meliorstan,v1.0.15
2026-09-29T19:17:44.531726Z,github.com/rehan1020/mcp-india-stack,v0.6.6
2026-09-29T19:17:47.435479Z,github.com/Orrison/MeliorStan,v1.0.15
2026-09-29T19:17:57.960042Z,github.com/KyleBAnks/depth,v1.2.1
2026-09-29T19:17:59.99565Z,github.com/KomeiDiSanXian/remilia,v1.67.1
2026-09-29T19:18:19.700739Z,github.com/aws/aws-sdk-go-v2/service/transfer,v1.84.0
2026-09-29T19:18:19.986474Z,github.com/stmicroelectronics/cmsis-core,v5.6.0+incompatible
2026-09-29T19:18:24.244497Z,github.com/epistimio/orion,v0.0.0-20251121201800-926e9b95342d
2026-09-29T19:18:29.461707Z,github.com/aws/aws-sdk-go-v2/service/internal/serdebenchmark/jsonrpc10dataplane,v0.0.0-20260929183212-404700d41c3f
2026-09-29T19:18:33.219398Z,github.com/titpetric/platform,v0.8.0
2026-09-29T19:18:43.62503Z,github.com/RedHatInsights/cloud-connector,v0.0.0-20260929191051-fef56160a00f
2026-09-29T19:18:55.050123Z,github.com/Reiers/lantern,v1.10.0
2026-09-29T19:19:20.946534Z,github.com/codnect/procyon,v0.0.3-0.20260929152915-5798d6e6566a
2026-09-29T19:19:21.041703Z,github.com/reidransom/servd,v0.6.3
2026-09-29T19:19:37.623574Z,github.com/drand/tlock,v1.2.1-0.20260923175943-3ea7fbb59e85
2026-09-29T19:19:47.040407Z,github.com/PixoVR/pixo-golang-clients/vertex-ai,v0.0.0-20260929175026-3b18ebd10db8
2026-09-29T19:19:54.088246Z,github.com/idaholab/Malcolm,v25.11.1-0.20260820194729-207c4a9e7e68+incompatible
2026-09-29T19:20:11.009042Z,github.com/abraxas-365/iamkit,v0.0.0-20260929055221-72a4743b63dc
2026-09-29T19:20:14.135686Z,go.segfaultmedaddy.com/pgxephemeraltest/v2,v2.0.0
2026-09-29T19:20:16.604302Z,github.com/SonarSource/sonarlint-intellij,v0.0.0-20260929110556-62e91d8562f5
2026-09-29T19:20:20.463979Z,github.com/reiers/lantern,v1.10.0
2026-09-29T19:20:21.845099Z,github.com/komeidisanxian/remilia,v1.67.1
2026-09-29T19:20:25.520837Z,github.com/spiffe/spire-plugin-sdk,v1.4.4-0.20260929185137-e961422db712
2026-09-29T19:20:26.627794Z,github.com/stamparm/maltrail,v0.0.0-20260929190059-49aac47cabf8
2026-09-29T19:20:30.574884Z,go.segfaultmedaddy.com/redistest,v0.2.0
2026-09-29T19:20:57.220352Z,github.com/TicketsBot-cloud/logarchiver,v0.0.0-20260929182354-92f0b13a1e1f
2026-09-29T19:20:58.577765Z,github.com/m0rf30/stremio-server-go,v0.17.0
2026-09-29T19:20:59.906445Z,github.com/alex-feel/hugo-artifacts/modules/images,v0.0.0-20260927203029-7463fac8d93e
2026-09-29T19:21:03.303512Z,github.com/googleforgames/agones/examples/xonotic,v0.0.0-20260928165444-69afff347cd8
2026-09-29T19:21:04.939692Z,github.com/getstream/getstream-go-webrtc,v0.0.0-20260929101527-0ab2ab241208
2026-09-29T19:21:17.214259Z,github.com/robofinsystems/robosystems-typescript-client,v2.2.5+incompatible
2026-09-29T19:21:17.388172Z,github.com/frozeman/bignumber.js-nolookahead,v0.0.0-20170624065739-57692b3ecfc9
2026-09-29T19:21:24.738009Z,github.com/kataras/pg,v1.0.16
