first_seen_at,module,version
2026-09-30T17:18:47.822445Z,github.com/acados/acados,v0.6.1-0.20260930135700-6cbbf9986ae0
2026-09-30T17:18:49.791255Z,github.com/tencent/bk-job,v3.7.2-alpha.11+incompatible
2026-09-30T17:18:51.23085Z,github.com/albatroxxx/zanskar,v1.2.1-0.20260930165727-cbe308eaa496
2026-09-30T17:18:54.067998Z,github.com/spectrocloud-public/cluster-api-provider-azure,v1.26.0-spectro-4.10.3
2026-09-30T17:19:00.884673Z,github.com/mesnage-org/pgfinder,v1.4.1-0.20260721133743-7b32a05704f1
2026-09-30T17:19:04.332554Z,github.com/opf/primer_view_components,v0.92.0
2026-09-30T17:19:05.054101Z,github.com/siemens/element,v51.3.0+incompatible
2026-09-30T17:19:12.593226Z,github.com/OCA/stock-logistics-orderpoint,v0.0.0-20260914162411-ae4706a07425
2026-09-30T17:19:18.7012Z,github.com/nexu-io/open-design,v0.0.0-20260930153147-53231d40b778
2026-09-30T17:19:23.043178Z,github.com/magicstack/Asyncpg,v0.31.1-0.20260929213609-25aaaf5412cf
2026-09-30T17:19:24.310513Z,github.com/tesTem/testem,v0.2.98
2026-09-30T17:19:25.734068Z,github.com/testem/tesTem,v0.2.98
2026-09-30T17:19:40.26125Z,github.com/DevShedLabs/csvx-go,v0.0.0-20260930164740-c6a37deba4fa
2026-09-30T17:19:40.880392Z,github.com/DataDog/prof-correctness,v1.0.1-0.20260928190009-7b185e995f39
2026-09-30T17:19:49.04033Z,github.com/coinbase/cdp-sdk,v0.0.0-20260930165654-d40fb3975395
2026-09-30T17:19:54.895447Z,github.com/Space-wizards/SpaceWizards.Lidgren.Network,v0.3.1
2026-09-30T17:19:56.948325Z,github.com/gsxhq/gsx,v0.1.2-0.20260930140658-23877746868a
2026-09-30T17:19:59.174201Z,github.com/aws/aws-sdk-go-v2/internal/configsources,v0.0.0-20260929183212-404700d41c3f
2026-09-30T17:20:03.606837Z,github.com/space-Wizards/spaceWizards.Lidgren.Network,v0.3.1
2026-09-30T17:20:05.048409Z,github.com/pawelwos/go-calendar,v0.0.0-20260930170016-806da99d1a6a
2026-09-30T17:20:08.919542Z,github.com/DevShedLabs/csvx-cli,v0.0.0-20260930170601-3974d0fdb30a
2026-09-30T17:20:13.040635Z,github.com/OSUSec/OSUSec.github.io,v0.0.0-20260928223238-0592078df3cd
2026-09-30T17:20:13.733012Z,github.com/trazonm/n8n-backup,v0.0.0-20260929053118-88d631f4ede8
2026-09-30T17:20:20.517339Z,github.com/traumtech/paas-cli,v0.41.0
2026-09-30T17:20:24.059852Z,github.com/mendersoftware/mender-connect,v0.0.0-20260930163228-4170a0eec0f4
2026-09-30T17:20:28.9993Z,github.com/trasa/watchmud,v0.2.0
2026-09-30T17:20:35.801401Z,github.com/Magnumripper/JohnTheRipper,v0.0.0-20260930094309-302f52709321
2026-09-30T17:20:45.606638Z,github.com/giaf/blasfeo,v0.0.0-20181019160221-d846448ebd9c
2026-09-30T17:20:48.537025Z,github.com/claudeup/claudeup,v0.0.0-20260104043149-1bb5f5d62caa
2026-09-30T17:20:54.255894Z,github.com/darnstrom/daqp,v0.10.2
2026-09-30T17:20:55.667848Z,github.com/semgrep/semgrep,v0.0.0-20210506193549-1bb9b1a2c5a7
2026-09-30T17:21:01.561083Z,github.com/fangq/jsonlab,v2.9.9-0.20260830171124-4e96abb7252a+incompatible
2026-09-30T17:21:04.282289Z,github.com/tinywasm/app,v0.6.84
2026-09-30T17:21:05.533553Z,github.com/treaz/jenkins-flow,v0.0.0-20260930112356-dfd648688830
2026-09-30T17:21:09.229195Z,github.com/treblle/cli,v1.1.0
2026-09-30T17:21:14.863889Z,github.com/volkszaehler/mbmd,v0.0.0-20260930171227-2f927ce062a9
2026-09-30T17:21:17.029642Z,github.com/ubgo/entkit,v0.0.0-20260928110530-0316ed102432
2026-09-30T17:21:33.314842Z,github.com/yh2237/utauio,v0.1.0
2026-09-30T17:21:37.202472Z,github.com/space-Wizards/lidgren-network-gen3,v0.3.1
2026-09-30T17:21:44.862516Z,github.com/tinywasm/tinywasm,v0.6.84
2026-09-30T17:21:49.908395Z,github.com/acrisci/node-dbus-next,v0.1.0
2026-09-30T17:21:50.882868Z,github.com/winst0niuss/ai-ready-pw-codegen,v1.8.0
2026-09-30T17:21:55.043186Z,github.com/GOReLeaser/GOReLeaser,v0.97.0
2026-09-30T17:21:55.630557Z,github.com/Datadog/datadog-agent/pkg/util/scrubber,v0.84.0
2026-09-30T17:21:57.063224Z,github.com/openrct2/OpenRCT2,v0.1.1
2026-09-30T17:22:00.352027Z,github.com/jbetancur/react-data-table-component,v8.11.0+incompatible
2026-09-30T17:22:00.432563Z,github.com/PingCap/tidb-operator,v1.1.0-alpha.1
2026-09-30T17:22:02.367334Z,github.com/pingcap/TiDB-Operator,v1.1.0-rc.3
2026-09-30T17:22:10.048202Z,github.com/treeform/silky,v0.0.0-20260924152204-b7f59fb7670a
2026-09-30T17:22:10.868886Z,github.com/chenasraf/simple-scaffold,v0.6.1
2026-09-30T17:22:13.166858Z,github.com/Giswater/giswater_qgis_plugin,v4.17.2+incompatible
2026-09-30T17:22:16.666084Z,github.com/dosbox-staging/Dosbox-staging,v0.80.0-alpha
2026-09-30T17:22:16.705012Z,github.com/ceejbot/soulsy,v0.9.0-rc3
2026-09-30T17:22:17.128571Z,github.com/itokun99/hudang,v0.0.0-20260930171429-480cd2b4d6a9
2026-09-30T17:22:18.483634Z,github.com/Molara-Lab/Molara,v0.1.1
2026-09-30T17:22:18.949876Z,github.com/publiciallc/go-help-desk/backend,v0.0.0-20260923112413-8574a4b41dd6
2026-09-30T17:22:21.011482Z,github.com/Thursday-Evening-Hackathon/Molara,v0.1.1
2026-09-30T17:22:24.320259Z,github.com/Actions/Setup-java,v5.5.0+incompatible
2026-09-30T17:22:25.513863Z,github.com/Actions/setup-java,v5.5.0+incompatible
2026-09-30T17:22:25.776499Z,github.com/returntocorp/semgrep,v0.0.0-20210420001210-54696d3f10fa
2026-09-30T17:22:25.902081Z,github.com/PingCap/TiDB-Operator,v1.1.0-alpha.1
2026-09-30T17:22:26.468242Z,github.com/Actions/Setup-Java,v5.5.0+incompatible
2026-09-30T17:22:26.776009Z,github.com/corezoid/simulator-ai-plugin,v2.7.1-0.20260929162922-202899b2b738+incompatible
2026-09-30T17:22:27.374951Z,github.com/mx-space/core,v14.15.0+incompatible
2026-09-30T17:22:27.928265Z,github.com/corezoid/simulator-ai-plugin/plugins/simulator/mcp-server,v0.0.0-20260929162922-202899b2b738
2026-09-30T17:22:28.925876Z,gitlab.isc.org/isc-projects/stork,v1.13.1-0.20260929184318-c6670eb53bb1
2026-09-30T17:22:31.384725Z,github.com/cloudquery/cloudquery,v0.0.0-20231023085803-7e81269c85c8
2026-09-30T17:22:33.182005Z,github.com/actions/Setup-Java,v5.5.0+incompatible
2026-09-30T17:22:37.531501Z,github.com/PureStorage-OpenConnect/pure-fb-openmetrics-exporter,v0.8.1
2026-09-30T17:22:43.93972Z,github.com/flanksource/canary-checker,v0.0.0-20260928162430-e31de1e1dc98
2026-09-30T17:22:44.304828Z,github.com/OpenAPITools/openapi-generator/samples/openapi3/client/petstore/go/go-petstore,v0.0.0-20260930163733-b02d00b2e04d
2026-09-30T17:22:45.22293Z,github.com/azure/azure-functions-golang-worker/middleware/otelfunc,v0.7.0-preview.0.20260930161533-fb828ebc0d49
2026-09-30T17:22:45.608902Z,github.com/openapitools/openapi-generator/samples/openapi3/client/petstore/go/go-petstore,v0.0.0-20260930163733-b02d00b2e04d
2026-09-30T17:22:46.624766Z,github.com/thursday-evening-hackathon/molara,v0.1.1
2026-09-30T17:22:48.982746Z,github.com/glennib/envoke,v1.7.0
2026-09-30T17:22:51.258067Z,github.com/rootless-containers/proto,v0.0.0-20210828195602-0f47b0c7c9ec
2026-09-30T17:22:53.089459Z,github.com/uxlfoundation/onedal,v0.0.0-20260930151211-eddfd7497f67
2026-09-30T17:22:55.737352Z,github.com/testcentric/testcentric-gui,v0.0.0-20260930054218-9e5e319d9b45
2026-09-30T17:22:56.127909Z,github.com/magicstack/asyncpg,v0.31.1-0.20260929213609-25aaaf5412cf
2026-09-30T17:22:57.307047Z,github.com/azure/azure-functions-golang-worker/otelcollector,v0.7.0-preview.0.20260930161533-fb828ebc0d49
2026-09-30T17:23:00.923885Z,github.com/xtls/libxray,v0.0.0-20260930122640-3c694b23290f
2026-09-30T17:23:01.923131Z,github.com/the-draupnir-project/draupnir,v1.85.0
2026-09-30T17:23:04.411636Z,github.com/spigell/pulumi-talos-cluster/integration-tests,v0.0.0-20260930171026-e80267437cf9
2026-09-30T17:23:05.877879Z,github.com/testcentric/testcentricrunner,v0.0.0-20260930054218-9e5e319d9b45
2026-09-30T17:23:09.186866Z,github.com/spigell/pulumi-talos-cluster/provider,v0.0.0-20260930171026-e80267437cf9
2026-09-30T17:23:10.857898Z,github.com/azure/azure-functions-golang-worker/triggers/blob,v0.7.0-preview.0.20260930161533-fb828ebc0d49
2026-09-30T17:23:12.698376Z,github.com/rhobs/observability-operator,v0.0.0-20260930163819-dd652b5f3c7a
2026-09-30T17:23:13.136182Z,github.com/spigell/pulumi-talos-cluster/sdk,v0.0.0-20260930171026-e80267437cf9
2026-09-30T17:23:13.801019Z,reconciler.io/runtime,v0.0.0-20260928114828-58fac96d763b
2026-09-30T17:23:22.513051Z,github.com/konveyor/tackle2-hub,v0.11.0
2026-09-30T17:23:25.555369Z,github.com/treideme/stc89c52-demos,v0.0.0-20260927193851-044a8418e4d4
2026-09-30T17:23:31.686179Z,github.com/platformio/platform-espressif32,v7.1.4-0.20260911133341-1152c8f69146+incompatible
2026-09-30T17:23:33.429307Z,github.com/fluidstackio/slurm-exporter,v0.5.0
2026-09-30T17:23:38.598989Z,github.com/giaf/hpipm,v0.0.0-20241128083732-deb7808e49a3
2026-09-30T17:23:42.660615Z,github.com/space-Wizards/robustToolbox,v291.0.1+incompatible
2026-09-30T17:23:44.05952Z,github.com/trekawek/coffee-gb,v0.0.0-20260930111435-4628806dd536
2026-09-30T17:23:44.999402Z,github.com/Moby/moby,v25.0.18+incompatible
2026-09-30T17:23:46.866041Z,github.com/platformio/platform-atmelavr,v5.3.1-0.20260623102858-5da4930a9787+incompatible
2026-09-30T17:23:48.634439Z,github.com/tradeblocks-org/tradeblocks,v1.3.0-beta.3
2026-09-30T17:24:01.565833Z,github.com/MetOffice/growss,v1.0.0
2026-09-30T17:24:03.574902Z,github.com/uptrace/bun/example/get-where-fields,v0.0.0-20260930130816-691d97d1812f
2026-09-30T17:24:05.721429Z,github.com/Testem/TESTEM,v0.2.54
2026-09-30T17:24:13.326811Z,github.com/sinohope/bitcoin-tx-builder,v0.0.0-20240513015723-c5e0371167ec
2026-09-30T17:24:15.206884Z,github.com/tremolosecurity/openunison,v0.0.0-20260923172205-26791eecad25
2026-09-30T17:24:17.208757Z,github.com/tremuradaniel/go-learning,v0.0.0-20260930123032-f4b0e104960e
2026-09-30T17:24:18.704844Z,github.com/newhuo-tech/newhuo_Golang,v0.0.0-20221002022119-64b699f67d71
2026-09-30T17:24:19.064257Z,github.com/MetOffice/monc,v0.0.0-20260722152411-8c4e3b5a1c14
2026-09-30T17:24:23.465282Z,github.com/huobitech/huobi_Golang,v0.0.0-20210226095227-8a30a95b6d0d
2026-09-30T17:24:24.292252Z,github.com/TESTEM/TESTEM,v0.2.0
2026-09-30T17:24:26.137066Z,github.com/MetOffice/moci,v0.0.0-20260722152453-f249bad43375
2026-09-30T17:24:28.610403Z,github.com/MetOffice/rose_picker,v0.0.0-20260722152317-a27831aa8e0f
2026-09-30T17:24:30.279619Z,github.com/platformio/platform-ststm32,v20.0.1-0.20260831142501-c7fe5b923c22+incompatible
2026-09-30T17:24:31.616411Z,github.com/MetOffice/lfric_core,v0.0.0-20260930072325-c49636e48236
2026-09-30T17:24:32.236373Z,github.com/cielong/pyfx,v0.1.0-alpha.2
2026-09-30T17:24:38.021912Z,github.com/Cimpress-MCP/JustReleaseNotes,v0.1.12
2026-09-30T17:24:39.574593Z,github.com/edknv/nv-ingest,v0.0.0-20260529004104-a1b1270541d2
2026-09-30T17:24:39.902712Z,github.com/vicent-dev/go-boilerplate,v0.0.0-20260926092730-87ca71b70490
2026-09-30T17:24:43.528631Z,github.com/bhirsz/robotframework-robocop,v6.0.0+incompatible
2026-09-30T17:24:44.13518Z,github.com/platformio/platform-nordicnrf52,v11.0.1-0.20260831190556-278176a7f7ff+incompatible
2026-09-30T17:24:44.566357Z,sigs.k8s.io/kustomize/cmd/gorepomod,v0.0.0-20260930131837-71372cf6323c
2026-09-30T17:24:45.975705Z,github.com/traefik/hub,v3.21.0-ea.3+incompatible
2026-09-30T17:24:46.631895Z,github.com/kyma-project/kyma-environment-broker/testing/e2e/skr/provisioning-service-test,v0.0.0-20260930100904-6d874d8ad5e3
2026-09-30T17:24:47.141659Z,github.com/cimpress-mcp/justreleasenotes,v0.1.12
2026-09-30T17:24:48.403381Z,github.com/mpenn/nv-ingest,v0.0.0-20240921163143-36c2ea86859a
2026-09-30T17:24:49.494763Z,github.com/TESTEM/Testem,v0.2.61
2026-09-30T17:24:51.504971Z,github.com/Testem/tesTem,v0.2.39
2026-09-30T17:24:59.108928Z,github.com/mfthfarid/tokoprediksi,v0.0.0-20260930163126-b73a8b7c0b7c
2026-09-30T17:24:59.121998Z,github.com/moby/profiles,v0.0.0-20260930170302-3df8851b4014
2026-09-30T17:25:00.811092Z,github.com/radyatamaa/go-helper,v0.0.0-20260929120906-4d9d9f199ca7
2026-09-30T17:25:02.398957Z,github.com/testem/Testem,v0.0.22
2026-09-30T17:25:05.271569Z,github.com/yorch/photo-renamer/src,v0.0.0-20250629121958-8f956cb95cd5
2026-09-30T17:25:05.298554Z,github.com/cyberspacesec/gxx,v1.1.9
2026-09-30T17:25:07.865845Z,github.com/Trendyol/go-mongo-cdc-elasticsearch,v0.0.0-20260928073500-514ff9e2c201
2026-09-30T17:25:08.853944Z,github.com/zamiell/hanabi-live/maintenance,v0.0.0-20260930085405-a392205605c2
2026-09-30T17:25:11.111792Z,github.com/tesTem/Testem,v2.5.0+incompatible
2026-09-30T17:25:12.288912Z,github.com/open-platform-model/library,v1.0.0-beta.1
2026-09-30T17:25:25.190296Z,github.com/metoffice/growss,v1.0.0
2026-09-30T17:25:28.422693Z,github.com/MarcosDead/SaaS-lib-auth-verifier,v0.0.0-20260930165857-844750701e43
2026-09-30T17:25:29.056483Z,github.com/DrSmugleaf/netserializer,v0.0.0-20190929094710-0b0b5c782a2d
2026-09-30T17:25:29.956678Z,github.com/CachyOS/CachyOS-PKGBUILDS,v0.0.0-20260929202807-ea58a42f3b7d
2026-09-30T17:25:40.263352Z,github.com/MetOffice/socrates-spectral,v0.0.0-20260722152638-12b0212aa6c6
2026-09-30T17:25:42.394264Z,github.com/trentkm/stormlight,v0.15.3
2026-09-30T17:25:43.478378Z,github.com/paritytech/jsonrpsee,v0.26.1
2026-09-30T17:25:47.483591Z,github.com/trentm/python-markdown2,v0.0.0-20260930010840-27cd678c18f7
2026-09-30T17:25:50.326533Z,github.com/freelancer/until-destroy,v9.2.3+incompatible
2026-09-30T17:25:51.863953Z,github.com/ohler55/slip-flow,v1.4.1
2026-09-30T17:25:54.038531Z,github.com/space-wizards/robust.LOaderAPi,v0.0.0-20260525152510-2b6a7db8d851
2026-09-30T17:25:56.063706Z,github.com/GoogleContainerTools/distroless,v0.0.0-20260930112652-821e26a1dc57
2026-09-30T17:26:03.936057Z,gopkg.in/apache/beam.v0,v0.1.0-incubating
2026-09-30T17:26:04.763224Z,github.com/trentmwillis/ember-exam,v10.2.0+incompatible
2026-09-30T17:26:16.595448Z,github.com/titpetric/tools/worktree,v0.0.0-20260930171833-ac0ed6a60f22
2026-09-30T17:26:21.434401Z,github.com/titpetric/platform-app,v0.0.0-20260930171607-b542ae9171e4
2026-09-30T17:26:23.349612Z,github.com/HalxDocs/dashdev,v0.1.3
2026-09-30T17:26:24.273225Z,github.com/tinywasm/sqlmcp,v0.0.57
2026-09-30T17:26:24.282867Z,github.com/GustavoCaso/folio,v0.0.6
2026-09-30T17:26:25.670453Z,github.com/Open-telemetry/opentelemetry-collector-contrib/receiver/datadogreceiver,v0.71.0
2026-09-30T17:26:31.605518Z,github.com/titpetric/tools/gofsck,v0.0.0-20260930171833-ac0ed6a60f22
2026-09-30T17:26:33.310154Z,github.com/alexeysetevoi/yandex-fleeting-plugin,v0.0.0-20260930172329-1e401641c263
2026-09-30T17:26:34.890784Z,github.com/cipherstash/encrypt-query-language,v0.0.0-20250311045853-25483032477e
2026-09-30T17:26:37.330256Z,github.com/NeoForgeMDKs/MDK-1.21.1-ModDevGradle,v0.0.0-20260930043112-7819b902a351
2026-09-30T17:26:37.56994Z,github.com/Neon-Genesis-Linux/pen-bot,v0.0.0-20260930151951-8392d492a4fb
2026-09-30T17:26:40.036986Z,github.com/MylesIsCool/ViaVersion,v0.0.0-20260930064307-a062d0905b7f
2026-09-30T17:26:40.51161Z,github.com/micronaut-projects/micronaut-guides,v0.0.0-20260930171156-1a0b54d80633
2026-09-30T17:26:43.890064Z,github.com/kubermatic/machine-controller,v1.66.3-0.20260929111634-2dd96cb49aea
2026-09-30T17:26:44.018834Z,github.com/N1N4U/Hex/core,v0.0.0-20260929202957-1078f3d6837a
2026-09-30T17:26:45.867118Z,github.com/tinywasm/mcp,v0.2.39
2026-09-30T17:26:46.104699Z,github.com/Openwrt-Passwall/openwrt-passwall2,v0.0.0-20260930162145-39d491e68a9d
2026-09-30T17:26:46.110834Z,github.com/NVIDIA/doca-platform,v0.1.0-latest-stable
2026-09-30T17:26:50.527878Z,github.com/Polyfrost/OneConfig,v0.0.0-20260930073853-cffff980c65c
2026-09-30T17:26:51.360465Z,github.com/NannyML/The-Little-Book-of-ML-Metrics,v0.0.0-20260930143856-0b8bba4bd5ba
2026-09-30T17:26:56.033112Z,github.com/VerifyTests/Verify.ImageSharp,v0.0.0-20260930111827-1fe42a8407a6
2026-09-30T17:26:59.452798Z,github.com/trevex/ectobase,v0.0.0-20260930145334-e0c6cf6f6e25
2026-09-30T17:27:00.724944Z,github.com/pocka/storybook-addon-designs,v11.1.1+incompatible
2026-09-30T17:27:02.083265Z,github.com/trevex/ectobase/cni,v0.0.0-20260930145334-e0c6cf6f6e25
2026-09-30T17:27:03.386422Z,github.com/titpetric/tools,v0.0.0-20260930171833-ac0ed6a60f22
2026-09-30T17:27:05.748478Z,github.com/storybookjs/addon-designs,v11.1.1+incompatible
2026-09-30T17:27:06.746902Z,github.com/cloud-toolkit/cloud-toolkit-aws/provider,v0.0.0-20230615130017-9b526be5ff5c
2026-09-30T17:27:07.968469Z,github.com/alibaba/higress/plugins/wasm-go/extensions/ai-rag,v0.0.0-20260929134359-ddbaea08fee3
2026-09-30T17:27:08.905539Z,github.com/AzimBB/path-tagger,v1.0.1
2026-09-30T17:27:14.267299Z,gitea.com/silverwind/xorm,v1.4.3-0.20260930172606-d6fb4e971393
2026-09-30T17:27:17.288093Z,github.com/titpetric/tools/semver,v0.0.0-20260930171833-ac0ed6a60f22
2026-09-30T17:27:20.389413Z,github.com/gustavocaso/folio,v0.0.6
2026-09-30T17:27:24.815453Z,github.com/neoforgemdks/mdk-1.21.1-moddevgradle,v0.0.0-20260930043112-7819b902a351
2026-09-30T17:27:26.562812Z,github.com/baphuongna/pi-crew,v0.11.5
2026-09-30T17:27:33.196626Z,github.com/cybozu/neco-containers/tcp-keepalive,v0.0.0-20260930012610-bfd00a8ebcad
2026-09-30T17:27:37.796092Z,github.com/TomTonic/multi_map,v0.0.0-20260930171659-cc479926f687
2026-09-30T17:27:43.415708Z,github.com/dragonflydb/dragonfly/contrib/charts/dragonfly,v0.0.0-20260930132441-df13e28b2a20
2026-09-30T17:27:45.92927Z,github.com/chemzqm/tween,v0.0.0-20201230104849-0d6914b219e0
2026-09-30T17:27:47.804935Z,github.com/devolutions/IronRDP,v0.0.0-20260930164613-4f8dd8282a1c
2026-09-30T17:27:48.835236Z,github.com/component/tween,v0.0.0-20150316212733-2e31d55fe39b
2026-09-30T17:27:49.05476Z,github.com/cosmos/gaia/v29,v29.0.0-20260930133011-ecf7d87f13cf
2026-09-30T17:28:00.477573Z,github.com/adriangalilea/go-utils,v0.8.0
2026-09-30T17:28:02.112536Z,github.com/andig/eebus-go,v0.0.0-20260930172701-f8d6395986ba
2026-09-30T17:28:03.583475Z,github.com/halxdocs/dashdev,v0.1.3
2026-09-30T17:28:09.258023Z,github.com/factoriolab/factoriolab,v4.14.4+incompatible
2026-09-30T17:28:09.697756Z,github.com/pact-js/pact-node,v20.2.0+incompatible
2026-09-30T17:28:16.507109Z,github.com/m-igashi/baken,v4.3.0+incompatible
2026-09-30T17:28:16.663171Z,github.com/helidon-io/helidon-examples,v0.0.0-20260930145541-90bcbab70bc1
2026-09-30T17:28:19.454001Z,github.com/m-igashi/headroom,v4.3.0+incompatible
2026-09-30T17:28:35.223747Z,github.com/formal-land/coq-of-rust,v0.0.0-20260930120623-05e633a64127
2026-09-30T17:28:56.018054Z,github.com/influxdata/influxdata-docker,v0.0.0-20260930145311-ce648140bae7
2026-09-30T17:28:56.749198Z,github.com/microlinkhq/browserless,v13.14.1+incompatible
2026-09-30T17:28:57.820382Z,github.com/jvc56/MAGPIE,v0.0.0-20260929192201-d0a77d43babf
2026-09-30T17:29:01.454253Z,github.com/jvc56/magpie,v0.0.0-20260929192201-d0a77d43babf
2026-09-30T17:29:04.189099Z,github.com/konveyor/agentic-controller/api,v0.0.0-20260930153051-6a7923d41f83
2026-09-30T17:29:04.255242Z,github.com/konveyor/agentic-controller,v0.11.0
2026-09-30T17:29:08.502712Z,github.com/Alexendoo/if-to-let-chain,v1.0.0
2026-09-30T17:29:08.762869Z,github.com/indykite/indykite-sdk-go,v0.77.0
2026-09-30T17:29:19.725032Z,github.com/kptdev/kpt,v0.0.0-20260930132200-acd48237f61f
2026-09-30T17:29:32.044738Z,gitlab.com/octo42/isolarcloudreceiver,v0.0.0-20260930172742-e61a05ac27f8
2026-09-30T17:29:33.931234Z,github.com/n-ce/ytify,v0.0.0-20260930085556-d34eaa2c346c
2026-09-30T17:29:34.888078Z,github.com/mu-l/commons-lang,v0.0.0-20260929200507-7b6048b7a9d1
2026-09-30T17:29:35.130722Z,github.com/n0-computer/net-tools,v0.0.0-20260929153006-f232afc83805
2026-09-30T17:29:35.96282Z,github.com/krausefx/trainer,v0.0.0-20260930130738-6cd97786775c
2026-09-30T17:29:38.179175Z,github.com/multimodal-art-projection/yue,v0.0.0-20260929020455-18a07bb628f0
2026-09-30T17:29:38.938064Z,github.com/n1n4u/hex/core,v0.0.0-20260929202957-1078f3d6837a
2026-09-30T17:29:40.802251Z,github.com/crosbymichael/go-runc,v0.0.0-20161207180035-8499005f2a3c
2026-09-30T17:29:41.668573Z,github.com/mwangi-derrick/radixip/lib/go/policy,v0.0.0-20260929223045-260fd1fd0b24
2026-09-30T17:29:45.268394Z,github.com/naculus-official/connect-lib,v0.6.0
2026-09-30T17:29:45.302834Z,github.com/namesmt/spreadsheet-i18n--mono,v0.0.0-20260929095955-982a09d8073d
2026-09-30T17:29:45.494093Z,github.com/mwangi-derrick/radixip/lib/go/config,v0.0.0-20260929223045-260fd1fd0b24
2026-09-30T17:29:46.995571Z,github.com/mscrmtools/xrmtoolbox,v0.0.0-20260930112806-7bb5743e0bf0
2026-09-30T17:29:47.564968Z,github.com/adafruit/Adafruit_nRF52_Arduino,v0.0.0-20240509152524-0ed4d9ffc674
2026-09-30T17:29:47.606193Z,github.com/nano-gpt-com/docs,v0.0.0-20260929172505-e73217f412b5
2026-09-30T17:29:48.487054Z,github.com/marktohark/gws,v1.9.2-0.20260930172439-61a22e11c532
2026-09-30T17:29:48.888827Z,github.com/nanostack-dev/anchor,v0.0.0-20260930124212-b29661a12c4b
2026-09-30T17:29:48.978054Z,github.com/nageoffer/ragent,v0.0.0-20260930013141-a1d2ab146f9d
2026-09-30T17:29:49.918724Z,github.com/nais/nais-cli,v0.0.0-20260930143025-5975a518f8a1
2026-09-30T17:29:50.392769Z,github.com/naibabiji/wp-panel,v1.6.7
2026-09-30T17:29:50.537386Z,github.com/nais/cli,v0.0.0-20260930143025-5975a518f8a1
2026-09-30T17:29:54.774245Z,github.com/navidrome/navidrome/plugins/cmd/ndpgen,v0.0.0-20260929172336-0e1893530b84
2026-09-30T17:29:55.521995Z,github.com/nagiyu/nagiyu-platform,v8.6.0+incompatible
2026-09-30T17:29:57.131066Z,github.com/nbtca/documents,v0.0.0-20260930034659-d521843372fe
2026-09-30T17:29:57.238275Z,github.com/nanirise/heart-echo/backend,v0.0.0-20260930053446-40fc87a8539e
2026-09-30T17:29:57.461335Z,github.com/nasa-gcn/gcn.nasa.gov,v0.0.0-20260930105133-f3a6a45a4435
2026-09-30T17:29:58.163325Z,github.com/pulumi/pulumi-kubernetes-operator/v2,v2.9.2
2026-09-30T17:30:02.050758Z,github.com/naterator/notes,v0.0.0-20260929202615-0f068fce2d53
2026-09-30T17:30:04.177196Z,github.com/nannyml/the-little-book-of-ml-metrics,v0.0.0-20260930143856-0b8bba4bd5ba
2026-09-30T17:30:04.617757Z,github.com/nebius/nebius-observability-agent-updater,v0.0.0-20260929082001-00a873aec919
2026-09-30T17:30:05.661376Z,github.com/neo4j/docker-neo4j,v0.0.0-20260930142915-fd9e4ec300ba
2026-09-30T17:30:06.039517Z,github.com/nekomeowww/rc,v0.16.0
2026-09-30T17:30:06.812929Z,github.com/nelsw/bytelyon,v0.0.0-20260929053213-29be08104d68
2026-09-30T17:30:07.175721Z,github.com/neoclide/vimls-go,v0.2.0
2026-09-30T17:30:07.190586Z,github.com/neoforged/documentation,v0.0.0-20260929112007-a96c24a0e5ac
2026-09-30T17:30:08.226994Z,github.com/nebius/pysdk,v0.6.16
2026-09-30T17:30:08.626612Z,github.com/Anva-avatars/anva-sdk,v0.8.0
2026-09-30T17:30:08.751777Z,github.com/nearbycoder/blog,v0.0.0-20260929031945-d7147869e7de
2026-09-30T17:30:09.949701Z,github.com/nekomiyanet/misskey-v12,v0.0.0-20260930112224-3db9cc5a0cb6
2026-09-30T17:30:14.114583Z,github.com/neonephos-katalis/opg-ewbi-operator,v0.0.0-20260930142014-c720de7415e8
2026-09-30T17:30:15.513927Z,github.com/nemerosa/ontrack,v0.0.0-20260930100457-86ac4ebb7400
2026-09-30T17:30:16.21652Z,github.com/azimbb/path-tagger,v1.0.1
2026-09-30T17:30:16.826451Z,github.com/nixos/nixos-hardware,v0.0.0-20260929230012-06f9ecaea5f6
2026-09-30T17:30:19.654595Z,github.com/nebius/soperator/e2e,v0.0.0-20260930171122-f6c1c6d54f75
2026-09-30T17:30:20.588564Z,github.com/opengamma/strata,v2.12.76+incompatible
2026-09-30T17:30:23.926468Z,github.com/alexendoo/if-to-let-chain,v1.0.0
2026-09-30T17:30:29.865017Z,github.com/netflix/metaflow,v0.0.0-20230403201144-7ba4dd803a81
2026-09-30T17:30:30.740748Z,buf.build/gen/go/dentechse/patient-api-gateway/connectrpc/go,v1.21.0-20260929095659-0156727ccc50.1
2026-09-30T17:30:33.952219Z,github.com/rcastelo/gsva,v0.0.0-20260930165001-0550679acc18
2026-09-30T17:30:35.065131Z,github.com/rcastelo/GSVA,v0.0.0-20260930165001-0550679acc18
2026-09-30T17:30:43.348202Z,github.com/scalr/terraform-provider-scalr/skaff,v0.0.0-20260930120243-7e4340e34b34
2026-09-30T17:30:43.928377Z,github.com/sandeepmistry/arduino-nRF5,v0.0.0-20201205141555-47a9b75351fc
2026-09-30T17:30:44.084661Z,github.com/cam72cam/hcl/v2,v2.0.0-20260930120051-5d8cef421f05
2026-09-30T17:30:44.358429Z,github.com/raphaelstolt/lean-package-validator,v6.1.1+incompatible
2026-09-30T17:30:46.084113Z,github.com/runwisp/runwisp,v1.3.0
2026-09-30T17:30:48.751127Z,github.com/sbwml/openwrt_packages,v0.0.0-20260930170145-27e27a7db693
2026-09-30T17:30:50.753987Z,github.com/TuroYT/snowshare,v1.5.5
2026-09-30T17:30:54.241998Z,github.com/montumodi/mongodb-atlas-api-client,v4.20.0+incompatible
2026-09-30T17:30:57.904757Z,github.com/trick77/ipset-blacklist,v0.0.0-20260925184709-d476790d274c
2026-09-30T17:31:00.089409Z,github.com/bermos/kitchen,v0.43.0
2026-09-30T17:31:01.10596Z,github.com/Nervus-OS/nervus-ipc,v0.0.0-20260930172024-d33a17d8a931
2026-09-30T17:31:01.251986Z,github.com/Nervus-OS/nervus-ipc/go,v0.0.0-20260930172024-d33a17d8a931
2026-09-30T17:31:03.152824Z,buf.build/gen/go/antinvestor/profile/protocolbuffers/go,v1.36.10-20260929153428-b65541b0f40f.1
2026-09-30T17:31:13.495104Z,github.com/nokku-sh/protos,v0.1.0
2026-09-30T17:31:13.584244Z,github.com/clifton/rstructor,v0.6.0
2026-09-30T17:31:14.556189Z,github.com/apache/maven-resolver,v0.0.0-20260930112540-27b1014a1f5b
2026-09-30T17:31:17.543192Z,github.com/Rust-GPU/Rust-CUDA,v0.0.0-20260930010546-3a82c35a7196
2026-09-30T17:31:29.00134Z,github.com/viant/authz/datly,v0.0.0-20260929185652-d5fd27551d76
2026-09-30T17:31:29.861356Z,github.com/compilyator/VNTU_GoLang,v0.0.0-20260930171125-22900e2ce8aa
2026-09-30T17:31:30.500782Z,github.com/compilyator/VNTU_GoLang/labs/Lab2Data,v0.0.0-20260930171125-22900e2ce8aa
2026-09-30T17:31:40.187693Z,github.com/tuist/tuist/infra/kura-controller,v0.0.0-20260930153827-ae51f4120623
2026-09-30T17:31:44.847217Z,github.com/davidnoz123/nielsoln_connectors/remote_ai,v0.0.0-20260930173025-8399b6765490
2026-09-30T17:31:45.212146Z,github.com/web-padawan/awesome-lit-html,v0.0.0-20260930063416-38071c90e55e
2026-09-30T17:31:46.190635Z,github.com/davidnoz123/nielsoln_connectors,v0.0.0-20260930173025-8399b6765490
2026-09-30T17:31:46.541303Z,github.com/witiko/markdown,v0.0.0-20260929135157-5361db85bad0
2026-09-30T17:31:48.486059Z,github.com/xiaorouji/openwrt-passwall-packages,v0.0.0-20260930092524-cadc39bc5cfc
2026-09-30T17:31:58.805547Z,go.opentelemetry.io/otelc/test/apps/injecteddeps,v0.0.0-20260930152633-5b31717d063c
2026-09-30T17:32:00.449169Z,go.opentelemetry.io/otelc/test/apps/injecteddeps/instrumentation,v0.0.0-20260930152633-5b31717d063c
2026-09-30T17:32:05.077515Z,github.com/anva-avatars/anva-sdk,v0.8.0
2026-09-30T17:32:11.246833Z,github.com/cirdles/topsoil,v1.0.0-alpha.10
2026-09-30T17:32:12.740257Z,github.com/BertoldVdb/jms578flash,v0.0.0-20260928134625-30a91997f7d3
2026-09-30T17:32:22.773208Z,github.com/engigu/baihu-panel,v1.4.2
2026-09-30T17:32:27.582935Z,github.com/mwangi-derrick/radixip,v0.0.0-20260929223045-260fd1fd0b24
2026-09-30T17:32:30.286761Z,github.com/shushenghong/slack,v0.17.0-rc4
2026-09-30T17:32:30.678935Z,github.com/ntop/NDPI,v0.0.0-20260929183421-a58fc8468cc7
2026-09-30T17:32:34.287141Z,github.com/HardDie/fsentry,v0.1.5
2026-09-30T17:32:34.76146Z,github.com/veltylabs/chat_room,v0.2.3
2026-09-30T17:32:42.644029Z,github.com/theirish81/frags,v1.0.0-rc2.0.20260924085136-a49d0419dd38
2026-09-30T17:32:46.214916Z,github.com/cloudfoundry/php-buildpack,v0.0.0-20260828063801-3d357ff94915
2026-09-30T17:32:51.593006Z,github.com/comcast/vesper,v0.0.0-20190206171625-d20d55c44b3d
2026-09-30T17:32:57.771271Z,github.com/Netease-Object-Storage/nos-golang-sdk,v0.0.0-20191125093154-335c2b73bf6b
2026-09-30T17:33:06.609506Z,github.com/molecule-dev/molecule,v0.0.0-20260930172158-6253c8508b53
2026-09-30T17:33:21.778819Z,github.com/Relic-Protocol/relic-sdk,v0.2.1
2026-09-30T17:33:22.731747Z,github.com/trimarcjake/trimarcjake,v0.0.0-20260926123103-70e36c86833c
2026-09-30T17:33:24.53749Z,github.com/harddie/fsentry,v0.1.5
2026-09-30T17:33:29.99851Z,github.com/apideck-libraries/sdk-go,v0.40.0
2026-09-30T17:33:31.803601Z,github.com/GoogleCloudPlatform/artifact-registry-yum-plugin,v0.0.0-20260930173242-aba729a999be
2026-09-30T17:33:34.929812Z,github.com/relic-protocol/relic-sdk,v0.2.1
2026-09-30T17:33:41.08173Z,github.com/trimble-oss/tierceron/atrium/vestibulum/hive/plugins/trcninja/seed_setup,v0.0.0-20260930172746-32cebe51f585
2026-09-30T17:33:47.516129Z,github.com/holochain/holochain,v0.0.0-20260930172126-13f1df088036
2026-09-30T17:34:04.074685Z,github.com/jjuanrivvera/lemon-squeezy-cli,v0.3.4-0.20260930173215-2bf869454eaf
2026-09-30T17:34:05.939669Z,github.com/ava-labs/avalanchego/graft/coreth,v1.15.1-0.20260930152855-92d6a94d41d5
2026-09-30T17:34:09.41538Z,github.com/MobileTeleSystems/RecTools,v0.19.0
2026-09-30T17:34:16.877862Z,github.com/shirou/gopsutil,v2.18.13-0.20190317175226-017c9f9cbc0c+incompatible
2026-09-30T17:34:23.788796Z,github.com/scott4game/skygo,v0.2.1-0.20260927031322-5785380a2621
2026-09-30T17:34:36.612972Z,github.com/trinitystake/dvpnd/v9,v9.2.1
2026-09-30T17:34:47.178308Z,github.com/HBNetwork/python-decouple,v0.0.0-20241128205423-ef1a10fe706d
2026-09-30T17:34:47.478589Z,github.com/Guyutongxue/tsgdbmi,v0.0.0-20220110070729-f0c655662170
2026-09-30T17:34:48.108538Z,github.com/trinodb/cla,v0.0.0-20260924002412-b5c6cf946f36
2026-09-30T17:34:49.284635Z,github.com/microsoft/typescript/tools,v0.0.0-20260930170151-c4d731aae17e
2026-09-30T17:34:49.821889Z,github.com/DanielNoord/pydocstringformatter,v1.0.1-0.20260928180838-9ab1dc462bdf
2026-09-30T17:34:49.906041Z,github.com/IndigoUnited/js-err-code,v3.0.1-0.20210205154421-8dd437663a48+incompatible
2026-09-30T17:34:50.017816Z,github.com/ContinuumIO/pycosat,v0.6.5-0.20260901202234-1122bf4fe723
2026-09-30T17:34:50.419524Z,github.com/microsoft/TypeScript/tools,v0.0.0-20260930170151-c4d731aae17e
2026-09-30T17:34:51.99214Z,github.com/KDJDEV/imagehash-reverse-image-search-tutorial,v0.0.0-20230130003947-6ccb20ad9e0c
2026-09-30T17:34:53.052244Z,github.com/IndigoUnited/node-promise-retry,v2.0.1+incompatible
2026-09-30T17:34:54.604328Z,github.com/ava-labs/avalanchego/graft/evm,v1.15.1-0.20260930152855-92d6a94d41d5
2026-09-30T17:34:55.131662Z,github.com/Kozea/tinycss2,v1.5.2-0.20260918094833-c73bf7135a75
2026-09-30T17:34:55.494161Z,github.com/indigounited/js-err-code,v3.0.1-0.20210205154421-8dd437663a48+incompatible
2026-09-30T17:34:56.766053Z,github.com/dicej/wit-bindgen,v0.1.1-0.20240904152255-eeca274f67fa
2026-09-30T17:35:00.365587Z,github.com/indigounited/node-promise-retry,v2.0.1+incompatible
2026-09-30T17:35:01.106627Z,github.com/NixOS/patchelf,v0.0.0-20260930151022-d265f810d2ef
2026-09-30T17:35:01.132813Z,github.com/Microsoft/playwright-python,v1.62.1-0.20260923215824-6b0021ec7248
2026-09-30T17:35:04.187016Z,github.com/Ousret/charset_normalizer,v0.0.0-20260929150718-935c29ad2d0d
2026-09-30T17:35:06.285522Z,github.com/jdye64/nv-ingest,v0.0.0-20260908184439-6cdbc1daca37
2026-09-30T17:35:07.091698Z,github.com/PrimeDecomp/echoes,v0.0.0-20260930172313-a6538995c20a
2026-09-30T17:35:09.110697Z,github.com/PyCQA/isort,v5.11.4-0.20260928152920-9f905615631c+incompatible
2026-09-30T17:35:09.762904Z,github.com/PyO3/maturin,v1.15.1-0.20260925111619-4c4d695109ef
2026-09-30T17:35:09.900535Z,github.com/PyO3/maturin-action,v1.51.1-0.20260924001805-acb699e67343
2026-09-30T17:35:11.47045Z,github.com/RonnyPfannschmidt/iniconfig,v2.1.1-0.20260723163219-00e7d87c7353+incompatible
2026-09-30T17:35:11.633588Z,github.com/nik2208/awesome-go-auth,v0.12.0
2026-09-30T17:35:17.66667Z,github.com/TooTallNate/node-https-proxy-agent,v0.3.7-0.20260712212609-4813885d3f4e
2026-09-30T17:35:18.778568Z,github.com/PyO3/pyo3,v0.29.1-0.20260930051152-a3e854779942
2026-09-30T17:35:19.650446Z,github.com/ainame/swift-displaywidth,v0.0.0-20260924010000-76dd45f36c6f
2026-09-30T17:35:20.218261Z,github.com/TooTallNate/keypress,v0.2.2-0.20170901202857-9f1cc0ec7ac9
2026-09-30T17:35:23.40724Z,github.com/continuumio/pycosat,v0.6.4
2026-09-30T17:35:23.844387Z,github.com/aio-libs/async-lru,v2.3.1-0.20260930155433-f88649fd4970+incompatible
2026-09-30T17:35:24.380243Z,github.com/TooTallNate/proxy-agents,v0.3.7-0.20260712212609-4813885d3f4e
2026-09-30T17:35:24.495787Z,github.com/Byron/gitoxide,v0.59.1-0.20260930033932-f819565c2c4c
2026-09-30T17:35:25.533959Z,github.com/alexmojaki/heartrate,v0.0.0-20211113145804-e6cab2c5123b
2026-09-30T17:35:27.861309Z,github.com/alexmojaki/sorcery,v0.2.2
2026-09-30T17:35:28.873142Z,github.com/andyperlitch/jsbn,v1.1.1-0.20260904040523-09039eabdd66
2026-09-30T17:35:29.44757Z,github.com/all-contributors/all-contributors,v2.17.2-0.20260930142540-95f8c9e0f0a5+incompatible
2026-09-30T17:35:29.545901Z,github.com/TooTallNate/once,v3.0.1+incompatible
2026-09-30T17:35:29.671381Z,github.com/wasmerio/wit-bindgen,v0.2.4-0.20230215192449-a5e26ce0055a
2026-09-30T17:35:31.684035Z,github.com/wjn1996/upet,v0.0.0-20230504042628-4701c3c62441
2026-09-30T17:35:31.974414Z,github.com/NVIDIA/nv-ingest,v0.0.0-20241028224455-e090d72daf5b
2026-09-30T17:35:32.371481Z,github.com/tripledownab/tessio-verifier,v0.15.0
2026-09-30T17:35:33.348909Z,github.com/alexmojaki/stack_data,v0.6.4-0.20260517215401-ae11f5f938e3
2026-09-30T17:35:33.889464Z,github.com/GoogleCloudPlatform/professional-services/examples/alert-absence-dedup,v0.0.0-20260930172821-1981dd1ba8c6
2026-09-30T17:35:35.283586Z,github.com/angus-c/just,v1.1.7-0.20230506200637-d8c5dd189410
2026-09-30T17:35:35.807198Z,github.com/wjn1996/UPET,v0.0.0-20230504042628-4701c3c62441
2026-09-30T17:35:37.574727Z,github.com/archspec/archspec,v0.2.7-0.20260819132942-ebd3eb502d92
2026-09-30T17:35:38.923902Z,github.com/fluidstackio/fern-config,v0.0.0-20250317091218-05928aa9a25a
2026-09-30T17:35:39.579031Z,github.com/Test-go/testify,v1.1.4
2026-09-30T17:35:41.018587Z,github.com/asottile/pyupgrade,v3.21.3-0.20260929162754-e0f47b183eea+incompatible
2026-09-30T17:35:41.758204Z,github.com/JetBrains/ring-ui,v7.0.126+incompatible
2026-09-30T17:35:45.522051Z,github.com/behave/behave.example,v0.0.0-20240925050123-44fe34357aa6
2026-09-30T17:35:46.739972Z,github.com/infinityworks/github-exporter,v0.0.0-20210902224805-c21f8ac9d494
2026-09-30T17:35:47.538301Z,github.com/astral-sh/ruff-action,v4.1.1-0.20260917133254-6776b969097d+incompatible
2026-09-30T17:35:53.380433Z,github.com/bryanjos/geo,v4.1.1-0.20260907110507-acf6ab8fe2cc+incompatible
2026-09-30T17:35:53.49023Z,github.com/behave/behave,v1.3.1-0.20260921234656-cd14e68de486
2026-09-30T17:35:58.050503Z,github.com/bowtie-json-schema/bowtie,v2026.7.5-0.20260929045250-6c8925e4ee22+incompatible
2026-09-30T17:35:58.377239Z,github.com/chrisjsewell/markdown-it-pyrs,v0.4.0
2026-09-30T17:35:58.440022Z,github.com/chalk/strip-ansi,v7.2.1-0.20260918191552-622cca7b5dd4+incompatible
2026-09-30T17:35:58.854967Z,gitlab.com/infor-cloud/martian-cloud/phobos/phobos-plugin-sdk,v0.8.0-alpha.1
2026-09-30T17:36:02.30247Z,github.com/cnescatlab/pylint-sonarjson-catlab,v0.0.0-20241016094335-002844a43eea
2026-09-30T17:36:03.027059Z,github.com/dolthub/doltlite-go/blobs3,v0.0.0-20260930171857-7c58bfc396d5
2026-09-30T17:36:03.111845Z,github.com/dolthub/doltlite-go,v0.0.0-20260930171857-7c58bfc396d5
2026-09-30T17:36:04.332077Z,github.com/conda-incubator/ceps,v0.0.0-20260923152751-3ef9c90b036e
2026-09-30T17:36:04.715895Z,github.com/conda/conda-package-handling,v0.0.0-20260910100850-5c484fb56e16
2026-09-30T17:36:04.741693Z,github.com/ava-labs/avalanchego/graft/subnet-evm,v1.15.1-0.20260930152855-92d6a94d41d5
2026-09-30T17:36:04.956141Z,github.com/openshift/cluster-capi-operator/manifests-gen,v0.0.0-20260930110241-b77c0cb27237
2026-09-30T17:36:04.974914Z,github.com/colorjs/color-name,v2.0.1-0.20260722153910-9ec319552495+incompatible
2026-09-30T17:36:05.791589Z,github.com/conda/conda-libmamba-solver,v0.0.0-20260928173920-3e44bdf4b647
2026-09-30T17:36:05.886738Z,github.com/trippleawap/go-mcbe-ui,v0.0.0-20260929043806-22266a345ae9
2026-09-30T17:36:06.168824Z,github.com/ronnypfannschmidt/iniconfig,v2.1.1-0.20260723163219-00e7d87c7353+incompatible
2026-09-30T17:36:06.841872Z,github.com/conda/conda-package-streaming,v0.13.1-0.20260819192305-8d51522dfbff
2026-09-30T17:36:08.761192Z,github.com/conda/menuinst,v0.0.0-20260928171644-0a4f47841e00
2026-09-30T17:36:10.829459Z,github.com/contour-terminal/terminal-unicode-core,v0.0.0-20251102215507-64f53851ceab
2026-09-30T17:36:13.982532Z,github.com/cpburnz/python-path-specification,v1.1.2-0.20260928033411-67f92eb506a7
2026-09-30T17:36:14.990539Z,github.com/chalk/supports-color,v11.0.1-0.20260918191618-4963567f020d+incompatible
2026-09-30T17:36:15.252586Z,github.com/clflushopt/tpchgen-rs,v3.0.1-0.20260930164211-d70d4a08eb72+incompatible
2026-09-30T17:36:15.259894Z,github.com/cpburnz/python-pathspec,v1.1.2-0.20260928033411-67f92eb506a7
2026-09-30T17:36:16.08671Z,github.com/construct/construct,v2.10.71-0.20250422050912-28c6e5779f2b+incompatible
2026-09-30T17:36:17.902864Z,github.com/nvidia/nv-ingest,v0.0.0-20241028224455-e090d72daf5b
2026-09-30T17:36:17.999261Z,github.com/danielzfranklin/gdbmi,v0.0.0-20210513045418-c91975c7f7b3
2026-09-30T17:36:18.31239Z,github.com/codespell-project/codespell,v2.4.4-0.20260928195100-2546925e0e07+incompatible
2026-09-30T17:36:19.943008Z,github.com/pycqa/isort,v5.11.4-0.20260928152920-9f905615631c+incompatible
2026-09-30T17:36:20.588823Z,devops.zedeks.com/smsgist/smsgist-go,v0.1.0
2026-09-30T17:36:22.677414Z,github.com/MetOffice/SimSys_Scripts,v0.0.0-20260114170302-8d26248c4fc3
2026-09-30T17:36:22.719728Z,github.com/jjuanrivvera/adguard-cli,v0.5.5-0.20260930173435-03b6e809b45e
2026-09-30T17:36:23.09658Z,github.com/crate-py/rpds,v2026.6.4-0.20260930104726-cf0900dee2eb+incompatible
2026-09-30T17:36:26.841377Z,github.com/davidhalter/parso,v0.8.8-0.20260922214757-b26da16316da
2026-09-30T17:36:27.275596Z,github.com/docopt/docopt.lua,v0.0.0-20120909114426-85300d01eeab
2026-09-30T17:36:28.071838Z,github.com/docopt/docopt.coffee,v0.0.0-20130508155342-4308f904eba4
2026-09-30T17:36:29.934019Z,github.com/docopt/docopt.php,v0.0.0-20250120003503-bcb963c87d61
2026-09-30T17:36:31.036166Z,github.com/docopt/docopt.rb,v0.0.0-20210418160022-794c47d7cb62
2026-09-30T17:36:32.729802Z,github.com/cucumber/tag-expressions,v11.0.2-0.20260929212658-8162e0e612d3+incompatible
2026-09-30T17:36:34.735856Z,sigs.k8s.io/kustomize/plugin/someteam.example.com/v1/bashedconfigmap,v0.0.0-20260930131837-71372cf6323c
2026-09-30T17:36:34.842433Z,github.com/eysteinn/senctl-agent,v0.2.0
2026-09-30T17:36:35.851315Z,github.com/davidhalter/jedi,v0.20.1-0.20260929135851-f37a9f9feb3f
2026-09-30T17:36:37.930221Z,github.com/espressif/conventional-precommit-linter,v1.11.0
2026-09-30T17:36:40.984663Z,github.com/cucumber/cucumber-expressions,v20.1.1-0.20260930091009-a94f7929bde0+incompatible
2026-09-30T17:36:41.407373Z,github.com/espressif/esp-idf-nvs-partition-gen,v0.0.0-20260721092305-539e94f2d625
2026-09-30T17:36:42.032252Z,github.com/delta-io/delta-rs,v0.1.2-0.20260930124058-e9331cc8b00d
2026-09-30T17:36:42.040924Z,github.com/espressif/freertos-gdb,v0.0.0-20250203070906-e201d8304180
2026-09-30T17:36:42.403639Z,github.com/espressif/esp-idf-panic-decoder,v1.5.1-0.20260630072819-aaa6b0a1ec9f
2026-09-30T17:36:42.527175Z,github.com/espressif/esp-idf-monitor,v1.10.1-0.20260923100950-c073f55abefa
2026-09-30T17:36:42.86227Z,github.com/eliben/pyelftools,v0.0.0-20260929153659-d9bebe5e03df
2026-09-30T17:36:43.837351Z,github.com/espressif/esp-idf-kconfig,v3.13.1-0.20260930144019-c3f45b70ea4c+incompatible
2026-09-30T17:36:44.091542Z,github.com/hyperledger/fabric-x-common,v0.2.9-0.20260930081017-5c187848135e
2026-09-30T17:36:48.516741Z,github.com/espressif/esp-coredump,v1.17.3-0.20260924101316-d54b4a611c34
2026-09-30T17:36:48.776062Z,github.com/executablebooks/markdown-it-py,v4.2.1-0.20260917113553-6f586542653a+incompatible
2026-09-30T17:36:49.690967Z,github.com/fake-name/pg-spgist_hamming,v0.0.0-20191011204858-9fa70b08e0f0
2026-09-30T17:36:50.13637Z,github.com/avatartwo/avatar2,v1.4.8-0.20241023141300-56a90cfe7388
2026-09-30T17:36:51.018696Z,github.com/espressif/esp-idf-size,v2.3.2-0.20260929104507-c7cced562d4c+incompatible
2026-09-30T17:36:51.54538Z,github.com/friendly-traceback/friendly-traceback,v0.0.0-20250413095838-bba8fc43c4ca
2026-09-30T17:36:51.889314Z,github.com/codeuctivity/pdfavalidatorapi,v0.0.0-20260804094151-22c99e4e0181
2026-09-30T17:36:54.552041Z,github.com/gitpython-developers/GitPython,v0.0.0-20260930091326-2d7f56674945
2026-09-30T17:36:54.879768Z,github.com/espressif/idf-component-manager,v3.1.3-0.20260921121616-c65ad044376a+incompatible
2026-09-30T17:36:56.956796Z,github.com/gazpachoking/jsonref,v1.1.1-0.20250421234540-6331c78a7eb1
2026-09-30T17:36:57.576168Z,github.com/giampaolo/psleak,v0.0.0-20260808202101-508738ef22b1
2026-09-30T17:37:06.501502Z,github.com/halst/schema,v0.7.9-0.20260620093905-310a1239b62f
2026-09-30T17:37:07.351818Z,github.com/facebook/osquery,v0.0.2-0.20260925204859-d89a164d377a
2026-09-30T17:37:07.396343Z,github.com/highb/pathspec-ruby,v0.0.0-20260830073041-cc3bab3617de
2026-09-30T17:37:10.12428Z,github.com/horejsek/python-fastjsonschema,v2.22.3-0.20260924151247-bf33a380586f+incompatible
2026-09-30T17:37:13.526337Z,github.com/metoffice/simsys_scripts,v0.0.0-20260227113759-69bd2738d936
2026-09-30T17:37:15.878169Z,github.com/ipython/ipykernel,v7.4.0+incompatible
2026-09-30T17:37:17.086018Z,github.com/tootallnate/once,v3.0.1+incompatible
2026-09-30T17:37:17.834702Z,github.com/ipython/ipython-pygments-lexers,v0.0.0-20260902072125-50791e25b02e
2026-09-30T17:37:19.296908Z,github.com/iarna/unique-filename,v6.0.1-0.20260618155011-d5ce7d8a0d1e+incompatible
2026-09-30T17:37:19.718982Z,github.com/isaacs/common-ancestor-path,v2.0.1-0.20260512161648-c22248022402+incompatible
2026-09-30T17:37:21.628457Z,github.com/indygreg/PyOxidizer,v0.8.1-0.20241103220940-1ceca8664c71
2026-09-30T17:37:21.752608Z,github.com/google/brotli,v1.2.1-0.20260930144427-42a2ed4355bc
2026-09-30T17:37:22.628474Z,github.com/isaacs/minipass-sized,v2.0.0+incompatible
2026-09-30T17:37:22.704262Z,github.com/isaacs/minipass-flush,v2.0.1+incompatible
2026-09-30T17:37:22.770174Z,github.com/isaacs/json-stringify-nice,v1.1.4
2026-09-30T17:37:24.448709Z,github.com/espressif/esptool,v5.4.1-0.20260929124314-b2af7b751e88+incompatible
2026-09-30T17:37:26.404462Z,github.com/isaacs/minipass-collect,v2.0.2-0.20251025190338-f9cc88b6b04e+incompatible
2026-09-30T17:37:27.15333Z,github.com/jetbrains/ring-ui,v7.0.126+incompatible
2026-09-30T17:37:27.343148Z,github.com/isaacs/string-locale-compare,v1.1.1-0.20251025191545-afe419f6b521
2026-09-30T17:37:27.877961Z,github.com/google/grr,v0.3.0-7-docker.0.20260925104047-cdfc1b9f020b
2026-09-30T17:37:28.794962Z,github.com/isaacs/promise-call-limit,v3.0.3-0.20251025190942-6acbc7eaa0d7+incompatible
2026-09-30T17:37:31.066237Z,github.com/jacobsandlund/uucode,v0.2.1-0.20260917140849-9d5552455141
2026-09-30T17:37:31.25999Z,github.com/isaacs/node-glob,v13.0.7-0.20260919050514-3386a2aca38d+incompatible
2026-09-30T17:37:32.039557Z,github.com/isaacs/walk-up-path,v4.0.1-0.20251025191845-02eb128218bc+incompatible
2026-09-30T17:37:32.812228Z,github.com/protonMail/go-crypto,v1.5.1
2026-09-30T17:37:34.006164Z,github.com/larzconwell/kvega,v0.0.0-20260930171719-c85423891e42
2026-09-30T17:37:34.702587Z,github.com/jasongin/console-menu,v0.0.0-20161120211348-530ec1750e98
2026-09-30T17:37:35.959518Z,github.com/jawah/charset_normalizer,v0.0.0-20260929150718-935c29ad2d0d
2026-09-30T17:37:36.661844Z,github.com/jeffwidman/cqlsh,v0.0.0-20260416180334-687526be3cf4
2026-09-30T17:37:37.939126Z,github.com/jasongin/nvs,v1.7.2-0.20260807175757-b2d595850703
2026-09-30T17:37:40.25903Z,github.com/jezdez/django-configurations,v0.0.0-20241118235309-3d0d4216ca01
2026-09-30T17:37:40.380731Z,github.com/giampaolo/psutil,v7.2.3-0.20260914200211-76805f580474+incompatible
2026-09-30T17:37:41.209464Z,github.com/jasongin/node-progress,v0.0.0-20161120190714-4a6c2fdc782c
2026-09-30T17:37:44.831739Z,github.com/jonahwilliams/mustache,v0.0.0-20210305190225-c4344e0dd45f
2026-09-30T17:37:48.628317Z,github.com/Mesnage-Org/pgfinder,v0.0.3-a1
2026-09-30T17:37:49.100712Z,github.com/jquast/telix,v0.0.0-20260808184644-a713c1cd7087
2026-09-30T17:37:51.465475Z,github.com/jmcnamara/rust_xlsxwriter,v0.99.2-0.20260928225034-cc9ca36ebf84
2026-09-30T17:37:52.673352Z,github.com/kako-jun/lawkit,v2.6.0+incompatible
2026-09-30T17:37:53.12616Z,github.com/jupyter/jupyter_events,v0.12.2-0.20260928203204-deb61b4924d8
2026-09-30T17:37:54.728112Z,github.com/jupyter/enhancement-proposals,v0.0.0-20260916121247-906afd95af96
2026-09-30T17:37:54.915818Z,github.com/triton-inference-server/vllm_backend,v0.0.0-20260929181405-11c4e0fd7c6e
2026-09-30T17:37:55.978918Z,github.com/juliangruber/balanced-match,v4.0.5-0.20260929065643-052d659372d4+incompatible
2026-09-30T17:37:57.500059Z,github.com/jupyterlab/frontends-team-compass,v0.0.0-20260910084541-10350484a135
2026-09-30T17:38:00.995165Z,github.com/jupyter/nbconvert,v7.17.2-0.20260914153041-1ff189e1b30f+incompatible
2026-09-30T17:38:02.753895Z,github.com/jupyter/nbdime,v4.0.5-0.20260610100832-744c97897e2c+incompatible
2026-09-30T17:38:03.757772Z,github.com/kislyuk/argcomplete,v3.7.3-0.20260817021951-1fbb57effe68+incompatible
2026-09-30T17:38:04.15736Z,github.com/wow-look-at-my/js-snippets/timelinewire,v0.1.3
2026-09-30T17:38:07.830726Z,github.com/onuragtas/openlog/libs/release,v0.0.0-20260930163909-774605cc25fd
2026-09-30T17:38:08.426115Z,github.com/landscapeio/prospector,v1.19.2-0.20260928180915-18caf4c8c596
2026-09-30T17:38:10.243499Z,github.com/leviathan0992/Pylsy,v0.0.0-20260124140922-403d7a4cc959
2026-09-30T17:38:10.387957Z,github.com/jupyterlab/jupyterlab-git,v0.54.2-0.20260923125031-cd742044d206
2026-09-30T17:38:12.141187Z,github.com/mapbox/wellknown,v0.5.1-0.20260629152621-ed53c0efd12c
2026-09-30T17:38:12.851211Z,github.com/mayeut/patchelf-pypi,v0.0.0-20260929043017-ef1e66bd644f
2026-09-30T17:38:14.573348Z,github.com/kpdecker/jsdiff,v9.0.1-0.20260919200631-bb6a976facc8+incompatible
2026-09-30T17:38:14.94309Z,github.com/mattsb42-meta/pipx-in-pipx,v0.0.0-20201011234546-4b3afebd3c3a
2026-09-30T17:38:15.366814Z,github.com/messense/cargo-zigbuild,v0.23.5-0.20260925042552-d9f7fd32fbac
2026-09-30T17:38:18.370674Z,github.com/tritonvm/tasm-lib,v9.0.0+incompatible
2026-09-30T17:38:19.670135Z,github.com/tishan-harischandra/cerbos-poc/libs/tenantregistry,v0.0.0-20260924072920-8ceaf60c6fd4
2026-09-30T17:38:20.708361Z,github.com/msgpack/msgpack-python,v1.2.3
2026-09-30T17:38:21.253392Z,github.com/agentworkforce/relayfile,v0.10.70
2026-09-30T17:38:28.069048Z,github.com/milesgranger/pyrus-cramjam,v2.13.0+incompatible
2026-09-30T17:38:28.937802Z,github.com/mycoboco/wcwidth.js,v2.0.1-0.20260106233654-465c404299a5+incompatible
2026-09-30T17:38:31.302942Z,github.com/msiemens/PyGitUp,v2.5.1-0.20260916160917-b965d5e2a52c+incompatible
2026-09-30T17:38:32.489011Z,github.com/mypyc/librt,v0.16.0
2026-09-30T17:38:33.458256Z,github.com/more-itertools/more-itertools,v11.1.1-0.20260929202823-1ea82a711c69+incompatible
2026-09-30T17:38:33.48962Z,github.com/myint/eradicate,v2.1.1-0.20260721073208-d3f3d01e5cc9+incompatible
2026-09-30T17:38:35.179936Z,github.com/maximiliangaedig/whatsmeow,v0.0.0-20260930131312-468bc79b1e05
2026-09-30T17:38:39.45121Z,github.com/myint/docformatter,v1.7.9-0.20260930135946-38f64af4ee9a
2026-09-30T17:38:39.895345Z,github.com/nhairs/python-json-logger,v4.2.1-0.20260923221756-453913a51dcd+incompatible
2026-09-30T17:38:39.969815Z,github.com/nickstenning/honcho,v2.0.1-0.20250603172202-2f47b723587c+incompatible
2026-09-30T17:38:41.427873Z,github.com/npm/agent,v5.0.2+incompatible
2026-09-30T17:38:41.692648Z,github.com/npm/abbrev-js,v5.0.1-0.20260618162946-67f159d1eca5+incompatible
2026-09-30T17:38:42.938856Z,github.com/devshedlabs/csvx-cli,v0.1.0
2026-09-30T17:38:44.861668Z,github.com/npm/fs-minipass,v3.0.4-0.20251025185647-a69909cf0e58+incompatible
2026-09-30T17:38:47.240182Z,github.com/cloudflare/pint,v0.88.1-0.20260930111542-373a5a2cc368
2026-09-30T17:38:47.820878Z,github.com/npm/bin-links,v7.0.1-0.20260928223548-7f9f97ae2a41+incompatible
2026-09-30T17:38:48.648855Z,github.com/nodejs/node-gyp,v13.0.3-0.20260930063741-729bfb8372e9+incompatible
2026-09-30T17:38:49.195726Z,github.com/npm/libnpmaccess,v4.0.4-0.20220118212321-f05c4d702941+incompatible
2026-09-30T17:38:49.287896Z,github.com/infinity6-ai/gox/bqz,v0.0.36
2026-09-30T17:38:49.414281Z,github.com/npm/ini,v7.0.1-0.20260618162511-3c96c74fd425+incompatible
2026-09-30T17:38:49.416262Z,github.com/npm/libnpmpack,v3.0.1-0.20220118213339-712d449e52c5+incompatible
2026-09-30T17:38:51.095745Z,github.com/npm/libnpmorg,v2.0.4-0.20220118213233-c66f9f4c7f33+incompatible
2026-09-30T17:38:51.527405Z,github.com/npm/installed-package-contents,v5.0.1-0.20260618154811-330ff527efa0+incompatible
2026-09-30T17:38:52.15755Z,github.com/npm/libnpmsearch,v3.1.3-0.20220118222303-ce4a1d1d8471+incompatible
2026-09-30T17:38:53.792409Z,github.com/npm/hosted-git-info,v10.1.2-0.20260618162506-8c3bebb5e421+incompatible
2026-09-30T17:38:55.758124Z,github.com/npm/json-parse-even-better-errors,v6.0.1-0.20260618154816-098b8d00e72e+incompatible
2026-09-30T17:38:56.242247Z,github.com/npm/map-workspaces,v6.0.1-0.20260618154821-76ea3c852171+incompatible
2026-09-30T17:38:56.623012Z,github.com/npm/mute-stream,v4.0.1-0.20260618162521-80f4923ed514+incompatible
2026-09-30T17:38:58.748067Z,github.com/npm/node-gyp,v6.0.1-0.20260618154848-993adf14edbc+incompatible
2026-09-30T17:38:59.765162Z,github.com/npm/node-which,v7.0.1-0.20260618162415-2009c9dce0e9+incompatible
2026-09-30T17:39:03.680777Z,github.com/npm/init-package-json,v9.0.1-0.20260618162516-70ef43b305cc+incompatible
2026-09-30T17:39:04.918328Z,github.com/xdan/jodit,v0.0.0-20260930172950-b94de24e8564
2026-09-30T17:39:05.938392Z,github.com/npm/npm-install-checks,v9.0.1-0.20260618162514-fcba600c2e4d+incompatible
2026-09-30T17:39:06.148121Z,github.com/trizen/perl-scripts,v0.0.0-20260928190624-a12709149323
2026-09-30T17:39:06.462664Z,github.com/npm/npm-normalize-package-bin,v6.0.1-0.20260618154903-8066f8034a0b+incompatible
2026-09-30T17:39:07.511572Z,github.com/npm/minipass-fetch,v6.0.1-0.20260618154837-44787148c7c9+incompatible
2026-09-30T17:39:08.099796Z,github.com/npm/name-from-folder,v5.0.1-0.20260618154843-c5092a7081de+incompatible
2026-09-30T17:39:09.107808Z,github.com/npm/package-json,v8.0.1-0.20260618162549-a7dafdbdee34+incompatible
2026-09-30T17:39:10.186566Z,github.com/npm/npm-audit-report,v8.0.1-0.20260618154853-2354f8cfe5b8+incompatible
2026-09-30T17:39:12.27738Z,github.com/npm/parse-conflict-json,v6.0.1-0.20260618154924-7d7fde0f8ee6+incompatible
2026-09-30T17:39:13.507644Z,github.com/npm/read-cmd-shim,v7.0.1+incompatible
2026-09-30T17:39:13.630135Z,github.com/npm/proggy,v5.0.1-0.20260618154935-10c3aedacd34+incompatible
2026-09-30T17:39:15.09669Z,github.com/npm/read,v6.0.1-0.20260618162449-51c945dd836c+incompatible
2026-09-30T17:39:15.662404Z,github.com/cloudfoundry/pxc-release,v2.0.11-0.20260929150555-f32217a33de3+incompatible
2026-09-30T17:39:15.856129Z,github.com/osbrjp/bungkus-cli,v1.8.0
2026-09-30T17:39:16.694445Z,github.com/npm/npm-registry-fetch,v20.0.2-0.20260618162505-6b4159a2519c+incompatible
2026-09-30T17:39:16.819721Z,github.com/npm/promzard,v4.0.1-0.20260618154944-8586e64163bd+incompatible
2026-09-30T17:39:17.181677Z,github.com/npm/unique-filename,v6.0.1-0.20260618155011-d5ce7d8a0d1e+incompatible
2026-09-30T17:39:17.186401Z,github.com/npm/query,v6.0.1-0.20260618154950-2ff767cea1bb+incompatible
2026-09-30T17:39:17.383469Z,github.com/npm/promise-spawn,v10.0.1-0.20260618154940-e19bfab86f43+incompatible
2026-09-30T17:39:19.17553Z,github.com/npm/read-package-json-fast,v6.0.1-0.20260618155001-2f1bc75e120c+incompatible
2026-09-30T17:39:21.706043Z,github.com/trm42/smartview,v0.5.3
2026-09-30T17:39:21.724107Z,github.com/npm/ssri,v14.0.1-0.20260618160144-7d5303b0dfc1+incompatible
2026-09-30T17:39:22.089592Z,github.com/Ab5424/Molara,v0.0.0-20260713204738-6e62979901f8
2026-09-30T17:39:23.601806Z,github.com/npm/proc-log,v7.0.1-0.20260618154929-c18205b7d292+incompatible
2026-09-30T17:39:23.623397Z,github.com/npm/validate-npm-package-name,v8.0.1-0.20260618162424-f63469d58278+incompatible
2026-09-30T17:39:23.882957Z,github.com/goravel/s3,v1.18.1-0.20260928012502-5fd734c94e80
2026-09-30T17:39:23.990983Z,github.com/npm/redact,v5.0.1-0.20260618162442-df9d4daa4d90+incompatible
2026-09-30T17:39:24.127837Z,github.com/openSUSE/libsolv,v0.0.0-20260930130936-fe3a533bca03
2026-09-30T17:39:24.214893Z,github.com/orium/rpds,v1.2.2-0.20260719182837-d7c1205c81f1
2026-09-30T17:39:24.551908Z,github.com/npm/run-script,v11.0.1-0.20260618155006-01fa56fd885a+incompatible
2026-09-30T17:39:25.459819Z,github.com/rss-bridge/rss-bridge,v0.0.0-20260930170438-e8c526c03f97
2026-09-30T17:39:29.346035Z,github.com/Ab5424/molara,v0.0.0-20260713204738-6e62979901f8
2026-09-30T17:39:32.815173Z,github.com/pmonks/clj-wcwidth,v0.0.0-20260413173948-2681e5acc5ad
2026-09-30T17:39:33.986528Z,github.com/facebookincubator/ent/examples,v0.0.0-20260930111610-2b829a033da8
2026-09-30T17:39:34.062019Z,github.com/google/oss-rebuild,v0.0.0-20260930173027-8c654b324112
2026-09-30T17:39:34.145771Z,github.com/powerman/wcwidth-icons,v1.1.0
2026-09-30T17:39:35.987205Z,github.com/npm/write-file-atomic,v8.0.1-0.20260618155020-23e111d95367+incompatible
2026-09-30T17:39:36.000253Z,github.com/pre-commit/pygrep-hooks,v1.10.1-0.20260929162853-79574289b81b
2026-09-30T17:39:37.955658Z,github.com/postcss/postcss-selector-parser,v7.1.2-0.20260903085458-4eb3468e754f+incompatible
2026-09-30T17:39:38.978043Z,github.com/pwwang/python-varname,v0.0.0-20260416203648-578a9fe6ee0a
2026-09-30T17:39:39.464453Z,github.com/prometheus/client_python,v0.26.1-0.20260915222155-9cd073cb4dc6
2026-09-30T17:39:39.957286Z,github.com/infracost/go-getter,v0.0.0-20260930130155-a9eb15e75d9b
2026-09-30T17:39:42.493907Z,github.com/pydantic/speedate,v0.17.1-0.20260905102508-a68ce8660d04
2026-09-30T17:39:43.966641Z,github.com/pydantic/pydantic-settings,v2.15.1-0.20260928152142-fcbdeeb9d3e4+incompatible
2026-09-30T17:39:46.369665Z,github.com/pylint-dev/pylint-django,v2.8.1-0.20260911052431-370556a75a2b+incompatible
2026-09-30T17:39:47.55292Z,github.com/tootallnate/keypress,v0.0.2
2026-09-30T17:39:51.825754Z,github.com/cicd-sensor/cicd-sensor-action,v0.0.38
2026-09-30T17:39:51.863124Z,github.com/nodejs/corepack,v0.36.1-0.20260911171238-d4dcb1f89741
2026-09-30T17:39:52.073869Z,github.com/jupyterlab/jupyterlab,v4.6.1-0.20260930133221-ca6acfbe41bb+incompatible
2026-09-30T17:39:53.928989Z,github.com/pytest-dev/pluggy,v0.0.0-20260930160145-7aa82ed6543d
2026-09-30T17:39:55.296718Z,github.com/networkservicemesh/sdk-kernel,v0.0.0-20230220044048-220f89473a34
2026-09-30T17:39:56.56188Z,github.com/pyserial/pyserial,v3.2.2-0.20260227032000-a5c48d445fbc+incompatible
2026-09-30T17:39:58.22792Z,github.com/python-babel/babel,v2.18.1-0.20260922104412-e2a17919f0eb+incompatible
2026-09-30T17:39:58.862005Z,github.com/python-hyper/brotlicffi,v0.8.1-0.20260928225744-5fac30af003c
2026-09-30T17:39:58.903415Z,github.com/msiemens/pygitup,v2.5.1-0.20260916160917-b965d5e2a52c+incompatible
2026-09-30T17:39:59.873Z,github.com/python-hyper/brotlipy,v0.8.1-0.20260928225744-5fac30af003c
2026-09-30T17:40:02.660465Z,github.com/python-jsonschema/jsonschema-specifications,v2025.9.2-0.20260915112355-7319b3c02fee+incompatible
2026-09-30T17:40:02.934984Z,github.com/python-cffi/cffi,v1.15.2-0.20260927120918-a077bdd48919
2026-09-30T17:40:08.235774Z,github.com/opennsw/core/remote,v0.0.0-20260921095813-be9ef41509ea
2026-09-30T17:40:08.58402Z,github.com/python-jsonschema/jsonschema,v4.26.1-0.20260929015225-51cd75e399c7+incompatible
2026-09-30T17:40:10.121708Z,github.com/quickwit-oss/tantivy-py,v0.0.0-20260930111639-6fdc7260128a
2026-09-30T17:40:10.572892Z,github.com/python/tzdata,v0.0.0-20260930162853-9493aaba724e
2026-09-30T17:40:13.171577Z,github.com/ratazzi/pdfcrate,v0.1.2-0.20260619151022-a8d07bcce0e8
2026-09-30T17:40:14.194154Z,github.com/python-jsonschema/referencing,v0.37.1-0.20260930104750-80895e5619f5
2026-09-30T17:40:15.042508Z,github.com/ratazzi/quebec,v0.4.1-0.20260930160142-126c23dcc908
2026-09-30T17:40:15.10019Z,github.com/tronghieu/lumina-wiki,v1.15.2
2026-09-30T17:40:16.327122Z,github.com/ridiculousfish/widecharwidth,v0.0.0-20250911083051-55fd0df9f282
2026-09-30T17:40:20.880605Z,github.com/samuelcolvin/python-devtools,v0.12.3-0.20250124191142-5022f1f6f1c5
2026-09-30T17:40:21.782091Z,github.com/rust-embedded/cross,v0.2.5-0.20260924062018-74e99b2223de
2026-09-30T17:40:25.63911Z,github.com/sethmlarson/truststore,v0.10.5-0.20260929023347-8d19b4d3dea6
2026-09-30T17:40:26.12285Z,github.com/GoogleCloudPlatform/compute-image-tools/common,v0.0.0-20260930172439-4571a877cc50
2026-09-30T17:40:27.859897Z,github.com/pypa/pipenv,v2026.8.1-0.20260925183315-226bc1342043+incompatible
2026-09-30T17:40:28.95476Z,github.com/scott-griffiths/tibs,v2.0.2-0.20260815200937-e294ff234ccb+incompatible
2026-09-30T17:40:30.501021Z,github.com/sansyrox/robyn,v0.88.1-0.20260809221448-1170748e211c
2026-09-30T17:40:31.146058Z,github.com/voronovsg/rocket-factory,v0.0.0-20260930145008-b127984763f8
2026-09-30T17:40:31.699537Z,github.com/shenxiangzhuang/bleuscore,v0.2.1-0.20260716124023-e458e1cb309b
2026-09-30T17:40:32.515932Z,github.com/sobolevn/dump-env,v0.1.2-0.20260928171327-24ef9e5f7c9b
2026-09-30T17:40:33.017894Z,github.com/snowballstem/snowball,v3.1.2-0.20260924024608-14a4f24e4cf6+incompatible
2026-09-30T17:40:34.788434Z,github.com/dpeerlab/palantir,v1.4.6-0.20260923172652-f819d5156c8f
2026-09-30T17:40:43.969053Z,github.com/tapjs/foreground-child,v4.0.3+incompatible
2026-09-30T17:40:45.21546Z,github.com/go-raptor/middlewares/secure,v1.0.0
2026-09-30T17:40:45.68577Z,github.com/go-raptor/middlewares/requestid,v1.0.0
2026-09-30T17:40:45.808412Z,github.com/stratis-storage/stratis-cli,v3.9.2-0.20260929202844-b345161f0b22+incompatible
2026-09-30T17:40:46.47483Z,github.com/termux/wcwidth,v0.0.0-20221216065144-911263c51423
2026-09-30T17:40:46.668238Z,github.com/sfu-db/connector-x,v0.4.7-0.20260930005641-3e0bddde44a7
2026-09-30T17:40:46.995461Z,github.com/theacodes/nox,v0.19.2-0.20260929145401-fd98dc7c43a5
2026-09-30T17:40:47.686914Z,github.com/tapjs/signal-exit,v4.1.1-0.20251025192133-f0c30f36828d+incompatible
2026-09-30T17:40:47.813985Z,github.com/theskumar/python-dotenv,v1.2.4-0.20260930033437-58f2d7c11223
2026-09-30T17:40:49.261321Z,github.com/rust-lang/rust-clippy,v0.0.213-0.20260930150955-e0d5b32b2393
2026-09-30T17:40:53.54669Z,github.com/MetaCubeX/ClashMetaForAndroid,v2.11.35+incompatible
2026-09-30T17:40:56.081192Z,github.com/PixoVR/pixo-golang-server-utilities/pixo-platform,v0.2.86
2026-09-30T17:40:57.388368Z,github.com/MohamedGouaouri/shellmates.github.io,v0.0.0-20200127221925-601d5b86a6c9
2026-09-30T17:40:58.455514Z,github.com/Microsoft/litebox,v0.0.0-20260930172018-285140ed035d
2026-09-30T17:40:58.574653Z,github.com/tox-dev/py-filelock,v3.0.13-0.20260929230331-9ed62ac3b3ca+incompatible
2026-09-30T17:40:59.952622Z,github.com/uqfoundation/dill,v0.0.0-20260928030717-e862cad2041c
2026-09-30T17:41:03.101982Z,github.com/publiciallc/go-help-desk,v0.0.0-20260923112413-8574a4b41dd6
2026-09-30T17:41:03.303609Z,github.com/typeddjango/django-stubs,v1.11.1-0.20260928205247-de0b49c8fb5d
2026-09-30T17:41:03.593712Z,github.com/AGORAIO-EXTENSIONS/AGORA-GOLANG-SERVER-SDK/v2,v2.4.14
2026-09-30T17:41:04.466699Z,github.com/easylayer/bitcoin-crawler,v0.1.1-alpha.0
2026-09-30T17:41:04.514377Z,github.com/PixoVR/pixo-golang-server-utilities/helm,v0.2.70
2026-09-30T17:41:05.123187Z,github.com/willynilly/rfc3987-syntax,v1.1.0
2026-09-30T17:41:06.15783Z,github.com/pandas-dev/pandas,v3.0.1-0.20260930171946-d6accf04a339+incompatible
2026-09-30T17:41:06.479337Z,github.com/PixoVR/pixo-golang-server-utilities/argo,v0.2.64
2026-09-30T17:41:06.74718Z,github.com/wildlyinaccurate/relative-date,v2.0.2+incompatible
2026-09-30T17:41:08.388919Z,github.com/websocket-client/websocket-client,v1.9.3-0.20260924152305-318d1bc3b8de
2026-09-30T17:41:09.656586Z,github.com/goplus/lib,v0.5.5
2026-09-30T17:41:10.698452Z,github.com/zephyrproject-rtos/west,v1.2.100-0.20260924062506-cc7941cfb39f
2026-09-30T17:41:11.865426Z,github.com/ypcrts/fqdn,v1.6.0
2026-09-30T17:41:18.258312Z,github.com/wdm0006/git-pandas,v2.5.1-0.20260920202819-279c16e06914+incompatible
2026-09-30T17:41:25.110794Z,github.com/pixovr/pixo-golang-server-utilities/helm,v0.2.70
2026-09-30T17:41:25.177435Z,github.com/pixovr/pixo-golang-server-utilities/pixo-platform,v0.2.86
2026-09-30T17:41:25.946708Z,github.com/metacubex/clashmetaforandroid,v2.11.35+incompatible
2026-09-30T17:41:26.58879Z,github.com/pixovr/pixo-golang-server-utilities/argo,v0.2.64
2026-09-30T17:41:36.843396Z,code.cloudfoundry.org/galera-healthcheck,v0.0.0-20220901215914-d591811a0fba
2026-09-30T17:41:41.313428Z,github.com/pion/logging,v0.2.5-0.20260923000832-7f7ee36e01f8
2026-09-30T17:41:44.237657Z,github.com/konveyor-ecosystem/kantra,v0.11.0
2026-09-30T17:41:48.701798Z,github.com/oca/edi,v0.0.0-20260904104712-913990dbbaa2
2026-09-30T17:41:55.887875Z,github.com/troyblank/foodhow,v0.0.0-20260928220432-846ec83c1543
2026-09-30T17:42:02.26262Z,github.com/cloudfoundry/switchboard,v0.0.0-20220901220059-a8f668525aab
2026-09-30T17:42:05.058243Z,github.com/mo-lucy-gordon/simulation-systems,v0.0.0-20260316082953-0af0d061d2d9
2026-09-30T17:42:05.345849Z,github.com/yaswant/simulation-systems,v0.0.0-20260722151300-769a9d330b05
2026-09-30T17:42:06.500327Z,github.com/alphagov/performanceplatform-client.go,v0.0.0-20141206222154-4f87c98640f2
2026-09-30T17:42:07.772631Z,github.com/mo-marqh/simulation-systems,v0.0.0-20251211110737-fd2e8513974e
2026-09-30T17:42:07.949662Z,github.com/mike-hobson/simulation-systems,v0.0.0-20250716083606-31f6675ca4c6
2026-09-30T17:42:09.75414Z,github.com/troyeguo/koodo-reader,v2.4.5+incompatible
2026-09-30T17:42:13.794128Z,github.com/tintoy/msbuild-project-tools-vscode,v0.3.2
2026-09-30T17:42:20.920054Z,github.com/omega-coder/shellmates-web,v0.0.0-20200304231437-0f528e41ae6a
2026-09-30T17:42:27.416213Z,github.com/metaswitch/cassandra-rs,v0.0.0-20221114152823-3bea90dcc511
2026-09-30T17:42:33.202433Z,github.com/DataDog/datadog-sbom-generator,v1.18.3
2026-09-30T17:42:35.20793Z,github.com/boxlite-ai/boxlite/sdks/go,v0.9.8-0.20260710100905-d0297644cac6
2026-09-30T17:42:36.427348Z,github.com/0x000c0ded/shellmates-web,v0.0.0-20200110033744-54ed3d5d0eaf
2026-09-30T17:42:36.839426Z,github.com/trpc/examples-next-prisma-starter,v0.0.0-20260928191915-30d034e5547d
2026-09-30T17:42:47.227835Z,github.com/puzzle/cert-manager-webhook-dnsimple,v0.1.15
2026-09-30T17:42:49.363187Z,github.com/spigell/pulumi-talos-cluster,v0.0.0-20260930171026-e80267437cf9
2026-09-30T17:43:14.72128Z,github.com/Flockdeck/flockdeck,v0.3.45
2026-09-30T17:43:22.459236Z,github.com/documentdb/documentdb,v0.0.0-20260909233452-28cc012070ce
2026-09-30T17:43:47.946552Z,github.com/datadog/datadog-sbom-generator,v1.18.3
2026-09-30T17:44:05.779568Z,github.com/flockdeck/flockdeck,v0.3.45
2026-09-30T17:44:20.276312Z,github.com/perses/plugins/staticlistvariable,v0.10.0-beta.7
2026-09-30T17:44:22.166338Z,github.com/perses/plugins/piechart,v0.15.0-beta.7
2026-09-30T17:44:22.802117Z,github.com/perses/plugins/gaugechart,v0.14.0-beta.7
2026-09-30T17:44:25.134269Z,github.com/perses/plugins/statchart,v0.15.0-beta.7
2026-09-30T17:44:33.873067Z,github.com/mo-lottieturner/simulation-systems,v0.0.0-20251208152134-5a7a9ddc275b
2026-09-30T17:44:34.462949Z,github.com/tinyendian/simulation-systems,v0.0.0-20260612074828-8efb80653244
2026-09-30T17:44:36.146691Z,github.com/homebridge/bonjour,v3.10.5+incompatible
2026-09-30T17:44:37.553201Z,github.com/stevemullerworth/simulation-systems,v0.0.0-20241004111603-d200c192aad4
2026-09-30T17:44:49.617879Z,github.com/cloudfoundry/pxc-release/src/github.com/cloudfoundry-incubator/switchboard,v0.0.0-20230405183516-68ace2a06eae
2026-09-30T17:44:55.516023Z,github.com/mrnereof/scpwiki,v0.0.0-20260929225325-00a39b912468
2026-09-30T17:45:20.605028Z,github.com/truenas/middleware,v0.0.0-20260930120131-32ad06ade992
2026-09-30T17:45:29.083588Z,github.com/GoogleCloudPlatform/compute-image-tools/gce_image_publish,v0.0.0-20260930172439-4571a877cc50
2026-09-30T17:45:34.624725Z,github.com/devshedlabs/csvx-go,v0.1.0
2026-09-30T17:45:37.706562Z,github.com/cpegeric/linter,v0.0.0-20260930174422-a599fcb02284
2026-09-30T17:45:40.39447Z,github.com/kdave/btrfs-progs,v6.19.2-0.20260714224148-4ab0e80be9e3+incompatible
2026-09-30T17:45:47.819661Z,github.com/cloudfoundry/pxc-release/src/github.com/cloudfoundry/galera-init,v0.0.0-20230405183516-68ace2a06eae
2026-09-30T17:45:51.792324Z,github.com/platformio/builder-framework-arduino-nrf5,v0.0.0-20260619124823-0d9c4bb97fc3
2026-09-30T17:46:04.970781Z,github.com/cloudfoundry/pxc-release/src/github.com/cloudfoundry-incubator/cf-mysql-bootstrap,v0.0.0-20230405183516-68ace2a06eae
2026-09-30T17:46:09.023374Z,github.com/OneSignal/OneSignal-Website-SDK,v0.0.0-20250319201321-bf8e8dcac283
2026-09-30T17:46:11.31698Z,github.com/Arm-software/golang-utils/utils,v1.170.6
2026-09-30T17:46:17.343852Z,github.com/truenas/apps,v0.0.0-20260930170622-c0178eff355e
2026-09-30T17:46:20.844985Z,github.com/farama-foundation/gymnasium,v1.3.1-0.20260927212244-6fb69c009b0c
2026-09-30T17:46:22.266131Z,github.com/cloudfoundry/pxc-release/src/github.com/cloudfoundry-incubator/cf-mysql-cluster-health-logger,v0.0.0-20230405183516-68ace2a06eae
2026-09-30T17:46:24.233925Z,github.com/behaviorengineering/polypus,v0.2.13
2026-09-30T17:46:25.221005Z,github.com/trufae/r2flutter,v0.0.0-20260930093254-7d283902f3fd
2026-09-30T17:46:39.934793Z,github.com/genericmappingtools/gmt,v0.0.0-20130922145838-61c63f505a6a
2026-09-30T17:46:42.273848Z,github.com/cloudfoundry/pxc-release/src/github.com/cloudfoundry-incubator/galera-healthcheck,v0.0.0-20230405183516-68ace2a06eae
2026-09-30T17:46:44.206611Z,github.com/smartcontractkit/chainlink-confidential-compute,v1.4.6
2026-09-30T17:46:58.42447Z,git.aslivres.social/aslivres/brisa,v0.0.0-20260929014739-a87032fb3b07
2026-09-30T17:47:08.802074Z,github.com/cloudfoundry/pxc-release/src/gra-log-purger,v0.0.0-20230405183516-68ace2a06eae
2026-09-30T17:47:10.847665Z,github.com/mamerzouk/shellmates-web,v0.0.0-20200109191854-a201b31e8322
2026-09-30T17:47:18.556892Z,github.com/Truncklin/exchange-common,v0.0.13
2026-09-30T17:47:20.585701Z,github.com/Nervus-OS/nervus-ipc/go/v2,v2.0.0-20260930174207-b652231c5278
2026-09-30T17:47:23.561367Z,github.com/felipeospina21/tuishell,v0.11.0
2026-09-30T17:47:26.561369Z,github.com/red0xff/shellmates-web,v0.0.0-20200109191854-a201b31e8322
2026-09-30T17:47:29.119028Z,github.com/cloudfoundry/pxc-release/src/generate-auto-tune-mysql,v0.0.0-20230405183516-68ace2a06eae
2026-09-30T17:47:32.392978Z,github.com/Danmar/cppcheck,v0.0.0-20260930130021-fa6c1f132705
2026-09-30T17:47:32.507124Z,github.com/ludo-technologies/pyscn,v1.32.2
2026-09-30T17:47:33.878659Z,github.com/truncklin/exchange-common,v0.0.13
2026-09-30T17:47:34.907643Z,github.com/dekiel/test-infra,v0.0.0-20260930130109-8ea7b0951b54
2026-09-30T17:47:39.54874Z,github.com/nabil-otsmane/shellmates-web,v0.0.0-20200109200608-4c3106481e0d
2026-09-30T17:47:40.283236Z,github.com/princeton-nlp/LM-BFF,v0.0.0-20220829200135-c282f521001f
2026-09-30T17:47:45.513213Z,github.com/Event4u-app/Agent-config,v0.0.0-20260930173017-4429b1d3df9d
2026-09-30T17:47:47.400561Z,github.com/kaki005/kaki005,v0.0.0-20260903015009-4e46bfec72b8
2026-09-30T17:47:47.619206Z,github.com/cloudfoundry/pxc-release/src/e2e-tests,v0.0.0-20230405183516-68ace2a06eae
2026-09-30T17:47:59.981415Z,github.com/cloudfoundry/pxc-release/src/smoke-tests,v0.0.0-20230405183516-68ace2a06eae
2026-09-30T17:48:08.578244Z,github.com/truongnhan0311/custom_pocketbase,v0.0.0-20260925040215-1d592e8e178c
2026-09-30T17:48:09.891787Z,github.com/sascha-andres/reuse,v0.17.1
2026-09-30T17:48:13.606524Z,github.com/truongnhan0311/pocketbase,v0.0.0-20260925040215-1d592e8e178c
2026-09-30T17:48:14.084229Z,github.com/seprokof/leetcode/3/go,v0.0.0-20260930080232-72f3f9b06899
2026-09-30T17:48:14.73172Z,github.com/cloudfoundry/pxc-release/spec/integration,v0.0.0-20230405183516-68ace2a06eae
2026-09-30T17:48:15.90735Z,github.com/4n0nym4u5/4n0nym4u5,v0.0.0-20241205164227-47e9e26bcc37
2026-09-30T17:48:16.819838Z,github.com/castorini/anserini,v0.0.0-20260930135228-ea4a234303b0
2026-09-30T17:48:19.094093Z,github.com/nyanyan/nyanyan,v0.0.0-20260930033704-69da31c1c33e
2026-09-30T17:48:19.648411Z,github.com/shinmao/shinmao,v0.0.0-20260603204759-2d645bc8e02e
2026-09-30T17:48:20.697041Z,go.gazette.dev/core,v0.0.0-20260319151313-49ac06e5ca58
2026-09-30T17:48:21.465834Z,sluicesync.dev/sluice,v0.156.6
2026-09-30T17:48:32.826776Z,github.com/web-token/jwt-checker,v0.0.0-20240222071934-973ab960dd17
2026-09-30T17:48:33.038023Z,github.com/caffeine/site,v2.0.0+incompatible
2026-09-30T17:48:43.147259Z,github.com/trussworks/react-uswds,v0.0.0-20260927060241-00551dd30441
2026-09-30T17:48:45.03185Z,github.com/web-token/jwt-signature-algorithm-ecdsa,v0.0.0-20240222071934-28516e170f6e
2026-09-30T17:48:50.808388Z,github.com/trustabl/trustabl,v0.1.13
2026-09-30T17:48:52.396785Z,github.com/trancecode/vantage,v0.1.28
2026-09-30T17:48:56.875422Z,github.com/PixoVR/pixo-golang-server-utilities/k8s,v0.0.0-20260930173725-6abbf7148212
2026-09-30T17:49:00.703944Z,github.com/jgazeau/shadocs,v0.0.0-20260930084539-a6f7aa05c7ed
2026-09-30T17:49:03.791674Z,github.com/modorganizer2/vcpkg-registry,v0.0.0-20250528125815-9936967e7c0b
2026-09-30T17:49:09.366032Z,github.com/nordicsemi/nrfx,v4.6.0+incompatible
2026-09-30T17:49:14.013123Z,github.com/MRUIAW/BedrockBoatHUD,v1.0.1
2026-09-30T17:49:21.154183Z,github.com/kaitencloud/sdk-go,v0.0.0-20260930174433-ba478a20a963
2026-09-30T17:49:21.498836Z,github.com/coretrix/trixorm,v1.1.5
2026-09-30T17:49:23.600122Z,github.com/track3/pocketbase-comment,v0.0.0-20260926111647-d316efbc90d0
2026-09-30T17:49:27.984518Z,github.com/bottlerocket-os/bottlerocket-ecs-updater,v0.2.4-0.20250611230917-9e60dea9c4f8
2026-09-30T17:49:31.405774Z,github.com/Kevoreilly/capev2,v0.0.0-20260930120032-82e002ba67fc
2026-09-30T17:49:32.670778Z,github.com/galoymoney/charts,v0.0.0-20260930101203-2e4f8aca9199
2026-09-30T17:49:33.567928Z,github.com/patrickmn/go-cache,v1.0.1-0.20160127170004-1881a9bccb81
2026-09-30T17:49:34.193091Z,github.com/KevOReilly/capev2,v0.0.0-20260930120032-82e002ba67fc
2026-09-30T17:49:34.780013Z,github.com/OCA/payroll,v0.0.0-20260925204644-4ac920795347
2026-09-30T17:49:36.501904Z,github.com/Wirenboard/homeui,v2.264.0+incompatible
2026-09-30T17:49:36.923654Z,github.com/Quacklover28490/Sip,v0.0.0-20260930155023-04189031d0a9
2026-09-30T17:49:37.370286Z,github.com/KevOReilly/CAPEv2,v0.0.0-20260930120032-82e002ba67fc
2026-09-30T17:49:37.969169Z,github.com/Neverball/neverball,v0.0.0-20260930122606-9b2ad6e6dd4d
2026-09-30T17:49:40.912905Z,github.com/mruiaw/bedrockboathud,v1.0.1
2026-09-30T17:49:51.457901Z,github.com/leeguooooo/cookie-use,v0.5.0
2026-09-30T17:50:01.454663Z,github.com/cachyos/cachyos-pkgbuilds,v0.0.0-20260929202807-ea58a42f3b7d
2026-09-30T17:50:01.813665Z,github.com/browserscale/browserscale,v0.3.1
2026-09-30T17:50:06.502321Z,buf.build/gen/go/redpandadata/cloud/grpc/go,v1.6.1-20260928165847-04e48a644adb.1
2026-09-30T17:50:07.311011Z,github.com/tsuru/tsuru,v0.0.0-20180829194914-819ef3889f53
2026-09-30T17:50:09.726771Z,github.com/trustedsec/coffloader,v0.0.0-20260928142646-edfa7639a137
2026-09-30T17:50:22.530412Z,github.com/N1N4U/Hex,v0.0.0-20260929202957-1078f3d6837a
2026-09-30T17:50:26.668098Z,github.com/trustgraph-ai/trustgraph,v2.10.0+incompatible
2026-09-30T17:50:33.752877Z,github.com/trustification/rhtpa,v0.0.0-20260930091851-0b3bc0b34311
2026-09-30T17:50:36.404018Z,github.com/apache/zookeeper,v0.0.0-20260930172025-5143ab88c943
2026-09-30T17:50:40.898846Z,github.com/fairwindsops/charts,v0.0.0-20260930114140-b0efeea78fbd
2026-09-30T17:50:42.903529Z,github.com/fenollp/kin-openapi,v0.0.0-20260930130319-1f12b8868fa8
2026-09-30T17:50:48.414819Z,github.com/trafficwrapper/worker/core,v0.0.0-20260929223909-20e20d0923ae
2026-09-30T17:50:50.434523Z,github.com/douglascrockford/json-java,v0.0.0-20260930130917-18e8ef6e6101
2026-09-30T17:50:55.526604Z,github.com/vbenjs/vite-plugin-vue-setup-extend,v0.2.0
2026-09-30T17:50:58.806786Z,github.com/cplusplus/Draft,v0.0.0-20260929152050-fc466c52db72
2026-09-30T17:51:00.036403Z,github.com/m0hss/fixlog,v0.0.0-20260930174304-b12355d5f93c
2026-09-30T17:51:08.820051Z,github.com/lightbend/paradox,v0.11.1
2026-09-30T17:51:09.741434Z,github.com/event4u-app/Agent-config,v0.0.0-20260930173017-4429b1d3df9d
2026-09-30T17:51:14.6052Z,github.com/kai-scheduler/kai-gpu-fractioning/pkg,v0.0.0-20260930104746-5a798905a5ea
2026-09-30T17:51:22.480962Z,github.com/kevoreilly/Capev2,v0.0.0-20260930120032-82e002ba67fc
2026-09-30T17:51:28.148136Z,github.com/kkrypt0nn/manuf,v0.0.0-20260929114043-c9cb15b1d5be
2026-09-30T17:51:31.702049Z,github.com/kicad/kicad-footprints,v0.0.0-20201002033930-7ebfa6b23cc2
2026-09-30T17:51:40.010612Z,github.com/trustyai-explainability/trustyai-service,v0.0.0-20260930124355-deed90a3df1e
2026-09-30T17:51:45.357518Z,buf.build/gen/go/antinvestor/profile/connectrpc/go,v1.19.1-20260929153428-b65541b0f40f.2
2026-09-30T17:51:45.723394Z,github.com/ogulcancelik/herdr,v0.9.3
2026-09-30T17:51:48.878038Z,github.com/gem5/gem5,v0.0.0-20210922183748-4666a4f9e31e
2026-09-30T17:51:50.2155Z,github.com/cloud-py-api/nc_py_api,v0.30.3
2026-09-30T17:51:53.549111Z,github.com/neon-genesis-linux/pen-bot,v0.0.0-20260930151951-8392d492a4fb
2026-09-30T17:51:54.317738Z,github.com/neo-open-source/neo-id,v0.0.0-20260929161644-f7051f8e4fb9
2026-09-30T17:52:03.765197Z,github.com/netcracker/qubership-clickhouse-operator-helm,v0.0.0-20260930073822-061f06dd948b
2026-09-30T17:52:03.836742Z,github.com/newrelic/newrelic-client-go/tools,v0.0.0-20260930065126-2af8615d18da
2026-09-30T17:52:04.085817Z,github.com/netlify/netlify-mcp,v0.0.0-20260930152444-84312229df2d
2026-09-30T17:52:04.772322Z,github.com/google/web-stories-wp,v1.32.0
2026-09-30T17:52:05.449989Z,github.com/networknt/light-hybrid-4j,v0.0.0-20260930162329-5dd0d26c3d47
2026-09-30T17:52:05.483339Z,github.com/networknt/light-java-graphql,v0.0.0-20260930162327-5032b9a0c4c2
2026-09-30T17:52:05.644987Z,github.com/netbirdio/netbird/client/internal/metrics/infra/ingest,v0.0.0-20260930162538-fd1a0203c7d9
2026-09-30T17:52:06.046137Z,github.com/newton-physics/mujoco-usd-converter,v0.6.1
2026-09-30T17:52:06.99598Z,github.com/net4n6-dev/cipherflag,v0.0.0-20260929221830-2583d0bdd285
2026-09-30T17:52:07.087344Z,github.com/netwalls/boxmeout_stella,v0.0.0-20260929155547-9d5232fb8c61
2026-09-30T17:52:09.893494Z,github.com/neuronsimulator/nrn,v0.0.0-20260930012011-7a9695b88bd1
2026-09-30T17:52:13.251421Z,github.com/netcracker/qubership-cassandra-operator,v0.0.0-20260930111540-3462595bef1b
2026-09-30T17:52:13.366691Z,github.com/neorazorx/facturascripts,v0.0.0-20260930115516-6fdff2f667f7
2026-09-30T17:52:13.675778Z,github.com/googlecloudplatform/compute-image-tools/gce_export,v0.0.0-20260930172439-4571a877cc50
2026-09-30T17:52:15.833349Z,github.com/truvity/workstation,v0.1.2
2026-09-30T17:52:17.827962Z,github.com/googlecloudplatform/compute-image-tools/common,v0.0.0-20260930172439-4571a877cc50
2026-09-30T17:52:17.92546Z,github.com/nflverse/nflverse-pbp-raw,v0.0.0-20260929031623-756b171a6d84
2026-09-30T17:52:18.124088Z,github.com/nexgus/fsbrowser/fsdrv,v0.7.0
2026-09-30T17:52:18.790782Z,github.com/ngavrish/ammit/clients/go,v0.0.0-20260929152125-12b4839756ce
2026-09-30T17:52:19.205783Z,github.com/nextcloud/docker-ci,v0.0.0-20260929132610-818c5158382f
2026-09-30T17:52:19.288146Z,github.com/nflverse/nflverseraw,v0.0.0-20260929031623-756b171a6d84
2026-09-30T17:52:19.633452Z,github.com/newrelic/infrastructure-bundle,v0.0.0-20260929170006-b90a7b0ffb3b
2026-09-30T17:52:20.139585Z,github.com/ngavrish/ammit,v0.0.0-20260929152125-12b4839756ce
2026-09-30T17:52:21.419964Z,github.com/ngtkana/ngtkana,v0.0.0-20260930011036-46bbeacbf5a1
2026-09-30T17:52:25.109601Z,github.com/ehud-am/gitlocal,v0.13.7
2026-09-30T17:52:25.183632Z,github.com/nginx/nginx-gateway-fabric/tests,v0.0.0-20260930142527-2c941f30c6a0
2026-09-30T17:52:33.169269Z,github.com/trvon/yams,v0.20.3
2026-09-30T17:52:33.961672Z,github.com/GizClaw/dashscope-realtime-go,v0.0.0-20260930172928-9850a4d5c962
2026-09-30T17:52:34.366245Z,github.com/GizClaw/doubao-speech-go,v0.0.0-20260930172552-a757f528d310
2026-09-30T17:52:35.791623Z,github.com/openwrt-passwall/openwrt-passwall2,v0.0.0-20260930162145-39d491e68a9d
2026-09-30T17:52:35.977482Z,github.com/GizClaw/minimax-go,v0.0.0-20260930172658-5b0e1eaa22cb
2026-09-30T17:52:39.953441Z,github.com/openwrt-passwall/openwrt-passwall,v0.0.0-20260930155050-c238943d780c
2026-09-30T17:52:43.127948Z,github.com/oasis-open/csaf-documentation,v0.0.0-20260929152240-8350c9e346da
2026-09-30T17:52:46.378717Z,github.com/reactiveops/charts,v0.0.0-20260930114140-b0efeea78fbd
2026-09-30T17:52:51.000661Z,github.com/quacklover28490/Sip,v0.0.0-20260930155023-04189031d0a9
2026-09-30T17:52:52.832232Z,github.com/tomelias10/orynval-labs,v0.0.0-20260930175222-bf39b3399c7e
2026-09-30T17:52:56.047061Z,github.com/digital-asset/dazl-client/v8,v8.9.1-0.20260930165616-cdbeff3e7091
2026-09-30T17:52:57.016522Z,github.com/ARM-software/golang-utils/utils,v1.170.7-0.20260929170423-630e94fec65b
2026-09-30T17:53:01.91198Z,github.com/nebius/soperator,v0.0.0-20260930171122-f6c1c6d54f75
2026-09-30T17:53:04.201264Z,github.com/sessionbus/peer-common,v0.0.0-20260930121858-795f4825d181
2026-09-30T17:53:06.126867Z,github.com/sebhildebrandt/systeminformation,v5.33.15+incompatible
2026-09-30T17:53:10.270275Z,github.com/siraxe/ComfyUI-WanVideoWrapper_QQ,v0.0.0-20260929151757-6cbd142500d0
2026-09-30T17:53:13.448762Z,github.com/divviup/prio-server,v0.0.0-20201101045747-f3ef1f2ef7b4
2026-09-30T17:53:18.718021Z,github.com/google/OSV,v2025.12.11-0.20260930063641-496c344c3ef1+incompatible
2026-09-30T17:53:29.932859Z,github.com/tight-line/ballast,v0.6.2
2026-09-30T17:53:32.000212Z,github.com/dragonflydb/dragonfly,v0.0.0-20260930132441-df13e28b2a20
2026-09-30T17:53:36.677278Z,github.com/makerdiary/nrf52840-mdk,v0.0.0-20210528031903-52ba5cb08562
2026-09-30T17:53:44.256915Z,github.com/coffeehc/boot,v0.0.0-20260930061255-6ce2b9a9a421
2026-09-30T17:53:47.014371Z,github.com/makerdiary/nrf52840-mdk-usb-dongle,v2.0.0+incompatible
2026-09-30T17:53:55.059474Z,github.com/tryretool/retool-cli,v0.0.0-20260929164619-5f8bf0bc7c1a
2026-09-30T17:54:05.16331Z,github.com/scalr/terraform-provider-scalr,v0.0.0-20260930120243-7e4340e34b34
2026-09-30T17:54:12.950689Z,github.com/phuslu/quic-go,v0.0.0-20260930175200-b36237ddb6a8
2026-09-30T17:54:19.052654Z,github.com/wordpress/WordPress,v0.0.0-20260930174643-8365da86f3f7
2026-09-30T17:54:21.020045Z,github.com/n1n4u/hex,v0.0.0-20260929202957-1078f3d6837a
2026-09-30T17:54:24.65006Z,github.com/Nerves-Project/ERLINIT,v1.15.0
2026-09-30T17:54:29.838919Z,github.com/tryton/tryton,v0.0.0-20260922074703-efed804e603e
2026-09-30T17:54:35.522574Z,github.com/kptdev/kpt/api,v0.0.0-20260930132200-acd48237f61f
2026-09-30T17:54:42.516294Z,github.com/trendyol/go-mongo-cdc-elasticsearch,v0.0.0-20260928073500-514ff9e2c201
2026-09-30T17:54:51.824874Z,github.com/angular-university/ngrx-course,v0.0.0-20260930145521-87adc93d5a48
2026-09-30T17:54:53.665157Z,github.com/marcosdead/saas-lib-auth-verifier,v0.0.0-20260930165857-844750701e43
2026-09-30T17:54:53.962249Z,github.com/xanderxfz-fork/needle-go,v0.0.0-20260922205800-2652ff341c03
2026-09-30T17:54:58.390504Z,github.com/0xsequence/ethkit,v1.43.7-0.20260930172347-cf8c4c191a3e
2026-09-30T17:54:59.270547Z,github.com/openshift/sriov-network-operator,v0.0.0-20260929101437-da8e7e715877
2026-09-30T17:55:21.293217Z,github.com/conductorone/baton-retool,v0.0.19
2026-09-30T17:55:25.898068Z,github.com/tsarlewey/proof-cli,v0.3.1
2026-09-30T17:55:32.401966Z,github.com/bazel-contrib/rules_go,v0.64.0
2026-09-30T17:55:43.738928Z,github.com/omega-coder/omega-coder.github.io,v0.0.0-20250203211151-8e64e7ac5458
2026-09-30T17:55:54.713869Z,github.com/mamerzouk/mamerzouk.github.io,v0.0.0-20260929202754-e8008a8ec784
2026-09-30T17:56:06.861762Z,github.com/red0xff/red0xff.github.io,v0.0.0-20230810233544-1d5d82baab75
2026-09-30T17:56:18.672664Z,github.com/tschaefer/rpinfo,v0.0.0-20260924094149-21e8cfaa0f47
2026-09-30T17:56:18.904509Z,github.com/rethunk-ai/wails/v3,v3.0.0-beta.26.0.20260930124554-1a75a02e2f63
2026-09-30T17:56:20.044724Z,github.com/SeraphinaDX/outlook-pst-go,v0.1.1
2026-09-30T17:56:29.702577Z,github.com/htenkanen/pyrosm,v0.14.0
2026-09-30T17:56:31.058702Z,github.com/TaharAmine/writeups,v0.0.0-20181120132838-69391aeece4a
2026-09-30T17:56:33.342963Z,github.com/bytecodealliance/wit-bindgen,v0.2.1-0.20231205175701-efcc7592cf32
2026-09-30T17:56:34.730546Z,github.com/thealgorithms/website,v0.0.0-20260928115132-663ea8ab2d74
2026-09-30T17:56:36.937388Z,github.com/cloudera/terraform-provider-cdp,v0.13.2-0.20260930101348-67fc52a7efc7
2026-09-30T17:56:37.00827Z,github.com/tschipp/carryon,v2.12.0+incompatible
2026-09-30T17:56:39.274215Z,github.com/MohamedGouaouri/blog,v0.0.0-20210415220111-a5f873c71383
2026-09-30T17:56:50.8973Z,github.com/tbeu/matio,v1.5.24-0.20231024193247-1a2c5ca53c08
2026-09-30T17:56:52.741181Z,github.com/isra3l/ligpargen,v0.0.0-20241218101938-03732d8095aa
2026-09-30T17:56:53.762284Z,github.com/tscircuit/jlcpcb-manufacturing-specs,v0.0.0-20260925212540-23260504fcef
2026-09-30T17:57:06.242583Z,github.com/seraphinadx/outlook-pst-go,v0.1.1
2026-09-30T17:57:06.245192Z,github.com/ladislav-zezula/casclib,v0.0.0-20260925110844-38a34665624b
2026-09-30T17:57:09.036801Z,github.com/metomi/rose,v0.0.0-20260921120343-52507b992056
2026-09-30T17:57:14.541084Z,github.com/allendowney/thinkstats,v0.0.0-20260916185337-f561120b73f2
2026-09-30T17:57:14.594254Z,github.com/pi4j/pi4j-v2,v0.0.0-20260927123133-c75670d3b957
2026-09-30T17:57:18.294183Z,github.com/MorvanZhou/NLP-Tutorials,v0.0.0-20211213042008-3aa02a13151b
2026-09-30T17:57:27.460939Z,github.com/docker/mcp-gateway-oauth-helpers,v0.0.8-0.20260930174537-e2ac6fbb23b4
2026-09-30T17:57:33.808571Z,github.com/bioconductor/biocgenerics,v0.0.0-20240430142627-d23d8dde2e8c
2026-09-30T17:57:37.119084Z,github.com/swesmith/knio__dominate.9082227e,v0.0.0-20250314195654-e8fb15dc30d6
2026-09-30T17:57:37.179265Z,github.com/yepoleb/idcard-qr,v0.0.0-20250526222422-d4a7baf76a28
2026-09-30T17:57:38.623092Z,github.com/imeyer/tdiscuss,v0.0.8
2026-09-30T17:57:38.624454Z,github.com/mohamedgouaouri/blog,v0.0.0-20210415220111-a5f873c71383
2026-09-30T17:57:40.32397Z,github.com/SudoOne/VRWorldToolkit,v0.0.0-20260928125321-3ad34169678b
2026-09-30T17:57:48.921635Z,github.com/tsenart/casei/arena,v0.0.0-20260929144150-514b1656eb06
2026-09-30T17:58:02.806695Z,github.com/primedecomp/prime,v0.0.0-20260930153430-7d7944e8c7db
2026-09-30T17:58:05.125219Z,github.com/alphagov/govuk-chat,v0.0.0-20260929153005-06973f282c24
2026-09-30T17:58:14.689332Z,github.com/Tencent/weknora,v0.8.2
2026-09-30T17:58:15.390778Z,github.com/morvanzhou/nlp-tutorials,v0.0.0-20211213042008-3aa02a13151b
2026-09-30T17:58:15.584849Z,github.com/dolthub/driver/v2,v2.4.0
2026-09-30T17:58:19.894039Z,github.com/SlimeKnights/TinkersConstruct,v0.0.0-20260930045253-389b9d585cf0
2026-09-30T17:58:23.196686Z,github.com/cloudfoundry/bosh-bootloader,v1.2.2-0.20260930150152-9a51021b9c18
2026-09-30T17:58:31.48865Z,github.com/smithy-lang/smithy-python,v0.0.0-20260930174534-95c6536bae68
2026-09-30T17:58:44.490992Z,github.com/primedecomp/echoes,v0.0.0-20260930161557-7fc6153744ff
2026-09-30T17:59:09.086434Z,github.com/3-manifolds/fxrays,v0.0.0-20260930015736-3cb79f84ac5a
2026-09-30T17:59:29.786252Z,github.com/vmkteam/reviewer,v0.3.3
2026-09-30T17:59:36.929431Z,github.com/OCA/management-system,v0.0.0-20260916120157-faeb8e58c4d5
2026-09-30T17:59:38.206582Z,github.com/mjaakko/neostumbler,v0.0.0-20260929202434-da9f36b8d615
2026-09-30T18:00:00.343491Z,github.com/TobiasLee/Text-Classification,v0.0.0-20190512015705-21229709953b
2026-09-30T18:00:03.732646Z,github.com/songyouwei/ABSA-PyTorch,v0.0.0-20210805081724-9a7c6c1c993a
2026-09-30T18:00:08.345734Z,github.com/onuragtas/openlog,v0.0.0-20260930163909-774605cc25fd
2026-09-30T18:00:17.945019Z,github.com/wemos/d1_mini_examples,v0.0.0-20260611071041-9a47a4923097
2026-09-30T18:00:20.199312Z,github.com/lee-ext/go-extend,v0.6.1
2026-09-30T18:00:21.761824Z,github.com/Segmentio/Parquet-go,v0.0.0-20230712180008-5d42db8f0d47
2026-09-30T18:00:32.374357Z,github.com/cloudspannerecosystem/wrench,v1.13.6-0.20260930025325-0ca7b1192179
2026-09-30T18:00:36.581114Z,github.com/ajenti/ajenti,v2.2.16+incompatible
2026-09-30T18:00:37.554988Z,github.com/arm-software/golang-utils,v1.170.7-0.20260929170423-630e94fec65b
2026-09-30T18:00:49.274742Z,github.com/gpg/gnupg,v0.0.0-20260929051622-21b0baf15bb5
2026-09-30T18:00:50.690795Z,github.com/lucas-clemente/quic-go/integrationtests/gomodvendor,v0.0.0-20260930041222-cf73fe7d3136
2026-09-30T18:01:12.414312Z,github.com/Bonasa-Tech/manifest,v0.0.0-20260930162520-ec9cd449857c
2026-09-30T18:01:12.648042Z,github.com/trafficwrapper/worker,v0.0.0-20260929223909-20e20d0923ae
2026-09-30T18:01:14.923728Z,github.com/tsubasaogawa/regex-replacing-tee,v0.1.0
2026-09-30T18:01:16.361043Z,github.com/trailblazer/representable,v3.3.0+incompatible
2026-09-30T18:01:24.330141Z,github.com/edwinyyyu/memmachine,v0.0.0-20260925191526-d57f5cb36a35
2026-09-30T18:01:24.599451Z,github.com/npm/metavuln-calculator,v1.0.2
2026-09-30T18:01:25.348357Z,github.com/oca/management-system,v0.0.0-20260916120157-faeb8e58c4d5
2026-09-30T18:01:35.733425Z,github.com/tobiaslee/text-classification,v0.0.0-20190512015705-21229709953b
2026-09-30T18:01:41.475996Z,github.com/datacarpentry/r-ecology-lesson,v0.0.0-20260928131233-cae16787edbf
2026-09-30T18:01:42.75032Z,github.com/riadafridishibly/gomodrename,v0.1.0
2026-09-30T18:01:53.862184Z,github.com/xinau/terraform-provider-cue,v0.1.1-0.20221121151939-a852150d5d6c
2026-09-30T18:02:00.446686Z,github.com/hexdecimal/libtcod,v0.0.0-20260708014725-c54823ee3e48
2026-09-30T18:02:21.130537Z,github.com/tsunghanwu/Dotfiles,v0.0.0-20260925181519-69abb1fe8953
2026-09-30T18:02:28.61831Z,github.com/OCA/oca-github-bot,v0.0.0-20260922151845-5f72e90216d4
2026-09-30T18:02:38.91108Z,github.com/classic-terra/core/v3,v3.2.3-0.20240916190729-458984a3a7ee
2026-09-30T18:03:11.186728Z,github.com/tsuyoshicho/vital-globe,v0.0.0-20260926033533-ccc01e02f956
2026-09-30T18:03:27.260852Z,github.com/massbank/massbank-web,v0.0.0-20251120093827-57083f496c44
2026-09-30T18:03:39.303108Z,github.com/PureStorage-OpenConnect/go-pure-client/flasharray/FA_2_46,v0.25.2
2026-09-30T18:03:46.409841Z,github.com/rda-dmp-common/rda-dmp-common-standard,v0.0.0-20260929112334-2cca63fccb0f
2026-09-30T18:03:50.8888Z,github.com/cloud-toolkit/cloud-toolkit-aws,v0.0.0-20221130162940-0de8bae2ca30
2026-09-30T18:03:58.955274Z,github.com/facebookincubator/ent,v0.0.0-20260930111610-2b829a033da8
2026-09-30T18:04:01.985664Z,buf.build/gen/go/redpandadata/cloud/protocolbuffers/go,v1.36.10-20260928165847-04e48a644adb.1
2026-09-30T18:04:11.350532Z,github.com/shizukutanaka/otedama,v0.0.0-20260930180233-9c49cf9620a0
2026-09-30T18:04:14.684525Z,github.com/catenahq/catena-ce,v0.7.1
2026-09-30T18:04:19.297328Z,gitee.com/hf-models/roberta-base,v0.0.0-20230306151453-bc2764f8af2e
2026-09-30T18:04:22.639062Z,github.com/pyo3/pyo3,v0.29.3
2026-09-30T18:04:23.655691Z,github.com/katex/katex,v0.18.10
2026-09-30T18:04:24.427367Z,github.com/ttab/elephant-user,v1.6.0
2026-09-30T18:04:44.762835Z,github.com/wchsoftgroup/ch341ser_linux,v0.0.0-20251215031835-5426d39dd028
2026-09-30T18:04:45.002526Z,github.com/dimarudik/bublik,v26.3.50+incompatible
2026-09-30T18:04:45.174202Z,github.com/githubnext/gh-aw,v0.90.1
2026-09-30T18:04:49.903008Z,github.com/codeyourfuture/curriculum/common-content,v0.0.0-20260930155248-b94804a1e339
2026-09-30T18:04:57.886693Z,github.com/ibnaleem/gosearch,v0.0.0-20260930175644-8c41d1e7f0fa
2026-09-30T18:05:01.347345Z,github.com/adafruit/Adafruit_NRF52_Bootloader,v0.0.0-20260521062349-c67f0bcf0fa8
2026-09-30T18:05:01.497579Z,go.chromium.org/turboci/proto/go,v0.0.0-20260930172244-d16c5f61bc29
2026-09-30T18:05:07.121463Z,github.com/pixovr/pixo-golang-server-utilities,v0.0.0-20260930173725-6abbf7148212
2026-09-30T18:05:10.465975Z,github.com/communitybridge/easycla,v0.0.0-20260930140121-1bebe3930705
2026-09-30T18:05:19.58515Z,github.com/adafruit/Adafruit_NRF52_Arduino,v0.0.0-20260512042435-343ab5fe7fb3
2026-09-30T18:05:27.310525Z,github.com/nervus-os/nervus-ipc,v2.0.0-20260930174207-b652231c5278+incompatible
2026-09-30T18:05:28.842033Z,gitea.dev/sdk,v1.3.0
2026-09-30T18:05:29.750933Z,github.com/purestorage-openconnect/go-pure-client/flasharray/FA_2_46,v0.25.2
2026-09-30T18:05:48.292784Z,github.com/graalvm/graalvm-demos,v0.0.0-20260929091406-c96cf0193d11
2026-09-30T18:06:01.029385Z,github.com/submariner-io/shipyard/tools,v0.0.0-20260929171248-a9bb467f3e9b
2026-09-30T18:06:05.733287Z,github.com/opentofu/org,v0.0.0-20260930135715-6485104b94bf
2026-09-30T18:06:10.14865Z,code.gitea.io/sdk,v1.3.0
2026-09-30T18:06:45.750509Z,github.com/mattermost/mattermost-plugin-gitlab,v1.13.1-rc1
2026-09-30T18:06:56.835314Z,github.com/tt-rss/tt-rss,v0.0.0-20260930120010-aeff35e0c4a1
2026-09-30T18:07:02.45916Z,github.com/ttsalpha/qrcode,v3.0.0+incompatible
2026-09-30T18:07:05.478656Z,github.com/himujjal/tree-sitter-svelte,v0.7.1-0.20210320091505-55f75c52ff3e
2026-09-30T18:07:05.957142Z,github.com/ttsim-dev/ttsim,v1.3.2
2026-09-30T18:07:19.102865Z,github.com/Cornutum/tcases,v0.0.0-20260929221442-bb00b901b745
2026-09-30T18:07:23.048774Z,github.com/ComposioHQ/agent-orchestrator,v0.13.2
2026-09-30T18:07:23.692274Z,github.com/Flockdeck/flockdeck-docs,v0.1.12
2026-09-30T18:07:26.105863Z,github.com/paketo-buildpacks/image-labels/v4,v4.0.0-20260928063443-35cab72ced43
2026-09-30T18:07:26.110797Z,github.com/Devolutions/ironrdp,v0.0.0-20260930172858-0c5419eca6bf
2026-09-30T18:07:27.495867Z,github.com/Bermos/Kitchen,v0.43.0
2026-09-30T18:07:33.069411Z,github.com/Datadog/Datadog-agent/pkg/config/env,v0.84.0
2026-09-30T18:07:33.526805Z,github.com/Datadog/Datadog-agent/comp/trace/compression/impl-gzip,v0.84.0
2026-09-30T18:07:34.43664Z,github.com/can3p/gogo,v0.1.0
2026-09-30T18:07:36.5048Z,github.com/Datadog/Datadog-agent/pkg/config/setup,v0.84.0
2026-09-30T18:07:37.401909Z,github.com/Datadog/Datadog-agent/pkg/util/cgroups,v0.84.0
2026-09-30T18:07:42.804444Z,github.com/tsenart/casei,v0.0.0-20260929144150-514b1656eb06
2026-09-30T18:07:52.657527Z,github.com/Treblle/cli,v1.1.0
2026-09-30T18:07:57.693417Z,github.com/CakeML/CakeML,v0.0.0-20260930074558-918d4cfc8dc9
2026-09-30T18:07:59.739385Z,github.com/Cloudwego/eino-ext,v0.0.0-20260924074145-3603a39473c3
2026-09-30T18:08:01.187563Z,github.com/7rulnik/source-map-js,v1.2.2
2026-09-30T18:08:07.180906Z,github.com/scrape-badger/scrapebadger-mcp,v0.1.2
2026-09-30T18:08:07.693627Z,github.com/aws-amplify/amplify-category-api,v0.0.0-20260930174720-68e82a383ddf
2026-09-30T18:08:08.723978Z,github.com/Deluan/Navidrome,v0.36.1
2026-09-30T18:08:17.994436Z,github.com/LukasNiessen/archunitgo,v0.0.2
2026-09-30T18:08:18.124499Z,github.com/NVIDIA-RTX/NRISamples,v0.0.0-20260930101010-e325964d1d56
2026-09-30T18:08:18.64895Z,github.com/NVIDIA/NeMo-Relay/go/nemo_relay,v0.0.0-20260930151907-b233556af3e3
2026-09-30T18:08:19.149Z,github.com/Oblutack/GoTorrent,v0.1.1
2026-09-30T18:08:20.257779Z,github.com/NVIDIA/OpenShell-Research,v0.0.0-20260930145455-ac4ede43a5ba
2026-09-30T18:08:20.941146Z,github.com/NVIDIA/k8s-device-plugin/deployments/devel,v0.0.0-20260929181238-a6ddd0252a5b
2026-09-30T18:08:22.181585Z,github.com/NVIDIA/deepops,v0.0.0-20260930154749-eae6719a49de
2026-09-30T18:08:22.550935Z,github.com/NVIDIA-RTX/NRI,v0.0.0-20260930100406-a4dbcebada53
2026-09-30T18:08:22.653107Z,github.com/NVIDIA/nvcf/src/compute-plane-services/request-trace-uploader,v0.0.0-20260930174629-d4ec2a0d8bc5
2026-09-30T18:08:22.949325Z,github.com/tuack-ng/tuack-ng,v0.0.0-20260924094711-11cbf2a090da
2026-09-30T18:08:31.409874Z,github.com/michaelquigley/dfx,v0.1.8
2026-09-30T18:08:36.129118Z,github.com/unisat-wallet/libbrc20-indexer,v0.0.0-20240531101509-17bde7cfcd72
2026-09-30T18:08:55.022965Z,github.com/konveyor/tackle2-seed,v0.11.0
2026-09-30T18:08:55.441378Z,sigs.k8s.io/kustomize/plugin/someteam.example.com/v1/calvinduplicator,v0.0.0-20260930131837-71372cf6323c
2026-09-30T18:09:01.242278Z,github.com/cloudfoundry/app-autoscaler-release/src/acceptance,v0.0.0-20240614091359-4cfefefb01c7
2026-09-30T18:09:15.008604Z,github.com/huggingface/Transformers,v5.18.0+incompatible
2026-09-30T18:09:19.119195Z,github.com/WUNDERGRAPH/graphql-go-tools,v0.0.0-20260930103119-c8ae2e3bbd1e
2026-09-30T18:09:25.298833Z,github.com/kentzo/git-archive-all,v0.0.0-20230425232915-0e3a2401aa17
2026-09-30T18:09:31.980509Z,github.com/akash-network/console,v0.0.0-20260930153745-91b6205654a6
2026-09-30T18:09:32.518598Z,github.com/sec-an/tv_spider,v0.0.0-20250822024156-8149b227586d
2026-09-30T18:09:33.243892Z,github.com/ceramicnetwork/rust-ceramic,v0.36.0
2026-09-30T18:09:38.882256Z,github.com/Blackmesaltd/Terraform-provider-checkmk,v0.0.5
2026-09-30T18:09:40.22117Z,github.com/prospector-dev/dodgy,v0.0.0-20210321113652-b3fbaf05b106
2026-09-30T18:09:46.221772Z,github.com/legiz-ru/prizrak-http,v0.0.0-20260930180911-da5b4c1e0882
2026-09-30T18:09:53.954931Z,github.com/rabeeh-ta/manygit,v1.1.8
2026-09-30T18:10:09.089888Z,github.com/Tuhis/gawk/gawk-server,v0.30.0
2026-09-30T18:10:17.437901Z,github.com/konradasb/dicer,v0.2.1-0.20260930180758-ced0fad1ab40
2026-09-30T18:10:22.252185Z,github.com/flockdeck/flockdeck-docs,v0.1.12
2026-09-30T18:10:23.917593Z,github.com/chainguard-dev/sdk,v0.1.305
2026-09-30T18:10:26.026194Z,github.com/tuist/filesystem,v0.0.0-20260922121909-e97ef7d46f25
2026-09-30T18:10:27.404923Z,github.com/tuist/once,v0.0.0-20260923171502-301f85598a13
2026-09-30T18:10:29.337196Z,github.com/killedbyapixel/littlejs,v1.21.0
2026-09-30T18:10:31.063474Z,github.com/blackmesaltd/terraform-provider-checkmk,v0.0.5
2026-09-30T18:10:31.529875Z,github.com/composiohq/agent-orchestrator,v0.13.2
2026-09-30T18:10:31.63599Z,go.chromium.org/turboci/proto,v0.0.0-20260930172244-d16c5f61bc29
2026-09-30T18:10:34.747891Z,github.com/stleary/json-java,v0.0.0-20260930130917-18e8ef6e6101
2026-09-30T18:10:46.463156Z,github.com/tuist/tuist/infra/tart-kubelet,v0.0.0-20260930180114-3d9af9243963
2026-09-30T18:10:48.786741Z,github.com/cornutum/tcases,v0.0.0-20260929221442-bb00b901b745
2026-09-30T18:10:53.183477Z,github.com/ARM-software/golang-utils,v1.170.7-0.20260929170423-630e94fec65b
2026-09-30T18:10:54.546372Z,github.com/kyverno/sdk,v0.0.0-20260930175011-e4069e355a2b
2026-09-30T18:10:54.903124Z,github.com/tuist/tuist/infra/runners-controller,v0.0.0-20260930180114-3d9af9243963
2026-09-30T18:10:56.011907Z,github.com/cakeML/cakeml,v0.0.0-20260930074558-918d4cfc8dc9
2026-09-30T18:10:56.92262Z,github.com/greenmaskio/greenmask,v0.2.25
2026-09-30T18:10:57.091808Z,github.com/tui-tools/tui-snapper,v0.2.2
2026-09-30T18:11:06.203009Z,github.com/zamojski/TowerCollector,v0.0.0-20260928143615-5cfa0ae31a5d
2026-09-30T18:11:08.555448Z,github.com/nextest-rs/nextest,v0.0.0-20260930173549-48d1d5d35cc5
2026-09-30T18:11:11.623879Z,github.com/envoyproxy/envoy/contrib/golang/router/cluster_specifier/test/test_data/simple,v0.0.0-20260930174654-51ebbef10b9c
2026-09-30T18:11:14.991691Z,github.com/Kotakanbe/go-cve-dictionary,v0.1.1-0.20161107022614-2dd369d26145
2026-09-30T18:11:19.235123Z,github.com/mostlygeek/event,v0.0.0-20250716003552-81d88be29819
2026-09-30T18:11:32.735196Z,github.com/cvdtang/pkienginereceiver,v0.162.0
2026-09-30T18:11:34.039745Z,github.com/hmcts/ia-home-office-integration-api,v0.0.0-20260930151016-6d3b4941423d
2026-09-30T18:11:36.705525Z,github.com/GeiserX/genieacs-container,v0.0.0-20260930162647-11b6d6c8eeac
2026-09-30T18:11:40.219821Z,github.com/hmcts/ia-case-notifications-api,v0.0.0-20260930154721-6ab0cbfdcf57
2026-09-30T18:11:42.217016Z,github.com/hmcts/ia-case-documents-api,v0.0.0-20260930113654-056acc0785eb
2026-09-30T18:11:49.050795Z,github.com/noironetworks/opflex,v0.0.0-20260929211449-d1952c29669e
2026-09-30T18:11:50.76136Z,github.com/PureStorage-OpenConnect/go-pure-client/flasharray,v0.25.2
2026-09-30T18:11:52.519193Z,github.com/PureStorage-OpenConnect/go-pure-client,v0.25.2
2026-09-30T18:11:54.541857Z,github.com/jesusitwarrior/ai-lan-model-manager/agents/host-agent,v0.0.0-20260930064234-7c37655cfce6
2026-09-30T18:11:54.597865Z,github.com/jcosborn/qex,v0.0.0-20260930172840-ac1a9f3bb687
2026-09-30T18:11:55.581562Z,github.com/ironcore-dev/switch-operator,v0.0.0-20260930094014-51a2058ee7dd
2026-09-30T18:11:55.681147Z,github.com/hashburst/blockchain,v0.0.0-20260930133950-cf443b69e01a
2026-09-30T18:11:57.263884Z,github.com/tuhis/gawk/gawk-server,v0.30.0
2026-09-30T18:12:06.445258Z,github.com/mahanteshr12/ibmcloud-volume-vpc,v1.1.23-0.20260930134346-7aa6665f4cc9
2026-09-30T18:12:11.226155Z,github.com/headblockhead/pio,v0.0.0-20260929142827-8f8ad084dcba
2026-09-30T18:12:17.154393Z,github.com/tullo/invoice-mvp,v0.0.0-20260929003904-4e59f3e4875e
2026-09-30T18:12:17.188968Z,github.com/tullo/dgraph-travel,v0.0.0-20260928193757-d61b7813e8bb
2026-09-30T18:12:18.869017Z,github.com/tullo/microservice,v0.0.0-20260928231912-4be3b8e324af
2026-09-30T18:12:32.036371Z,github.com/purestorage-openconnect/go-pure-client/flasharray,v0.25.2
2026-09-30T18:12:53.759584Z,github.com/tumarsal/scaner,v0.0.0-20260930144845-eb422fd495df
2026-09-30T18:12:55.587323Z,github.com/purestorage-openconnect/go-pure-client,v0.25.2
2026-09-30T18:12:58.336998Z,github.com/submariner-io/shipyard,v0.0.0-20260929171248-a9bb467f3e9b
2026-09-30T18:13:17.781206Z,github.com/nushell/awesome-nu,v0.0.0-20260930091049-e2734126451d
2026-09-30T18:13:18.313052Z,github.com/nvim-mini/MiniMax,v0.0.0-20260929150306-0f5b8aaaf731
2026-09-30T18:13:18.482564Z,github.com/nvidia/nvidia-terraform-modules,v0.0.0-20260929161706-0aebff1c1d51
2026-09-30T18:13:18.529318Z,github.com/obeli-sk/benchmark-fibo,v0.0.0-20260930174454-622525630216
2026-09-30T18:13:18.608929Z,github.com/notorious-coding/notorious-test,v0.0.0-20260929214919-296ef48466be
2026-09-30T18:13:18.613388Z,github.com/obiba/obiba-commons,v0.0.0-20260929060521-9554315519a8
2026-09-30T18:13:18.727322Z,github.com/observatorycontrolsystem/science-archive,v2.8.1+incompatible
2026-09-30T18:13:18.727819Z,github.com/obeli-sk/demo-stargazers,v0.0.0-20260930175229-b2ccc33f45ce
2026-09-30T18:13:18.917406Z,github.com/nvidia/doca-platform/hack/tools/dpfdev,v0.0.0-20260930010043-71f47dec9e16
2026-09-30T18:13:19.092684Z,github.com/observiq/bindplane-operator,v0.0.0-20260930133513-427d963228fb
2026-09-30T18:13:19.149137Z,github.com/nyx-space/anise,v0.0.0-20260929130026-7e835695232e
2026-09-30T18:13:19.317147Z,github.com/nutgram/nutgram,v0.0.0-20260930091139-a651d8ed6ed0
2026-09-30T18:13:19.415084Z,github.com/nvidia/pldm,v0.0.0-20260930051318-20ea8ba45117
2026-09-30T18:13:19.576345Z,github.com/nth-bailey/PolyXML/bindings/go,v0.33.0
2026-09-30T18:13:19.678512Z,github.com/ntpsec/ntpsec,v0.0.0-20260930010428-96315808a322
2026-09-30T18:13:19.886737Z,github.com/nscaledev/openapi,v0.0.0-20260930122119-ad803b8f942a
2026-09-30T18:13:20.278805Z,github.com/nth-bailey/polyxml/bindings/go,v0.33.0
2026-09-30T18:13:20.694545Z,github.com/nlink-jp/gem-agent,v0.90.0
2026-09-30T18:13:22.9496Z,github.com/oaverify/oaverify,v0.0.0-20260929212115-0fb03bc91233
2026-09-30T18:13:23.041092Z,github.com/nomicfoundation/hardhat-website,v0.0.0-20260929164853-f1629c2bed3d
2026-09-30T18:13:24.105622Z,github.com/nvidia/nvcf/src/compute-plane-services/request-trace-uploader,v0.0.0-20260930174629-d4ec2a0d8bc5
2026-09-30T18:13:26.18119Z,github.com/nuxeo/nuxeo-web-ui,v2025.21.0+incompatible
2026-09-30T18:13:27.12145Z,github.com/nvidia/nvsentinel/lifecycle-manager,v0.0.0-20260930154735-285ad9ac2d02
2026-09-30T18:13:29.10598Z,github.com/tum-i5/puml2,v0.0.0-20260928215651-e7e3b75d6f52
2026-09-30T18:13:32.156158Z,github.com/GoogleCloudPlatform/key-protection-module/keymanager/attestation_service,v0.0.0-20260930181234-48d5ea8e3558
2026-09-30T18:13:32.617096Z,github.com/GoogleCloudPlatform/key-protection-module,v0.0.0-20260930181234-48d5ea8e3558
2026-09-30T18:13:33.808219Z,github.com/nomicfoundation/edr,v0.0.0-20260930070406-161434a82e19
2026-09-30T18:13:34.311334Z,github.com/pablogore/go-specs,v0.0.0-20260930005535-63e250de81b2
2026-09-30T18:13:37.853558Z,github.com/parseablehq/parseable,v3.2.3+incompatible
2026-09-30T18:13:39.897563Z,github.com/luben/zstd-jni,v1.5.7-20
2026-09-30T18:13:51.915239Z,github.com/tun2proxy/tun2proxy,v0.8.4
2026-09-30T18:13:52.725197Z,github.com/pulumi/pulumi/tests/integration/go/go-exit-5,v0.0.0-20260930171823-7b07107d67b5
2026-09-30T18:13:56.597255Z,github.com/DATADOG/kafka-kit/v4,v4.2.1
2026-09-30T18:14:02.16028Z,github.com/TudorAndrei/ste-cli,v0.10.1
2026-09-30T18:14:08.721994Z,github.com/wjn1996/HugNLP,v0.0.0-20230807062414-c9c94f8fcbcc
2026-09-30T18:14:08.846508Z,github.com/gizak/termui,v0.0.0-20170527101146-4b7fc0a5fb94
2026-09-30T18:14:09.190155Z,github.com/sigstore/fulcio/hack/tools,v0.0.0-20260930152716-85003029b670
2026-09-30T18:14:09.292586Z,github.com/sei-protocol/sei-k8s-controller/sidecarapi,v0.0.0-20260930180630-65e86e3d72aa
2026-09-30T18:14:09.770168Z,github.com/sei-protocol/sei-k8s-controller,v0.0.0-20260930180630-65e86e3d72aa
2026-09-30T18:14:15.168407Z,github.com/rrmenon10/ADAPET,v0.0.0-20220610003122-e82a40ea90ae
2026-09-30T18:14:15.801085Z,github.com/trautonen/coveralls-maven-plugin,v2.2.0+incompatible
2026-09-30T18:14:29.730811Z,github.com/tudorandrei/ste-cli,v0.10.1
2026-09-30T18:14:32.214669Z,go.iscode.ca/rotatee,v0.0.0-20260930133153-ca5b26f17c0f
2026-09-30T18:14:32.689918Z,github.com/zotero/reader,v0.0.0-20260930145942-ee93ede64a32
2026-09-30T18:14:34.404632Z,github.com/unikraft-cloud/x/middleware,v0.0.0-20260930145451-e11e6b4df7f4
2026-09-30T18:14:35.536978Z,github.com/antiwork/gumroad-cli,v0.20260930.0
2026-09-30T18:14:54.71983Z,huggingface.co/FacebookAI/roberta-base.git,v0.0.0-20240219123928-e2da8e2f811d
2026-09-30T18:15:06.913672Z,github.com/lightninglabs/aperture,v0.5.1-0.20260930173017-7fbcda6c57dd
2026-09-30T18:15:09.508845Z,github.com/OneSignal/OneSignal-Website-SdK,v0.0.0-20260921173941-0cf9a12982f7
2026-09-30T18:15:17.266924Z,github.com/bluekeyes/patch2pr,v0.48.1
2026-09-30T18:15:29.984492Z,github.com/react-native-community/cli,v21.0.0-alpha.0+incompatible
2026-09-30T18:15:31.459137Z,github.com/cloudfoundry/garden-runc-release/src/greenskeeper,v0.0.0-20260409211214-42f387736b58
2026-09-30T18:15:35.767442Z,github.com/kalandramo/bald/bconf,v0.2.2-0.20260930163324-f5bc9eb36d20
2026-09-30T18:15:35.856509Z,gitlab.com/DiogoRibeiro7/dataleaf,v0.0.0-20260930153130-3dddc853bd93
2026-09-30T18:15:40.003265Z,github.com/coralogix/opentelemetry-collector-contrib/confmap/provider/secretsmanagerprovider,v0.0.0-20260922100349-69c274c15901
2026-09-30T18:15:41.157206Z,github.com/NVIDIA/NeMo-Relay,v0.0.0-20260930151907-b233556af3e3
2026-09-30T18:15:47.275428Z,github.com/mister-devel/main_mister,v0.0.0-20260930161746-dee9fabd763d
2026-09-30T18:16:02.072448Z,github.com/googlecloudplatform/key-protection-module/keymanager/attestation_service,v0.0.0-20260930181234-48d5ea8e3558
2026-09-30T18:16:07.589141Z,github.com/bertramdev/asset-pipeline,v0.0.0-20260930175502-aa3e2682d431
2026-09-30T18:16:14.035194Z,github.com/monologg/KoBERT-NER,v0.0.0-20200525070607-dd3218fa3eb8
2026-09-30T18:16:17.17968Z,github.com/cloudfoundry/garden-runc-release/src/thresholder,v0.0.0-20260409211214-42f387736b58
2026-09-30T18:16:21.975076Z,github.com/twilio/twilio-node,v0.0.0-20260928095945-de6edf89c937
2026-09-30T18:16:36.432515Z,github.com/fr0ster/mcp-abap-adt-auth-providers,v5.0.1+incompatible
2026-09-30T18:16:36.877491Z,github.com/Curling-AI/picoclaw,v0.0.0-20260930180622-0595f9205f7f
2026-09-30T18:16:39.475587Z,github.com/mmedum/favro-mcp/v3,v3.0.0
2026-09-30T18:16:44.649966Z,github.com/monologg/KoELECTRA,v0.0.0-20220118075437-024fbdd600e6
2026-09-30T18:16:55.16578Z,github.com/cERT-maNAGEr/OPEnShIFt-Routes,v0.10.0
2026-09-30T18:16:56.490899Z,github.com/ethereum-optimism/superchain-registry/validation,v0.0.0-20260930175541-dc45eff1b676
2026-09-30T18:17:04.104771Z,github.com/fjacquet/nsr_exporter,v0.16.0
2026-09-30T18:17:07.144355Z,github.com/openwall/John,v0.0.0-20260930094309-302f52709321
2026-09-30T18:17:07.965696Z,gitee.com/mirrors_apache/flink,v0.0.0-20260925174457-1690c6bed94d
2026-09-30T18:17:11.834806Z,github.com/turbodocx/sdk,v0.0.0-20260930172347-9f01f8291f13
2026-09-30T18:17:18.546886Z,github.com/uktrade/github-standards,v1.4.4
2026-09-30T18:17:24.440869Z,github.laiyagushi.com/nuonco/nuon-ext-api,v0.19.1217
2026-09-30T18:17:27.337927Z,github.com/shellmates/HackINI-2k21-CTF-challenges,v0.0.0-20210704220056-222efecf9da3
2026-09-30T18:17:32.67465Z,github.com/TurboPack/DOSCommand,v0.0.0-20260924015656-aabfa78a340c
2026-09-30T18:17:33.638196Z,github.com/Turbootzz/vaultwarden-api,v1.4.0
2026-09-30T18:17:35.318685Z,github.com/aurora-is-near/aurora-eth-connector,v0.0.0-20250407124100-58d3f39cebcf
2026-09-30T18:17:38.081854Z,github.com/TurboPack/AsyncPro,v0.0.0-20260929220004-d56dffa71654
2026-09-30T18:17:50.45955Z,github.com/livepeer/GO-LIVEPEER,v0.9.3
2026-09-30T18:17:52.996357Z,huggingface.co/facebookai/roberta-base.git,v0.0.0-20240219123928-e2da8e2f811d
2026-09-30T18:18:03.049963Z,github.com/turbootzz/vaultwarden-api,v1.4.0
2026-09-30T18:18:08.767105Z,github.com/webvictim/prism,v0.1.23
2026-09-30T18:18:11.321622Z,github.com/zeisthq/zeist-pki,v0.2.4
2026-09-30T18:18:13.44087Z,github.com/vlad777-bit/personal-finance-analytics/shared,v0.0.0-20260930115144-28b555d757b6
2026-09-30T18:18:16.981769Z,github.com/yh2237/audiodsp,v0.1.0
2026-09-30T18:18:26.041348Z,github.com/secp256r1/wg-mangler,v0.2.4
2026-09-30T18:18:33.475591Z,github.laiyagushi.com/benpate/hannibal,v0.41.0
2026-09-30T18:18:40.769792Z,github.com/kripken/Emscripten,v0.0.0-20260930174235-8091fdfa1ea7
2026-09-30T18:18:43.957853Z,github.com/slimeknights/tinkersconstruct,v0.0.0-20260930045253-389b9d585cf0
2026-09-30T18:18:45.335568Z,github.com/bonasa-tech/manifest,v0.0.0-20260930162520-ec9cd449857c
2026-09-30T18:18:47.760964Z,github.com/EMscripten-core/emscripten,v0.0.0-20260930174235-8091fdfa1ea7
2026-09-30T18:18:49.003164Z,github.com/Emscripten-Core/emscripten,v0.0.0-20260930181822-2f01b3376f69
2026-09-30T18:18:49.156455Z,github.com/Emscripten-core/emscripten,v0.0.0-20260930174235-8091fdfa1ea7
2026-09-30T18:18:50.308477Z,gitee.com/hf-datasets/super_glue,v0.0.0-20240129130756-b051de3f07b5
2026-09-30T18:18:50.361693Z,github.com/DataDog/stratus-red-team/v2,v2.37.0
2026-09-30T18:18:55.469766Z,github.com/Kpeewu/tissi-mah/pkg,v0.0.0-20260930170634-878d4b5cf5a0
2026-09-30T18:19:02.824826Z,github.com/StevenACoffman/garbagetruck,v0.3.0
2026-09-30T18:19:06.484786Z,gitee.com/hf-datasets/glue,v0.0.0-20240130074118-bcdcba79d07b
2026-09-30T18:19:07.842067Z,github.com/earthboundkid/crockford/v2,v2.26.1
2026-09-30T18:19:09.288701Z,github.com/emscripten-Core/emscripten,v0.0.0-20260930181822-2f01b3376f69
2026-09-30T18:19:10.398898Z,github.com/HazyResearch/data-centric-ai,v0.0.0-20221211080903-ec616a5ff808
2026-09-30T18:19:11.777127Z,github.com/EMscripten-core/eMscripten,v0.0.0-20260930181822-2f01b3376f69
2026-09-30T18:19:15.836333Z,github.com/awesome-goose/goose,v0.0.24
2026-09-30T18:19:19.116448Z,github.com/BSB-publishing/bsb2usfm,v0.0.0-20260929104800-9cf88e09c65a
2026-09-30T18:19:23.881779Z,github.com/cERt-MANageR/OPENsHIfT-ROuteS,v0.10.0
2026-09-30T18:19:25.089689Z,github.com/agutavian/flagmaster.me.toolkitgolang.lib,v0.0.0-20260930132054-c29bc5f6bda9
2026-09-30T18:19:26.731854Z,github.com/semantic-release/semantic-release,v26.0.0-beta.2+incompatible
