first_seen_at,module,version
2026-10-07T20:21:59.445173Z,github.com/LuccaSA/lucca-front,v10.1.1-select.1+incompatible
2026-10-07T20:21:59.457367Z,github.com/ovh/ory-k8s,v0.0.17
2026-10-07T20:21:59.511995Z,github.com/ovh/hydra,v1.0.0-beta.1
2026-10-07T20:21:59.515124Z,buf.build/gen/go/envoyproxy/envoy/connectrpc/go/v2,v2.0.0-20240411200745-22d507b11e50.1
2026-10-07T20:21:59.555179Z,github.com/venly/connect-sdk,v1.4.0-develop.678
2026-10-07T20:22:00.111689Z,github.com/Venly/connect-sdk,v1.41.0-develop.8
2026-10-07T20:22:00.209403Z,github.com/luccasa/lucca-front,v0.1.7
2026-10-07T20:22:00.913306Z,github.com/socialgouv/1000jours,v1.23.1
2026-10-07T20:22:02.300034Z,github.com/DataDog/datadog-agent/pkg/zstd,v0.0.0-20261007133620-b0d45679a18d
2026-10-07T20:22:02.919013Z,github.com/jamro/jsbattle,v1.0.2
2026-10-07T20:22:04.031838Z,github.com/PetteriM1/Nukkit,v0.0.0-20250617235320-abd908ddecfd
2026-10-07T20:22:05.343978Z,github.com/socialgouv/nos1000jours-landing,v1.1.5
2026-10-07T20:22:05.803549Z,github.com/maddada/Ghostex,v1.4.2
2026-10-07T20:22:06.210769Z,github.com/kimMachineGun/automemlimit,v1.0.0
2026-10-07T20:22:10.255795Z,github.com/DataDog/datadog-agent/pkg/remoteflags,v0.0.0-20261007152541-f0a15d56c231
2026-10-07T20:22:12.620331Z,github.com/launchdarkly/ld-relay/v8,v8.23.1
2026-10-07T20:22:13.994709Z,github.com/Akilan1999/Natural-deploy,v0.0.0-20261005154523-01114ef0429c
2026-10-07T20:22:14.255168Z,github.com/AWS-powertools/powertools-lambda-typescript,v2.36.0+incompatible
2026-10-07T20:22:16.287185Z,github.com/1cu/actual-moneymoney-importer,v3.5.30+incompatible
2026-10-07T20:22:17.016179Z,github.com/NickMcConnell/FAangband,v3.5.0+incompatible
2026-10-07T20:22:17.719306Z,github.com/blind-coder/SpaceTrader,v1.4.4
2026-10-07T20:22:17.988839Z,github.com/rlane/oort3,v0.6.1
2026-10-07T20:22:21.861906Z,github.com/NukkitX/Nukkit,v0.0.0-20260919123812-b3caad67d86b
2026-10-07T20:22:22.635457Z,github.com/Lux-AI-Challenge/Lux-Design-S3,v0.0.0-20250205205654-c6d1e665d12a
2026-10-07T20:22:23.486128Z,github.com/battlecode/battlecode25,v0.0.0-20250126192818-28975a487c1a
2026-10-07T20:22:24.51484Z,github.com/battlecode/battlecode24,v0.0.0-20240203200304-166c79bbf415
2026-10-07T20:22:25.666141Z,github.com/maddada/ghostex,v4.7.0+incompatible
2026-10-07T20:22:26.392648Z,github.com/Trimps/Trimps.github.io,v0.0.0-20250312221428-b9edb1dfee27
2026-10-07T20:22:26.525787Z,github.com/cxreiff/lifecycler,v0.1.4
2026-10-07T20:22:26.914488Z,github.com/nppangband/NPPAngband,v7.1.0+incompatible
2026-10-07T20:22:28.052142Z,github.com/jamespetts/simutrans-extended,v111.3.1+incompatible
2026-10-07T20:22:29.377298Z,github.com/pmotschmann/Evolve,v0.0.0-20260619170947-3436358dcd03
2026-10-07T20:22:30.852619Z,github.com/IvarK/AntimatterDimensionsSourceCode,v0.0.0-20260717201251-5409e320cece
2026-10-07T20:22:32.757084Z,github.com/hengband/hengband,v2.2.1+incompatible
2026-10-07T20:22:35.882756Z,github.com/Trilarion/freerails,v0.0.0-20250813170750-3de428d3493e
2026-10-07T20:22:42.786331Z,github.com/UnNetHack/UnNetHack,v0.0.0-20261007134519-c4db5abfc31d
2026-10-07T20:22:42.793943Z,github.com/Tencent/BqLog/wrapper/go,v0.0.0-20261007135215-086f2fd831af
2026-10-07T20:22:45.272119Z,github.com/Tencent/BqLog,v0.0.0-20261007135215-086f2fd831af
2026-10-07T20:22:52.188792Z,github.com/screeps/screeps,v3.2.1+incompatible
2026-10-07T20:22:57.598352Z,github.com/Scalr/go-scalr,v0.0.0-20261006103824-c548c69d5395
2026-10-07T20:23:00.900606Z,github.com/boscorat/uk-bank-statement-anonymiser,v0.2.5
2026-10-07T20:23:04.655731Z,github.com/bmeg/git-gen3,v0.7.11
2026-10-07T20:23:07.315832Z,github.com/kovacszsolt/actionpit,v0.0.0-20261007200541-e365c0aaf0ad
2026-10-07T20:23:07.744822Z,github.com/mnalis/ironseed_fpc,v0.0.0-20240907122505-9fbb093ddcb3
2026-10-07T20:23:08.535281Z,github.com/vegastrike/Vega-Strike-Engine-Source,v0.9.1
2026-10-07T20:23:10.489457Z,github.com/King-Drake/Liberal-Crime-Squad,v4.12.64+incompatible
2026-10-07T20:23:10.793767Z,github.com/FreeRCT/FreeRCT,v0.0.0-20260913103232-eda43627b6df
2026-10-07T20:23:11.764222Z,github.com/tobspr-games/shapez.io,v0.0.0-20260905133320-8a79de5255fb
2026-10-07T20:23:12.043029Z,github.com/videogamepreservation/spacetrader,v0.0.0-20170805153032-64aec5d37667
2026-10-07T20:23:12.735799Z,github.com/MaxBittker/sandspiel,v0.0.0-20260910024041-9936e06b07a5
2026-10-07T20:23:18.813869Z,github.com/R74nCom/sandboxels,v1.13.2
2026-10-07T20:23:20.821109Z,buf.build/gen/go/realm/auth/connectrpc/go/v2,v2.0.0-20250310161555-c91fdff2a831.1
2026-10-07T20:23:22.381148Z,codeberg.org/Wuzzy/Repixture,v0.3.2
2026-10-07T20:23:23.984604Z,github.com/aws/aws-cli,v0.0.0-20261006221926-819fae80e541
2026-10-07T20:23:27.162817Z,github.com/Chris-plus-alphanumericgibberish/dNAO,v0.0.0-20260919160036-d51242655044
2026-10-07T20:23:27.52315Z,codeberg.org/naev/naev,v0.13.5
2026-10-07T20:23:30.198493Z,github.com/OoliteProject/oolite,v0.0.0-20260924080005-8ffe02de840f
2026-10-07T20:23:31.120261Z,github.com/Bithack/principia,v0.0.0-20260923192723-fc3c9b1d64a8
2026-10-07T20:23:34.248194Z,github.com/Lux-AI-Challenge/Lux-Design-S2,v2.1.4+incompatible
2026-10-07T20:23:35.84358Z,github.com/MT-CTF/capturetheflag,v1.1.0
2026-10-07T20:23:36.681694Z,github.com/k21971/EvilHack,v0.9.3
2026-10-07T20:23:37.591331Z,github.com/xu4-engine/u4,v1.4.3
2026-10-07T20:23:39.901653Z,github.com/aufbaubank/piexin,v0.0.0-20210207052134-475aa19af760
2026-10-07T20:23:40.551899Z,github.com/Avalon-Benchmark/avalon,v0.0.0-20230503220646-1c8f9fecb36e
2026-10-07T20:23:40.749324Z,github.com/JohanLi/uncharted-waters-2,v0.0.0-20261002204204-d809d045fcb9
2026-10-07T20:23:42.113195Z,github.com/aufbaubank/gitme,v0.0.0-20200708144244-ec1b954fc158
2026-10-07T20:23:42.24934Z,github.com/raxod502/TerrariaClone,v0.0.0-20220508013406-69b7ca0c61a8
2026-10-07T20:23:42.944346Z,github.com/LabForComputationalVision/plenoptic,v0.0.0-20261005145941-6939e20aaa8c
2026-10-07T20:23:43.952738Z,github.com/admcpr/gh-reponark,v1.0.1
2026-10-07T20:23:45.549065Z,github.com/Tendsty/gooboo,v1.1.0
2026-10-07T20:23:47.868486Z,github.com/kiwijuice56/sand-slide,v0.0.0-20260908044340-60e887832df5
2026-10-07T20:23:48.676675Z,github.com/Uriopass/Egregoria,v0.4.2
2026-10-07T20:23:48.92959Z,github.com/NullCGT/SpliceHack,v0.0.0-20220919215908-8d70ade6f015
2026-10-07T20:23:50.663749Z,github.com/janzeerorg/janzeer-sdk-go,v0.0.0-20261001215607-9e396fb52af6
2026-10-07T20:23:51.57161Z,github.com/hackthebox/hackster,v1.14.2
2026-10-07T20:23:51.710061Z,github.com/hkjarral/asterisk-ai-voice-agent/cli,v0.0.0-20261006214314-c6b485be8070
2026-10-07T20:23:52.342891Z,github.com/rschurade/ingnomia,v0.8.3
2026-10-07T20:23:52.437805Z,github.com/hackthebox/Hackster,v1.14.2
2026-10-07T20:23:53.081722Z,github.com/trimbo/kanban-md,v0.0.0-20261003155020-b33db01e4fd7
2026-10-07T20:23:53.339097Z,github.com/teamviewer/iotagentsdk,v2.4.8+incompatible
2026-10-07T20:23:54.834454Z,github.com/FredrIQ/fiqhack,v0.0.0-20260714111701-4c9e32d7465e
2026-10-07T20:23:57.774988Z,git.minetest.land/MineClone5/MineClone5,v0.0.0-20221028032202-dcf7e87c5abe
2026-10-07T20:23:59.143421Z,github.com/lux-ai-challenge/lux-design-s2,v2.1.4+incompatible
2026-10-07T20:23:59.601762Z,github.com/Kaooot/bedrock-network-data,v0.0.0-20260902131025-0eb60dd534b1
2026-10-07T20:24:00.341284Z,github.com/dhmmasson/tilescollector,v0.4.0
2026-10-07T20:24:01.227971Z,github.com/guillaume-gomez/ld38,v1.0.0
2026-10-07T20:24:01.607611Z,github.com/kopfrechner/gitlab-mr-mcp,v0.0.0-20261005234430-a93199d3b17f
2026-10-07T20:24:02.207015Z,github.com/AlbertBall/railway-dot-exe,v2.12.0+incompatible
2026-10-07T20:24:04.933844Z,github.com/adam-rumpf/combat-turtles,v0.3.1-beta
2026-10-07T20:24:05.764249Z,github.com/Evergreen-ci/evergreen,v0.0.0-20261007201202-40d3f603245c
2026-10-07T20:24:07.060489Z,github.com/minetest-LOTT/Lord-of-the-Test,v1.1.0
2026-10-07T20:24:09.706675Z,github.com/tsadok/nhfourk,v0.0.0-20260414211035-479383a1d05d
2026-10-07T20:24:11.921703Z,github.com/king-drake/liberal-crime-squad,v4.12.1+incompatible
2026-10-07T20:24:12.440548Z,github.com/zfogg/ascii-chat,v0.11.28
2026-10-07T20:24:15.291105Z,github.com/hundredrabbits/Donsol,v0.0.0-20200507095719-0945e1d4f3a7
2026-10-07T20:24:16.817179Z,github.com/screeps/engine,v3.1.6+incompatible
2026-10-07T20:24:17.203062Z,github.com/rschurade/Ingnomia,v0.8.4
2026-10-07T20:24:18.356766Z,github.com/guillaume-gomez/LD38,v1.0.0
2026-10-07T20:24:19.502275Z,github.com/tung/ruggrogue,v1.0.1
2026-10-07T20:24:20.191145Z,github.com/albertball/railway-dot-exe,v2.12.0+incompatible
2026-10-07T20:24:20.386258Z,github.com/swarmsim/swarm,v1.0.0-publictest10
2026-10-07T20:24:23.312808Z,github.com/tendsty/gooboo,v1.1.0
2026-10-07T20:24:24.178944Z,github.com/uriopass/egregoria,v0.4.2
2026-10-07T20:24:28.739809Z,codeberg.org/hubkow/pyrates,v0.3.0
2026-10-07T20:24:29.690313Z,github.com/hlw2326/hlw2326,v0.0.0-20260402143248-dd2fc8cfa432
2026-10-07T20:24:30.780437Z,github.com/sil-quirk/sil-q,v1.3.2-q1
2026-10-07T20:24:32.417024Z,github.com/mustafacagri/ai-quality-gate,v1.1.0
2026-10-07T20:24:33.039Z,github.com/zextras/carbonio-mails-ui,v1.49.0
2026-10-07T20:24:36.942824Z,github.com/HLW2326/douyin,v0.0.0-20230427085736-dc800e6780c8
2026-10-07T20:24:37.467966Z,github.com/HLW2326/hlw2326,v0.0.0-20260402143248-dd2fc8cfa432
2026-10-07T20:24:39.993592Z,code.onedev.io/onedev/k8s-helper,v4.3.11+incompatible
2026-10-07T20:24:40.538104Z,codeberg.org/Mantar/Exile,v0.3.11
2026-10-07T20:24:40.764669Z,github.com/openedx/platform-plugin-aspects,v2.0.1+incompatible
2026-10-07T20:24:40.93244Z,github.com/noumenal-ai/mathesis-bank,v0.0.0-20261006123943-581311a739ec
2026-10-07T20:24:41.654261Z,github.com/pires/go-proxyproto,v0.0.0-20260709103247-bd986c0a99dc
2026-10-07T20:24:47.091725Z,github.com/andrewdoull/unangband,v0.0.0-20111209091127-3f7fe34c5dba
2026-10-07T20:24:51.940076Z,github.com/oasisprotocol/oasis-sdk/tools/gen_runtime_vectors,v0.0.0-20261007182050-c1e86a2e17ad
2026-10-07T20:24:52.608898Z,github.com/Shepmaster/twox-hash,v2.1.5+incompatible
2026-10-07T20:24:52.767414Z,github.com/dhmmasson/tilesCollector,v1.0.0
2026-10-07T20:24:53.820926Z,github.com/RedTeamPentesting/monsoon,v0.0.0-20260717095249-e0f1027cb0c2
2026-10-07T20:24:55.007754Z,github.com/ptt/pttbbs/service,v0.0.0-20261007143418-e7d7627a5431
2026-10-07T20:24:57.120238Z,github.com/Pseudo-Corp/SynergismOfficial,v2.9.0+incompatible
2026-10-07T20:24:57.326778Z,codeberg.org/wuzzy/repixture,v1.3.6
2026-10-07T20:25:00.198573Z,github.com/draconisPW/PWMAngband,v0.0.0-20261001154236-1bd7c87261b9
2026-10-07T20:25:00.555384Z,github.com/360entsecgroup-skylar/excelize/v2,v2.11.1-0.20260807015645-a54c578af309
2026-10-07T20:25:01.198476Z,github.com/mt-ctf/capturetheflag,v3.6.1+incompatible
2026-10-07T20:25:03.138596Z,github.com/rdf4cpp/rdf4cpp,v0.3.2
2026-10-07T20:25:03.23633Z,codeberg.org/mantar/exile,v0.4.0
2026-10-07T20:25:04.391028Z,github.com/serious-sam97/galileo/sdk/go,v0.0.0-20261001183613-a9b9b3765e46
2026-10-07T20:25:04.71288Z,github.com/serious-sam97/galileo,v0.0.0-20261001183613-a9b9b3765e46
2026-10-07T20:25:06.174498Z,github.com/neuralmmo/environment,v0.0.0-20240830211045-98b6bbdaa4aa
2026-10-07T20:25:08.817916Z,github.com/minetest-lott/lord-of-the-test,v1.2.7
2026-10-07T20:25:11.370402Z,github.com/telekom-mms/Automated-Ansible-Role-Documentation,v0.0.0-20261007035203-ed6fd27ed527
2026-10-07T20:25:15.07841Z,github.com/Go-Text/typesetting,v0.3.5
2026-10-07T20:25:16.376131Z,github.com/google/certificate-transparency-go,v1.3.4-0.20260505100148-5f959800ba06
2026-10-07T20:25:18.319605Z,github.com/pseudo-corp/synergismofficial,v2.9.0+incompatible
2026-10-07T20:25:18.942203Z,github.com/blind-coder/spacetrader,v1.4.4
2026-10-07T20:25:20.310683Z,github.com/igroglaz/Tangaria,v0.0.0-20260530104457-bb320f8ceea4
2026-10-07T20:25:22.380979Z,github.com/stripe/stripe-mirakl-connector,v4.3.4+incompatible
2026-10-07T20:25:23.283488Z,github.com/wormhole-foundation/wormhole/node,v0.0.0-20261007163938-2ea261077592
2026-10-07T20:25:24.592307Z,github.com/chipmates/criticalwindow,v0.3.3
2026-10-07T20:25:25.139222Z,github.com/nickmcconnell/faangband,v3.5.0+incompatible
2026-10-07T20:25:26.007056Z,github.com/vegastrike/vega-strike-engine-source,v0.10.0-alpha4
2026-10-07T20:25:26.06516Z,github.com/ralvarezdev/ralvaskills/v3,v3.3.0
2026-10-07T20:25:29.119461Z,github.com/k21971/evilhack,v0.9.3
2026-10-07T20:25:31.60348Z,github.com/Astral-SH/uv,v0.0.0-20261007201926-29d099ea9a0a
2026-10-07T20:25:34.050843Z,gopkg.in/go-redis/redis.v9,v9.23.0
2026-10-07T20:25:36.570638Z,gopkg.in/goharbor/harbor.v2,v2.15.3
2026-10-07T20:25:36.613751Z,github.com/mikera/tyrant,v0.0.0-20260418111944-1c767ea025fc
2026-10-07T20:25:37.14979Z,github.com/openqasm/oqpy,v0.3.10
2026-10-07T20:25:39.457106Z,github.com/zextras/carbonio-ui-commons,v2.5.0+incompatible
2026-10-07T20:25:41.700078Z,sigs.k8s.io/kustomize/plugin/someteam.example.com/v1/stringprefixer,v0.0.0-20261007153016-5d465f759ed9
2026-10-07T20:25:43.950311Z,github.com/r74ncom/sandboxels,v1.13.2
2026-10-07T20:25:45.10846Z,github.com/jauderho/patches,v0.0.0-20261006093658-847879ca2faf
2026-10-07T20:25:45.489355Z,github.com/GEUS-Glaciology-and-Climate/pypromice,v1.13.0
2026-10-07T20:25:48.732453Z,github.com/rohitg00/k8sgames,v1.0.0
2026-10-07T20:25:58.318724Z,github.com/rmtew/incursion-roguelike,v0.0.0-20260815235102-7469d3eddf1c
2026-10-07T20:25:58.777447Z,codeberg.org/pwy/kartoffels,v0.3.0
2026-10-07T20:26:00.586141Z,github.com/bitfinexcom/bitfinex-api-go,v0.0.0-20190115184047-9a0870f33c98
2026-10-07T20:26:02.805454Z,github.com/ocadotechnology/rapid-router,v7.12.11+incompatible
2026-10-07T20:26:13.145736Z,github.com/zgsm-ai/costrict,v3.0.22+incompatible
2026-10-07T20:26:14.344819Z,github.com/ocadotechnology/aimmo,v2.11.3+incompatible
2026-10-07T20:26:14.572938Z,github.com/gbelo/gBrogue,v0.0.0-20190507192729-52fe9c5cda19
2026-10-07T20:26:24.784384Z,github.com/aroberge/reeborg,v0.0.0-20241127094732-2e42b1eecfba
2026-10-07T20:26:29.059609Z,github.com/Leafwing-Studios/Emergence,v0.0.0-20231122010956-1dc8ab505073
2026-10-07T20:26:35.923906Z,github.com/hyperloopupv-h8/software/backend,v0.0.0-20261006070701-dd09543afb08
2026-10-07T20:26:37.673441Z,github.com/cataclysmbnteam/Cataclysm-BN,v0.13.0
2026-10-07T20:26:46.086227Z,github.com/raxod502/terrariaclone,v0.0.0-20220508013406-69b7ca0c61a8
2026-10-07T20:26:54.10108Z,github.com/martin-tornqvist/ia,v0.0.0-20180620195029-da97da5ca304
2026-10-07T20:26:59.829757Z,github.com/Larkenx/Rotten-Soup,v0.0.0-20260610034115-75073263536a
2026-10-07T20:27:07.247931Z,github.com/kiedtl/roguelike,v4.1.0+incompatible
2026-10-07T20:27:11.573017Z,github.com/oskarrough/slaytheweb,v0.25.0
2026-10-07T20:27:20.224496Z,github.com/yt-project/yt,v0.0.0-20261007200337-0fc86b2b0e9b
2026-10-07T20:27:20.326718Z,github.com/kesiev/stampadia,v0.0.0-20260420145444-bfb451f843e4
2026-10-07T20:27:21.16543Z,github.com/kopandante/boks,v0.0.0-20261007174757-cb674c536b50
2026-10-07T20:27:29.318908Z,github.com/masylum/whatajong,v0.0.0-20250615213049-45fe3da7a7d1
2026-10-07T20:27:38.234137Z,github.com/js13kGames/escape-the-pit,v0.0.0-20260924042217-48a0382ce870
2026-10-07T20:27:41.454462Z,github.com/obiipeh/cftunnel,v0.0.0-20261006060305-7c0efa7137b1
2026-10-07T20:27:41.784197Z,github.com/js13kGames/a-kings-journey-chapter-3-trapped-poisoned,v0.0.0-20260924035332-5380d546d3ce
2026-10-07T20:27:44.05352Z,github.com/mys721tx/go-telegram-bot,v0.0.0-20261007202353-67c453f066b5
2026-10-07T20:27:47.172512Z,github.com/js13kGames/glyph-o-tron,v0.0.0-20260924041549-0613331119a6
2026-10-07T20:27:52.777201Z,github.com/kubernetes-sigs/cluster-api-provider-gcp,v0.0.0-20261007182012-ab974db591c8
2026-10-07T20:28:14.14203Z,github.com/Dirard/codex/sdk/go,v0.160.0
2026-10-07T20:28:14.572448Z,github.com/CEED/libCEED,v1.0.0
2026-10-07T20:28:22.456126Z,github.com/couchbaselabs/cbdinocluster,v0.0.128
2026-10-07T20:28:29.23245Z,gitlab.com/trkbit/public/shared-go,v1.3.50
2026-10-07T20:28:33.028117Z,github.com/Hanalyx/openwatch,v0.8.3
2026-10-07T20:28:40.949069Z,github.com/JohanLindvall/crprune,v0.1.22
2026-10-07T20:28:42.79546Z,github.com/Maspypy/library,v0.0.0-20261007043750-b82d58a960c8
2026-10-07T20:28:50.005674Z,github.com/bminer/composable-json-go,v0.1.0
2026-10-07T20:28:59.282043Z,github.com/ozontech/seq-db,v0.69.1-0.20260406074307-64c341d90bb0
2026-10-07T20:29:05.798141Z,github.com/cloudfoundry-incubator/mysql-monitoring-release,v0.0.0-20261005231019-4c42aba13ffa
2026-10-07T20:29:13.483435Z,github.com/adsbypasser/adsbypasser,v8.27.0+incompatible
2026-10-07T20:29:17.467572Z,github.com/regulus79/regulus_mtgamejam_2023,v0.0.0-20240925223204-7d8a9630132c
2026-10-07T20:29:18.115635Z,github.com/Irevol/minetest-citadel,v0.0.0-20250529015532-6e2d92e08058
2026-10-07T20:29:19.696194Z,codeberg.org/Wuzzy/Minetest_Tutorial,v0.0.0-20250712115452-6c7b38afbc7a
2026-10-07T20:29:20.350698Z,github.com/igrep/lean-workshop,v0.0.0-20261006131240-0db8253c724f
2026-10-07T20:29:20.52619Z,github.com/alanz/ghc-exactprint,v1.14.3
2026-10-07T20:29:21.212682Z,github.com/alvistack/ansible-collection-kubernetes,v0.0.0-20261007084750-a63a051168ad
2026-10-07T20:29:22.07241Z,codeberg.org/SumianVoice/backroomtest,v0.0.0-20260805131600-7ec761eef345
2026-10-07T20:29:24.77723Z,gitlab.com/yamanq/alter,v0.0.0-20240207184345-124e9afd520d
2026-10-07T20:29:26.106757Z,github.com/andreakarasho/TinyEcs,v0.0.0-20261007144324-11f61c76b9ae
2026-10-07T20:29:27.253031Z,github.com/spencers145/SharkGame,v0.0.0-20220627173920-ebacd0cd1df1
2026-10-07T20:29:28.645571Z,buf.build/gen/go/realm/pipeline/connectrpc/go/v2,v2.0.0-20260827155834-34981849955e.1
2026-10-07T20:29:29.383558Z,github.com/minetest-LOTR/Lord-of-the-Test,v1.2.8-0.20260910205731-244e49ff9b90
2026-10-07T20:29:29.654222Z,github.com/asuna-mt/asuna,v1.1.5
2026-10-07T20:29:30.266926Z,github.com/jeremyweston/MeseCraft,v0.0.0-20260201000616-a0f614bd4aff
2026-10-07T20:29:30.965421Z,github.com/ashishb/brux,v0.0.0-20261004062318-a596c5505be1
2026-10-07T20:29:31.314121Z,github.com/ExeVirus/Labyrinth,v0.0.0-20230121223039-754243f343be
2026-10-07T20:29:31.591172Z,github.com/azimuth-cloud/configomatic,v0.0.0-20261007095555-63beb7657244
2026-10-07T20:29:34.968788Z,github.com/mt-mods/dreambuilder_game,v0.0.0-20261007104912-05009c8d0fff
2026-10-07T20:29:34.990168Z,github.com/akovardin/adscoffee,v0.0.0-20261005234410-ce3e1ba446fc
2026-10-07T20:29:35.383757Z,github.com/starninjas/Jail_Escape,v0.0.0-20220323174133-2f4b5108074f
2026-10-07T20:29:39.433449Z,github.com/basecamp/once-campfire,v1.5.2
2026-10-07T20:29:40.919401Z,github.com/cirruslabs/softnet,v0.0.0-20261006181112-e1ecab195b2b
2026-10-07T20:29:43.509057Z,github.com/forked-from-1kasper/loria,v0.0.0-20260523102940-957b732e3114
2026-10-07T20:29:44.210358Z,github.com/purplesena/holidayhorrors,v0.0.0-20211221015230-4538cbacfbb6
2026-10-07T20:29:44.637586Z,github.com/dselivanau/puppy,v0.0.0-20261007202326-463a5c0c7814
2026-10-07T20:29:45.621688Z,git.minetest.land/olive/cavegame,v0.0.0-20251014024812-d4a5b2af412e
2026-10-07T20:29:48.610791Z,github.com/minetest-whynot/whynot-game,v0.0.0-20260829145015-221f3e3013a1
2026-10-07T20:29:49.447963Z,github.com/BuckarooBanzay/super_sam,v0.0.0-20260520122415-1bb5450b7d44
2026-10-07T20:29:51.99911Z,codeberg.org/voxelgarden/voxelgarden,v0.0.0-20260824164108-4ae2e68f1ed2
2026-10-07T20:29:54.728805Z,gitlab.com/Kimapr/nonsensical_skyblock,v0.0.0-20240915125600-94311e553623
2026-10-07T20:29:55.472362Z,github.com/ExeVirus/littlelady,v0.0.0-20220204022639-ee253caa9998
2026-10-07T20:29:57.564098Z,github.com/LoneWolfHT/voxel_knights,v0.1.7-0.20260405000151-39a02cff000b
2026-10-07T20:29:57.672373Z,gitlab.com/benrob0329/ikea,v0.0.0-20220306225810-25e9a4bf37a3
2026-10-07T20:29:58.82262Z,github.com/PetiAPocok/minetest_extended,v0.0.0-20231206171213-7459fd8ffe27
2026-10-07T20:30:01.914576Z,github.com/mothnox/adopt-a-space-worm,v0.0.0-20221122010111-10cb722a88df
2026-10-07T20:30:03.675639Z,github.com/dotimplement/HealthChain,v0.0.0-20261007153817-7f531cdf1987
2026-10-07T20:30:03.845272Z,github.com/digital-land/specification,v0.0.0-20261007143051-eb6e9e17a682
2026-10-07T20:30:05.569144Z,github.com/Der1248/Regnum,v0.0.0-20260507003937-942a7375d6f6
2026-10-07T20:30:05.896848Z,github.com/Droog71/moontest,v0.0.0-20230827184648-0de949e7b1ef
2026-10-07T20:30:06.817463Z,github.com/Der1248/Labyrinthus,v0.0.0-20260610202736-800bfa7dca49
2026-10-07T20:30:08.027706Z,github.com/TerraQuest-Studios/farlands_reloaded,v0.0.0-20260908115956-fb2ab7c61530
2026-10-07T20:30:08.53942Z,forge.tedomum.net/unbroken-unworn/minetestportals,v0.0.0-20211220214723-bf7cf99c93ca
2026-10-07T20:30:10.243054Z,github.com/Noodlemire/VoxelDungeon,v0.0.0-20210903001117-975187687776
2026-10-07T20:30:11.952515Z,github.com/ChefZander/skyblock_zero,v0.0.0-20260413175801-2ff9e286a53f
2026-10-07T20:30:12.714404Z,github.com/esbatmop/mnbvc,v0.0.0-20261007083653-059512d1ccba
2026-10-07T20:30:14.304491Z,gitlab.com/h2mm/boxworld3d,v0.0.0-20211006073038-71460287ec86
2026-10-07T20:30:15.510196Z,gitlab.com/sztest/klots,v0.0.0-20251012050003-c636ee95ed7a
2026-10-07T20:30:17.078181Z,codeberg.org/crabycowman123/mtr-no-history,v0.0.0-20220201023511-bb4a3f0133f3
2026-10-07T20:30:17.333356Z,github.com/geus-glaciology-and-climate/pypromice,v1.13.0
2026-10-07T20:30:18.257517Z,github.com/rlars/mt_occupy_moon_game,v0.0.0-20230507202008-7e57a27bbfef
2026-10-07T20:30:20.9447Z,github.com/devalexandre/deep-agent-ginga,v0.0.0-20261007202959-0259d8374ff8
2026-10-07T20:30:21.10611Z,gitlab.com/sztest/piranesi_redo,v0.0.0-20260610021247-39f8500c6f4e
2026-10-07T20:30:21.120636Z,github.com/henrikbengtsson/parallelly,v0.0.0-20261007072435-4fc22bfde32d
2026-10-07T20:30:21.574299Z,github.com/aerkiaga/nodeverse,v0.5.1-0.20260926184233-8e233950a1d6
2026-10-07T20:30:21.588039Z,github.com/gofiber/recipes/gorm,v0.0.0-20261007164430-fe923f36d250
2026-10-07T20:30:21.651645Z,github.com/MistUnky/mining_game,v0.0.0-20210410022347-5c83419105fb
2026-10-07T20:30:21.840986Z,github.com/guilds-plugin/guilds,v0.0.0-20261005235940-7cfd6c41361a
2026-10-07T20:30:22.890174Z,github.com/hanalyx/openwatch,v0.8.3
2026-10-07T20:30:23.939601Z,github.com/Charleston314/Fill-the-Void,v0.0.0-20231221234505-483503608b0e
2026-10-07T20:30:25.92266Z,github.com/Der1248/Castrum,v0.0.0-20250909234255-1e08514a7f66
2026-10-07T20:30:25.967188Z,github.com/withobsrvr/nebu-processor-registry/processors/aquarius-detector,v0.0.0-20261007170819-7680daebccef
2026-10-07T20:30:26.530745Z,github.com/ben-ranford/lopper,v1.8.9
2026-10-07T20:30:28.040905Z,codeberg.org/Age_of_Mending/Age_of_Mending,v0.0.0-20260920052826-611abb025dcc
2026-10-07T20:30:28.514574Z,gitlab.com/debiankaios/proxima_survival,v0.0.0-20210803074114-bb66f28cd409
2026-10-07T20:30:28.889718Z,github.com/couchbaselabs/gocaves,v0.0.0-20261007200618-49526b9cd324
2026-10-07T20:30:30.406084Z,github.com/jtumidanski/home-hub/shared/go/database,v0.0.0-20261007131609-7c799a64ff68
2026-10-07T20:30:30.573798Z,github.com/johanlindvall/crprune,v0.1.21
2026-10-07T20:30:31.269643Z,github.com/otto-de/edison-aws,v0.3.4-0.20241219122146-a93c8db9de7e
2026-10-07T20:30:32.007462Z,github.com/regulus79/regulus_mtgj2024,v0.0.0-20250504210436-918cce7ff6f4
2026-10-07T20:30:32.323734Z,gitlab.com/Astrobe/minefall,v0.0.0-20260705155210-71aae3fb1940
2026-10-07T20:30:32.344446Z,github.com/Montandalar/secrets_of_the_moon,v0.0.0-20221121214350-12774a78145f
2026-10-07T20:30:32.391466Z,github.com/jtumidanski/home-hub/shared/go/events,v0.0.0-20261007131609-7c799a64ff68
2026-10-07T20:30:32.80747Z,bitbucket.org/BigCaballito/no_mans_land,v0.0.0-20210731025157-589caa0c6684
2026-10-07T20:30:33.27105Z,codeberg.org/Wuzzy/Shadow_Forest,v0.0.0-20260608154329-9892d501b5fe
2026-10-07T20:30:33.681229Z,github.com/veprogames/mt-100mts,v1.1.2-0.20251010103616-bdbcd13e93e7
2026-10-07T20:30:33.925204Z,github.com/lonewolfht/voxel_knights,v0.1.6
2026-10-07T20:30:34.848256Z,github.com/minetest-lotr/lord-of-the-test,v1.2.7
2026-10-07T20:30:35.904425Z,github.com/Der1248/Agon,v0.0.0-20250907233438-028eabf8400c
2026-10-07T20:30:37.063292Z,github.com/KetchupLand/KetchupLand,v0.0.0-20260321151341-7f6a339ff8e1
2026-10-07T20:30:39.847763Z,github.com/spiraling-down/game,v0.0.0-20250312225335-5138cdc3229a
2026-10-07T20:30:40.130322Z,github.com/khglynn/spotify-bulk-actions-mcp,v0.0.0-20261004192947-211887b56eab
2026-10-07T20:30:41.051432Z,github.com/rollerozxa/brickbuild,v0.0.0-20241104175510-2cee91ce2200
2026-10-07T20:30:41.476217Z,github.com/LoneWolfHT/torrlund,v0.2.1
2026-10-07T20:30:41.744686Z,github.com/jtumidanski/home-hub/shared/go/retention,v0.0.0-20261007131609-7c799a64ff68
2026-10-07T20:30:41.936979Z,github.com/bench245/Artifact,v0.0.0-20241122023055-0c3a43d535c6
2026-10-07T20:30:41.994098Z,github.com/jtumidanski/home-hub/shared/go/logging,v0.0.0-20261007131609-7c799a64ff68
2026-10-07T20:30:42.082565Z,github.com/otto-de/babbage-microservice,v0.0.3-0.20260323072057-dc8bb3c277d1
2026-10-07T20:30:42.344396Z,github.com/mt-historical/blockcolor,v0.0.0-20240816185907-1dad199c1a26
2026-10-07T20:30:42.663473Z,github.com/starninjas/Veil-of-the-Unknown,v0.0.0-20231222005636-b9f59a6481aa
2026-10-07T20:30:42.710698Z,github.com/lysine-dev/retrofit,v0.0.0-20261007004147-50b452440d68
2026-10-07T20:30:44.398017Z,github.com/starninjas/Secrets-of-the-Space-Parable,v0.0.0-20221226222250-caf8bfae751e
2026-10-07T20:30:45.454677Z,github.com/NickMcConnell/Beleriand,v0.0.0-20260928210827-ee36bd35c483
2026-10-07T20:30:45.495443Z,github.com/RisingLeaf/spacetest,v0.0.0-20240615100400-eb1dd6ecd4ea
2026-10-07T20:30:45.82404Z,github.com/cfpb/cfgov-refresh,v0.0.0-20261007174423-8dbc50306ec7
2026-10-07T20:30:48.773643Z,codeberg.org/IamPyu/PyuTest,v0.0.0-20250711160010-1a2dd3ea6490
2026-10-07T20:30:51.066136Z,github.com/Xeno333/1042,v0.2.3-pre.0.20260324171004-67a7a7562a16
2026-10-07T20:30:51.454062Z,github.com/nurd3/ul_game,v0.0.0-20250404013006-f3bcd4e464ff
2026-10-07T20:30:52.432506Z,github.com/theidealist101/stellua,v0.0.0-20250425132215-2f3266ffbef2
2026-10-07T20:30:53.428642Z,github.com/may-fly/mayfly-go/server,v0.0.0-20261007074339-acce61b86382
2026-10-07T20:30:54.44162Z,github.com/may-fly/mayfly-go,v1.12.0
2026-10-07T20:30:56.707041Z,codeberg.org/Hanuko33/LibreAdventure3,v0.0.0-20250716105537-d6c760e065ee
2026-10-07T20:30:57.948909Z,github.com/Python-Sargent/Reentry,v0.0.0-20241122171625-34a4227b299c
2026-10-07T20:30:58.417541Z,gitlab.com/billy.covert/mogue,v0.0.0-20260117225641-71f4d12a5dd0
2026-10-07T20:30:59.527312Z,codeberg.org/nikaaa/luanti-heres,v0.0.0-20250827222002-4bbf9b680f36
2026-10-07T20:31:00.665681Z,github.com/nvidia/dbus-sensors,v0.0.0-20261006181639-8495fc0a6c85
2026-10-07T20:31:01.784185Z,github.com/nvidia/megatron-energon,v0.0.0-20261007090848-d8dba7f399dc
2026-10-07T20:31:03.54852Z,github.com/sfan5/minetest_classic,v0.0.0-20251114221417-31c250254fd7
2026-10-07T20:31:03.954291Z,codeberg.org/jara25/yams,v0.2.0
2026-10-07T20:31:04.21984Z,github.com/groupfoo0/ghost_crypt,v0.0.0-20231224030504-2ade88585aa8
2026-10-07T20:31:05.654877Z,github.com/twistingmercury/gralph,v0.0.0-20261007195444-b3cae3f21142
2026-10-07T20:31:06.948429Z,github.com/nwdamgaard/Raining-Nodes,v0.0.0-20190816042606-ec31f245b07a
2026-10-07T20:31:08.499463Z,github.com/spongebob888/shadowquic,v0.4.3-0.20261007145628-59d33afc81e0
2026-10-07T20:31:09.541741Z,codeberg.org/nephele-user/Orion,v0.0.0-20250613125242-e40869365f21
2026-10-07T20:31:09.835801Z,github.com/rizkysr90/tools,v0.0.0-20261004081106-356bac7fd864
2026-10-07T20:31:11.279803Z,codeberg.org/Wuzzy/Eyeballs,v0.0.0-20260815112510-d5304a6e98f7
2026-10-07T20:31:13.189572Z,github.com/nyulibraries/dlts-finding-aids-ead-go-packages,v0.31.0-pre.0.20261007202242-5fc9e9fc672e
2026-10-07T20:31:15.250379Z,github.com/logalog42/minegistics,v0.0.0-20230607171148-244fa03956c2
2026-10-07T20:31:16.111077Z,github.com/psd-tools/psd-tools,v1.24.0
2026-10-07T20:31:16.893477Z,heckel.io/blkmap,v0.4.5
2026-10-07T20:31:24.367264Z,github.com/skarnet/skalibs,v0.0.0-20261005045816-b74ab967cf33
2026-10-07T20:31:30.7873Z,buf.build/gen/go/git-age/agent/connectrpc/go/v2,v2.0.0-20240411154421-ccdd2e6e6f4f.1
2026-10-07T20:31:33.536352Z,github.com/tencent/bqlog/wrapper/go,v0.0.0-20261007135215-086f2fd831af
2026-10-07T20:31:37.93207Z,github.com/tonistiigi/buildkit_poc,v0.34.0
2026-10-07T20:31:40.301945Z,buf.build/gen/go/realm/tenant/connectrpc/go/v2,v2.0.0-20260507203756-efbfa23cef12.1
2026-10-07T20:31:51.163901Z,go.opentelemetry.io/otelc/instrumentation/github.com/rabbitmq/amqp091-go,v0.0.0-20261007134920-ace731a4aab1
2026-10-07T20:31:51.5077Z,go.nwlabs.dev/dependabot-generator,v0.0.0-20261006162739-3e0c01d44e52
2026-10-07T20:31:53.08823Z,go.openpit.dev/officer,v0.0.0-20261004121414-bcc3263201d8
2026-10-07T20:31:54.786845Z,go.mws.cloud/terraform-provider-mws,v0.0.0-20261006131414-846593ef0b3c
2026-10-07T20:31:58.727228Z,gopkg.in/firefox-devtools/profiler.v0,v0.0.0-20261007100959-afe13c864f35
2026-10-07T20:32:00.740096Z,buf.build/gen/go/opentelemetry/opentelemetry/connectrpc/go/v2,v2.0.0-20240209200855-65364c7e87c6.1
2026-10-07T20:32:01.273508Z,github.com/scorzy/IdleAnt,v0.0.0-20250911202033-87d087b52373
2026-10-07T20:32:03.247993Z,github.com/ThalesMMS/webgpu,v0.5.6-0.20261007202240-d6da965893a1
2026-10-07T20:32:03.986405Z,github.com/scorzy/IdleSpace,v0.0.0-20190921100150-002e66dbe69f
2026-10-07T20:32:04.144222Z,github.com/munificent/amaranth,v0.0.0-20160226174527-b52acd6fc69d
2026-10-07T20:32:06.673696Z,github.com/jwvhewitt/gearhead-caramel,v0.0.0-20260920040523-1f1101a17ffe
2026-10-07T20:32:06.690983Z,github.com/lloyd-delacroix/omsi-loops,v0.0.0-20220806005643-5008c4a1faca
2026-10-07T20:32:09.259018Z,buf.build/gen/go/coreweave/cks/connectrpc/go/v2,v2.0.0-20250109200057-bb32fdd2ae14.1
2026-10-07T20:32:09.857334Z,buf.build/gen/go/cncf/xds/connectrpc/go/v2,v2.0.0-20221129150241-9994d403088d.1
2026-10-07T20:32:10.874384Z,github.com/thebracket/rustyroguelike,v0.0.0-20190813160420-06f6ef51829b
2026-10-07T20:32:13.687752Z,buf.build/gen/go/tldiagramcom/diagram/connectrpc/go/v2,v2.0.0-20260424214817-528c19e30457.1
2026-10-07T20:32:14.130184Z,buf.build/gen/go/redpandadata/common/connectrpc/go/v2,v2.0.0-20231027131654-ceb0f4f0f714.1
2026-10-07T20:32:14.150572Z,github.com/ondras/trw,v0.0.0-20210511190534-65d8a4841c7e
2026-10-07T20:32:14.354014Z,github.com/tyleryep/stanford-karel,v0.2.7
2026-10-07T20:32:14.411691Z,buf.build/gen/go/parca-dev/parca/connectrpc/go/v2,v2.0.0-20221219120953-f11107055b77.1
2026-10-07T20:32:14.991259Z,github.com/zetaoss/zengine,v0.9.10
2026-10-07T20:32:16.84774Z,buf.build/gen/go/bufbuild/registry/connectrpc/go/v2,v2.0.0-20240723163933-aa5836eeaf8d.1
2026-10-07T20:32:18.143536Z,github.com/arbylee/python-warrior,v0.0.0-20140216214920-2e95285dd628
2026-10-07T20:32:25.005563Z,github.com/slashman/expedition,v0.0.0-20160413210524-083fe7163d0d
2026-10-07T20:32:35.120758Z,github.com/TrashboxBobylev/Summoning-Pixel-Dungeon,v0.7.5
2026-10-07T20:32:40.956647Z,buf.build/gen/go/realm/fabric/connectrpc/go/v2,v2.0.0-20260827134419-9ac7ffd43693.1
2026-10-07T20:32:54.19892Z,github.com/checkly/terraform-provider-checkly,v1.30.0
2026-10-07T20:32:57.470082Z,github.com/Zrp200/rkpd2,v3.0.0+incompatible
2026-10-07T20:32:58.717884Z,github.com/freezingmoon/ancientbeast,v0.0.0-20261007181125-b1cf70f7cfd9
2026-10-07T20:33:03.872315Z,github.com/makt28/sing-quic,v0.0.0-20261007203005-ece0fbbf613f
2026-10-07T20:33:06.866789Z,github.com/tinygo-org/cbgo,v0.0.5-0.20261007202913-5057996b8f6d
2026-10-07T20:33:12.957569Z,github.com/bakobo/fiki/go,v0.5.1-0.20261007202920-21c37e704989
2026-10-07T20:33:32.616094Z,github.com/Files-Com/terraform-provider-files,v0.1.1198
2026-10-07T20:33:39.235542Z,github.com/ozontech/seq-ui/pkg,v0.0.0-20261007092449-095fe2db622b
2026-10-07T20:33:45.572615Z,github.com/vasfvitor/nanci,v0.5.2-0.20261007200032-a0ca132e084f
2026-10-07T20:33:51.595521Z,github.com/thalesmms/webgpu,v0.5.6-0.20261007183716-7a6546bd9310
2026-10-07T20:33:57.557338Z,github.com/jruby/jruby-openssl,v0.19.4-0.20261007054632-9a006aa221c2
2026-10-07T20:34:01.684931Z,github.com/hehex9/aweme.js,v0.0.0-20200220113757-255297094279
2026-10-07T20:34:07.026066Z,github.com/jiangwei1995/douyin-sdk,v0.0.0-20200701112617-1fcdb441b6c8
2026-10-07T20:34:12.920201Z,github.com/wahdalo/tiktok-src,v0.0.0-20240217192651-877290da510e
2026-10-07T20:34:17.210554Z,github.com/PikoCI/pikoci,v0.7.1-0.20261006113757-a4149f432310
2026-10-07T20:34:17.399318Z,github.com/wahdalo/tiktokapi-src,v0.0.0-20240229180235-7bbbb2a5300d
2026-10-07T20:34:17.958237Z,github.com/necrashter/driven-to-evolve,v1.0.1-0.20250609103019-acf05038b94b
2026-10-07T20:34:18.934403Z,github.com/zhaoolee/notes,v0.0.0-20261006045850-7841d89d22fd
2026-10-07T20:34:23.246182Z,github.com/viant/mcp-ui,v0.2.1-0.20261007203211-e2befc0bbbaf
2026-10-07T20:34:24.272523Z,github.com/robot-rumble/logic,v0.0.4-0.20240331140523-b9cc0c6e5e01
2026-10-07T20:34:24.704182Z,github.com/Yamashou/Gqlgenc,v0.44.1-0.20261006063847-a053b509200b
2026-10-07T20:34:25.107066Z,github.com/davrodpin/mole,v0.2.1-0.20181020195520-655fff6c743f
2026-10-07T20:34:25.685722Z,github.com/js13kGames/dutch-dredge,v0.0.0-20150830113344-0e74f7dbddee
2026-10-07T20:34:25.889288Z,github.com/pshenok/server-survival,v3.0.1-0.20261006012805-b6a0c3431f47+incompatible
2026-10-07T20:34:30.334956Z,github.com/satijalab/seurat-object,v5.4.0+incompatible
2026-10-07T20:34:30.505193Z,github.com/jurerotar/Pillage-First-Ask-Questions-Later,v0.0.0-20261007202103-a951ed838c60
2026-10-07T20:34:30.850597Z,github.com/BlackDark/gatepost,v0.0.0-20261007203333-70f632726a14
2026-10-07T20:34:31.0909Z,github.com/microsoft/Typescript/tsc,v0.0.0-20261007200937-bea2e849e90b
2026-10-07T20:34:31.178228Z,github.com/Alexnex31/Norite,v0.1.0-alpha
2026-10-07T20:34:32.579012Z,github.com/AIHawk-FOSS/resume_render_from_job_description,v0.0.0-20261005171431-4b34eebf31c0
2026-10-07T20:34:33.478859Z,github.com/yulab-smu/chipseeker,v0.0.0-20261005100917-df67ad44b3d5
2026-10-07T20:34:36.227849Z,github.com/chapvic/dht-exporter,v0.0.0-20261005144928-b0fa6e7fe064
2026-10-07T20:34:36.610848Z,github.com/Alexnex31/Norite/backend,v0.0.0-20261006123849-bf0450f82705
2026-10-07T20:34:40.204066Z,goa.design/examples/cookies,v0.0.0-20261007050358-2d54fff3396c
2026-10-07T20:34:41.320722Z,github.com/DefangLabs/pulumi-defang/sdk/v2/go/defang-aws,v0.0.0-20261007155802-85b8d6c3976d
2026-10-07T20:34:43.149745Z,github.com/awslabs/the-qubit-factory,v1.0.1-0.20241125221912-42cd5958a55e
2026-10-07T20:34:49.805111Z,github.com/Chaochun/APE210K,v0.0.0-20191210121516-52c52ebb517f
2026-10-07T20:34:49.962871Z,github.com/Chaochun/ape210k,v0.0.0-20191210121516-52c52ebb517f
2026-10-07T20:34:54.169038Z,github.com/McTalian/wow-build-tools,v1.8.5
2026-10-07T20:34:54.806052Z,github.com/chaochun/APE210K,v0.0.0-20191210121516-52c52ebb517f
2026-10-07T20:34:55.918811Z,github.com/chaochun/ape210k,v0.0.0-20191210121516-52c52ebb517f
2026-10-07T20:34:59.486256Z,github.com/elfmz/far2l,v0.0.0-20261007184516-3591802e656c
2026-10-07T20:35:02.187297Z,github.com/OpenXcom/OpenXcom,v0.4.6-0.20260928073205-4a4bae5fa2e5
2026-10-07T20:35:02.506641Z,github.com/jeremygurr/dcssca,v1.5.0
2026-10-07T20:35:02.633738Z,github.com/EasyCrypt/easycrypt,v0.0.0-20261007202024-b101d2e6df98
2026-10-07T20:35:03.003122Z,github.com/M-Talha-Atif/CP-CompetativeProgramming,v0.0.0-20250220211657-59718ff42a39
2026-10-07T20:35:03.848246Z,github.com/meamy/feynman,v0.1.1-0.20260525225315-d2c382a2ab43
2026-10-07T20:35:04.477168Z,github.com/Protonmail/gluon,v0.0.0-20261005123138-0b769005106e
2026-10-07T20:35:12.071806Z,github.com/admiral-project/admiral,v0.0.0-20261004035354-1ac171a96508
2026-10-07T20:35:14.783897Z,github.com/lonewolfht/torrlund,v0.2.1
2026-10-07T20:35:14.876441Z,github.com/kngwyu/rogue-gym,v0.0.2
2026-10-07T20:35:15.281677Z,github.com/aihawk-foss/resume_render_from_job_description,v0.0.0-20261005171431-4b34eebf31c0
2026-10-07T20:35:15.661187Z,github.com/OpenXRAY/xray-16,v0.0.0-20261006223539-022f8a0f1901
2026-10-07T20:35:17.406983Z,github.com/xeno333/1042,v0.2.3-pre
2026-10-07T20:35:20.096845Z,github.com/samvelyan/minihack,v1.0.2
2026-10-07T20:35:20.931219Z,github.com/awslabs/aws-nitro-enclaves-cose,v0.6.1
2026-10-07T20:35:21.18549Z,github.com/lirantal/npq,v3.27.2+incompatible
2026-10-07T20:35:21.417212Z,github.com/apache/shiro,v0.0.0-20261007035904-54c6740bc574
2026-10-07T20:35:22.617061Z,github.com/drpedapati/sciclaw,v0.3.10
2026-10-07T20:35:22.744107Z,github.com/magic/core,v0.0.161
2026-10-07T20:35:26.913206Z,github.com/teamviewer/api-example-scripts,v1.0.1-0.20260204134038-9e608f975a3d
2026-10-07T20:35:28.422843Z,github.com/trashboxbobylev/summoning-pixel-dungeon,v1.1.6-BETA-4
2026-10-07T20:35:29.014019Z,github.com/apiarytech/beebread,v0.0.0-20261006191138-97b4fd4cfa4a
2026-10-07T20:35:30.347717Z,github.com/blck-snwmn/example-go/tools/eg,v0.0.0-20261007090223-6639d80899f9
2026-10-07T20:35:36.562737Z,github.com/zhaoyswd/homeway,v0.16.0
2026-10-07T20:35:38.034758Z,github.com/redpanda-data/kowl,v3.12.1-0.20261006152153-be806e35edd2+incompatible
2026-10-07T20:35:40.134693Z,github.com/jwvhewitt/gearhead-1,v0.0.0-20240929091004-df7b6036ea15
2026-10-07T20:35:41.299635Z,github.com/databricks/sdk-go/uc/rfa,v0.2.0
2026-10-07T20:35:41.593272Z,github.com/facebook/FAI-PEP,v0.0.0-20261007191724-8b6455452acc
2026-10-07T20:35:42.760601Z,github.com/dytsou/github-readme-stats,v1.4.6
2026-10-07T20:35:43.635005Z,github.com/geode-sdk/bindings,v0.0.0-20261006172355-3e65294e5b68
2026-10-07T20:35:44.097937Z,github.com/facebook/fai-pep,v0.0.0-20261007191724-8b6455452acc
2026-10-07T20:35:44.456231Z,github.com/mctalian/wow-build-tools,v1.8.5
2026-10-07T20:35:44.549539Z,github.com/gaa-uam/scikit-fda,v0.0.0-20261005211613-2f5bd542a084
2026-10-07T20:35:44.619221Z,github.com/databricks/sdk-go/cleanrooms,v0.2.0
2026-10-07T20:35:48.561672Z,github.com/chaosforgeorg/doomrl,v0.0.0-20260824200812-a6f965072b3a
2026-10-07T20:35:51.952673Z,github.com/diadata-org/diadata/cmd/exchange-scrapers/collector,v0.0.0-20261007121457-4bf43e404487
2026-10-07T20:35:54.267281Z,github.com/datapulse/gorzlgr,v0.1.1-0.20261007201958-47ae9ae484f7
2026-10-07T20:35:55.140618Z,github.com/b-crawl/bcrawl,v0.0.0-20250114045833-d9800d219b5e
2026-10-07T20:35:55.380064Z,github.com/gitpod-io/gitpod/components/local-app,v0.0.0-20261006172509-f46929dac2e7
2026-10-07T20:35:56.409449Z,github.com/gitpod-io/gitpod/components/local-app-api,v0.0.0-20261006172509-f46929dac2e7
2026-10-07T20:35:57.424492Z,github.com/EleutherAI/minetest,v0.0.0-20230721185039-fc12a0b518b4
2026-10-07T20:35:57.493349Z,github.com/jwvhewitt/gearhead-2,v0.0.0-20241110101143-2f1f38b20dd2
2026-10-07T20:35:58.252117Z,github.com/zrp200/rkpd2,v3.0.0+incompatible
2026-10-07T20:35:58.294146Z,src.alexschroeder.ch/oddmu,v1.25.1-0.20261007182332-aa5bf59d90f5
2026-10-07T20:36:05.480894Z,github.com/buchenberg/yaah,v0.55.3-0.20261007200855-a9531a90d6aa
2026-10-07T20:36:06.349943Z,github.com/msamoilovic/gator-cli,v0.0.0-20261006124812-7d25750df6fd
2026-10-07T20:36:12.006363Z,github.com/Zharktas/ckan,v0.0.0-20260924162240-a39c84ba60e1
2026-10-07T20:36:22.186514Z,github.com/voxelands/voxelands,v0.0.0-20180303175340-9b08111e6b58
2026-10-07T20:36:30.451224Z,github.com/iscc/iscc-ieps,v0.0.0-20261004162358-7eda51ee27ee
2026-10-07T20:36:42.548734Z,github.com/lissy93/awesome-privacy,v0.0.0-20261007184554-b17b599f19b4
2026-10-07T20:36:43.429381Z,github.com/BE-Community-Dev/protocol,v0.0.0-20260503115620-f0a995b11195
2026-10-07T20:36:44.215514Z,github.com/leanprover-community/ProofWidgets4,v0.0.115
2026-10-07T20:36:52.792913Z,github.com/zhegly/smartquarter,v0.0.0-20260929152514-c70c9482f543
2026-10-07T20:36:55.752868Z,github.com/0glabs/0g-serving-broker/api,v0.0.0-20260928093729-08dea9163841
2026-10-07T20:37:01.293587Z,github.com/mozilla-releng/redo,v0.0.0-20261005153010-828e3929f424
2026-10-07T20:37:04.364854Z,github.com/o-murphy/py-ballisticcalc,v3.0.0+incompatible
2026-10-07T20:37:11.523989Z,github.com/pyca/service-identity,v0.0.0-20261006052642-6858d01dd836
2026-10-07T20:37:12.762121Z,github.com/steffan-westcott/clj-otel,v0.0.0-20261007175308-eefbef1e45d4
2026-10-07T20:37:14.219604Z,go.pinniped.dev,v0.47.1-0.20261007192847-9c5c386cd401
2026-10-07T20:37:18.50386Z,github.com/atlas-compiler/atlas/sdk/go,v0.0.0-20261007111554-e4c459728e49
2026-10-07T20:37:18.667418Z,github.com/skyP38/flowchart_editor/backend,v0.0.0-20261007153839-45073c919e53
2026-10-07T20:37:19.791536Z,github.com/paketo-community/python-runtime,v1.18.47
2026-10-07T20:37:20.962661Z,github.com/Nexora-VPN/nexora-openvpn,v0.1.1
2026-10-07T20:37:21.389671Z,github.com/romankurnovskii/Codeforces,v0.0.0-20261003102034-2a98f77bab1c
2026-10-07T20:37:22.218695Z,github.com/openShift/client-go,v0.0.0-20261006222332-348fc1ca8bb1
2026-10-07T20:37:23.994187Z,github.com/vocdoni/davinci-sdk,v3.0.1+incompatible
2026-10-07T20:37:25.424548Z,github.com/conductorone/baton-jira-datacenter,v0.3.1-0.20261007112327-6f783f54b711
2026-10-07T20:37:26.958156Z,github.com/The-Powder-Toy/The-Powder-Toy,v100.1.401-0.20261007164936-383e3e62319a+incompatible
2026-10-07T20:37:27.374613Z,github.com/pulumi/lumi,v3.268.1-0.20261007151648-887e0dd5cba3+incompatible
2026-10-07T20:37:27.805306Z,github.com/reactjs/react.dev,v0.0.0-20261006110758-046f17d04295
2026-10-07T20:37:34.841265Z,github.com/NickMcConnell/NarSil,v3.5.1-0.20261007192224-1bdec1b1bd95+incompatible
2026-10-07T20:37:36.287872Z,github.com/BE-Community-Dev/bedrock-world,v0.3.5
2026-10-07T20:37:38.40442Z,github.com/nvidia/MagnumIO,v0.0.0-20261007163240-425e55e89727
2026-10-07T20:37:40.158634Z,github.com/BE-Community-Dev/bedrock-leveldb,v0.3.1
2026-10-07T20:37:40.657956Z,github.com/hhblaze/DBreeze,v0.0.0-20261006223004-05aa2fe4687c
2026-10-07T20:37:42.813438Z,github.com/vmware/govmomi/hack/tools,v0.0.0-20261007202050-3e23b07c696e
2026-10-07T20:37:50.039383Z,go.rtnl.ai/horizon,v0.0.0-20261005165527-5e32a57471aa
2026-10-07T20:37:50.613958Z,go.platform-mesh.io/search-operator,v0.0.0-20261006160206-6d8fe43257fd
2026-10-07T20:37:52.666753Z,go.schlittermann.de/heiko/mailseal,v0.0.0-20260723185639-6de6cf539878
2026-10-07T20:37:54.237403Z,github.com/masgari/tabula,v0.0.0-20261007203508-6e23a938a9c6
2026-10-07T20:37:54.437447Z,github.com/thinkst/canarytokens,v0.0.0-20261007193934-5d0500942f98
2026-10-07T20:37:54.762087Z,github.com/zhenghaoz/gitrec,v0.0.0-20261005012507-43953aff4bd6
2026-10-07T20:37:55.16142Z,github.com/katarem/lray,v0.2.2
2026-10-07T20:37:55.40615Z,github.com/system-inc/cohere,v0.0.0-20261007181033-f5d1934a2d7b
2026-10-07T20:37:57.852919Z,github.com/Atlas-Compiler/Atlas/sdk/go,v0.0.0-20261007111554-e4c459728e49
2026-10-07T20:37:58.233504Z,github.com/seamlessdns/service/providerFormats,v0.0.0-20261007153844-effeb49b0fcf
2026-10-07T20:37:58.377757Z,github.com/tomassedovic/dose-response,v1.1.4
2026-10-07T20:38:03.368899Z,github.com/thebracket/secbot-2021-7drl,v0.0.0-20210312134342-fda129fe8a5d
2026-10-07T20:38:05.297368Z,github.com/DataPulse/gorzlgr,v0.1.1-0.20261007201958-47ae9ae484f7
2026-10-07T20:38:10.449416Z,go.qbee.io/agent,v0.0.0-20261007143331-24fe7eabb73b
2026-10-07T20:38:19.459597Z,github.com/seamlessdns/service,v0.0.0-20261007153844-effeb49b0fcf
2026-10-07T20:38:20.905129Z,github.com/system-inc/cohere/mutation_aliasing,v0.0.0-20261007181033-f5d1934a2d7b
2026-10-07T20:38:21.365314Z,github.com/system-inc/cohere/static_single_assignment,v0.0.0-20261007181033-f5d1934a2d7b
2026-10-07T20:38:32.357804Z,github.com/vikar-ltd/gg,v0.43.0
2026-10-07T20:38:34.214048Z,github.com/ipfs-force-community/droplet/v2,v2.17.0-rc1
2026-10-07T20:38:34.250572Z,github.com/slawabe/go-metrics-collector,v0.0.0-20261007134922-f776f742c2ce
2026-10-07T20:38:38.566232Z,github.com/stanford-centaur/smt-switch,v1.1.2
2026-10-07T20:38:38.928973Z,github.com/gkwa/helixstorm,v0.0.0-20261004205404-e049e891597f
2026-10-07T20:38:41.36204Z,go.unistack.org/micro-server-tcp/v5,v5.0.0
2026-10-07T20:38:42.015607Z,github.com/starninjas/secrets-of-the-space-parable,v0.0.0-20221226222250-caf8bfae751e
2026-10-07T20:38:42.499502Z,github.com/headroomlabs-ai/headroom,v0.40.0
2026-10-07T20:38:43.894996Z,go.unistack.org/micro-router-register/v5,v5.0.0
2026-10-07T20:38:44.164174Z,go.unistack.org/micro-tracer-opentracing/v5,v5.0.0
2026-10-07T20:38:46.442472Z,go.unistack.org/micro-config-vault/v5,v5.0.0
2026-10-07T20:38:47.543241Z,go.unistack.org/micro-codec-xml/v5,v5.0.0
2026-10-07T20:38:48.792755Z,go.unistack.org/micro-config-consul/v5,v5.0.0
2026-10-07T20:38:49.136985Z,go.unistack.org/micro-meter-victoriametrics/v5,v5.0.0
2026-10-07T20:38:51.265982Z,go.unistack.org/micro-codec-segmentio/v5,v5.0.0
2026-10-07T20:38:51.628619Z,github.com/katydid/parser-go-json,v0.8.2
2026-10-07T20:38:52.094502Z,go.unistack.org/micro-codec-jsonpb/v5,v5.0.0
2026-10-07T20:38:53.46224Z,go.unistack.org/micro-broker-kgo/v5,v5.0.0
2026-10-07T20:38:53.643606Z,github.com/katydid/parser-go-xml,v0.2.3
2026-10-07T20:38:57.469Z,go.unistack.org/micro-server-grpc/v5,v5.0.0
2026-10-07T20:39:07.044342Z,github.com/Whales/Cataclysm,v0.0.0-20220201221510-f9b2b248ddef
2026-10-07T20:39:29.197178Z,github.com/rancher-archives/rke,v1.8.14
2026-10-07T20:39:32.933582Z,github.com/xarray-contrib/xarray-spatial,v0.2.2
2026-10-07T20:39:39.108284Z,github.com/cycleplatform/api-spec,v0.1.1
2026-10-07T20:39:49.23407Z,github.com/OpenHands/OpenHands-Cloud,v0.0.0-20261007113311-619c7ff6dd67
2026-10-07T20:39:50.563006Z,github.com/konlyk/sslcheck,v0.1.0
2026-10-07T20:39:52.642708Z,github.com/TrashboxBobylev/Experienced-Pixel-Dungeon-Redone,v0.0.0-20240928194230-7a71df6a56b3
2026-10-07T20:40:18.163457Z,github.com/abilisoft/usbip-go,v0.0.0-20260508163950-a09045608236
2026-10-07T20:40:22.036584Z,github.com/gavv/httpexpect/v2,v2.13.1-0.20230303212028-92cc0f7462ed
2026-10-07T20:40:26.555124Z,github.com/remkomolier/renovate-alpine-datasource,v0.0.0-20260520055426-59ecbc860673
2026-10-07T20:40:31.141464Z,github.com/nexora-vpn/nexora-openvpn,v0.1.1
2026-10-07T20:40:31.177357Z,github.com/be-community-dev/bedrock-world,v0.3.5
2026-10-07T20:40:32.117374Z,github.com/be-community-dev/bedrock-leveldb,v0.3.1
2026-10-07T20:40:43.619109Z,github.com/ZhenShuo2021/hugo-knowledge-graph,v0.0.11
2026-10-07T20:40:51.936374Z,github.com/Zireael07/veins-of-the-earth,v0.0.0-20170609171047-a83102c1a73b
2026-10-07T20:40:54.668504Z,github.com/GAA-UAM/scikit-fda,v0.0.0-20261005211613-2f5bd542a084
2026-10-07T20:40:56.077229Z,github.com/nemirtingas/openxinput,v0.0.0-20260406095653-ce152dc310eb
2026-10-07T20:41:00.569355Z,github.com/Pycqa/flake8,v0.0.0-20261006114914-cd421bc8a0f3
2026-10-07T20:41:00.657646Z,github.com/Pretendonetwork/nex-go/v2,v2.3.2
2026-10-07T20:41:02.449526Z,github.com/tryjumping/dose-response,v1.1.4
2026-10-07T20:41:10.703957Z,github.com/dereuromark/cakephp-file-storage,v0.0.0-20261007170354-c8fce438fabe
2026-10-07T20:41:14.343397Z,github.com/Spatie/image,v0.0.0-20261005080422-b80b9faeb80e
2026-10-07T20:41:30.889079Z,github.com/sgaunet/perplexity-go/v2,v2.17.0
2026-10-07T20:41:40.513495Z,github.com/bin456789/reinstall,v0.0.0-20261004173803-98f1e2101323
2026-10-07T20:41:41.509373Z,github.com/breedeweg/decode-subject,v0.1.2
2026-10-07T20:41:49.321213Z,github.com/blck-snwmn/hello-go-server,v0.0.0-20261007090427-c9dc5d344fc6
2026-10-07T20:41:50.405283Z,github.com/dawsonxiong/thock,v0.0.0-20261006190530-db066f681ad4
2026-10-07T20:41:50.828856Z,gitlab.com/voxelands/voxelands,v0.0.0-20170924045900-bd31b6d6d080
2026-10-07T20:42:07.044782Z,github.com/RegrowthStudios/SoACode-Public,v0.0.0-20180815155112-f5155573fa42
2026-10-07T20:42:07.402267Z,github.com/PieKing1215/FallingSandSurvival,v0.0.0-20201102084846-2882afde9300
2026-10-07T20:42:08.256438Z,github.com/LegendApp/legend-state,v2.2.0-next.8.0.20231102130916-605b8d33b59a+incompatible
2026-10-07T20:42:09.252344Z,github.com/candybox2/candybox2.github.io,v1.2.4-0.20260604181718-35301d438aa2
2026-10-07T20:42:10.16022Z,github.com/gavanw/vqisosmall,v0.0.0-20160816222446-0e1dcd52999c
2026-10-07T20:42:20.732243Z,github.com/golangci/golangci-lint/pkg/golinters/exptostd/testdata,v0.0.0-20261006213728-82b490c788df
2026-10-07T20:42:26.670266Z,github.com/prismarinejs/node-vec3,v0.0.0-20261006052216-98d0b86df0db
2026-10-07T20:42:28.54217Z,github.com/zhide915/tamp,v0.0.0-20261006090437-13f7ec813523
2026-10-07T20:42:28.730786Z,github.com/blackdark/gatepost,v0.0.0-20261004202855-64bd88196d65
2026-10-07T20:42:33.727778Z,github.com/LenisLin/TiRank,v1.0.2
2026-10-07T20:42:34.856632Z,github.com/the-powder-toy/the-powder-toy,v100.1.401-0.20261007164936-383e3e62319a+incompatible
2026-10-07T20:42:37.900377Z,github.com/Cyteon/discord_gleam,v3.1.1+incompatible
2026-10-07T20:42:41.171244Z,github.com/jakewharton/rxreplayingshare,v0.0.0-20261005211540-f89d0c40763c
2026-10-07T20:42:48.65713Z,github.com/jocmp/Capyreader,v0.0.0-20261007133300-b4b47c108a07
2026-10-07T20:42:54.920038Z,github.com/ConsideredHamster/YetAnotherPixelDungeon,v0.0.0-20240518121652-8cfaed92ec31
2026-10-07T20:42:55.961637Z,github.com/kubevirt/containerdisks,v0.0.0-20261006125426-09245dca534e
2026-10-07T20:42:58.958826Z,github.com/stolostron/klusterlet-addon-controller,v0.0.0-20261005165558-7e7316c9902d
2026-10-07T20:42:59.064137Z,github.com/brettatoms/srtbox,v0.0.0-20261007204223-b17c7eb15a3e
2026-10-07T20:42:59.320724Z,github.com/eserte/bbbike,v0.0.0-20261007191624-332c3e1626a7
2026-10-07T20:43:03.501766Z,github.com/nvidia/Megatron-Energon,v0.0.0-20261007090848-d8dba7f399dc
2026-10-07T20:43:04.351675Z,github.com/yunohost-apps/yourls_ynh,v0.0.0-20261006122232-d07983f2307c
2026-10-07T20:43:07.864889Z,github.com/juliagpu/gpuarrays.jl,v12.0.2+incompatible
2026-10-07T20:43:11.369021Z,github.com/grafana/grafana/pkg/storage/unified/apistore,v0.0.0-20261007203457-feb85d8d9399
2026-10-07T20:43:15.792236Z,github.com/Redis/go-redis/v9,v9.23.0
2026-10-07T20:43:16.697828Z,github.com/orkspace/orkestra,v0.0.0-20261006185246-c00998b3fe17
2026-10-07T20:43:20.289514Z,github.com/redhat-nfvpe/container-perf-tools/standalone-testpmd,v0.0.0-20261007142725-4ae7a9df4264
2026-10-07T20:43:20.589422Z,github.com/rootcause-org/rootcause-cli,v1.36.0
2026-10-07T20:43:21.672233Z,github.com/redhat-nfvpe/container-perf-tools,v0.0.0-20261007142725-4ae7a9df4264
2026-10-07T20:43:29.674507Z,github.com/Enapter/enapter-cli/v3,v3.1.0
2026-10-07T20:43:30.950677Z,github.com/CorentinTh/chisels,v1.0.0
2026-10-07T20:43:32.019847Z,github.com/Blockcast/go-amt,v0.0.8
2026-10-07T20:43:34.805192Z,k8s.io/ktesting,v0.0.0-20261007175625-7d1207ee288d
2026-10-07T20:43:36.030993Z,github.com/paws-r/paws,v0.0.0-20261007174230-ab8b1a32460f
2026-10-07T20:43:47.418692Z,github.com/tanem/react-nprogress,v7.1.5+incompatible
2026-10-07T20:43:47.97475Z,github.com/spatie/Image,v0.0.0-20261005080422-b80b9faeb80e
2026-10-07T20:43:51.401927Z,github.com/teamviewer/dexinstructionrunner,v0.0.0-20260603140331-46cff3eb5248
2026-10-07T20:43:51.868589Z,github.com/nickmcconnell/narsil,v3.5.1-0.20261007192224-1bdec1b1bd95+incompatible
2026-10-07T20:43:54.657796Z,github.com/teamviewer/ad-connector,v1.5.0
2026-10-07T20:43:55.733121Z,github.com/grafana/grafana-json-datasource,v0.10.1
2026-10-07T20:43:57.747788Z,rs3.io/go/cache,v0.0.0-20261007200544-d67d266c08f8
2026-10-07T20:43:59.605469Z,github.com/zhenshuo2021/hugo-knowledge-graph,v0.0.11
2026-10-07T20:44:01.397018Z,github.com/YaphetsH/YaphetsH.github.io,v0.0.0-20200704091731-7930cbd4b510
2026-10-07T20:44:06.463483Z,github.com/davidrjenni/reftools,v0.0.0-20180319211655-b01cc8b03a77
2026-10-07T20:44:07.241819Z,github.com/formalproofs/MDPLib,v0.0.0-20260925152247-7d9006f3b7d1
2026-10-07T20:44:09.35242Z,github.com/backwardsEric/frogcomposband,v7.0.3+incompatible
2026-10-07T20:44:11.549638Z,hub.spigotmc.org/stash/scm/spigot/bukkit.git,v0.0.0-20261004022116-29025a7ed578
2026-10-07T20:44:18.491678Z,github.com/kovacszsolt/actionpit/go/pkg/s3sync,v0.0.0-20261007200541-e365c0aaf0ad
2026-10-07T20:44:19.294498Z,github.com/odevine/impasto,v0.2.2
2026-10-07T20:44:19.477652Z,go.vanburen.xyz/buftui,v0.0.0-20261007190233-a501c0f93a0e
2026-10-07T20:44:19.607144Z,huggingface.co/spaces/gradio/video_component.git,v0.0.0-20261002211020-466076baa0e3
2026-10-07T20:44:20.498981Z,go.vanburen.xyz/eliza,v0.0.0-20261007185620-5ac772ccf69f
2026-10-07T20:44:21.170289Z,go.vanburen.xyz/petstore,v0.0.0-20261007173028-e7d88ef187c1
2026-10-07T20:44:24.284813Z,github.com/wechatjs/mp-darkmode,v1.1.0-beta.0
2026-10-07T20:44:40.161432Z,lore.kernel.org/linux-bcachefs/0.git,v0.0.0-20261005063803-5e50572dddbc
2026-10-07T20:44:46.265397Z,github.com/delvtech/agent0,v0.3.2
2026-10-07T20:44:46.792229Z,github.com/Softeria/ms-365-mcp-server,v0.53.2
2026-10-07T20:44:49.586883Z,maki.cafe/cmd,v0.0.0-20261003074659-d126b73b4b83
2026-10-07T20:44:52.731462Z,github.com/Hellmonk/hellcrawl,v0.0.0-20200713005755-1886dd7e54ed
2026-10-07T20:44:54.75846Z,github.com/johnelliott/johnelliott,v0.0.0-20260415030445-c36cf7c25699
2026-10-07T20:45:04.009913Z,github.com/ozontech/seq-ui,v0.0.0-20261007092449-095fe2db622b
2026-10-07T20:45:07.396436Z,goforge.dev/eclaire,v0.1.4
2026-10-07T20:45:12.777138Z,github.com/CaravelGames/drod,v0.0.0-20260917044900-3458a38b0646
2026-10-07T20:45:19.959859Z,github.com/RoguelikeRestorationProject/rogue5.4,v0.0.0-20110930063026-9d0dcccc8ec8
2026-10-07T20:45:23.60582Z,github.com/RoguelikeRestorationProject/xrogue,v0.0.0-20110930064108-544e05aa5ff8
2026-10-07T20:45:24.652214Z,github.com/cyteon/discord_gleam,v3.1.1+incompatible
2026-10-07T20:45:25.290379Z,github.com/error311/vimmonsters-academy,v1.0.3
2026-10-07T20:45:27.872176Z,github.com/js13kGames/fantastic-monster-chronicles,v0.0.0-20260924041706-424749f3dbb1
2026-10-07T20:45:29.49767Z,github.com/legendapp/legend-state,v2.2.0-next.8.0.20231102130916-605b8d33b59a+incompatible
2026-10-07T20:45:32.088826Z,github.com/amygdala-labs/horcrux,v0.1.4
2026-10-07T20:45:32.881319Z,github.com/lenislin/tirank,v1.0.2
2026-10-07T20:45:33.212915Z,github.com/OnlineCop/kq-fork,v0.99.3
2026-10-07T20:45:37.367628Z,github.com/aikeylabs/pkg/usagehash,v0.0.0-20260907122435-b32ba75369ef
2026-10-07T20:45:38.041156Z,github.com/stephenKise/Legend-of-the-Green-Dragon,v0.0.0-20260208043033-f273beebaebb
2026-10-07T20:45:38.533853Z,github.com/tonib/kaichronicles,v0.0.0-20211119200421-b0e8cac6cfb9
2026-10-07T20:45:40.640933Z,github.com/calref/cboe,v0.0.0-20260625163552-68d61ace1fa7
2026-10-07T20:45:41.164641Z,github.com/Grokmoo/sulis,v0.2.2
2026-10-07T20:45:41.774716Z,github.com/regiellis/hyperchi,v0.3.0
2026-10-07T20:45:44.789798Z,github.com/RoguelikeRestorationProject/arogue7.7,v0.0.0-20110930062020-976b5bb194fb
2026-10-07T20:45:48.824248Z,github.com/RoguelikeRestorationProject/arogue5.8,v0.0.0-20110930061325-49b12896f811
2026-10-07T20:45:51.69146Z,github.com/RoguelikeRestorationProject/srogue,v0.0.0-20110930063311-c6938108666e
2026-10-07T20:45:54.326531Z,github.com/danielriddell21/galapagos,v0.6.2
2026-10-07T20:45:54.769006Z,github.com/backwardseric/frogcomposband,v7.0.3+incompatible
2026-10-07T20:45:55.013283Z,github.com/RoguelikeRestorationProject/urogue,v0.0.0-20110930063416-8dec2be4ee02
2026-10-07T20:45:55.309083Z,github.com/trashboxbobylev/experienced-pixel-dungeon-redone,v0.0.0-20240928194230-7a71df6a56b3
2026-10-07T20:45:55.804896Z,buf.build/gen/go/spectrocloud/spectro-cleanup/connectrpc/go/v2,v2.0.0-20240205164452-95dfd137cb54.1
2026-10-07T20:45:56.949373Z,github.com/ValyriaTear/ValyriaTear,v0.0.0-20220102021023-1c882efff325
2026-10-07T20:45:58.052248Z,github.com/RoguelikeRestorationProject/rogue3.6,v0.0.0-20110930062503-f36912c4744b
2026-10-07T20:46:01.537764Z,github.com/Solarus-Games/children-of-solarus,v0.0.0-20180607113815-4d495304f396
2026-10-07T20:46:01.992516Z,github.com/RoguelikeRestorationProject/rogue5.2,v0.0.0-20110930062848-a446e9c5096e
2026-10-07T20:46:06.607117Z,github.com/gwern/gwern.net,v0.0.0-20261005035408-3f2185447592
2026-10-07T20:46:10.244386Z,gitlab.com/voadi/voadi,v0.2.1
2026-10-07T20:46:10.667331Z,github.com/zh-lx/pinyin-pro,v0.0.0-20261007035024-faaf07ca0732
2026-10-07T20:46:13.591507Z,gopkg.in/yaml.v2,v2.0.1-0.20180328195020-5420a8b6744d
2026-10-07T20:46:19.85334Z,github.com/Grokmoo/hale,v0.0.0-20171221160624-ff2c5a34ed8b
2026-10-07T20:46:21.246778Z,gitlab.com/solarus-games/children-of-solarus,v0.0.0-20240925094211-ea57c2b76cc4
2026-10-07T20:46:21.548759Z,github.com/Legofarmen/tunics,v0.0.0-20161106172846-fa50a8d1f96c
2026-10-07T20:46:21.564822Z,github.com/mikelma/craftium,v0.0.2-0.20260217092519-8eb8707cb756
2026-10-07T20:46:31.532392Z,github.com/metricq/metricq-go,v0.0.0-20261007201439-a60dd688b93b
2026-10-07T20:46:38.542865Z,github.com/themanaworld/tmwa-server-data,v2024.12.18+incompatible
2026-10-07T20:46:44.606958Z,github.com/regiellis/hyperchi/cmd/hyperchi,v0.3.0
2026-10-07T20:46:45.77823Z,github.com/chinmay-sawant/go-chitra,v0.0.0-20261007195738-ac6f1a298084
2026-10-07T20:46:46.561112Z,github.com/tbamud/tbamud,v2025.0.0+incompatible
2026-10-07T20:46:46.949016Z,github.com/themanaworld/tmwa,v2022.11.19+incompatible
2026-10-07T20:46:50.625282Z,github.com/js13kGames/pirates-of-the-glitchy-sea,v0.0.0-20260924040835-a30e1d685837
2026-10-07T20:46:54.035265Z,github.com/JuliaGPU/GPUArrays.jl,v12.0.2+incompatible
2026-10-07T20:47:00.048307Z,github.com/gdquest-demos/godot-open-rpg,v0.0.0-20260501202620-19bd328fae9e
2026-10-07T20:47:00.093228Z,codeberg.org/Victor-Rafael/skill-fantasy,v0.0.0-20260415030643-9f8b43e88aae
2026-10-07T20:47:00.461305Z,github.com/rickparrish/Usurper,v0.0.0-20250216161615-7b04f7e5c50f
2026-10-07T20:47:00.854932Z,codeberg.org/indigoparadox/dsekai,v0.22.9
2026-10-07T20:47:05.241652Z,github.com/AndorsTrailRelease/andors-trail,v0.8.18
2026-10-07T20:47:06.486499Z,github.com/ranviermud/ranviermud,v3.0.0+incompatible
2026-10-07T20:47:06.838547Z,github.com/worldforge/cyphesis,v0.0.0-20231203133700-c191b7fcb8ff
2026-10-07T20:47:07.072261Z,github.com/onlinecop/kq-fork,v0.99.3
2026-10-07T20:47:07.578792Z,github.com/AztecProtocol/barretenberg,v5.2.1+incompatible
2026-10-07T20:47:10.076722Z,github.com/chinmay-sawant/ownframe/examples,v0.0.0-20261007195804-ba937dbebcaa
2026-10-07T20:47:10.119139Z,github.com/grokmoo/sulis,v0.2.2
2026-10-07T20:47:14.066732Z,git.authwise.com/authwise/api-client-go,v0.22.0
2026-10-07T20:47:16.322858Z,gitlab.com/dhyannataraj/goblins-lot,v0.0.0-20251213171251-497febbb3d1c
2026-10-07T20:47:18.921531Z,github.com/protoxon/SLS,v0.2.0
2026-10-07T20:47:19.999813Z,github.com/Kamal-Sadek/Liberal-Crime-Squad,v4.10.0+incompatible
2026-10-07T20:47:21.697255Z,github.com/skyP38/flowchart_editor,v0.0.0-20261007153839-45073c919e53
2026-10-07T20:47:25.240484Z,github.com/aztecprotocol/barretenberg,v5.2.1+incompatible
2026-10-07T20:47:27.298168Z,github.com/tinyrange/vmsh,v0.10.1
2026-10-07T20:47:29.927175Z,github.com/danielriddell21/unum,v1.9.3
2026-10-07T20:47:31.410711Z,github.com/hkjarral/asterisk-ai-voice-agent,v0.0.0-20261006214314-c6b485be8070
2026-10-07T20:47:31.461845Z,github.com/MonoGame/MonoGame.Samples,v0.0.0-20261005162147-941b7c4ce3a0
2026-10-07T20:47:32.062252Z,github.com/bozimmerman/CoffeeMud,v0.0.0-20261003030739-720aec631f79
2026-10-07T20:47:32.640286Z,github.com/protoxon/sls,v2.1.2+incompatible
2026-10-07T20:47:35.504459Z,github.com/masterPiece93/django-gauth,v0.3.1
2026-10-07T20:47:35.724657Z,codeberg.org/git-pages/git-pages,v0.9.1-0.20261007204215-d833deabf3ef
2026-10-07T20:47:41.213785Z,github.com/awslabs/aws-c-common,v1.0.3
2026-10-07T20:47:41.493992Z,github.com/kamal-sadek/liberal-crime-squad,v4.10.0+incompatible
2026-10-07T20:47:44.488248Z,github.com/apache/flink-kubernetes-operator,v0.0.0-20261006065841-284a8d005fb6
2026-10-07T20:48:07.441581Z,open-cluster-management.io/governance-policy-addon-controller,v0.20.1
2026-10-07T20:48:07.973581Z,github.com/andorstrailrelease/andors-trail,v0.8.18
2026-10-07T20:48:11.976314Z,github.com/emiliaprotocol/emilia-protocol,v0.0.0-20261007145529-03be10b56736
2026-10-07T20:48:13.994811Z,github.com/grokify/gogithub,v0.18.0
2026-10-07T20:48:18.177098Z,github.com/js13kGames/epic-loot,v0.0.0-20260924035522-30a3569ab849
2026-10-07T20:48:22.720228Z,github.com/brain-fuel/eclaire,v0.1.4
2026-10-07T20:48:23.365917Z,github.com/js13kGames/13th-floor,v0.0.0-20260924024825-21c2274be34e
2026-10-07T20:48:26.920122Z,github.com/js13kGames/escape-from-death-hole,v0.0.0-20260924030245-9ed3e4bee2a0
2026-10-07T20:48:33.807601Z,github.com/Fiona/scavenger,v0.0.0-20121018232620-ffabe808c27f
2026-10-07T20:48:37.62572Z,github.com/stoatchat/stoatchat,v0.9.4
2026-10-07T20:48:38.307573Z,github.com/js13kGames/lost-in-cyberspace,v0.0.0-20260924035431-ff1be83b6e52
2026-10-07T20:48:41.642018Z,github.com/js13kGames/cant-get-back,v0.0.0-20260924033138-577dcbae0af8
2026-10-07T20:48:42.587803Z,github.com/scanoss/papi,v0.5.1-0.20250113183640-a9bf1e55aa57
2026-10-07T20:48:44.943952Z,github.com/js13kGames/dark-light,v0.0.0-20260924032228-26f62b24cb5c
2026-10-07T20:48:47.676798Z,github.com/danielriddell21/ordinex/v2,v2.0.2
2026-10-07T20:48:50.845634Z,github.com/js13kGames/glitchicken,v0.0.0-20260924040743-192b94ea0a8c
2026-10-07T20:48:54.399744Z,github.com/Mathpix/mathpix-markdown-it,v1.2.14
2026-10-07T20:49:06.400582Z,github.com/dmytri/synthetic-search-adapter,v0.0.0-20261007204759-3c9bb9b22faf
2026-10-07T20:49:18.413731Z,github.com/Autumn-27/artex,v0.3.15
2026-10-07T20:49:20.049237Z,github.com/p13marc/flowscope,v0.2.0
2026-10-07T20:49:21.018945Z,gitlab.com/atrico/cli,v1.2.0
2026-10-07T20:49:26.091416Z,github.com/ianmcmahon/pool,v0.0.0-20140806172749-44522542293c
2026-10-07T20:49:26.730409Z,github.com/ianmcmahon/osincli,v0.0.0-20140813035643-b52ea9912794
2026-10-07T20:49:30.682328Z,github.com/ayden-boyko/Piranid,v0.0.0-20261007200235-13a0c7348f15
2026-10-07T20:49:31.13147Z,github.com/ayden-boyko/Piranid/pkg,v0.0.0-20261007200235-13a0c7348f15
2026-10-07T20:49:42.198311Z,github.com/tamzrod/mcs.osjs/mma2raw,v0.0.0-20261007143715-99a6fd014dde
2026-10-07T20:50:03.370856Z,github.com/autumn-27/artex,v0.3.15
2026-10-07T20:50:06.923963Z,open-cluster-management.io/governance-policy-framework-addon,v0.20.1
2026-10-07T20:50:07.977332Z,github.com/aalejoz25/utils_oas/v2,v2.0.1-0.20261007204812-c638d2aa4565
2026-10-07T20:50:14.27522Z,github.com/clappr/clappr,v0.0.0-20261007112103-90d3bd5c5097
2026-10-07T20:50:14.678236Z,github.com/spotx-official/spotx,v0.0.0-20261007175531-0572e09a3e39
2026-10-07T20:50:29.287608Z,github.com/vicentevivan/geo-clip,v1.2.3
2026-10-07T20:50:34.205017Z,github.com/yaphetsh/yaphetsh.github.io,v0.0.0-20200704091731-7930cbd4b510
2026-10-07T20:50:54.802178Z,github.com/ConductorOne/baton-linear,v0.1.1
2026-10-07T20:51:01.200309Z,github.com/cicoyle/durabletask-go,v0.0.0-20261007205008-cd1c489459ea
2026-10-07T20:51:06.562526Z,github.com/rancherlabs/slsactl,v0.1.42
2026-10-07T20:51:10.7969Z,github.com/ludamad/lanarts,v0.0.0-20260925162902-197deca727b4
2026-10-07T20:51:39.529907Z,github.com/brennenwright/pdf,v0.0.0-20261007200031-451e289d2da7
2026-10-07T20:51:54.29077Z,github.com/mattermost/matterwick,v0.4.23
2026-10-07T20:51:55.501116Z,github.com/latebit-io/demarkus-library,v0.34.0
2026-10-07T20:52:01.362908Z,github.com/jnmanso/acp-go-sdk,v0.13.6-0.20261006200825-2259551ab03d
2026-10-07T20:52:13.510843Z,github.com/gravity-ui/uikit,v7.51.0+incompatible
2026-10-07T20:52:13.706878Z,github.com/dpaluy/sequenced,v3.1.0+incompatible
2026-10-07T20:52:16.186123Z,github.com/Boa-dEV/boA,v0.9.1-0.20261004164441-ef40c63283e1
2026-10-07T20:52:23.5992Z,github.com/scriptscat/scriptcat,v1.5.0-beta.4
2026-10-07T20:52:27.326994Z,github.com/Boa-dEV/bOa,v0.9.1-0.20261004164441-ef40c63283e1
2026-10-07T20:52:36.288164Z,github.com/Boa-dEV/bOA,v0.9.1-0.20261004164441-ef40c63283e1
2026-10-07T20:52:38.944629Z,github.com/crusoecloud/crusoe-csi-driver,v0.4.19
2026-10-07T20:52:42.43335Z,github.com/Boa-dEV/Boa,v0.9.1-0.20261004164441-ef40c63283e1
2026-10-07T20:52:43.429914Z,github.com/LiteLDev/Lip,v0.34.9
2026-10-07T20:52:52.897308Z,git.zabbix.com/ap/ceph,v0.0.0-20261006074659-8435cee7b7be
2026-10-07T20:52:53.608526Z,github.com/Boa-dEV/BOa,v0.9.1-0.20261004164441-ef40c63283e1
2026-10-07T20:52:53.912299Z,github.com/2389-research/claude-plugins,v0.0.0-20261007065254-6699bcf83cec
2026-10-07T20:52:55.829831Z,kcl-lang.io/krm-kcl,v0.8.7-0.20240507152521-0b1dae0d7b42
2026-10-07T20:53:16.588094Z,github.com/Boa-Dev/boa,v0.9.1-0.20261004164441-ef40c63283e1
2026-10-07T20:53:30.679381Z,github.com/zhuweiyou/oc2api,v2.4.0+incompatible
2026-10-07T20:53:31.743942Z,github.com/Boa-Dev/bOa,v0.9.1-0.20261004164441-ef40c63283e1
2026-10-07T20:53:39.310732Z,github.com/Boa-Dev/bOA,v0.9.1-0.20261004164441-ef40c63283e1
2026-10-07T20:53:39.504422Z,github.com/singular/singular,v0.0.0-20261007164747-b724dcb92b5a
2026-10-07T20:53:40.176081Z,github.com/anuragraut08/dataquarry,v0.0.0-20261006165013-2e7ea1e3c32f
2026-10-07T20:53:40.673414Z,github.com/alliedmodders/hl2sdk-manifests,v0.0.0-20261007174321-97c5df831be1
2026-10-07T20:53:45.179933Z,github.com/anchore/imgbom,v1.54.1
2026-10-07T20:53:51.589355Z,github.com/kentdahl/magic_maze,v1.5.1
2026-10-07T20:53:52.155854Z,github.com/azure/azure-landing-zones-library,v0.0.0-20261006052833-e3f6a887e101
2026-10-07T20:53:53.019114Z,github.com/mana/mana,v0.8.0
2026-10-07T20:53:54.467085Z,github.com/ckcz123/mota-js,v2.10.3-release+incompatible
2026-10-07T20:53:55.027086Z,gitlab.com/meritous/meritous,v0.0.0-20200520090002-b2153880efc5
2026-10-07T20:53:55.062845Z,github.com/gizzahub/gzh-cli-shellforge,v0.0.0-20261007154227-66c78796a24b
2026-10-07T20:53:57.742955Z,github.com/sdlpal/sdlpal,v0.0.0-20261005153644-f6236a0d0839
2026-10-07T20:53:58.297047Z,github.com/blck-snwmn/example-go/standard/lang,v0.0.0-20261007090223-6639d80899f9
2026-10-07T20:53:58.840132Z,github.com/SolidInvoice/SolidInvoice,v0.0.0-20261007161942-50eeed2a6068
2026-10-07T20:54:00.650178Z,github.com/camunda/zeebe-chaos/go-chaos,v0.0.0-20261007203549-6ed423342a42
2026-10-07T20:54:01.277129Z,github.com/composer/Ca-bundle,v0.0.0-20261005123918-d26864b9952f
2026-10-07T20:54:01.925206Z,github.com/Boa-Dev/BOa,v0.9.1-0.20261004164441-ef40c63283e1
2026-10-07T20:54:02.255912Z,github.com/jerenaux/westward,v0.0.0-20220723160113-abc76a858ce5
2026-10-07T20:54:09.727744Z,github.com/soulhotel/ff-ultima,v0.0.0-20261007195046-1cad8bcb618b
2026-10-07T20:54:10.081194Z,github.com/Boa-dEV/BOA,v0.9.1-0.20261004164441-ef40c63283e1
2026-10-07T20:54:10.495687Z,github.com/ardentryst/ardentryst,v0.0.0-20230614190637-7b66716d99b6
2026-10-07T20:54:11.966728Z,github.com/eclipse-openj9/build-openj9,v0.0.0-20261007182849-3fd5e4d2797e
2026-10-07T20:54:12.527894Z,github.com/Boa-Dev/BOA,v0.9.1-0.20261004164441-ef40c63283e1
2026-10-07T20:54:14.932018Z,github.com/MaxIOFS/MaxIOFS,v1.0.0-rc1
2026-10-07T20:54:17.617507Z,gitlab.com/TMW2/serverdata,v0.0.0-20260320213612-5ddc624bda6c
2026-10-07T20:54:18.196761Z,github.com/TheRealEamonCS/Eamon-CS,v0.0.0-20261004150035-3f44d0777898
2026-10-07T20:54:18.795963Z,github.com/Boa-DeV/boa,v0.9.1-0.20261004164441-ef40c63283e1
2026-10-07T20:54:20.954872Z,gitlab.com/manaplus/manaplus,v0.0.0-20240815174628-40ebe02e81b3
2026-10-07T20:54:25.234608Z,github.com/mg901/styled-breakpoints,v12.1.4+incompatible
2026-10-07T20:54:25.522877Z,github.com/cbws/grpctunnel,v0.0.0-20261007204700-8425f3c74b74
2026-10-07T20:54:25.981132Z,github.com/cbws/grpc-proxy,v0.0.0-20261007204944-c37708671242
2026-10-07T20:54:31.219445Z,gitlab.com/freedroid/freedroid-src,v0.0.0-20250514163020-d3870ddc02a9
2026-10-07T20:54:34.373223Z,github.com/Influxdata/toml,v0.0.0-20180607005434-2a2e3012f7cf
2026-10-07T20:54:35.167052Z,github.com/gorgojs/medusa-plugins,v0.0.0-20261002155555-a093446b3c76
2026-10-07T20:54:35.277804Z,github.com/ayden-boyko/piranid,v0.0.0-20261007200235-13a0c7348f15
2026-10-07T20:54:38.139037Z,github.com/saifety-org/saifety,v0.0.0-20261007195545-90431804aaaa
2026-10-07T20:54:38.50177Z,github.com/go-onigmo/regexp,v0.1.0
2026-10-07T20:54:38.60949Z,github.com/Boa-DeV/bOa,v0.9.1-0.20261004164441-ef40c63283e1
2026-10-07T20:54:41.936878Z,github.com/infraLinkit/mediaplatform-datasource,v1.7.8-v2
2026-10-07T20:54:42.501264Z,github.com/infralinkit/mediaplatform-datasource,v1.7.8-v2
2026-10-07T20:54:50.896036Z,github.com/js13kGames/dungeon-escape,v0.0.0-20260924040125-ae64e5f9d2e8
2026-10-07T20:54:52.078796Z,github.com/Boa-DeV/Boa,v0.9.1-0.20261004164441-ef40c63283e1
2026-10-07T20:54:54.631432Z,github.com/js13kGames/labyrinth,v0.0.0-20260924043048-595d5a1e9cc8
2026-10-07T20:54:55.192181Z,github.com/Boa-DeV/BoA,v0.9.1-0.20261004164441-ef40c63283e1
2026-10-07T20:54:56.584733Z,github.com/zhyu/nadia,v1.7.0
2026-10-07T20:54:56.888264Z,github.com/js13kGames/tiny-dungeon,v0.0.0-20260924042422-173403bfc991
2026-10-07T20:54:58.005413Z,github.com/aws/amazon-cloudwatch-agent-test,v0.0.0-20261007140752-5ebb80cac9f7
2026-10-07T20:54:59.927289Z,github.com/Boa-Dev/BoA,v0.9.1-0.20261004164441-ef40c63283e1
2026-10-07T20:55:01.178669Z,github.com/kolojar/go-webtools,v0.0.0-20261004152219-fdb5c619568e
2026-10-07T20:55:14.758525Z,github.com/googleapis/google-api-go-client,v0.301.0
2026-10-07T20:55:18.948427Z,github.com/lukas-krecan/ShedLock,v0.0.0-20261007154950-083590416647
2026-10-07T20:55:20.662408Z,github.com/mywehub-io/icarus,v0.28.1
2026-10-07T20:55:25.085179Z,github.com/EarthSciML/EarthSciAST/pkg/earthsci-ast-go,v0.3.0
2026-10-07T20:55:25.858577Z,github.com/Tim4334/ltf-parser,v0.0.0-20261005133511-9654413e73d5
2026-10-07T20:55:27.002203Z,github.com/Boa-DEv/boa,v0.9.1-0.20261004164441-ef40c63283e1
2026-10-07T20:55:31.047741Z,github.com/Boa-DEv/boA,v0.9.1-0.20261004164441-ef40c63283e1
2026-10-07T20:55:33.13418Z,github.com/ozonru/file.d,v0.87.2
2026-10-07T20:55:39.677033Z,github.com/openssl/installer,v0.0.0-20261007084926-c49c363b9d10
2026-10-07T20:55:39.899654Z,github.com/libtcod/treeburner,v0.0.0-20221110162708-1727245d286c
2026-10-07T20:55:40.558226Z,github.com/dungeons-of-moria/moria,v0.0.0-20170814120854-adce6c8898ea
2026-10-07T20:55:40.576364Z,github.com/quantumcycle/expedit/google,v0.0.0-20261001230327-f414a8cc976a
2026-10-07T20:55:40.722411Z,github.com/quantumcycle/expedit/redis,v0.0.0-20261001230327-f414a8cc976a
2026-10-07T20:55:40.723491Z,github.com/paketo-buildpacks/go-mod,v1.1.44
2026-10-07T20:55:40.852563Z,github.com/quantumcycle/expedit/amqp,v0.0.0-20261001230327-f414a8cc976a
2026-10-07T20:55:41.021043Z,github.com/libtcod/pyromancer,v0.0.0-20250327215320-35b5c8efd6a2
2026-10-07T20:55:41.101292Z,github.com/Dungeons-of-Moria/imoria,v0.0.0-20161008203429-61d9360ec9b1
2026-10-07T20:55:41.734643Z,github.com/xvzc/spoofDPI,v1.5.4
2026-10-07T20:55:41.755703Z,github.com/dungeons-of-moria/imoria,v0.0.0-20161008203429-61d9360ec9b1
2026-10-07T20:55:41.819525Z,github.com/robocorp/robo,v0.0.0-20261007124313-801e0bdadac7
2026-10-07T20:55:41.858688Z,github.com/quantumcycle/expedit/prometheus,v0.0.0-20261001230327-f414a8cc976a
2026-10-07T20:55:43.056509Z,github.com/pivotal/robolectric,v0.0.0-20261007064719-13a2c7123f9b
2026-10-07T20:55:44.757774Z,github.com/xvzc/SpoofDPi,v1.5.4
2026-10-07T20:55:45.039309Z,github.com/paketo-community/passenger,v0.16.4
2026-10-07T20:55:49.285026Z,github.com/mparrett/wazero,v1.12.1-0.20261007203338-5993dc27a3c4
2026-10-07T20:55:54.144961Z,github.com/stricttools/safegit,v0.30.0
2026-10-07T20:55:55.500491Z,github.com/harlan-zw/mdream,v2.0.0+incompatible
2026-10-07T20:55:58.681116Z,github.com/earthsciml/earthsciast/pkg/earthsci-ast-go,v0.3.0
2026-10-07T20:55:59.227365Z,github.com/openhands/openhands-cloud,v0.0.0-20260625221237-0c3d1873b76e
2026-10-07T20:55:59.850538Z,github.com/paketo-buildpacks/dotnet-core-execute,v1.2.45
2026-10-07T20:56:00.006796Z,github.com/Boa-DEv/BoA,v0.9.1-0.20261004164441-ef40c63283e1
2026-10-07T20:56:04.233767Z,github.com/vmihailenco/redis/v9,v9.23.0
2026-10-07T20:56:10.43744Z,github.com/Boa-DEv/BOa,v0.9.1-0.20261004164441-ef40c63283e1
2026-10-07T20:56:10.601801Z,github.com/xgo-dev/llcppg,v0.9.9
2026-10-07T20:56:12.47654Z,github.com/vhive-serverless/invitro,v0.0.0-20261006114058-5bac6fba7cb1
2026-10-07T20:56:13.127824Z,github.com/vhive-serverless/invitro-loader,v0.0.0-20261006114058-5bac6fba7cb1
2026-10-07T20:56:13.44542Z,github.com/aws/eks-anywhere/internal/aws-sdk-go-v2/internal/configsources,v0.0.0-20261007204038-f71b89b5c312
2026-10-07T20:56:15.705491Z,github.com/paketo-buildpacks/dotnet-core-conf,v1.2.45
2026-10-07T20:56:16.132089Z,github.com/aws/eks-anywhere/internal/aws-sdk-go-v2/service/snowballdevice,v0.0.0-20261007204038-f71b89b5c312
2026-10-07T20:56:16.85844Z,github.com/Boa-DEv/BOA,v0.9.1-0.20261004164441-ef40c63283e1
2026-10-07T20:56:18.100413Z,github.com/aws/eks-anywhere/internal/aws-sdk-go-v2/internal/endpoints/v2,v2.0.0-20261007204038-f71b89b5c312
2026-10-07T20:56:27.005239Z,github.com/js13kGames/admiral-schiffchen,v0.0.0-20260924042201-0246ddceadd4
2026-10-07T20:56:27.487912Z,buf.build/gen/go/bufbuild/protovalidate/pluginrpc/go,v0.6.0-20260825204119-511051f7f437.1
2026-10-07T20:56:30.261771Z,github.com/js13kGames/aelbahkat-the-lost-islands,v0.0.0-20260924035411-36139ee7f7c6
2026-10-07T20:56:32.37922Z,github.com/h5vx/botmanager,v1.0.1-0.20261007194220-0749a34b0d68
2026-10-07T20:56:37.324981Z,github.com/js13kGames/aquatic-beast-force,v0.0.0-20260924042311-b4e61a84a79a
2026-10-07T20:56:40.810276Z,github.com/js13kGames/a-tourist-in-paris,v0.0.0-20260924035535-b5695255826b
2026-10-07T20:56:41.916701Z,github.com/Boa-DEV/bOa,v0.9.1-0.20261004164441-ef40c63283e1
2026-10-07T20:56:42.664944Z,github.com/argoproj-labs/gitops-promoter,v0.45.0
2026-10-07T20:56:43.442884Z,github.com/Boa-DEV/boa,v0.9.1-0.20261004164441-ef40c63283e1
2026-10-07T20:56:44.299516Z,github.com/js13kGames/breaker-panel,v0.0.0-20260924041740-f0fa90effc3c
2026-10-07T20:56:46.95825Z,github.com/Boa-DEV/bOA,v0.9.1-0.20261004164441-ef40c63283e1
2026-10-07T20:56:47.421296Z,github.com/js13kGames/changing-world,v0.0.0-20260924041927-b4ddc55c9fd5
2026-10-07T20:56:48.315139Z,github.com/togethercomputer/openchat,v0.0.0-20240409190958-a7094aa583d4
2026-10-07T20:56:50.458202Z,github.com/saifety-org/sAIfety,v0.0.0-20261007204906-31aa68f95aa9
2026-10-07T20:56:50.641313Z,github.com/js13kGames/clash-of-elements,v0.0.0-20260924042412-77dea44ff6a6
2026-10-07T20:56:52.451067Z,primeradiant.com/evener/agent,v0.0.0-20261007183535-ad265d610f6b
2026-10-07T20:56:54.372364Z,github.com/js13kGames/crasis,v0.0.0-20260924042329-4b539fab26cd
2026-10-07T20:57:00.296697Z,github.com/js13kGames/cybergrid-13,v0.0.0-20260924041233-f9b0c655f7e2
2026-10-07T20:57:03.894268Z,github.com/js13kGames/deglitcher13k,v0.0.0-20260924040914-60ad9288af6d
2026-10-07T20:57:04.196784Z,github.com/Boa-DEV/Boa,v0.9.1-0.20261004164441-ef40c63283e1
2026-10-07T20:57:07.453008Z,github.com/js13kGames/dreaming-of-fire,v0.0.0-20260924042156-6e82c225bdf0
2026-10-07T20:57:10.656571Z,github.com/sigstore/timestamp-authority/v2,v2.1.4-rc.2
2026-10-07T20:57:11.688757Z,github.com/Boa-DEV/BoA,v0.9.1-0.20261004164441-ef40c63283e1
2026-10-07T20:57:12.615898Z,github.com/js13kGames/elemental-stone,v0.0.0-20260924042145-8c9a37aa094d
2026-10-07T20:57:15.855035Z,github.com/js13kGames/elemental-vanguard,v0.0.0-20260924041955-dc82eff1a597
2026-10-07T20:57:19.76746Z,github.com/js13kGames/flip-flop,v0.0.0-20260924040856-3a704797aa9d
2026-10-07T20:57:23.737624Z,github.com/js13kGames/force-of-elementals,v0.0.0-20260924042229-1f5b63266e5e
2026-10-07T20:57:26.993034Z,github.com/js13kGames/game-of-life-fight-to-the-death,v0.0.0-20260924042154-0abeecc221b6
2026-10-07T20:57:27.352228Z,github.com/LyzenX/DouyinLiveRecorder,v0.0.0-20250914034248-0e73c346b24e
2026-10-07T20:57:30.518962Z,github.com/js13kGames/glitchcon,v0.0.0-20260924040838-c19c16c17a08
2026-10-07T20:57:34.997363Z,github.com/js13kGames/gravity,v0.0.0-20260924042337-2cd1864b12aa
2026-10-07T20:57:37.615152Z,github.com/js13kGames/gravity-golf,v0.0.0-20260924041457-ec7024cda027
2026-10-07T20:57:40.228288Z,github.com/js13kGames/horizontal-timing,v0.0.0-20260924041150-5ff1320410c2
2026-10-07T20:57:42.892549Z,github.com/js13kGames/invertagon,v0.0.0-20260924041517-b1c0157eabe9
2026-10-07T20:57:50.495767Z,github.com/js13kGames/just-go-straight,v0.0.0-20260924035542-9ed515ed17a6
2026-10-07T20:57:50.775261Z,github.com/Nodebb/NodeBB,v4.16.2+incompatible
2026-10-07T20:57:51.24592Z,github.com/hyperloopupv-h8/software,v0.0.0-20261006070701-dd09543afb08
2026-10-07T20:57:53.567376Z,github.com/BoA-dev/boa,v0.9.1-0.20261004164441-ef40c63283e1
2026-10-07T20:57:54.420875Z,github.com/js13kGames/nomis,v0.0.0-20260924041937-bc5cb0ebb017
2026-10-07T20:57:57.673908Z,github.com/luccasa/n8n-nodes-lucca,v0.4.2
2026-10-07T20:57:57.783477Z,github.com/js13kGames/omega-glitch,v0.0.0-20260924041139-1b74e27731ca
2026-10-07T20:58:00.575645Z,gitlab.com/veloren/veloren,v0.18.1-0.20261006225653-ebfff9496e10
2026-10-07T20:58:01.076774Z,github.com/js13kGames/particularism,v0.0.0-20260924042031-e926da3fc86e
2026-10-07T20:58:03.639944Z,github.com/tolmachov/zerologctx,v0.0.0-20261007201456-5263ddf3a1ab
2026-10-07T20:58:05.458951Z,github.com/js13kGames/pulse,v0.0.0-20260924040843-14d871211aab
2026-10-07T20:58:07.454677Z,github.com/pauloqueiroga/stage-tree,v0.0.0-20261006231546-e677ef687076
2026-10-07T20:58:07.473132Z,github.com/svf-tools/test-suite,v0.0.0-20261006044214-c7535b11e8e0
2026-10-07T20:58:11.480041Z,github.com/js13kGames/quintessential,v0.0.0-20260924042342-64134a93bd4d
2026-10-07T20:58:16.776307Z,github.com/js13kGames/raw-space,v0.0.0-20260924041539-2fc88f11cc42
2026-10-07T20:58:20.706213Z,github.com/js13kGames/reverse-ground-battle,v0.0.0-20260924041327-6e8bbe3d0399
2026-10-07T20:58:23.15888Z,github.com/js13kGames/reverse-world,v0.0.0-20260924041534-749e303f0b26
2026-10-07T20:58:23.280761Z,github.com/nagarajpoojari404/picasso-lang,v1.0.2
2026-10-07T20:58:26.808597Z,github.com/BOA-DEV/Boa,v0.9.1-0.20261004164441-ef40c63283e1
2026-10-07T20:58:28.406024Z,github.com/js13kGames/roulette,v0.0.0-20260924041909-dba0b6a5e2b1
2026-10-07T20:58:31.431224Z,github.com/js13kGames/shapewars,v0.0.0-20260924041751-34c0d5c79826
2026-10-07T20:58:35.591541Z,github.com/js13kGames/silly-goose-and-moose,v0.0.0-20260924042049-57050c2090f7
2026-10-07T20:58:38.493987Z,github.com/hexlant/ethereumcontractstudy,v0.0.0-20191028080413-0232d7a4a018
2026-10-07T20:58:38.550521Z,github.com/js13kGames/spare-me,v0.0.0-20260924042119-376b476026b9
2026-10-07T20:58:41.552056Z,github.com/js13kGames/the-unseen-network,v0.0.0-20260924032734-0b709e0144a5
2026-10-07T20:58:44.407672Z,github.com/js13kGames/the-walls-are-lasers,v0.0.0-20260924035626-bc67bcc266e3
2026-10-07T20:58:47.798915Z,github.com/hexlant/eos-mainnet,v0.0.0-20180612063828-b65f4f3c058b
2026-10-07T20:58:48.213703Z,github.com/js13kGames/turnometry,v0.0.0-20260924041924-31094d41f27c
2026-10-07T20:58:51.853735Z,github.com/devcyclehq/go-server-sdk/v2,v2.25.0
2026-10-07T20:58:52.174816Z,github.com/js13kGames/who-would-you-choose,v0.0.0-20260924041759-d602d9361a3e
2026-10-07T20:58:56.002183Z,github.com/js13kGames/wisp,v0.0.0-20260924042232-b9184aff0014
2026-10-07T20:58:57.603033Z,github.com/0glabs/0g-serving-broker,v0.0.0-20260928093729-08dea9163841
2026-10-07T20:59:04.648389Z,github.com/KyleKing/gh-repo-dashboard,v1.10.2
2026-10-07T20:59:07.107418Z,github.com/ConsenSys-archive/ganache,v2.5.7+incompatible
2026-10-07T20:59:09.160187Z,github.com/nf-core/rnaseq,v0.0.0-20261007101730-b987a544c76e
2026-10-07T20:59:17.217502Z,github.com/yutaura/firestore-emulator,v0.0.0-20261005013504-2338a6a30763
2026-10-07T20:59:23.54859Z,github.com/queen-mq/queen/clients/client-go/v2,v2.0.3-0.20261007204120-95a047775530
2026-10-07T20:59:30.620248Z,github.com/superdoc/docx-editor,v2.20.0+incompatible
2026-10-07T20:59:39.077449Z,github.com/xvzc/Spoofdpi,v1.5.4
2026-10-07T20:59:41.443923Z,github.com/js13kgames/crasis,v0.0.0-20260924042329-4b539fab26cd
2026-10-07T20:59:51.696323Z,github.com/sjl/caves,v0.0.0-20121013203019-d39ee73eb5c5
2026-10-07T20:59:52.342744Z,github.com/libtcod/thecave,v0.0.0-20221027123847-d5f4a64532a4
2026-10-07T20:59:53.082037Z,github.com/libtcod/umbra,v0.0.0-20260129041917-56f3e2d5559f
2026-10-07T20:59:53.4581Z,github.com/smartpricing/queen/clients/client-go/v2,v2.0.3-0.20261007204120-95a047775530
2026-10-07T20:59:54.301738Z,github.com/OpenNefia/OpenNefia,v0.1.0
2026-10-07T20:59:56.807377Z,github.com/ElonaFoobar/ElonaFoobar,v0.7.5
2026-10-07T20:59:57.676759Z,github.com/zaimoni/RSRevived,v0.0.0-20260412001301-39a52255cee7
2026-10-07T21:00:00.890695Z,github.com/Tuxemon/Tuxemon,v0.4.35-0.20260928170139-9e6258ff726b
2026-10-07T21:00:26.787721Z,github.com/consensys-archive/ganache,v2.5.5+incompatible
2026-10-07T21:00:28.028193Z,github.com/samuelcolvin/pydantic,v2.14.0+incompatible
2026-10-07T21:00:34.976491Z,github.com/opennefia/opennefia,v0.1.0
2026-10-07T21:00:35.106444Z,github.com/elonafoobar/elonafoobar,v0.7.5
2026-10-07T21:00:41.883059Z,github.com/Aliucord/Aliucord,v0.0.0-20261007204109-74e74fe5a334
2026-10-07T21:00:55.033076Z,github.com/NeboLoop/http2,v0.3.7-0.20261007210041-0da25bbd02b3
2026-10-07T21:01:00.880793Z,github.com/fasmide/tunnel,v0.0.0-20261007205843-1dd8cf14f476
2026-10-07T21:01:09.748484Z,github.com/tuxemon/tuxemon,v0.3.1-alpha
2026-10-07T21:01:28.727686Z,github.com/HaliteChallenge/Halite-III,v1.2.2-0.20261005100822-e1050ee92429
2026-10-07T21:01:52.37356Z,github.com/RigsOfRods/rigs-of-rods,v0.4.7-0.20260926005216-e85535569102
2026-10-07T21:01:56.238921Z,github.com/yuzehao2023/daily-arxiv-ai4math,v0.0.0-20261005164417-35e3405a1531
2026-10-07T21:01:58.858038Z,github.com/aikeylabs/pkg,v0.0.0-20260907122435-b32ba75369ef
2026-10-07T21:02:06.302509Z,git.savannah.gnu.org/git/freedink.git,v0.0.0-20190510214314-731b1070d837
2026-10-07T21:02:06.572916Z,github.com/NickMcConnell/oangband,v1.1.0
2026-10-07T21:02:08.219954Z,github.com/NickMcConnell/Oangband,v1.1.0
2026-10-07T21:02:08.592786Z,github.com/mikera/alchemy,v0.0.0-20180527051441-57d47eea6ecb
2026-10-07T21:02:09.55128Z,github.com/maxiofs/maxiofs,v1.7.1-0.20261005124206-d4cb37e3c1ef
2026-10-07T21:02:09.997659Z,github.com/roguedjack/Rogue-Survivor-Alpha-9,v0.0.0-20200304141014-2c84226b62ef
2026-10-07T21:02:11.403872Z,github.com/Stenodyon/Rogue-Survivor-Linux,v0.0.0-20171130082140-18cdd90e9993
2026-10-07T21:02:12.89723Z,github.com/myshkin/angband,v0.0.0-20150208103515-0f02e1875902
2026-10-07T21:02:13.063072Z,github.com/Hyperfoil/hyperfoil,v0.0.0-20261007181101-69828b93fde3
2026-10-07T21:02:16.856437Z,github.com/backwardsEric/hengband,v2.2.1+incompatible
2026-10-07T21:02:23.006844Z,github.com/danielriddell21/fiat-lux,v0.1.8
2026-10-07T21:02:23.727292Z,github.com/LouisBrunner/avahi2dns,v0.0.0-20261007205219-391aaa3d3a53
2026-10-07T21:02:26.47141Z,salsa.debian.org/games-team/freedink,v0.0.0-20260814090248-861d7f77771b
2026-10-07T21:02:27.485221Z,github.com/Kaggle/kaggle-environments,v0.2.2-0.20261006212633-1c8acf1ef2d5
2026-10-07T21:02:34.939057Z,github.com/mobiletoly/go-oversync,v0.4.1-0.20261006163314-8f64e3e8b82c
2026-10-07T21:02:36.247793Z,go.platform-mesh.io/platform-mesh,v0.0.0-20261006160206-6d8fe43257fd
2026-10-07T21:02:38.857988Z,github.com/zimzam-org/ai-led-framework,v0.19.1
2026-10-07T21:02:44.842027Z,github.com/JesseLeite/JesseLeite,v0.0.0-20250913191933-f955ba12a57f
2026-10-07T21:02:47.871938Z,github.com/arcangel0/eva,v0.0.0-20260616024514-3651649b9551
2026-10-07T21:03:04.663555Z,github.com/NLKNguyen/NLKNguyen,v0.0.0-20230114074945-84ff7d2b2151
2026-10-07T21:03:04.802019Z,github.com/zengm-games/zengm,v5.1.1-0.20261007174246-f3dac650b325+incompatible
2026-10-07T21:03:11.17331Z,github.com/evilmartians/lefthook/v2,v2.2.1-0.20261007195703-c702ccf154bb
2026-10-07T21:03:12.871833Z,github.com/Leolty/RepoBench,v0.0.0-20240816070826-e0cfd34c9e7c
2026-10-07T21:03:23.576448Z,github.com/leolty/RepoBench,v0.0.0-20240816070826-e0cfd34c9e7c
2026-10-07T21:03:40.49454Z,github.com/MobAI-App/ios-builder,v0.11.1-0.20261007204536-0ab1a0aad73e
2026-10-07T21:03:44.574445Z,github.com/lexikos/autohotkey_l-docs,v0.0.0-20261006073035-53cb56d6d94a
2026-10-07T21:03:51.537233Z,github.com/GoogleCloudPlatform/khi,v0.57.11-0.20260817035052-8f99f6b88d06
2026-10-07T21:04:01.898476Z,github.com/adafruit/adafruit_ili9341,v1.0.13-0.20260922180121-fad8be3cbb9e
2026-10-07T21:04:11.240538Z,github.com/EarthSciML/EarthSciAST,v0.3.0
2026-10-07T21:04:16.59896Z,github.com/chinmay-sawant/ownframe,v0.0.0-20261007195804-ba937dbebcaa
2026-10-07T21:04:30.519053Z,github.com/ziomciopoziomcio/digital-music-stand/client,v0.0.0-20260922181612-2b92735bbcd8
2026-10-07T21:04:34.59393Z,github.com/tailscale/terraform-provider-tailscale,v0.6.1-0.20211227224711-044ee6a7ee6e
2026-10-07T21:04:36.782167Z,github.com/hellmonk/hellcrawl,v0.0.0-20200713005755-1886dd7e54ed
2026-10-07T21:04:37.752353Z,github.com/dselivanau/dog,v0.0.0-20261007210238-cd92a84ad646
2026-10-07T21:04:48.847889Z,github.com/nickmcconnell/oangband,v1.1.0
2026-10-07T21:04:52.207221Z,github.com/ApolloF/Seaglass,v1.10.0
2026-10-07T21:04:53.833117Z,github.com/backwardseric/hengband,v2.2.1+incompatible
2026-10-07T21:04:59.209665Z,github.com/egomarker/ungit-go,v0.0.0-20261007210240-f7b1a6c5ee14
2026-10-07T21:05:00.991937Z,github.com/jashkenas/jashkenas,v0.0.0-20190918175448-79acb219702d
2026-10-07T21:05:02.752422Z,github.com/ruffle-rs/demo,v0.0.0-20261007002751-3404a5774d79
2026-10-07T21:05:05.923418Z,github.com/jden/jden,v0.10.8
2026-10-07T21:05:12.363949Z,github.com/alanxz/simpleamqpclient,v2.5.1+incompatible
2026-10-07T21:05:17.669073Z,github.com/kucherenko/kucherenko,v0.0.0-20260829155326-661291815384
2026-10-07T21:05:24.593762Z,github.com/dotcommander/reliquary,v0.14.0
2026-10-07T21:05:28.833281Z,github.com/cccteam/ccc/sns,v0.2.14
2026-10-07T21:05:29.345714Z,github.com/ThreeDOTSLabs/watermill,v1.3.5
2026-10-07T21:05:29.600867Z,github.com/xdc0527/katalyst-api,v0.0.0-20261007205629-e0b1dc86fdd1
2026-10-07T21:05:35.941044Z,github.com/apollof/seaglass,v1.10.0
2026-10-07T21:05:41.856926Z,github.com/earthsciml/earthsciast,v0.3.0
2026-10-07T21:06:09.721955Z,github.com/u-root/cpu,v0.1.0
2026-10-07T21:06:18.888334Z,github.com/emiliaprotocol/emilia-protocol/caid/impl/go,v0.0.0-20261007203846-e21e7a3e2aeb
2026-10-07T21:06:22.575122Z,github.com/zeddyu/zeddyu.github.io,v0.0.0-20260923164433-44415d2eeeed
2026-10-07T21:06:38.106386Z,github.com/prOOrc/minio,v0.0.0-20261007204724-76dfd376e994
2026-10-07T21:06:54.834905Z,github.com/zishanadthandar/blog,v0.0.0-20261007091640-2006b7c33b32
2026-10-07T21:06:59.800816Z,github.com/ZishanAdThandar/pentest,v0.0.0-20261005010859-e1dbd62a178f
2026-10-07T21:07:16.019624Z,github.com/weseek/growi,v8.0.7+incompatible
2026-10-07T21:07:30.932324Z,github.com/svf-tools/ptaben,v0.0.0-20261006044214-c7535b11e8e0
2026-10-07T21:07:31.496896Z,github.com/minova-afis/aero.minova.os.github.workflows,v0.0.0-20261007145129-e9185337dc71
2026-10-07T21:07:32.893469Z,github.com/legendapp/legend-docs,v0.0.0-20261004113013-2b79d2eb1529
2026-10-07T21:07:33.017735Z,github.com/NationalLibraryOfNorway/veidemann,v0.0.0-20261007135449-3be4ba4d1f8e
2026-10-07T21:07:33.200397Z,github.com/mjasion/balena-home,v0.0.0-20261007113502-9cf5a4e1e70a
2026-10-07T21:07:35.25848Z,codeberg.org/comcloudway/suits,v0.0.0-20220129121352-0f8816074727
2026-10-07T21:07:35.325302Z,github.com/DiddiLeija/abandon-the-ship,v0.0.0-20221129160521-a0485da42df6
2026-10-07T21:07:35.33983Z,codeberg.org/cagibidev/Uproar,v0.0.0-20260811165454-f9c64e8b1101
2026-10-07T21:07:36.221317Z,github.com/ashmitjsg/QuantaVania,v0.0.0-20260620202510-d096c835902e
2026-10-07T21:07:38.085292Z,github.com/jeremycryan/Hope-Falters,v0.0.0-20231023193704-73a857b15245
2026-10-07T21:07:39.050068Z,github.com/mikolalysenko/LudumDare23MMO,v0.0.0-20120805155801-4271e17a4e93
2026-10-07T21:07:43.094653Z,github.com/samuelbigos/todd_the_caver,v0.0.0-20210612140525-988644de23c0
2026-10-07T21:07:45.737651Z,github.com/Zetawar/zetawar,v0.1.0
2026-10-07T21:07:46.945724Z,github.com/bart-lute/abmctl,v0.1.4
2026-10-07T21:07:53.907693Z,github.com/kevinrst/kubot,v0.1.0
2026-10-07T21:07:57.031555Z,github.com/zenvoich/test,v0.0.0-20261007154406-9e6891bf8ac6
2026-10-07T21:07:57.891544Z,github.com/zenvoich/bench,v0.0.0-20261007145339-f7ad254f23c1
2026-10-07T21:08:00.848019Z,buf.build/gen/go/coreweave/arca/connectrpc/go,v1.19.1-20261006063145-be64be5bfea4.2
2026-10-07T21:08:01.175281Z,github.com/Atlas-Compiler/Atlas,v0.0.0-20261007111554-e4c459728e49
2026-10-07T21:08:06.897556Z,github.com/zeragmbh/vein-framework,v0.0.0-20261006090227-39a537bd1153
2026-10-07T21:08:07.98051Z,github.com/raimondasl/agentleak,v0.0.0-20261007164124-1a8d5e1f865d
2026-10-07T21:08:09.935649Z,github.com/deepnight/ld48-NuclearBlaze-48h,v0.0.0-20220531143805-69df609f21c3
2026-10-07T21:08:15.39115Z,github.com/nationallibraryofnorway/veidemann,v0.0.0-20261007135449-3be4ba4d1f8e
2026-10-07T21:08:16.119466Z,github.com/GottZ/ctx,v5.21.1+incompatible
2026-10-07T21:08:17.919394Z,github.com/connectrpc/connect-go/v2,v2.0.0
2026-10-07T21:08:26.616756Z,github.com/skyp38/flowchart_editor/backend,v0.0.0-20261007153839-45073c919e53
2026-10-07T21:08:27.480096Z,github.com/lingio/go-common,v1.49.0
2026-10-07T21:08:35.763989Z,github.com/vsc-eco/utxo-mapping,v0.0.0-20261007141906-371bca49c676
2026-10-07T21:08:42.090597Z,github.com/alex-karev/PixelOrb,v0.0.0-20220721172406-02b77253fe46
2026-10-07T21:08:47.871507Z,github.com/AnixOps/anix-control/identity,v0.0.0-20261006184019-db0462e4df38
2026-10-07T21:08:53.082144Z,github.com/palakis/obs-websocket,v0.0.0-20261007162014-f11211a9835d
2026-10-07T21:08:53.22251Z,github.com/lightaxe/subterrans,v0.0.0-20261006075929-d42115fc563f
2026-10-07T21:09:13.772359Z,github.com/zishanadthandar/pentest,v0.0.0-20261005010859-e1dbd62a178f
2026-10-07T21:09:14.09765Z,huggingface.co/datasets/nvidia/Open-SWE-Traces.git,v0.0.0-20261007210532-9342b1b1b962
2026-10-07T21:09:16.582541Z,github.com/seamlessdns/service/serviceProvider,v0.0.0-20261007153844-effeb49b0fcf
2026-10-07T21:09:19.012164Z,github.com/atlas-compiler/atlas,v0.0.0-20261007111554-e4c459728e49
2026-10-07T21:09:23.143284Z,github.com/zetawar/zetawar,v0.1.0
2026-10-07T21:09:28.750523Z,github.com/gottz/ctx,v5.21.1+incompatible
2026-10-07T21:09:33.509516Z,github.com/soulteary/otterio,v0.0.0-20261007210830-c83864abf75a
2026-10-07T21:09:46.158468Z,github.com/mkende/screenshotter_server,v1.5.2
2026-10-07T21:09:47.459537Z,github.com/fastclaw-ai/fastclaw,v1.1.0
2026-10-07T21:09:48.589397Z,github.com/clear-code-projects/Python-Monsters,v0.0.0-20240416174715-1b15724635ef
2026-10-07T21:09:49.624294Z,github.com/bemrosetta/bemrosetta,v0.0.0-20261007154020-27b6d0c0dc7b
2026-10-07T21:09:49.741559Z,github.com/browniebrown/rehoboam,v0.0.0-20261007201509-3de33904d562
2026-10-07T21:10:01.481188Z,github.com/noetive/riffle,v0.0.0-20261007210148-7d6ff8e4eaf6
2026-10-07T21:10:06.767138Z,github.com/ashmitjsg/quantavania,v0.0.0-20260620202510-d096c835902e
2026-10-07T21:10:14.509102Z,github.com/atrinik/atrinik,v8.72.0+incompatible
2026-10-07T21:10:17.637441Z,github.com/krzysztofreczek/go-structurizr,v0.1.64
2026-10-07T21:10:28.013635Z,gitlab.com/evol/clientdata,v0.0.0-20201229002517-00c571980887
2026-10-07T21:10:36.19223Z,github.com/morph-games/turto-virtual-pet,v1.1.0
2026-10-07T21:10:43.130145Z,github.com/katalon-studio/katalon-studio,v11.6.0+incompatible
2026-10-07T21:10:46.220035Z,github.com/Noddy76/treeboost,v0.4.0
2026-10-07T21:11:03.264645Z,github.com/Google/starlark-go,v0.0.0-20261005163335-bcb1a1a55bf9
2026-10-07T21:11:07.696858Z,github.com/sonic-net/sonic-utilities,v0.0.0-20261007174229-e310d037011d
2026-10-07T21:11:13.132825Z,github.com/Sylius/PaypalPlugin,v2.1.0+incompatible
2026-10-07T21:11:18.060427Z,go.atoms.co/splitter,v1.6.1
2026-10-07T21:11:23.341211Z,github.com/dachhack/SproutedPixelDungeon,v0.0.0-20150407172040-a2090b7c1a04
2026-10-07T21:11:24.30543Z,github.com/G2159687/ESPD,v0.0.0-20180306044752-5e00a0a0e9ab
2026-10-07T21:11:27.058334Z,github.com/Gornova/MarteEngine,v0.0.0-20180304164419-89756429c385
2026-10-07T21:11:30.857987Z,github.com/Hmdzl001/SPS-PD,v0.0.0-20240917021852-8e2127663e61
2026-10-07T21:11:36.062893Z,github.com/PowerNukkitX/PowerNukkitX,v0.0.0-20261007205209-86f70bc34184
2026-10-07T21:11:39.191468Z,github.com/noddy76/treeboost,v0.4.0
2026-10-07T21:11:41.667901Z,github.com/cyberagent/mimosa-common/pkg/database,v0.0.0-20261006055254-bc917fb62bcc
2026-10-07T21:11:51.91388Z,github.com/django-cms/djangocms-picture,v0.0.0-20261006060827-c5b152929c11
2026-10-07T21:11:53.999586Z,github.com/draconispw/pwmangband,v0.0.0-20261001154236-1bd7c87261b9
2026-10-07T21:12:06.782982Z,github.com/ularn/ularn,v0.0.0-20250209021548-ef421842add9
2026-10-07T21:12:07.003211Z,github.com/tangentforks/kroz,v0.0.0-20150624162605-5d080fb4f244
2026-10-07T21:12:07.739206Z,gitlab.com/Isleward/isleward,v11.0.10+incompatible
2026-10-07T21:12:13.702642Z,github.com/microsoft/Apex,v0.0.0-20190910004305-dc18c75da61d
2026-10-07T21:12:16.614266Z,github.com/lotgd/core,v0.5.0
2026-10-07T21:12:16.714932Z,github.com/dagu-org/dagu,v0.0.0-20260305111613-017880d970f9
2026-10-07T21:12:21.160868Z,github.com/gwos/tng,v0.0.0-20261005074827-235c2c650ce5
2026-10-07T21:12:21.989702Z,github.com/gnuaspell/aspell,v0.0.0-20261006005722-941953b25031
2026-10-07T21:12:22.438048Z,code.cloudfoundry.org/cc-uploader,v0.0.0-20261007053639-8dd1bcf7fdb1
2026-10-07T21:12:24.152075Z,github.com/pEst-parser/pest,v2.9.3-0.20261005111314-9124917d7201+incompatible
2026-10-07T21:12:24.688784Z,github.com/NB-Core/lotgd,v2.0.8+incompatible
2026-10-07T21:12:32.393651Z,github.com/peSt-parser/pest,v2.9.3-0.20261005111314-9124917d7201+incompatible
2026-10-07T21:12:32.507873Z,github.com/zjunlp/LLMAgentPapers,v0.0.0-20261003182216-517193698ec8
2026-10-07T21:12:32.624924Z,github.com/k-capehart/go-salesforce/v3,v3.2.2
2026-10-07T21:12:38.444929Z,github.com/pesT-parser/pest,v2.9.3-0.20261005111314-9124917d7201+incompatible
2026-10-07T21:12:46.284192Z,github.com/pest-Parser/pest,v2.9.3-0.20261005111314-9124917d7201+incompatible
2026-10-07T21:12:50.680023Z,github.com/zjunlp/skillnet,v0.0.0-20261007125643-3fcebf83db69
2026-10-07T21:12:52.779085Z,github.com/pest-pArser/pest,v2.9.3-0.20261005111314-9124917d7201+incompatible
2026-10-07T21:12:55.294498Z,github.com/victorspringer/http-cache,v0.0.0-20261007210914-66e03196843b
2026-10-07T21:12:58.831274Z,github.com/pest-paRser/pest,v2.9.3-0.20261005111314-9124917d7201+incompatible
2026-10-07T21:13:01.672907Z,github.com/mgeChev/revive,v1.17.1
2026-10-07T21:13:03.038248Z,github.com/nvidia/Apex,v0.0.0-20260928032941-575968bc1f91
2026-10-07T21:13:03.420121Z,github.com/ZJU-REAL/SDAR,v0.0.0-20261006092356-29dcb12a55d8
2026-10-07T21:13:03.817422Z,github.com/haskell/core-libraries-committee,v0.0.0-20261006142124-26ba3cb21746
2026-10-07T21:13:04.662147Z,github.com/pest-parSer/pest,v2.9.3-0.20261005111314-9124917d7201+incompatible
2026-10-07T21:13:08.293971Z,github.com/Raspberrypi/pico-sdk,v0.0.0-20260904223516-079c6f390236
2026-10-07T21:13:09.82641Z,github.com/AltairaLabs/PromptKit/runtime,v0.0.0-20260215120304-153bcb9e59ac
2026-10-07T21:13:10.449908Z,github.com/nb-core/lotgd,v2.0.8+incompatible
2026-10-07T21:13:15.411193Z,github.com/lttlabsoss/markbench-tests,v0.0.0-20261007202409-ee3fb330102e
2026-10-07T21:13:19.006382Z,codeberg.org/laserandsandal/Ascii_Arcade,v0.0.0-20251024114950-1dd556cf161e
2026-10-07T21:13:21.863401Z,github.com/haskell-compat/base-compat,v0.0.0-20260617173300-0b36245e5743
2026-10-07T21:13:23.594622Z,github.com/AltairaLabs/PromptKit/pkg,v0.0.0-20260215120304-153bcb9e59ac
2026-10-07T21:13:30.587484Z,github.com/nikita-volkov/base-prelude,v0.0.0-20231011155922-5ca54a12bcf4
2026-10-07T21:13:31.434684Z,github.com/rapando/groundwork,v0.1.0
2026-10-07T21:13:40.073955Z,github.com/ZJY0516/vllm,v0.0.0-20261004061141-0872ddf4b96d
2026-10-07T21:13:49.598811Z,github.com/andrewhickman/protox,v0.0.0-20261007201437-847875cd44a3
2026-10-07T21:13:51.728912Z,github.com/skarn-security/skarn-dist,v0.33.0
2026-10-07T21:13:51.731082Z,github.com/c10l/proxmoxve-client-go,v0.0.0-20220822144429-75ef994df964
2026-10-07T21:13:52.851333Z,github.com/cairncms/cairncms,v1.6.1
2026-10-07T21:13:56.953208Z,github.com/finos/finos-landscape,v0.0.0-20261007170552-6981af1a315b
2026-10-07T21:14:05.269037Z,github.com/rickparrish/LORD2,v0.0.0-20171204021153-e3a67bdc43f1
2026-10-07T21:14:17.449627Z,github.com/rickparrish/usurper,v0.0.0-20250216161615-7b04f7e5c50f
2026-10-07T21:14:35.276027Z,github.com/jaspervdj/blaze-html,v0.0.0-20260928094624-62f512fb77de
2026-10-07T21:14:54.347506Z,github.com/mlange-42/navilink,v0.1.0
2026-10-07T21:14:55.73741Z,github.com/solarus-games/children-of-solarus,v0.0.0-20180418235812-7bfc18fd2493
2026-10-07T21:15:00.148096Z,github.com/juparave/dotfiles,v0.0.0-20261002160811-f656be4f3ea6
2026-10-07T21:15:42.781449Z,github.com/excaliburjs/Excalibur,v0.7.0
2026-10-07T21:15:57.832814Z,gitlab.inria.fr/fpottier/visitors,v0.0.0-20210608162346-04e4a42c8236
2026-10-07T21:16:23.1696Z,github.com/telekom/t-caas-go-library,v0.1.1
2026-10-07T21:16:32.828422Z,github.com/udistrital/gestion_personas_crud,v0.0.0-20261001214017-91f58a974cda
2026-10-07T21:16:48.140339Z,github.com/zain-128/comesh_app_backend,v0.0.0-20260701015205-d98b398d6872
2026-10-07T21:16:48.861733Z,github.com/maguro-alternative/remake_bot,v0.0.0-20261007205911-a35f749b8dfe
2026-10-07T21:16:51.986516Z,buf.build/gen/go/policyfly/pfapi/protocolbuffers/go,v1.36.12-20261007200319-5bacf805d159.2
2026-10-07T21:16:55.852364Z,github.com/zain-128/comesh_support,v0.0.0-20260506233037-4730ac4c790c
2026-10-07T21:17:06.842337Z,github.com/18F/identity-idp,v0.0.0-20261006183803-557cdf126607
2026-10-07T21:17:09.449986Z,gitee.com/mirrors_rabbitmq/khepri,v0.19.3
2026-10-07T21:17:09.453982Z,github.com/terraboops/podpeers,v0.0.0-20261007211607-d020cdd87be0
2026-10-07T21:17:10.911966Z,github.com/acedatacloud/sdk,v0.0.0-20261006211622-33330fc3cfa9
2026-10-07T21:17:12.889789Z,github.com/Chromedp/Cdproto,v0.157.9
2026-10-07T21:17:20.778914Z,github.com/GeneralReasoning/env-swe-gym,v0.0.0-20261006143653-0bf5f6324646
2026-10-07T21:17:26.544357Z,github.com/Elastic/go-quark,v0.10.0
2026-10-07T21:17:32.06683Z,github.com/Hyperledger/firefly-common,v1.6.7
2026-10-07T21:17:32.413066Z,github.com/GoCodeAlone/workflow-plugin-github,v1.0.34
2026-10-07T21:17:44.224311Z,github.com/rook/Rook,v1.21.0
2026-10-07T21:17:45.39698Z,github.com/Mcshelby/hugo-theme-relearn,v0.0.0-20261006213043-4ebc6c980025
2026-10-07T21:17:47.526612Z,github.com/IO-Design-Team/hive_ce,v0.0.0-20261006230052-8171c32e417c
2026-10-07T21:17:54.254141Z,github.com/Mikclegrok/uni-chat-sdk,v0.1.23
2026-10-07T21:17:59.964118Z,github.com/LeaflowNET/leaflow-go/iam,v0.22.0
2026-10-07T21:18:00.693175Z,github.com/MizuchiLabs/beacon,v0.5.0
2026-10-07T21:18:04.360531Z,github.com/Ascend/msmodelslim,v0.0.0-20260929112026-a18feb70d980
2026-10-07T21:18:07.455051Z,github.com/AWS/aws-sdk-go-v2/service/ssm,v1.79.1
2026-10-07T21:18:11.814534Z,github.com/Pulumi/Pulumi/pkg/v3,v3.268.0
2026-10-07T21:18:12.310254Z,github.com/AWS/aws-sdk-go-v2/service/dynamodb,v1.70.1
2026-10-07T21:18:14.652862Z,github.com/acedatacloud/sdk/go,v0.0.0-20261006211622-33330fc3cfa9
2026-10-07T21:18:16.842179Z,github.com/alexandrehtrb/Pororoca,v0.0.0-20261006151214-d43391a8b10e
2026-10-07T21:18:20.192988Z,github.com/aasim-maverick/sympy,v0.0.0-20261005043830-319ea7a6186e
2026-10-07T21:18:21.568616Z,github.com/astronomer/agents,v0.0.0-20261007172615-486ee63d01f8
2026-10-07T21:18:21.941405Z,github.com/axiomhq/skills,v1.1.1
2026-10-07T21:18:23.006056Z,github.com/Ascend/msprobe,v0.0.0-20260927102221-7783f6b2d0cb
2026-10-07T21:18:28.431001Z,github.com/alphagov/signon,v0.0.0-20261006112055-c50478fac394
2026-10-07T21:18:30.855958Z,github.com/block/sfptc,v0.5.4
2026-10-07T21:18:31.287795Z,github.com/azzurrotech/stenella,v0.0.0-20261007181755-30768a0adeef
2026-10-07T21:18:32.777739Z,github.com/appthreat/atom-parsetools,v1.10.0
2026-10-07T21:18:34.842722Z,github.com/gocodealone/workflow-plugin-github,v1.0.34
2026-10-07T21:18:36.915716Z,github.com/basti1302/opentelemetry-collector-contrib,v0.0.0-20261006022125-a581d94ee4d0
2026-10-07T21:18:42.468123Z,github.com/cashscript/cashscript,v0.14.0
2026-10-07T21:18:43.953246Z,github.com/bigbluebutton/bigbluebutton/bbb-graphql-middleware,v0.0.0-20261006180719-d42058a21228
2026-10-07T21:18:48.958001Z,github.com/bloodrizer/kittensgame,v0.0.0-20260831224018-781e379f79f1
2026-10-07T21:18:51.976404Z,github.com/clockworklabs/spacetimedb-csharp-sdk,v2.11.0+incompatible
2026-10-07T21:19:01.065923Z,github.com/cloudnative-pg/daggerverse,v0.0.0-20261006152023-7d9d8f406577
2026-10-07T21:19:02.031742Z,github.com/rosenhouse/lg,v0.0.0-20261007203943-cc4d9150f62f
2026-10-07T21:19:10.972597Z,github.com/zain-128/comesh_frontend_updated,v0.0.0-20260905124246-d1831c5c89b3
2026-10-07T21:19:11.910773Z,github.com/cookiengineer/exocomp/source,v0.0.0-20261006072221-b36f7ba1f3e2
2026-10-07T21:19:13.050311Z,github.com/GOATNETWORK/goat-geth,v0.4.2
2026-10-07T21:19:15.562298Z,github.com/cruciblemc/crucible,v0.0.0-20261005053757-73e07149620e
2026-10-07T21:19:21.30314Z,github.com/cloudment/obstor,v0.0.0-20261006001719-0f86f5be6517
2026-10-07T21:19:23.424913Z,github.com/zain-128/ineedprayer_backend,v0.0.0-20261002214729-520c5721b78e
2026-10-07T21:19:24.110702Z,github.com/diadata-org/diadata/cmd/stock-scrapers,v0.0.0-20261007121457-4bf43e404487
2026-10-07T21:19:24.978186Z,github.com/eccenca/gui-elements,v26.2.0+incompatible
2026-10-07T21:19:27.609113Z,github.com/davidben/merkle-tree-certs,v0.0.0-20261007190827-26db9f2b93d0
2026-10-07T21:19:33.804736Z,github.com/zain-128/delivery_app,v0.0.0-20260207165915-8dc008efab43
2026-10-07T21:19:34.965329Z,github.com/zmap/zlint/v3/cmd/gen_test_crl,v0.0.0-20261004190836-dc2e14860fb4
2026-10-07T21:19:35.367192Z,github.com/envoyproxy/gateway/examples/dynamic-module-test,v0.0.0-20261007132504-abf1961d75a0
2026-10-07T21:19:41.662744Z,github.com/generalreasoning/env-swe-gym,v0.0.0-20261006143653-0bf5f6324646
2026-10-07T21:19:43.342394Z,github.com/fuhsnn/slimcc,v0.0.0-20261005150131-374082fddd37
2026-10-07T21:19:43.65244Z,github.com/gitpod-io/gitpod/install/preview/prettylog,v0.0.0-20261006172509-f46929dac2e7
2026-10-07T21:19:46.013369Z,github.com/gitpod-io/gitpod/test,v0.0.0-20261006172509-f46929dac2e7
2026-10-07T21:20:01.547326Z,github.com/hexpm/specifications,v0.0.0-20261007160933-0ecd96210cc5
2026-10-07T21:20:10.537006Z,github.com/janelia-flyem/neuprinthttp,v1.9.6
2026-10-07T21:20:12.313849Z,github.com/buildpacks/github-actions,v1.0.1-0.20261005140959-f682becb9058
2026-10-07T21:20:12.886956Z,github.com/jameshartig/raterudder,v0.0.0-20261007041855-a7f39dad1877
2026-10-07T21:20:13.405153Z,github.com/jameshartig/autoenergy,v0.0.0-20261007041855-a7f39dad1877
2026-10-07T21:20:16.862516Z,github.com/kubernetes/autoscaler/cluster-autoscaler,v0.0.0-20261007200008-f8c009770391
2026-10-07T21:20:18.977417Z,github.com/io-design-team/hive_ce,v0.0.0-20261006230052-8171c32e417c
2026-10-07T21:20:20.779489Z,github.com/kdex-tech/fngogen,v0.6.3
2026-10-07T21:20:21.128808Z,github.com/kubeflow/testing,v0.0.0-20261006031613-4c88c676bb71
2026-10-07T21:20:21.77853Z,buf.build/gen/go/redpandadata/core/connectrpc/go/v2,v2.0.0-20261007183743-2e827fd3e1a9.1
2026-10-07T21:20:25.596275Z,github.com/kilyakus/js-webview,v0.0.0-20261007160805-473c6c634443
2026-10-07T21:20:42.13132Z,github.com/latentdrift/ultraviolet,v0.0.0-20261007110233-f77f3cb6c3e4
2026-10-07T21:20:51.034902Z,gopkg.in/launchdarkly/go-server-sdk-evaluation.v4,v4.1.0
2026-10-07T21:20:51.38208Z,github.com/milo-os/certificates,v0.1.1
2026-10-07T21:20:51.803122Z,github.com/posva/clack,v0.0.0-20260409201008-eb0bef05a2d4
2026-10-07T21:20:54.962163Z,github.com/mr-destructive/meetgor.com,v0.0.0-20261007080326-2b785370b768
2026-10-07T21:20:57.735429Z,github.com/liouk/cluster-authentication-operator,v0.0.0-20261007092316-e56eb0974c3b
2026-10-07T21:20:58.094988Z,github.com/ChromiumEmbedded/cef,v0.0.0-20261007204525-2d4a38cec5a6
