first_seen_at,module,version
2026-10-09T21:20:18.582131Z,github.com/CommercialHaskell/stackage,v0.0.0-20261008060412-a0972431bdce
2026-10-09T21:20:21.373171Z,github.com/rem0o/librehardwaremonitor,v0.9.1-0.20261009164407-4997c58e072c
2026-10-09T21:20:25.513573Z,github.com/liferay/liferay-cli,v0.1.3
2026-10-09T21:20:26.434342Z,github.com/jakartaee/mail-api,v0.0.0-20261008165522-e1f89110ff15
2026-10-09T21:20:28.927401Z,github.com/Dav1dde/glad,v2.0.9-0.20260928080703-0a7cf1af9e25+incompatible
2026-10-09T21:20:36.112407Z,github.com/haveno-dex/haveno,v1.9.0
2026-10-09T21:20:36.867344Z,github.com/opencsgs/csghub-dataflow,v2.5.1-0.20261009011252-13c758a2a025+incompatible
2026-10-09T21:20:40.839309Z,github.com/dorafactory/wasmd,v0.70.5-0.20261009051737-63f7f0cd8065
2026-10-09T21:20:46.85206Z,github.com/benevolent-donut/graphql-go-tools/v2,v2.0.1-0.20261009165321-1122368bf521
2026-10-09T21:20:47.061989Z,github.com/binance/binance-connector-go/clients/rebate,v1.11.1-0.20261009075809-7973415c8f0d
2026-10-09T21:20:54.849683Z,github.com/potterli20/go-shadowsocks2,v0.0.0-20261009174729-8768ae6c51cc
2026-10-09T21:20:55.886241Z,github.com/techengenes/vannile_path,v0.0.0-20260428215018-6adaff45e1e2
2026-10-09T21:21:08.214933Z,github.com/grAphql-python/gqL,v0.5.0
2026-10-09T21:21:09.12471Z,github.com/astrapi69/manuscripta,v0.10.1-0.20261009095626-da3165efd0c7
2026-10-09T21:21:22.78841Z,github.com/Heey-Global/deep-ocr-n8n,v1.16.3-0.20261008175212-2bf5920d0122
2026-10-09T21:21:44.993092Z,github.com/omar-115/autism-spectrum-disorder-website,v0.0.0-20260610000034-9451625e3ca7
2026-10-09T21:21:50.42277Z,github.com/imaali/autism-website,v0.0.0-20260519194204-a8f67b629904
2026-10-09T21:21:51.239326Z,github.com/Helm/hElm/v4,v4.3.0-rc.1.0.20261006143514-dc56a44fee5a
2026-10-09T21:21:53.895Z,github.com/alaminprogrammercse-ship-it/autism-awareness,v0.0.0-20260427111147-e01b30ba3c1e
2026-10-09T21:22:02.226853Z,github.com/grAPHQl-PythOn/Gql,v4.4.0+incompatible
2026-10-09T21:22:08.726156Z,github.com/peSt-PARSeR/peST,v2.9.3+incompatible
2026-10-09T21:22:09.927909Z,github.com/Oculus-VR/Unity-Graphics,v9.0.0-preview.38+incompatible
2026-10-09T21:22:23.95425Z,github.com/Cinc-project/cinc-server-ng,v0.15.0
2026-10-09T21:22:26.946173Z,github.com/GraphQL-pytHon/gql,v4.4.0+incompatible
2026-10-09T21:22:27.362291Z,github.com/share/livedb-mongo,v6.0.1+incompatible
2026-10-09T21:22:29.310675Z,github.com/atifcodesalot/hazelnut-gb-emu,v0.0.0-20261008164245-52756acabb06
2026-10-09T21:22:44.704089Z,github.com/top-gg-community/python-sdk,v1.4.1-0.20261007153155-71000c5a387d
2026-10-09T21:22:55.216266Z,github.com/agardnerit/logs-to-spans-otel,v0.5.1-0.20261001222720-33328352489c
2026-10-09T21:22:56.910728Z,github.com/grapHQL-python/Gql,v4.4.0+incompatible
2026-10-09T21:23:08.58293Z,github.com/taylormonacelli/flaxhound,v0.0.0-20261009205414-fa2f7d90427c
2026-10-09T21:23:32.677076Z,github.com/lansweeper-oss/helm-dryer,v0.11.2
2026-10-09T21:23:37.651417Z,github.com/sHuLHan/go-bindata,v3.6.1+incompatible
2026-10-09T21:23:39.229086Z,github.com/nowsecure/frida-fs,v7.1.1+incompatible
2026-10-09T21:23:39.377752Z,github.com/lansweeper-oss/provider-clickhouse,v0.3.1
2026-10-09T21:23:45.086487Z,github.com/lansweeper-oss/provider-clickhousedbops,v0.5.1
2026-10-09T21:23:59.437306Z,github.com/GrApHqL-pythOn/gQl,v4.4.0+incompatible
2026-10-09T21:24:03.46249Z,github.com/sWE-BENch/SwE-bENCH-TaskS,v0.0.0-20260816050044-3d07b464b7b3
2026-10-09T21:24:03.463842Z,github.com/swe-bENcH/SWE-BeNch-tAskS,v0.0.0-20260816050044-3d07b464b7b3
2026-10-09T21:24:03.934706Z,github.com/sWe-BeNcH/sWe-bEnch-TASks,v0.0.0-20260816050044-3d07b464b7b3
2026-10-09T21:24:04.170146Z,github.com/piyush-gambhir/grafana-cli,v0.2.11-0.20261005135000-c5a50ee7b4e3
2026-10-09T21:24:04.281676Z,github.com/lansweeper-oss/provider-fusionauth,v0.0.1
2026-10-09T21:24:05.460491Z,github.com/SWE-BEnCH/SwE-bEnCH-tasks,v0.0.0-20260816050044-3d07b464b7b3
2026-10-09T21:24:05.508362Z,github.com/SwE-bENch/sWe-BencH-TaSks,v0.0.0-20260816050044-3d07b464b7b3
2026-10-09T21:24:05.60112Z,github.com/SWE-BENcH/swE-BeNCH-TASKs,v0.0.0-20260816050044-3d07b464b7b3
2026-10-09T21:24:05.609849Z,github.com/sWE-BEnCH/Swe-bEnch-taskS,v0.0.0-20260816050044-3d07b464b7b3
2026-10-09T21:24:05.641781Z,github.com/SwE-BEnCh/sWE-BEncH-tASkS,v0.0.0-20260816050044-3d07b464b7b3
2026-10-09T21:24:05.697136Z,github.com/SwE-BENCh/SWE-Bench-TasKs,v0.0.0-20260816050044-3d07b464b7b3
2026-10-09T21:24:05.965324Z,github.com/SWe-BeNcH/swe-BeNCh-TasKS,v0.0.0-20260816050044-3d07b464b7b3
2026-10-09T21:24:06.086974Z,github.com/SWe-BeNch/Swe-bEnCH-taSkS,v0.0.0-20260816050044-3d07b464b7b3
2026-10-09T21:24:06.22533Z,github.com/SWE-BENCH/SWE-BEnch-tasks,v0.0.0-20260816050044-3d07b464b7b3
2026-10-09T21:24:06.441626Z,github.com/sWe-BenCh/sWe-BEncH-TaSKS,v0.0.0-20260816050044-3d07b464b7b3
2026-10-09T21:24:06.658491Z,github.com/sWE-bENch/sWe-bENcH-TaSks,v0.0.0-20260816050044-3d07b464b7b3
2026-10-09T21:24:06.861982Z,github.com/SwE-benCH/SwE-BENCh-tASKs,v0.0.0-20260816050044-3d07b464b7b3
2026-10-09T21:24:06.930093Z,github.com/SwE-BeNCH/swE-beNcH-taSKs,v0.0.0-20260816050044-3d07b464b7b3
2026-10-09T21:24:07.730286Z,github.com/SwE-BencH/sWE-beNcH-tasKs,v0.0.0-20260816050044-3d07b464b7b3
2026-10-09T21:24:07.755955Z,github.com/swe-BeNcH/Swe-bEncH-tAsKs,v0.0.0-20260816050044-3d07b464b7b3
2026-10-09T21:24:08.129304Z,github.com/swe-beNCh/SWE-bencH-TasKS,v0.0.0-20260816050044-3d07b464b7b3
2026-10-09T21:24:08.204317Z,github.com/swe-beNcH/SwE-BeNcH-Tasks,v0.0.0-20260816050044-3d07b464b7b3
2026-10-09T21:24:08.5848Z,github.com/swE-BeNCh/sWe-BenCh-TasKS,v0.0.0-20260816050044-3d07b464b7b3
2026-10-09T21:24:08.628899Z,github.com/Swe-BeNCh/swE-bEnCh-tAsKS,v0.0.0-20260816050044-3d07b464b7b3
2026-10-09T21:24:08.675623Z,github.com/swE-beNCH/SwE-BEnCH-tAsKS,v0.0.0-20260816050044-3d07b464b7b3
2026-10-09T21:24:08.790953Z,github.com/swe-beNCh/Swe-bencH-TAsks,v0.0.0-20260816050044-3d07b464b7b3
2026-10-09T21:24:09.144568Z,github.com/SwE-BEncH/swe-bENch-TaSKS,v0.0.0-20260816050044-3d07b464b7b3
2026-10-09T21:24:09.20083Z,github.com/SWE-beNch/SWE-bench-tasks,v0.0.0-20260816050044-3d07b464b7b3
2026-10-09T21:24:09.239714Z,github.com/Swe-bENCh/swE-BENch-TAskS,v0.0.0-20260816050044-3d07b464b7b3
2026-10-09T21:24:09.323164Z,github.com/prometheus/exporter,v1.11.5-0.20261008104113-3175ee5fcbde
2026-10-09T21:24:09.445942Z,github.com/sWE-BencH/Swe-beNCH-TaskS,v0.0.0-20260816050044-3d07b464b7b3
2026-10-09T21:24:09.526984Z,github.com/SWE-BeNch/swE-BenCh-TAsKs,v0.0.0-20260816050044-3d07b464b7b3
2026-10-09T21:24:09.760996Z,github.com/Swe-BEnCh/SWe-BENCh-TaSKs,v0.0.0-20260816050044-3d07b464b7b3
2026-10-09T21:24:09.776858Z,github.com/sWe-BENch/sWE-bENCh-tAsks,v0.0.0-20260816050044-3d07b464b7b3
2026-10-09T21:24:09.909859Z,github.com/swe-BEncH/sWE-bencH-TAsks,v0.0.0-20260816050044-3d07b464b7b3
2026-10-09T21:24:10.004814Z,github.com/SWE-BEnch/sWe-Bench-tAsKs,v0.0.0-20260816050044-3d07b464b7b3
2026-10-09T21:24:10.220084Z,github.com/SWE-BENCH/swe-bENCh-TaSkS,v0.0.0-20260816050044-3d07b464b7b3
2026-10-09T21:24:10.256515Z,github.com/swE-BEnch/swe-BencH-TASks,v0.0.0-20260816050044-3d07b464b7b3
2026-10-09T21:24:10.399274Z,github.com/swe-BENcH/SWE-bENCh-tAskS,v0.0.0-20260816050044-3d07b464b7b3
2026-10-09T21:24:10.606116Z,github.com/Swe-BENCh/SwE-bENCh-taSks,v0.0.0-20260816050044-3d07b464b7b3
2026-10-09T21:24:10.666273Z,github.com/lansweeper-oss/function-naming-convention,v1.2.3
2026-10-09T21:24:10.753432Z,github.com/SWE-BeNcH/swE-bEnCh-tAskS,v0.0.0-20260816050044-3d07b464b7b3
2026-10-09T21:24:10.75751Z,github.com/swE-BenCh/sWE-bench-TASks,v0.0.0-20260816050044-3d07b464b7b3
2026-10-09T21:24:11.604692Z,github.com/SWE-bENCh/SWE-bEnch-tasks,v0.0.0-20260816050044-3d07b464b7b3
2026-10-09T21:24:14.073534Z,github.com/SWE-BencH/Swe-BenCH-TAsKs,v0.0.0-20260816050044-3d07b464b7b3
2026-10-09T21:24:14.129127Z,github.com/swE-BeNCH/swE-bENCH-TaSkS,v0.0.0-20260816050044-3d07b464b7b3
2026-10-09T21:24:14.142123Z,github.com/Swe-BencH/swe-benCH-TaskS,v0.0.0-20260816050044-3d07b464b7b3
2026-10-09T21:24:14.225224Z,github.com/swe-BEnCH/SWe-bEncH-taSKS,v0.0.0-20260816050044-3d07b464b7b3
2026-10-09T21:24:14.759013Z,github.com/sWe-bENCH/sWE-BENCH-taSKS,v0.0.0-20260816050044-3d07b464b7b3
2026-10-09T21:24:15.59361Z,github.com/Swe-BENCh/sWE-BencH-taSKS,v0.0.0-20260816050044-3d07b464b7b3
2026-10-09T21:24:16.106135Z,github.com/GRAPHQL-PyTHon/Gql,v4.4.0+incompatible
2026-10-09T21:24:17.0977Z,github.com/SWe-bENcH/swe-BenCh-TaskS,v0.0.0-20260816050044-3d07b464b7b3
2026-10-09T21:24:17.537106Z,github.com/Swe-bEnCH/SwE-bEnCH-TaskS,v0.0.0-20260816050044-3d07b464b7b3
2026-10-09T21:24:18.249966Z,github.com/swE-bENCH/swe-BEncH-TaSKs,v0.0.0-20260816050044-3d07b464b7b3
2026-10-09T21:24:18.591638Z,github.com/sWE-benCH/SWE-beNCh-TaSks,v0.0.0-20260816050044-3d07b464b7b3
2026-10-09T21:24:19.29035Z,github.com/sWE-bench/SWE-bENch-TasKs,v0.0.0-20260816050044-3d07b464b7b3
2026-10-09T21:24:19.653525Z,github.com/Swe-bENCh/SWe-Bench-TaSkS,v0.0.0-20260816050044-3d07b464b7b3
2026-10-09T21:24:19.691332Z,github.com/swE-beNCH/SWe-BenCh-TasKS,v0.0.0-20260816050044-3d07b464b7b3
2026-10-09T21:24:19.78266Z,github.com/SwE-BeNch/SWE-bENCH-taskS,v0.0.0-20260816050044-3d07b464b7b3
2026-10-09T21:24:20.462481Z,github.com/SWE-beNCh/sWE-BenCh-TAskS,v0.0.0-20260816050044-3d07b464b7b3
2026-10-09T21:24:20.944241Z,github.com/swE-BEnCh/SwE-benCH-taSkS,v0.0.0-20260816050044-3d07b464b7b3
2026-10-09T21:24:21.13326Z,github.com/sWe-bEnch/Swe-beNch-tasKs,v0.0.0-20260816050044-3d07b464b7b3
2026-10-09T21:24:21.214755Z,github.com/sWe-BEnCh/sWe-BeNCh-TASks,v0.0.0-20260816050044-3d07b464b7b3
2026-10-09T21:24:21.68848Z,github.com/SWE-beNcH/sWE-beNCH-TaSKs,v0.0.0-20260816050044-3d07b464b7b3
2026-10-09T21:24:22.45227Z,github.com/sWe-bench/sWe-bencH-tASKS,v0.0.0-20260816050044-3d07b464b7b3
2026-10-09T21:24:23.111134Z,github.com/swe-BENCH/Swe-bEnCH-tASKS,v0.0.0-20260816050044-3d07b464b7b3
2026-10-09T21:24:23.143129Z,github.com/swE-bENcH/swE-Bench-TASks,v0.0.0-20260816050044-3d07b464b7b3
2026-10-09T21:24:23.216313Z,github.com/Swe-bENch/sWe-BenCh-tasKS,v0.0.0-20260816050044-3d07b464b7b3
2026-10-09T21:24:23.27534Z,github.com/swE-BEnCH/swE-Bench-TaSKs,v0.0.0-20260816050044-3d07b464b7b3
2026-10-09T21:24:23.47889Z,github.com/sWe-BenCH/sWe-bench-TAsKs,v0.0.0-20260816050044-3d07b464b7b3
2026-10-09T21:24:23.82245Z,github.com/SWE-bEnCH/sWe-bEnCH-TAskS,v0.0.0-20260816050044-3d07b464b7b3
2026-10-09T21:24:23.917428Z,github.com/SWE-beNcH/swE-bencH-TAskS,v0.0.0-20260816050044-3d07b464b7b3
2026-10-09T21:24:23.924541Z,github.com/SwE-BENch/sWE-BeNCh-tASKS,v0.0.0-20260816050044-3d07b464b7b3
2026-10-09T21:24:24.022216Z,github.com/SWE-BencH/SWe-BeNcH-tasKS,v0.0.0-20260816050044-3d07b464b7b3
2026-10-09T21:24:24.063513Z,github.com/SWE-BeNCH/SwE-BEnCh-tASkS,v0.0.0-20260816050044-3d07b464b7b3
2026-10-09T21:24:24.149702Z,github.com/SWE-BencH/swe-BENch-TASks,v0.0.0-20260816050044-3d07b464b7b3
2026-10-09T21:24:24.209572Z,github.com/swE-BenCh/SWe-BENCh-tASKS,v0.0.0-20260816050044-3d07b464b7b3
2026-10-09T21:24:24.548114Z,github.com/SWE-BencH/SWE-Bench-tasks,v0.0.0-20260816050044-3d07b464b7b3
2026-10-09T21:24:24.862316Z,github.com/swe-BEncH/Swe-beNch-tAskS,v0.0.0-20260816050044-3d07b464b7b3
2026-10-09T21:24:25.089173Z,github.com/swE-bENCH/SwE-BenCh-TASkS,v0.0.0-20260816050044-3d07b464b7b3
2026-10-09T21:24:25.144098Z,github.com/swe-BeNcH/SWE-BENch-tAskS,v0.0.0-20260816050044-3d07b464b7b3
2026-10-09T21:24:25.321547Z,github.com/SWe-bENcH/SWE-BENcH-tASKs,v0.0.0-20260816050044-3d07b464b7b3
2026-10-09T21:24:25.386763Z,github.com/swe-BeNch/sWE-benCH-TaSKs,v0.0.0-20260816050044-3d07b464b7b3
2026-10-09T21:24:25.555821Z,github.com/SWe-beNCH/SWE-BEnCh-TASkS,v0.0.0-20260816050044-3d07b464b7b3
2026-10-09T21:24:25.736085Z,github.com/Swe-benCh/SWE-bEnCH-TAsKs,v0.0.0-20260816050044-3d07b464b7b3
2026-10-09T21:24:25.842448Z,github.com/SWe-bENch/swE-BEnch-TasKs,v0.0.0-20260816050044-3d07b464b7b3
2026-10-09T21:24:27.269078Z,github.com/divviup/divviup-api,v0.0.0-20261009125541-323fbc8ebfcd
2026-10-09T21:24:27.363966Z,github.com/Swe-bEnCH/Swe-BENcH-tAsKs,v0.0.0-20260816050044-3d07b464b7b3
2026-10-09T21:24:28.057474Z,github.com/SWe-bencH/swe-bENcH-taSKS,v0.0.0-20260816050044-3d07b464b7b3
2026-10-09T21:24:28.407963Z,github.com/swE-BEnCH/Swe-bEncH-tASKs,v0.0.0-20260816050044-3d07b464b7b3
2026-10-09T21:24:28.654937Z,github.com/SWE-BEnCh/SWE-BEnch-tasks,v0.0.0-20260816050044-3d07b464b7b3
2026-10-09T21:24:29.028829Z,github.com/SWe-beNch/sWe-BenCh-taskS,v0.0.0-20260816050044-3d07b464b7b3
2026-10-09T21:24:29.034552Z,github.com/sWe-BencH/SWe-bEnch-TASKs,v0.0.0-20260816050044-3d07b464b7b3
2026-10-09T21:24:29.284896Z,github.com/swe-BeNch/SwE-bENch-taSKs,v0.0.0-20260816050044-3d07b464b7b3
2026-10-09T21:24:30.32416Z,github.com/SWE-bencH/swe-BEnch-tAsKS,v0.0.0-20260816050044-3d07b464b7b3
2026-10-09T21:24:30.326471Z,github.com/SwE-BENCH/SwE-BeNch-TAskS,v0.0.0-20260816050044-3d07b464b7b3
2026-10-09T21:24:31.103924Z,github.com/sWE-BenCH/swe-BenCH-taSkS,v0.0.0-20260816050044-3d07b464b7b3
2026-10-09T21:24:32.487838Z,github.com/swE-BENCH/swE-Bench-TASKs,v0.0.0-20260816050044-3d07b464b7b3
2026-10-09T21:24:32.855858Z,github.com/SWE-BeNCH/sWe-bEnCH-TASKS,v0.0.0-20260816050044-3d07b464b7b3
2026-10-09T21:24:32.969784Z,github.com/SWE-bEncH/SWE-bEnch-tasks,v0.0.0-20260816050044-3d07b464b7b3
2026-10-09T21:24:32.982421Z,github.com/Swe-bENcH/Swe-BenCh-taSkS,v0.0.0-20260816050044-3d07b464b7b3
2026-10-09T21:24:33.233005Z,github.com/SwE-BencH/Swe-BeNCh-tASKS,v0.0.0-20260816050044-3d07b464b7b3
2026-10-09T21:24:33.412551Z,github.com/gRapHqL-PyTHon/gql,v4.4.0+incompatible
2026-10-09T21:24:33.456141Z,github.com/Swe-BENCh/sWe-BeNcH-TaSKs,v0.0.0-20260816050044-3d07b464b7b3
2026-10-09T21:24:33.808119Z,github.com/SwE-benCh/SwE-BenCh-taSks,v0.0.0-20260816050044-3d07b464b7b3
2026-10-09T21:24:34.027025Z,github.com/SWE-bENcH/SWE-bEnch-tasks,v0.0.0-20260816050044-3d07b464b7b3
2026-10-09T21:24:34.07209Z,github.com/SWE-beNCH/SWE-BeNch-TAsKS,v0.0.0-20260816050044-3d07b464b7b3
2026-10-09T21:24:34.245713Z,github.com/sWE-beNCH/swE-bEncH-TASks,v0.0.0-20260816050044-3d07b464b7b3
2026-10-09T21:24:34.268406Z,github.com/SWe-bEnCh/sWE-bENcH-taSKS,v0.0.0-20260816050044-3d07b464b7b3
2026-10-09T21:24:34.602041Z,github.com/sWE-BEnCh/SWE-benCH-TasKs,v0.0.0-20260816050044-3d07b464b7b3
2026-10-09T21:24:34.925928Z,github.com/Swe-bEncH/sWe-BENch-tASkS,v0.0.0-20260816050044-3d07b464b7b3
2026-10-09T21:24:35.307755Z,github.com/swE-BencH/swE-BencH-tasKS,v0.0.0-20260816050044-3d07b464b7b3
2026-10-09T21:24:35.533934Z,github.com/SWE-bEnch/SWE-bEnch-tasks,v0.0.0-20260816050044-3d07b464b7b3
2026-10-09T21:24:35.652957Z,github.com/SWE-BeNch/Swe-BENch-tAsKS,v0.0.0-20260816050044-3d07b464b7b3
2026-10-09T21:24:35.781201Z,github.com/swE-beNcH/SWe-BENCH-taSks,v0.0.0-20260816050044-3d07b464b7b3
2026-10-09T21:24:35.944419Z,github.com/SWE-benCh/SwE-beNCh-TASKs,v0.0.0-20260816050044-3d07b464b7b3
2026-10-09T21:24:36.551113Z,github.com/sWe-BENcH/Swe-BENCh-taSks,v0.0.0-20260816050044-3d07b464b7b3
2026-10-09T21:24:36.674734Z,github.com/atlassecuritysolutions/atlasauthentication-js,v1.1.2
2026-10-09T21:24:37.025229Z,github.com/swE-benCh/sWe-Bench-tASkS,v0.0.0-20260816050044-3d07b464b7b3
2026-10-09T21:24:37.195441Z,github.com/sWE-BENCH/SwE-bENCH-taSKS,v0.0.0-20260816050044-3d07b464b7b3
2026-10-09T21:24:37.355276Z,github.com/swe-bENch/sWe-BEnch-tAsKs,v0.0.0-20260816050044-3d07b464b7b3
2026-10-09T21:24:37.407963Z,github.com/swe-BencH/SwE-bENch-tAsks,v0.0.0-20260816050044-3d07b464b7b3
2026-10-09T21:24:37.762537Z,github.com/SWE-BeNch/swe-bENCH-TASkS,v0.0.0-20260816050044-3d07b464b7b3
2026-10-09T21:24:37.841156Z,github.com/SWE-BENCh/SWE-BEnch-tasks,v0.0.0-20260816050044-3d07b464b7b3
2026-10-09T21:24:38.064477Z,github.com/swE-BENcH/swE-BeNCH-TAskS,v0.0.0-20260816050044-3d07b464b7b3
2026-10-09T21:24:38.251134Z,github.com/SWE-BEnCH/SWE-BEnch-tasks,v0.0.0-20260816050044-3d07b464b7b3
2026-10-09T21:24:38.59447Z,github.com/SwE-beNcH/Swe-BENcH-TASks,v0.0.0-20260816050044-3d07b464b7b3
2026-10-09T21:24:38.811434Z,github.com/SWE-beNCH/SWE-bench-tasks,v0.0.0-20260816050044-3d07b464b7b3
2026-10-09T21:24:38.827137Z,github.com/SWE-benCh/Swe-bEnCh-taSKS,v0.0.0-20260816050044-3d07b464b7b3
2026-10-09T21:24:38.937452Z,github.com/swE-BeNch/swE-BENCh-tasks,v0.0.0-20260816050044-3d07b464b7b3
2026-10-09T21:24:39.136128Z,github.com/swE-BenCh/SwE-beNch-tAsks,v0.0.0-20260816050044-3d07b464b7b3
2026-10-09T21:24:39.199907Z,github.com/SwE-bEnch/swE-bENCh-TASkS,v0.0.0-20260816050044-3d07b464b7b3
2026-10-09T21:24:39.377521Z,github.com/SwE-BeNCh/SwE-bENcH-Tasks,v0.0.0-20260816050044-3d07b464b7b3
2026-10-09T21:24:39.555403Z,github.com/sWe-BEnCh/sWe-bENch-tASks,v0.0.0-20260816050044-3d07b464b7b3
2026-10-09T21:24:39.757908Z,github.com/SwE-BEnCh/sWe-BeNch-TaSks,v0.0.0-20260816050044-3d07b464b7b3
2026-10-09T21:24:40.010793Z,github.com/SWe-BEncH/SwE-BEnCh-TaSkS,v0.0.0-20260816050044-3d07b464b7b3
2026-10-09T21:24:40.531584Z,github.com/SWE-bencH/swe-BENch-tAsKS,v0.0.0-20260816050044-3d07b464b7b3
2026-10-09T21:24:40.568137Z,github.com/Swe-benCH/SWE-Bench-tASKs,v0.0.0-20260816050044-3d07b464b7b3
2026-10-09T21:24:40.6383Z,github.com/swE-beNch/swe-bEnCH-TaSKs,v0.0.0-20260816050044-3d07b464b7b3
2026-10-09T21:24:40.681524Z,github.com/SWe-bencH/swE-BenCH-tASKs,v0.0.0-20260816050044-3d07b464b7b3
2026-10-09T21:24:40.91939Z,github.com/SWE-bEnCh/SWE-bEnch-tasks,v0.0.0-20260816050044-3d07b464b7b3
2026-10-09T21:24:41.336018Z,github.com/swe-benCh/sWe-beNCh-TaSks,v0.0.0-20260816050044-3d07b464b7b3
2026-10-09T21:24:41.922603Z,github.com/swE-Bench/swE-BenCh-TaSks,v0.0.0-20260816050044-3d07b464b7b3
2026-10-09T21:24:42.317015Z,github.com/SWE-BenCH/SwE-bENCh-tASKS,v0.0.0-20260816050044-3d07b464b7b3
2026-10-09T21:24:42.817357Z,github.com/swe-bENcH/sWE-BeNCH-tasKs,v0.0.0-20260816050044-3d07b464b7b3
2026-10-09T21:24:43.069267Z,github.com/SwE-beNCH/swE-beNCH-TaSKs,v0.0.0-20260816050044-3d07b464b7b3
2026-10-09T21:24:45.3103Z,github.com/SWe-Bench/SwE-BEncH-TAsks,v0.0.0-20260816050044-3d07b464b7b3
2026-10-09T21:24:46.366317Z,github.com/jhonsferg/relay/ext/breaker/gobreaker,v0.1.4
2026-10-09T21:24:46.469938Z,github.com/swE-BeNCh/sWe-BENch-TaSks,v0.0.0-20260816050044-3d07b464b7b3
2026-10-09T21:24:46.811669Z,github.com/SwE-benCH/sWE-BEnch-TaSKs,v0.0.0-20260816050044-3d07b464b7b3
2026-10-09T21:24:47.203996Z,github.com/sWe-BEnCh/SWE-benCH-tasKS,v0.0.0-20260816050044-3d07b464b7b3
2026-10-09T21:24:48.044172Z,github.com/sWE-BENch/swE-BENch-TaSkS,v0.0.0-20260816050044-3d07b464b7b3
2026-10-09T21:24:48.651155Z,github.com/Swe-BencH/sWe-bencH-tAsks,v0.0.0-20260816050044-3d07b464b7b3
2026-10-09T21:24:49.05398Z,github.com/Swe-bENch/SWe-beNcH-tasks,v0.0.0-20260816050044-3d07b464b7b3
2026-10-09T21:24:49.210385Z,github.com/sWE-BeNch/SWE-BEnCh-tasks,v0.0.0-20260816050044-3d07b464b7b3
2026-10-09T21:24:49.561383Z,github.com/SWe-bEnCH/Swe-BENch-tAsKs,v0.0.0-20260816050044-3d07b464b7b3
2026-10-09T21:24:49.585219Z,github.com/sWE-BenCH/sWE-bencH-TAsKS,v0.0.0-20260816050044-3d07b464b7b3
2026-10-09T21:24:49.864121Z,github.com/jhonsferg/relay/ext/brotli,v0.1.3
2026-10-09T21:24:49.880781Z,github.com/sWe-BENcH/swe-BEnCH-tAsKs,v0.0.0-20260816050044-3d07b464b7b3
2026-10-09T21:24:50.192433Z,github.com/SwE-bench/SWE-BeNch-tAskS,v0.0.0-20260816050044-3d07b464b7b3
2026-10-09T21:24:50.310124Z,github.com/SWE-bEnCh/Swe-BenCh-TAsKS,v0.0.0-20260816050044-3d07b464b7b3
2026-10-09T21:24:50.875205Z,github.com/SWE-BenCH/SWE-Bench-tasks,v0.0.0-20260816050044-3d07b464b7b3
2026-10-09T21:24:50.985597Z,github.com/SWe-bEnCH/SWE-BeNCH-taSKS,v0.0.0-20260816050044-3d07b464b7b3
2026-10-09T21:24:51.318902Z,github.com/SWE-beNCh/SWe-beNCH-tAsKS,v0.0.0-20260816050044-3d07b464b7b3
2026-10-09T21:24:51.323497Z,github.com/swE-BenCH/swe-BeNch-tASkS,v0.0.0-20260816050044-3d07b464b7b3
2026-10-09T21:24:51.359706Z,github.com/SWe-benCH/SwE-BENch-taskS,v0.0.0-20260816050044-3d07b464b7b3
2026-10-09T21:24:51.47088Z,github.com/sWe-BENcH/SWE-beNCh-taSks,v0.0.0-20260816050044-3d07b464b7b3
2026-10-09T21:24:51.569456Z,github.com/SWE-bench/SWE-benCH-tAsks,v0.0.0-20260816050044-3d07b464b7b3
2026-10-09T21:24:52.04328Z,github.com/sWe-BEnch/SWE-bEnCh-tasks,v0.0.0-20260816050044-3d07b464b7b3
2026-10-09T21:24:52.249688Z,github.com/SwE-BeNCH/swe-BeNCh-tAsks,v0.0.0-20260816050044-3d07b464b7b3
2026-10-09T21:24:52.249766Z,github.com/sWE-BENCh/swE-BencH-taskS,v0.0.0-20260816050044-3d07b464b7b3
2026-10-09T21:24:52.379011Z,github.com/SwE-bENch/swe-BenCh-TasKS,v0.0.0-20260816050044-3d07b464b7b3
2026-10-09T21:24:52.492247Z,github.com/SwE-BeNch/SWe-BENch-taSKs,v0.0.0-20260816050044-3d07b464b7b3
2026-10-09T21:24:52.512741Z,github.com/Swe-BeNcH/sWE-bENcH-tasKS,v0.0.0-20260816050044-3d07b464b7b3
2026-10-09T21:24:52.524229Z,github.com/sWe-beNCH/SWe-BeNcH-tAsKS,v0.0.0-20260816050044-3d07b464b7b3
2026-10-09T21:24:52.648173Z,github.com/SWe-beNCH/swe-BeNCh-TAskS,v0.0.0-20260816050044-3d07b464b7b3
2026-10-09T21:24:52.719958Z,github.com/SWE-BEncH/SWE-BEnch-tasks,v0.0.0-20260816050044-3d07b464b7b3
2026-10-09T21:24:52.853821Z,github.com/sWe-BENch/SWe-bEnch-taSKs,v0.0.0-20260816050044-3d07b464b7b3
2026-10-09T21:24:52.936113Z,github.com/sWE-BENCh/SWe-BEncH-TASkS,v0.0.0-20260816050044-3d07b464b7b3
2026-10-09T21:24:53.491526Z,github.com/Swe-BencH/sWe-bENCH-tASkS,v0.0.0-20260816050044-3d07b464b7b3
2026-10-09T21:24:53.513077Z,github.com/swe-BENcH/swe-BEnch-taSKs,v0.0.0-20260816050044-3d07b464b7b3
2026-10-09T21:24:53.555298Z,github.com/SWE-BENcH/SWE-BEnch-tasks,v0.0.0-20260816050044-3d07b464b7b3
2026-10-09T21:24:53.624603Z,github.com/SWe-Bench/swe-bEnCh-taSkS,v0.0.0-20260816050044-3d07b464b7b3
2026-10-09T21:24:53.624657Z,github.com/cloudfoundry/pxc-release/src/github.com/cloudfoundry/galera-init,v0.0.0-20261008191905-d1b685d8a916
2026-10-09T21:24:53.762242Z,github.com/Swe-bench/sWE-bencH-TASks,v0.0.0-20260816050044-3d07b464b7b3
2026-10-09T21:24:53.792825Z,github.com/SWe-benCH/Swe-beNCh-TAsks,v0.0.0-20260816050044-3d07b464b7b3
2026-10-09T21:24:53.800336Z,github.com/Swe-BeNCh/swE-BeNCh-TasKS,v0.0.0-20260816050044-3d07b464b7b3
2026-10-09T21:24:53.971397Z,github.com/SwE-bENch/sWE-bench-tAsKS,v0.0.0-20260816050044-3d07b464b7b3
2026-10-09T21:24:54.189378Z,github.com/SWE-BENch/SWE-BEnch-tasks,v0.0.0-20260816050044-3d07b464b7b3
2026-10-09T21:24:54.228151Z,github.com/jhonsferg/relay/ext/cache/lru,v0.1.3
2026-10-09T21:24:54.450365Z,github.com/swe-beNch/SWE-BeNch-tasks,v0.0.0-20260816050044-3d07b464b7b3
2026-10-09T21:24:55.397984Z,github.com/Swe-bEnCH/SWe-bEnCH-tasKS,v0.0.0-20260816050044-3d07b464b7b3
2026-10-09T21:24:56.376425Z,github.com/Swe-bencH/SwE-bench-Tasks,v0.0.0-20260816050044-3d07b464b7b3
2026-10-09T21:24:56.774697Z,github.com/SWE-BeNCh/sWE-BENcH-tASKS,v0.0.0-20260816050044-3d07b464b7b3
2026-10-09T21:24:56.989418Z,github.com/sWE-bEnCH/SWe-BENch-tASks,v0.0.0-20260816050044-3d07b464b7b3
2026-10-09T21:24:59.023975Z,github.com/swE-bENcH/Swe-bENCh-TaSKS,v0.0.0-20260816050044-3d07b464b7b3
2026-10-09T21:24:59.218794Z,github.com/SWe-Bench/swE-benCH-TASKS,v0.0.0-20260816050044-3d07b464b7b3
2026-10-09T21:25:00.726722Z,github.com/SWE-BENcH/SWe-BENcH-taskS,v0.0.0-20260816050044-3d07b464b7b3
2026-10-09T21:25:00.764061Z,github.com/SwE-BENch/sWE-BEnCH-TaSks,v0.0.0-20260816050044-3d07b464b7b3
2026-10-09T21:25:04.932946Z,github.com/SWE-BenCh/SWE-Bench-tasks,v0.0.0-20260816050044-3d07b464b7b3
2026-10-09T21:25:05.031419Z,github.com/jhonsferg/relay/ext/cache/twolevel,v0.1.3
2026-10-09T21:25:06.438364Z,github.com/hmcalister/LiteralCloudService,v0.0.0-20240414044550-0deaa81dc5cc
2026-10-09T21:25:09.633878Z,github.com/SteveCastle/loki,v2.33.1-0.20261009024821-31cf1908e6f3+incompatible
2026-10-09T21:25:12.097086Z,github.com/Permify/Permify,v1.7.5
2026-10-09T21:25:13.434577Z,github.com/mmedum/google-drive-mcp/v2,v2.1.0
2026-10-09T21:25:13.668893Z,github.com/swE-BeNCH/SWe-BeNCH-TaSKS,v0.0.0-20260816050044-3d07b464b7b3
2026-10-09T21:25:16.277012Z,github.com/swE-BeNcH/swe-BeNch-tAsKs,v0.0.0-20260816050044-3d07b464b7b3
2026-10-09T21:25:28.427904Z,github.com/hinduiism/dragonfly,v0.11.5-valor.1.0.20261009052358-5ce64f24af6e
2026-10-09T21:25:29.51762Z,github.com/jhonsferg/relay/ext/chaos,v0.1.2
2026-10-09T21:25:32.124053Z,github.com/Atmosphere/homebrew-tap,v0.0.0-20261005012807-ba8282c92e3f
2026-10-09T21:25:34.735825Z,github.com/swE-BeNch/sWE-BEnch-TAskS,v0.0.0-20260816050044-3d07b464b7b3
2026-10-09T21:25:39.50176Z,github.com/jhonsferg/relay/ext/compress,v0.1.3
2026-10-09T21:25:44.617872Z,github.com/jhonsferg/relay/ext/graphql,v0.1.1
2026-10-09T21:25:47.101214Z,github.com/jhonsferg/relay/ext/grpc,v0.1.3
2026-10-09T21:25:52.526466Z,github.com/jhonsferg/relay/ext/http3,v0.1.3
2026-10-09T21:25:52.913558Z,github.com/SwE-BeNCh/swe-bENCh-tAsKs,v0.0.0-20260816050044-3d07b464b7b3
2026-10-09T21:25:55.630377Z,github.com/philsquared/Catch,v3.16.1+incompatible
2026-10-09T21:25:57.650078Z,github.com/jhonsferg/relay/ext/jitterbug,v0.1.5
2026-10-09T21:25:58.390444Z,github.com/philsquared/catch,v3.16.1+incompatible
2026-10-09T21:26:02.361719Z,github.com/jhonsferg/relay/ext/memcached,v0.1.4
2026-10-09T21:26:04.762938Z,github.com/tinne26/kage-desk/examples/intro/checkerboard-preview,v0.0.0-20261009115539-8b02a33a7278
2026-10-09T21:26:11.230218Z,github.com/MRCIEU/TwoSampleMR,v0.7.12
2026-10-09T21:26:20.826131Z,github.com/jhonsferg/relay/ext/metrics,v0.2.2
2026-10-09T21:26:33.778288Z,github.com/jhonsferg/relay/ext/mock,v0.1.4
2026-10-09T21:26:36.878254Z,github.com/Ithilias/anilistgo,v0.1.3
2026-10-09T21:26:38.291351Z,github.com/real-digital/kafka_exporter,v1.2.1-0.20191224015426-d8a8460163f4
2026-10-09T21:26:43.490832Z,github.com/jhonsferg/relay/ext/oauth,v0.1.5
2026-10-09T21:26:48.708323Z,github.com/jhonsferg/relay/ext/oidc,v0.1.2
2026-10-09T21:26:52.847652Z,github.com/real-digital/kafka-python,v0.9.6-0.20200917124747-f31b57cd5dd9
2026-10-09T21:26:56.20923Z,github.com/jhonsferg/relay/ext/openapi,v0.1.5
2026-10-09T21:26:57.169408Z,github.com/mdolab/pyoptsparse,v2.16.2-0.20261008175611-f8d344c174d0+incompatible
2026-10-09T21:27:04.279853Z,github.com/jhonsferg/relay/ext/otel,v0.1.2
2026-10-09T21:27:06.418832Z,github.com/jhonsferg/relay/ext/prometheus,v0.1.5
2026-10-09T21:27:11.82452Z,github.com/jhonsferg/relay/ext/ratelimit/distributed,v0.1.4
2026-10-09T21:27:13.303863Z,github.com/agardnerIT/logs-to-spans-otel,v0.5.1-0.20261001222720-33328352489c
2026-10-09T21:27:13.909266Z,github.com/danbradbury/firekeeper,v0.0.3
2026-10-09T21:27:16.242647Z,github.com/MainSquare/gstreamer-publisher,v0.0.0-20261009212138-91d05feb11c8
2026-10-09T21:27:17.298291Z,github.com/jhonsferg/relay/ext/redis,v0.1.4
2026-10-09T21:27:24.523916Z,github.com/jhonsferg/relay/ext/sentry,v0.1.5
2026-10-09T21:27:24.959699Z,github.com/aerospike/aerospike-client-rust,v3.0.0+incompatible
2026-10-09T21:27:33.642325Z,github.com/grAphql-python/Gql,v0.5.0
2026-10-09T21:27:36.991428Z,github.com/jhonsferg/relay/ext/sigv4,v0.1.4
2026-10-09T21:27:41.186684Z,sigs.k8s.io/aws-ebs-csi-driver,v1.66.1-0.20261008222557-75ae9386bbf7
2026-10-09T21:27:45.600029Z,github.com/grAphql-python/GQL,v0.5.0
2026-10-09T21:27:47.42413Z,github.com/islandsexit/BltCli,v0.1.4-0.20261009210903-2f375d81c466
2026-10-09T21:27:52.965739Z,github.com/jhonsferg/relay/ext/slog,v0.1.2
2026-10-09T21:27:56.354402Z,github.com/jhonsferg/relay/ext/tracing,v0.2.4
2026-10-09T21:28:04.795296Z,github.com/jhonsferg/relay/ext/vcr,v0.1.4
2026-10-09T21:28:08.037411Z,github.com/rancher/prometheus-federator,v0.4.5-alpha.4.0.20261009202754-07c47993f631
2026-10-09T21:28:09.847011Z,github.com/OneApi-src/OneTBB,v2021.11.0-src-rc1.0.20261009114228-885b7813d38d+incompatible
2026-10-09T21:28:13.220657Z,github.com/jhonsferg/relay/ext/zap,v0.1.3
2026-10-09T21:28:14.644062Z,github.com/jhonsferg/relay/ext/websocket,v0.1.3
2026-10-09T21:28:18.133927Z,git.golem15.com/golem15/sm-user-plugin,v0.1.0
2026-10-09T21:28:18.654119Z,github.com/conduitio-labs/conduit-connector-snowflake,v0.4.1
2026-10-09T21:28:33.329355Z,github.com/altic-dev/FluidAudio,v0.5.2
2026-10-09T21:28:34.090618Z,github.com/PEst-PARSer/PEst,v2.8.5+incompatible
2026-10-09T21:29:07.757483Z,github.com/wenlong-gu/temporal,v1.9.0
2026-10-09T21:29:25.478476Z,github.com/mil-ad/wlthumbs,v0.0.0-20260710171527-516603c31440
2026-10-09T21:29:40.908168Z,github.com/rknit/tui.gox,v0.0.0-20261009212557-c1045e52250c
2026-10-09T21:29:48.845287Z,github.com/graalvm/graal,v0.0.0-20261009195248-e13dc5e38d7c
2026-10-09T21:29:54.972418Z,github.com/EnvoyProxy/Gateway,v1.0.2
2026-10-09T21:29:57.836889Z,github.com/gnarl-dev/go-client,v0.2.0
2026-10-09T21:30:04.361509Z,github.com/tonkeeper/tongo,v1.23.6
2026-10-09T21:30:21.317804Z,github.com/mrcieu/twosamplemr,v0.7.12
2026-10-09T21:30:22.954653Z,github.com/tinne26/etxt/examples/gtxt/outline_cheap,v0.0.0-20261009065216-2b88132185de
2026-10-09T21:30:23.144091Z,github.com/ithilias/anilistgo,v0.1.3
2026-10-09T21:30:37.51056Z,github.com/attestium/attestium.com,v0.1.1
2026-10-09T21:30:50.494984Z,github.com/mrmaxmeier/stuff,v0.0.0-20261008122406-d0ad0c6c6df5
2026-10-09T21:31:16.204796Z,github.com/gogf/gf/contrib/drivers/oceanbase/v2,v2.10.4-0.20261009054015-36cec4d2f3e1
2026-10-09T21:31:29.419524Z,github.com/mowtee/interceptor,v0.1.46-0.20261009213122-f5e4e2f7adb8
2026-10-09T21:31:35.061285Z,github.com/PEST-PaRSER/pEST,v2.8.5+incompatible
2026-10-09T21:31:39.889922Z,github.com/HELM/hElm/v4,v4.3.0-rc.1.0.20261006143514-dc56a44fee5a
2026-10-09T21:31:52.90524Z,github.com/larsartmann/securitymd,v1.0.1-0.20261009191300-ca0ad3c06ad6
2026-10-09T21:32:04.837531Z,github.com/sighupio/module-ingress,v1.11.0
2026-10-09T21:32:05.566473Z,github.com/oxia-db/oxia/oxia,v0.17.2-0.20261008002239-7c007a8a3e12
2026-10-09T21:32:08.503289Z,github.com/DanBradbury/firekeeper,v0.0.3
2026-10-09T21:32:09.496436Z,github.com/thymikee/jest-preset-angular,v17.0.3-0.20261008121422-c1ca982a35df+incompatible
2026-10-09T21:32:10.53954Z,github.com/peSt-parseR/PEsT,v1.0.2
2026-10-09T21:32:44.052814Z,github.com/graPhqL-python/gql,v4.4.0+incompatible
2026-10-09T21:32:50.537993Z,github.com/Smartling/smartling-cli,v1.3.1-0.20260930093146-c7605e20c530
2026-10-09T21:32:52.024747Z,github.com/gRAPhql-Python/gqL,v4.4.0+incompatible
2026-10-09T21:32:55.667832Z,github.com/pEsT-ParSer/pESt,v1.0.2
2026-10-09T21:33:03.956028Z,github.com/graphQL-pythoN/gQl,v4.4.0+incompatible
2026-10-09T21:33:04.688808Z,github.com/SWE-agent/SWE-rex,v1.4.0
2026-10-09T21:33:08.352331Z,github.com/grAphql-pythoN/gQl,v4.4.0+incompatible
2026-10-09T21:33:11.927194Z,github.com/atyrode/code,v0.21.0
2026-10-09T21:33:12.752019Z,github.com/gRAPhQl-python/gQl,v4.4.0+incompatible
2026-10-09T21:33:13.017011Z,github.com/scribeocr/scribe.js,v0.16.2-0.20261009112305-a567a5c318db
2026-10-09T21:33:14.311261Z,github.com/remia/opencolorio,v2.1.1-0.20260917002338-93878f9a8630+incompatible
2026-10-09T21:33:21.708333Z,github.com/zanllp/infinite-image-browsing,v1.9.1
2026-10-09T21:33:25.773081Z,github.com/gRAphqL-pYthon/gqL,v4.4.0+incompatible
2026-10-09T21:33:27.111061Z,github.com/doomemacs/doom-emacs,v2.2.5-0.20261002051402-59cdaa32ae93+incompatible
2026-10-09T21:33:29.607527Z,github.com/graPhqL-pythoN/gql,v4.4.0+incompatible
2026-10-09T21:33:31.452736Z,github.com/gogf/gf/contrib/metric/otelmetric/v2,v2.10.4-0.20261009054015-36cec4d2f3e1
2026-10-09T21:33:39.329872Z,github.com/guangchuangyu/ggimage,v0.0.0-20261009133017-170b7d0b8901
2026-10-09T21:33:41.168967Z,github.com/wp-cli/media-command,v3.1.1-0.20261008054720-af1ad9529528+incompatible
2026-10-09T21:33:44.672059Z,github.com/sorintlab/stolon,v0.14.1-0.20191119152614-d64a766e8f78
2026-10-09T21:33:45.857114Z,github.com/uncle-ed-fu/tendermint,v0.19.0-rc4
2026-10-09T21:34:02.124704Z,github.com/graphqL-pythoN/gql,v4.4.0+incompatible
2026-10-09T21:34:08.285856Z,github.com/Gofiber/Fiber/v3,v3.5.1-0.20261009125858-56cd561f7d57
2026-10-09T21:34:15.3675Z,github.com/thymeleaf/thymeleaf,v0.0.0-20260722215000-166b77f666d3
2026-10-09T21:34:28.857907Z,github.com/apple/swift-nio-examples,v0.0.0-20261007150116-5cff58c71d19
2026-10-09T21:34:42.311925Z,github.com/audiojs/chain,v0.0.0-20261007202335-2783d18e0806
2026-10-09T21:35:00.775878Z,github.com/getsentry/Sentry-javascript,v2.0.3-0.20261008151221-32023f8cdeb3+incompatible
2026-10-09T21:35:05.298169Z,github.com/okdaichi/qmux-go,v0.3.0
2026-10-09T21:35:17.870208Z,fastcat.org/go/gdev/addons/bootstrap/input,v0.16.1-0.20261009212723-d74649e69e90
2026-10-09T21:35:44.006775Z,github.com/TonKeeper/tongo,v1.23.6
2026-10-09T21:36:07.733806Z,github.com/DTCurrie/viam-rdk,v0.0.0-20261008190216-4b04909a29af
2026-10-09T21:36:12.45671Z,github.com/dtcurrie/viam-rdk,v0.0.0-20261008190216-4b04909a29af
2026-10-09T21:36:21.33965Z,github.com/roadrunner-server/events,v1.1.1-0.20261009194902-75210991f8be
2026-10-09T21:36:24.90718Z,github.com/Influxdata/influx-cli/v2,v2.8.1-0.20261005135822-d194839c0398
2026-10-09T21:36:33.488706Z,github.com/PaperMC/adventure-platform,v3.0.4+incompatible
2026-10-09T21:36:34.705136Z,github.com/Moulberry/adventure,v2.0.0+incompatible
2026-10-09T21:37:00.635625Z,github.com/nandorojo/galeria,v3.0.4-0.20261005032427-d8ccfeaa8a81+incompatible
2026-10-09T21:37:18.196756Z,github.com/kwant-project/kwant,v1.0.0
2026-10-09T21:37:20.030966Z,github.com/0magnet/webrtc,v1.2.0
2026-10-09T21:37:27.069227Z,github.com/0magnet/kcp-go,v1.0.1
2026-10-09T21:37:46.365364Z,github.com/lechuhuuha/go-leet-code,v0.0.0-20261008155549-db19e19053a6
2026-10-09T21:37:46.720848Z,github.com/ConductorOne/baton-gitlab,v0.1.0
2026-10-09T21:37:50.086344Z,github.com/Cloverhound/webex-cli,v0.8.0
2026-10-09T21:37:58.445933Z,github.com/some-programs/present,v0.0.4
2026-10-09T21:37:59.226982Z,github.com/grafana/grafana/pkg/aggregator,v0.0.0-20241115081037-9225f4a1cbd1
2026-10-09T21:38:00.224225Z,github.com/iTChYNY/gOjq,v0.12.20-0.20261009142319-706829303057
2026-10-09T21:38:10.89643Z,github.com/peSt-paRSeR/pEst,v1.0.2
2026-10-09T21:38:11.187406Z,github.com/Energye/energy,v1.109.1182
2026-10-09T21:38:12.295205Z,github.com/PESt-paRseR/PeSt,v0.2.2
2026-10-09T21:38:12.907835Z,github.com/pEST-Parser/Pest,v1.0.2
2026-10-09T21:38:14.196859Z,github.com/PEsT-paRSer/PESt,v0.2.5
2026-10-09T21:38:15.022677Z,github.com/hello-wy/sub2api,v0.0.0-20261009144652-6d551626a239
2026-10-09T21:38:17.120969Z,github.com/PEST-pARseR/pEST,v0.3.0
2026-10-09T21:38:21.078964Z,github.com/PEST-PaRSEr/pESt,v2.7.6+incompatible
2026-10-09T21:38:22.951158Z,github.com/PEsT-PaRsEr/PEsT,v1.0.2
2026-10-09T21:38:23.019217Z,github.com/PEST-paRSER/pest,v2.1.3-pest+incompatible
2026-10-09T21:38:23.293047Z,github.com/PeST-ParsER/PesT,v2.1.3-pest+incompatible
2026-10-09T21:38:27.740217Z,github.com/pythtb/pythtb,v2.0.1+incompatible
2026-10-09T21:38:35.519427Z,github.com/grafana/grafana/pkg/promlib,v0.0.0-20241115081037-9225f4a1cbd1
2026-10-09T21:38:36.250509Z,github.com/peST-paRSER/Pest,v1.0.2
2026-10-09T21:38:37.104149Z,github.com/PeST-paRSER/PEST,v2.8.5+incompatible
2026-10-09T21:38:37.335722Z,github.com/pesT-parseR/PESt,v2.5.3+incompatible
2026-10-09T21:38:37.976813Z,github.com/pEst-paRSeR/PeSt,v0.3.0
2026-10-09T21:38:42.049712Z,github.com/pEST-PARser/pest,v0.2.5
2026-10-09T21:38:44.2384Z,github.com/pEsT-paRSER/peSt,v0.2.5
2026-10-09T21:38:48.379947Z,github.com/PeSt-paRser/PEsT,v2.8.5+incompatible
2026-10-09T21:38:50.55592Z,github.com/pEsT-parSer/pEST,v2.5.3+incompatible
2026-10-09T21:38:51.263974Z,github.com/grafana/grafana/pkg/semconv,v0.0.0-20241115081037-9225f4a1cbd1
2026-10-09T21:38:52.635921Z,github.com/dav1dde/glad,v2.0.9-0.20260928080703-0a7cf1af9e25+incompatible
2026-10-09T21:38:54.157593Z,github.com/tjcran/boardgame-go,v0.9.0
2026-10-09T21:38:55.004583Z,github.com/DCC-EX/CommandStation-EX,v5.4.15-Prod+incompatible
2026-10-09T21:39:13.410636Z,github.com/grafana/grafana/pkg/storage/unified/resource,v0.0.0-20241115081037-9225f4a1cbd1
2026-10-09T21:39:25.014236Z,github.com/EmbarkStudios/cassini,v0.0.0-20190117201758-5e57e27dcc76
2026-10-09T21:40:01.791736Z,github.com/thinkjones/intelligent-package-manager/cli,v0.0.0-20261009213843-b9657b4dce6b
2026-10-09T21:40:02.771792Z,github.com/thinkjones/intelligent-package-manager,v0.0.0-20261009213843-b9657b4dce6b
2026-10-09T21:40:16.447085Z,github.com/pablofdezr/woc,v0.1.0
2026-10-09T21:40:23.466558Z,github.com/EmbarkStudios/kubekite,v0.0.0-20190303193538-5079247a1d06
2026-10-09T21:40:24.024784Z,github.com/webframp/shelly-herdr,v0.0.0-20261009205000-2a00130f4e6d
2026-10-09T21:40:28.281361Z,github.com/EmbarkStudios/kagent,v0.0.0-20250915183446-34e75e4e00c0
2026-10-09T21:40:34.076091Z,github.com/EmbarkStudios/oso,v0.26.1
2026-10-09T21:40:56.074388Z,github.com/stevecastle/loki,v2.33.1-0.20261009024821-31cf1908e6f3+incompatible
2026-10-09T21:41:02.669898Z,github.com/exoscale/lego,v0.3.0
2026-10-09T21:41:18.20289Z,github.com/Kikobeats/automate-release,v1.0.2
2026-10-09T21:41:35.763195Z,github.com/MrRefactoring/confluence.js,v1.3.0
2026-10-09T21:41:46.055752Z,github.com/go-plot/plot,v0.0.0-20261009190254-f62bd0c94cdc
2026-10-09T21:41:46.806182Z,github.com/necolas/react-native-web,v0.0.0-20261008133443-e5534a137952
2026-10-09T21:41:47.558369Z,github.com/KyberNetwork/kyberswap,v1.2.7
2026-10-09T21:41:49.48073Z,github.com/authara-org/authara,v0.22.0
2026-10-09T21:41:49.57826Z,github.com/authara-org/authara-go,v0.18.0
2026-10-09T21:41:50.3139Z,github.com/authara-org/authara-go/cmd/authara-sdk-gen,v0.0.0-20261009193259-7cbe405922d6
2026-10-09T21:42:06.292084Z,github.com/authgear/authgear-sdk-android,v0.0.0-20261008124835-0d6844830868
2026-10-09T21:42:26.074952Z,github.com/whosia/evonomos,v0.0.0-20261009213833-3c41ceceade9
2026-10-09T21:42:50.667641Z,github.com/pilot-protocol/trustedagents,v0.2.7-beta.1
2026-10-09T21:42:53.401144Z,github.com/terrykong/RL,v0.0.0
2026-10-09T21:43:26.051638Z,github.com/liujitcn/kratos-kit/registry/etcd,v0.0.11
2026-10-09T21:43:27.369118Z,github.com/liujitcn/kratos-kit/registry/kubernetes,v0.0.9
2026-10-09T21:43:32.125275Z,github.com/liujitcn/kratos-kit/registry/eureka,v0.0.8
2026-10-09T21:43:32.921559Z,github.com/liujitcn/kratos-kit/registry/nacos,v0.0.10
2026-10-09T21:43:35.873815Z,github.com/liujitcn/kratos-kit/registry/polaris,v0.0.10
2026-10-09T21:43:37.467803Z,github.com/liujitcn/kratos-kit/registry/zookeeper,v0.0.9
2026-10-09T21:43:40.300215Z,github.com/liujitcn/kratos-kit/registry/servicecomb,v0.0.8
2026-10-09T21:43:43.585808Z,github.com/usa-reddragon/rtz-server,v0.0.253
2026-10-09T21:43:46.530988Z,github.com/sspanel-next/netstatus-api-go,v1.0.0
2026-10-09T21:43:54.825675Z,github.com/liujitcn/kratos-kit/workflow/conductor,v0.0.6
2026-10-09T21:43:58.048723Z,github.com/liujitcn/kratos-kit/workflow/goworkflows,v0.0.7
2026-10-09T21:44:00.726935Z,github.com/liujitcn/kratos-kit/workflow/temporal,v0.0.7
2026-10-09T21:44:06.751563Z,github.com/DataDog/saluki,v0.0.0-20251210032742-f47a7ef588c5
2026-10-09T21:44:23.897643Z,github.com/autocracy/python-ipy,v0.0.0-20261008060413-5af9c2266bec
2026-10-09T21:44:23.906245Z,github.com/AdVitam/brand_logo,v1.0.0
2026-10-09T21:44:37.426274Z,github.com/Leonard-Atorough/castrum,v0.0.5-0.20261009204856-538bbd5afb5d
2026-10-09T21:44:40.22902Z,github.com/datadog/saluki,v0.0.0-20251210032742-f47a7ef588c5
2026-10-09T21:44:49.101276Z,github.com/pest-PaRsEr/pESt,v2.9.3+incompatible
2026-10-09T21:45:00.525554Z,github.com/Naoray/anvil,v1.7.0
2026-10-09T21:45:00.674075Z,github.com/Miriway/Miriway,v24.10.1+incompatible
2026-10-09T21:45:05.745453Z,github.com/monetarium/monetarium-node,v1.3.11-0.20261009192936-ad1299550639
2026-10-09T21:45:08.104646Z,github.com/AutoHotkey/AutoHotkey,v2.0.30+incompatible
2026-10-09T21:45:17.078829Z,github.com/embarkstudios/oso,v0.26.1
2026-10-09T21:45:18.178759Z,github.com/austintoddj/canvas,v7.2.1+incompatible
2026-10-09T21:45:26.918154Z,github.com/EmbarkStudios/quilkin,v0.4.0
2026-10-09T21:45:33.343469Z,github.com/kybernetwork/kyberswap,v3.0.13+incompatible
2026-10-09T21:45:41.780376Z,github.com/Automaat/cache-buster,v0.11.0
2026-10-09T21:45:42.096334Z,github.com/odoo/pgscv,v0.15.1
2026-10-09T21:45:47.048805Z,gopkg.in/Textualize/textual.v8,v8.2.9-0.20261009172409-5e5b7ef58b8c
2026-10-09T21:46:03.970888Z,github.com/mapt-oss/pulumi-ibmcloud/provider,v0.0.0-20261008120034-b21ee47877ee
2026-10-09T21:46:12.910755Z,github.com/Lil-House/LilCTF-2025,v0.1.1
2026-10-09T21:46:18.957155Z,github.com/feyninc/tokie,v0.1.4
2026-10-09T21:46:22.689258Z,github.com/RedOrangeSweater/Meta.Tools.GithubMcp,v0.3.0
2026-10-09T21:47:01.101612Z,github.com/leonard-atorough/castrum,v0.0.5-0.20261009204856-538bbd5afb5d
2026-10-09T21:47:08.214471Z,github.com/automattic/vip-coding-standards,v0.0.0-20261009210831-6c0573e25b79
2026-10-09T21:47:15.080053Z,github.com/pESt-paRSER/pEst,v1.0.3
2026-10-09T21:47:23.545893Z,github.com/PEST-ParsER/pEsT,v0.1.0
2026-10-09T21:47:25.663048Z,github.com/pEsT-ParSeR/pESt,v2.1.2-meta+incompatible
2026-10-09T21:47:28.419607Z,github.com/automindz-solutions/hyreflow-plugins,v1.1.10
2026-10-09T21:47:29.167249Z,github.com/sixb-ai/sixb,v0.1.17
2026-10-09T21:47:31.333908Z,github.com/codyhartsook/kagent,v0.0.0-20261009202518-2daa8518a0a7
2026-10-09T21:47:36.166024Z,github.com/mpickpt/mana,v1.5.0
2026-10-09T21:47:41.621452Z,github.com/SystemRDL/systemrdl-compiler,v1.33.1-0.20261007053737-61e326f94741
2026-10-09T21:47:44.889947Z,github.com/PEST-ParseR/pEST,v2.0.0+incompatible
2026-10-09T21:47:45.792264Z,github.com/blueringslabs/cortex_v2.0.0,v0.0.0-20261009142818-e43eac62f217
2026-10-09T21:47:47.613304Z,github.com/DAtADOg/datadog-operator,v0.7.1-0.20261009200004-149651ee65fe
2026-10-09T21:47:51.335929Z,github.com/autonomio/talos,v2.0.9+incompatible
2026-10-09T21:48:03.790998Z,github.com/Laisky/go-yubikey/v2,v2.0.1-0.20261009214659-28a41af86284
2026-10-09T21:48:04.604825Z,github.com/USA-RedDragon/rtz-server,v0.0.251
2026-10-09T21:48:09.731595Z,github.com/Revolutionary-games/Thrive,v1.6.1-0.20261009195517-0e8cde595236
2026-10-09T21:48:15.49254Z,github.com/PesT-pARsEr/PeST,v2.9.3+incompatible
2026-10-09T21:48:20.487598Z,github.com/PEST-parSeR/PEst,v1.0.2
2026-10-09T21:48:26.681374Z,github.com/peST-parSEr/pest,v0.1.0
2026-10-09T21:48:30.26185Z,github.com/moderntv/lazy-cache,v1.3.0
2026-10-09T21:48:32.119747Z,github.com/pesT-PArseR/PEST,v2.0.0+incompatible
2026-10-09T21:48:45.776211Z,github.com/LarryHu0217/opentelemetry-js,v1.0.0-rc0
2026-10-09T21:48:48.851576Z,github.com/gethugothemes/hugo-modules/components/open-remark,v0.0.0-20261009013011-b33beaff1dde
2026-10-09T21:48:52.114474Z,github.com/PEST-pARSEr/pEsT,v2.1.3-generator+incompatible
2026-10-09T21:48:52.264693Z,github.com/open-systems-pharmacology/OSPSuite-R,v13.0.2-0.20261001135219-da4083e9fcf4+incompatible
2026-10-09T21:49:00.849032Z,github.com/easylab-platform/easyworker,v0.0.0-20260922185335-85f9b9a19bf3
2026-10-09T21:49:07.331223Z,github.com/PESt-PArSEr/pest,v0.1.0
2026-10-09T21:49:09.152526Z,github.com/autotest/autotest,v0.0.0-20261007144325-50a6bc4caf76
2026-10-09T21:49:10.335214Z,github.com/1024jp/tree-sitter-c,v0.3.0
2026-10-09T21:49:13.325714Z,github.com/PEST-parSer/pEst,v0.2.1
2026-10-09T21:49:30.126645Z,github.com/personio/datadog-synthetic-test-support,v3.2.0+incompatible
2026-10-09T21:49:31.141738Z,github.com/PEST-pARSeR/PeSt,v2.1.3-meta+incompatible
2026-10-09T21:49:34.552306Z,github.com/PEst-PArsER/PEsT,v2.7.15+incompatible
2026-10-09T21:49:39.528912Z,github.com/pEst-ParSER/PEst,v2.1.3-generator+incompatible
2026-10-09T21:49:53.043003Z,github.com/tencentblueking/bk-sops,v0.0.0-20261009121239-91ebcafcd55a
2026-10-09T21:49:57.170218Z,github.com/railbirdexchange/quickfix,v0.9.10-railbird.3.0.20261009214336-7dfc8b453467
2026-10-09T21:49:59.393051Z,github.com/taylormonacelli/itscorn,v0.0.0-20261009032216-2c87c840c092
2026-10-09T21:49:59.662357Z,github.com/Bitwarden/sdk-go,v0.1.1
2026-10-09T21:50:10.351641Z,github.com/autohotkey/autohotkey,v2.0.30+incompatible
2026-10-09T21:50:12.584443Z,github.com/redorangesweater/meta.tools.githubmcp,v0.24.0
2026-10-09T21:50:18.180937Z,github.com/automaat/cache-buster,v0.11.0
2026-10-09T21:50:18.77829Z,github.com/MikeGoldsmith/opentelemetry-js,v1.0.0
2026-10-09T21:50:24.600525Z,github.com/wtsi-hgi/wa,v0.10.0
2026-10-09T21:50:33.050476Z,coopcloud.tech/abra,v0.0.0-20261009170120-5b42b3d306d7
2026-10-09T21:50:37.987138Z,github.com/hanzoai/wasm2go,v0.0.0-20261009024114-eb22a8628a60
2026-10-09T21:50:38.226196Z,github.com/pEST-PARSer/PeST,v2.1.3-meta+incompatible
2026-10-09T21:51:13.460171Z,github.com/gkwa/greekprimary,v0.0.0-20261008194105-37f3f604f401
2026-10-09T21:51:22.643653Z,github.com/cesiumgs/cesium-unreal,v2.30.1-0.20261006190320-6ad377ab38fb+incompatible
2026-10-09T21:51:41.013755Z,github.com/JimmXinu/FanFicFare,v4.32.0+incompatible
2026-10-09T21:52:01.439287Z,github.com/MiXaiLL76/auto_ai_router,v0.4.3-0.20261009212914-02b1a396bb14
2026-10-09T21:52:32.59212Z,github.com/thxcode/gguf-parser-go/cmd/gguf-parser,v0.0.0-20261008083014-363cccf891c9
2026-10-09T21:52:34.430048Z,github.com/AINative-Studio/zerodb-go-sdk,v0.0.0-20260601220740-6da6d36409ce
2026-10-09T21:52:38.014283Z,github.com/getsentry/sentry-javascript,v2.0.3-0.20261008151221-32023f8cdeb3+incompatible
2026-10-09T21:52:57.934134Z,github.com/livecodelife/linespec/v3,v3.26.1
2026-10-09T21:53:01.894962Z,github.com/vkmc/telemetry-operator/api,v0.0.0-20261009165837-082588cfdd16
2026-10-09T21:53:03.224663Z,github.com/peST-PARSEr/PeSt,v2.9.4-0.20261009084354-7e779b775de4+incompatible
2026-10-09T21:53:05.711464Z,github.com/PEst-PARsER/PesT,v2.9.4-0.20261009084354-7e779b775de4+incompatible
2026-10-09T21:53:06.234662Z,github.com/peSt-PArSER/pEsT,v2.9.4-0.20261009084354-7e779b775de4+incompatible
2026-10-09T21:53:07.272192Z,github.com/PeST-pArSEr/pesT,v2.9.4-0.20261009084354-7e779b775de4+incompatible
2026-10-09T21:53:07.433793Z,github.com/PeST-pArseR/PeSt,v2.9.4-0.20261009084354-7e779b775de4+incompatible
2026-10-09T21:53:07.659778Z,github.com/PEst-PARSeR/PesT,v2.9.4-0.20261009084354-7e779b775de4+incompatible
2026-10-09T21:53:07.770437Z,github.com/pesT-pArsER/PESt,v2.9.4-0.20261009084354-7e779b775de4+incompatible
2026-10-09T21:53:07.789908Z,github.com/PESt-pARsEr/PESt,v2.9.4-0.20261009084354-7e779b775de4+incompatible
2026-10-09T21:53:07.869488Z,github.com/PEst-paRseR/PESt,v2.9.4-0.20261009084354-7e779b775de4+incompatible
2026-10-09T21:53:08.041678Z,github.com/peSt-ParSeR/pest,v2.9.4-0.20261009084354-7e779b775de4+incompatible
2026-10-09T21:53:08.199784Z,github.com/pEST-PARSER/PEst,v2.9.4-0.20261009084354-7e779b775de4+incompatible
2026-10-09T21:53:08.221085Z,github.com/pEST-parSER/PeSt,v2.9.4-0.20261009084354-7e779b775de4+incompatible
2026-10-09T21:53:08.267335Z,github.com/PesT-paRsER/peST,v2.9.4-0.20261009084354-7e779b775de4+incompatible
2026-10-09T21:53:08.418108Z,github.com/PEst-PaRSeR/pesT,v2.9.4-0.20261009084354-7e779b775de4+incompatible
2026-10-09T21:53:08.720768Z,github.com/PeSt-PArseR/PesT,v2.9.4-0.20261009084354-7e779b775de4+incompatible
2026-10-09T21:53:08.817618Z,github.com/peST-PArSer/PEst,v2.9.4-0.20261009084354-7e779b775de4+incompatible
2026-10-09T21:53:08.986743Z,github.com/PEsT-pARseR/PeSt,v2.9.4-0.20261009084354-7e779b775de4+incompatible
2026-10-09T21:53:08.993726Z,github.com/pesT-pARsER/pesT,v2.9.4-0.20261009084354-7e779b775de4+incompatible
2026-10-09T21:53:09.023725Z,github.com/peST-parsER/pEST,v2.9.4-0.20261009084354-7e779b775de4+incompatible
2026-10-09T21:53:09.115211Z,github.com/pest-PaRsEr/peST,v2.9.4-0.20261009084354-7e779b775de4+incompatible
2026-10-09T21:53:09.128533Z,github.com/PeST-PARseR/Pest,v2.9.4-0.20261009084354-7e779b775de4+incompatible
2026-10-09T21:53:09.257426Z,github.com/pEST-pArsER/PEst,v2.9.4-0.20261009084354-7e779b775de4+incompatible
2026-10-09T21:53:09.27919Z,github.com/PesT-PArSEr/peST,v2.9.4-0.20261009084354-7e779b775de4+incompatible
2026-10-09T21:53:09.341841Z,github.com/PEsT-pArSeR/peST,v2.9.4-0.20261009084354-7e779b775de4+incompatible
2026-10-09T21:53:09.550437Z,github.com/pEST-parSeR/PEST,v2.9.4-0.20261009084354-7e779b775de4+incompatible
2026-10-09T21:53:09.822198Z,github.com/PEst-parseR/pEST,v2.9.4-0.20261009084354-7e779b775de4+incompatible
2026-10-09T21:53:09.860625Z,github.com/Pest-paRsEr/pesT,v2.9.4-0.20261009084354-7e779b775de4+incompatible
2026-10-09T21:53:09.865657Z,github.com/PesT-pArSer/pest,v2.9.4-0.20261009084354-7e779b775de4+incompatible
2026-10-09T21:53:09.869261Z,github.com/peST-PaRsEr/pEst,v2.9.4-0.20261009084354-7e779b775de4+incompatible
2026-10-09T21:53:09.934154Z,github.com/pest-paRseR/peSt,v2.9.4-0.20261009084354-7e779b775de4+incompatible
2026-10-09T21:53:10.026685Z,github.com/peSt-paRseR/pesT,v2.9.4-0.20261009084354-7e779b775de4+incompatible
2026-10-09T21:53:10.038384Z,github.com/pEst-PaRSEr/pesT,v2.9.4-0.20261009084354-7e779b775de4+incompatible
2026-10-09T21:53:10.124074Z,github.com/pEST-PArseR/pESt,v2.9.4-0.20261009084354-7e779b775de4+incompatible
2026-10-09T21:53:10.139622Z,github.com/pEst-PaRSEr/peST,v2.9.4-0.20261009084354-7e779b775de4+incompatible
2026-10-09T21:53:10.19291Z,github.com/PeSt-PaRSEr/pEsT,v2.9.4-0.20261009084354-7e779b775de4+incompatible
2026-10-09T21:53:10.267598Z,github.com/Pest-PaRsEr/peSt,v2.9.4-0.20261009084354-7e779b775de4+incompatible
2026-10-09T21:53:10.342851Z,github.com/peSt-PaRsER/PESt,v2.9.4-0.20261009084354-7e779b775de4+incompatible
2026-10-09T21:53:10.488051Z,github.com/PeST-PArSeR/pEST,v2.9.4-0.20261009084354-7e779b775de4+incompatible
2026-10-09T21:53:10.49965Z,github.com/PEst-ParsER/PEst,v2.9.4-0.20261009084354-7e779b775de4+incompatible
2026-10-09T21:53:10.500135Z,github.com/PEsT-ParSeR/pest,v2.9.4-0.20261009084354-7e779b775de4+incompatible
2026-10-09T21:53:10.516666Z,github.com/PEsT-pArSER/peSt,v2.9.4-0.20261009084354-7e779b775de4+incompatible
2026-10-09T21:53:10.549873Z,github.com/pEST-paRSeR/PeSt,v2.9.4-0.20261009084354-7e779b775de4+incompatible
2026-10-09T21:53:10.561738Z,github.com/pEST-PaRser/peST,v2.9.4-0.20261009084354-7e779b775de4+incompatible
2026-10-09T21:53:10.623314Z,github.com/PesT-PARsER/pesT,v2.9.4-0.20261009084354-7e779b775de4+incompatible
2026-10-09T21:53:10.711675Z,github.com/pest-parSer/PESt,v2.9.4-0.20261009084354-7e779b775de4+incompatible
2026-10-09T21:53:10.716772Z,github.com/Pest-ParSer/PeSt,v2.9.4-0.20261009084354-7e779b775de4+incompatible
2026-10-09T21:53:10.75811Z,github.com/PeST-pARseR/peSt,v2.9.4-0.20261009084354-7e779b775de4+incompatible
2026-10-09T21:53:10.835047Z,github.com/pEST-Parser/pEsT,v2.9.4-0.20261009084354-7e779b775de4+incompatible
2026-10-09T21:53:10.892541Z,github.com/PEsT-PARSER/peSt,v2.9.4-0.20261009084354-7e779b775de4+incompatible
2026-10-09T21:53:10.955781Z,github.com/PeST-PArsEr/PEsT,v2.9.4-0.20261009084354-7e779b775de4+incompatible
2026-10-09T21:53:11.023862Z,github.com/PesT-PArser/peST,v2.9.4-0.20261009084354-7e779b775de4+incompatible
2026-10-09T21:53:11.064645Z,github.com/pEst-parser/pEsT,v2.9.4-0.20261009084354-7e779b775de4+incompatible
2026-10-09T21:53:11.128761Z,github.com/pESt-PARsER/PeSt,v2.9.4-0.20261009084354-7e779b775de4+incompatible
2026-10-09T21:53:11.140541Z,github.com/PeST-ParSeR/PESt,v2.9.4-0.20261009084354-7e779b775de4+incompatible
2026-10-09T21:53:11.187703Z,github.com/PEst-PArsEr/pEst,v2.9.4-0.20261009084354-7e779b775de4+incompatible
2026-10-09T21:53:11.188011Z,github.com/PeSt-PArsER/PesT,v2.9.4-0.20261009084354-7e779b775de4+incompatible
2026-10-09T21:53:11.212727Z,github.com/pEST-PArSEr/peST,v2.9.4-0.20261009084354-7e779b775de4+incompatible
2026-10-09T21:53:11.299714Z,github.com/PeST-PaRsEr/peSt,v2.9.4-0.20261009084354-7e779b775de4+incompatible
2026-10-09T21:53:11.373548Z,github.com/PeST-pArSeR/pEsT,v2.9.4-0.20261009084354-7e779b775de4+incompatible
2026-10-09T21:53:11.48419Z,github.com/PEST-PARsEr/peSt,v2.9.4-0.20261009084354-7e779b775de4+incompatible
2026-10-09T21:53:11.549586Z,github.com/Pest-pARSER/PeSt,v2.9.4-0.20261009084354-7e779b775de4+incompatible
2026-10-09T21:53:11.593047Z,github.com/Pest-paRser/pESt,v2.9.4-0.20261009084354-7e779b775de4+incompatible
2026-10-09T21:53:11.618913Z,github.com/PEST-PaRSEr/pest,v2.9.4-0.20261009084354-7e779b775de4+incompatible
2026-10-09T21:53:11.685618Z,github.com/peSt-pArSEr/Pest,v2.9.4-0.20261009084354-7e779b775de4+incompatible
2026-10-09T21:53:11.754155Z,github.com/PEst-PArSeR/Pest,v2.9.4-0.20261009084354-7e779b775de4+incompatible
2026-10-09T21:53:11.783832Z,github.com/PEst-paRsER/PesT,v2.9.4-0.20261009084354-7e779b775de4+incompatible
2026-10-09T21:53:11.788185Z,github.com/pEst-PaRSER/PesT,v2.9.4-0.20261009084354-7e779b775de4+incompatible
2026-10-09T21:53:11.826435Z,github.com/pEsT-PArSER/pEst,v2.9.4-0.20261009084354-7e779b775de4+incompatible
2026-10-09T21:53:11.860579Z,github.com/PEsT-paRSEr/PeSt,v2.9.4-0.20261009084354-7e779b775de4+incompatible
2026-10-09T21:53:11.924448Z,github.com/PEST-parseR/PeST,v2.9.4-0.20261009084354-7e779b775de4+incompatible
2026-10-09T21:53:12.00273Z,github.com/Pest-ParsER/PESt,v2.9.4-0.20261009084354-7e779b775de4+incompatible
2026-10-09T21:53:12.052632Z,github.com/pESt-ParsER/Pest,v2.9.4-0.20261009084354-7e779b775de4+incompatible
2026-10-09T21:53:12.105437Z,github.com/PESt-paRseR/pESt,v2.9.4-0.20261009084354-7e779b775de4+incompatible
2026-10-09T21:53:12.181844Z,github.com/PESt-ParseR/Pest,v2.9.4-0.20261009084354-7e779b775de4+incompatible
2026-10-09T21:53:12.217079Z,github.com/pesT-pARSer/pESt,v2.9.4-0.20261009084354-7e779b775de4+incompatible
2026-10-09T21:53:12.324512Z,github.com/pEsT-PArseR/PesT,v2.9.4-0.20261009084354-7e779b775de4+incompatible
2026-10-09T21:53:12.586333Z,github.com/PeSt-pArsEr/PeST,v2.9.4-0.20261009084354-7e779b775de4+incompatible
2026-10-09T21:53:12.676306Z,github.com/pEst-paRSer/PEST,v2.9.4-0.20261009084354-7e779b775de4+incompatible
2026-10-09T21:53:12.764849Z,github.com/PEST-PArser/PEsT,v2.9.4-0.20261009084354-7e779b775de4+incompatible
2026-10-09T21:53:12.784359Z,github.com/pESt-PArsEr/pesT,v2.9.4-0.20261009084354-7e779b775de4+incompatible
2026-10-09T21:53:12.873073Z,github.com/pESt-PaRsEr/pEst,v2.9.4-0.20261009084354-7e779b775de4+incompatible
2026-10-09T21:53:12.916656Z,github.com/pest-pArseR/pESt,v2.9.4-0.20261009084354-7e779b775de4+incompatible
2026-10-09T21:53:13.037576Z,github.com/PEST-PArSeR/pest,v2.9.4-0.20261009084354-7e779b775de4+incompatible
2026-10-09T21:53:13.151079Z,github.com/pEST-PArseR/PeST,v2.9.4-0.20261009084354-7e779b775de4+incompatible
2026-10-09T21:53:13.214884Z,github.com/pEsT-PARsER/peST,v2.9.4-0.20261009084354-7e779b775de4+incompatible
2026-10-09T21:53:13.323191Z,github.com/PeSt-pARseR/PEst,v2.9.4-0.20261009084354-7e779b775de4+incompatible
2026-10-09T21:53:13.340346Z,github.com/pEst-PARSEr/peST,v2.9.4-0.20261009084354-7e779b775de4+incompatible
2026-10-09T21:53:13.396979Z,github.com/pest-PARSER/PEst,v2.9.4-0.20261009084354-7e779b775de4+incompatible
2026-10-09T21:53:13.405315Z,github.com/PEST-pArsER/peST,v2.9.4-0.20261009084354-7e779b775de4+incompatible
2026-10-09T21:53:13.488656Z,github.com/Pest-PARSEr/PeSt,v2.9.4-0.20261009084354-7e779b775de4+incompatible
2026-10-09T21:53:13.527232Z,github.com/peST-paRSEr/pESt,v2.9.4-0.20261009084354-7e779b775de4+incompatible
2026-10-09T21:53:13.622503Z,github.com/pEsT-parSER/peST,v2.9.4-0.20261009084354-7e779b775de4+incompatible
2026-10-09T21:53:13.679532Z,github.com/PEST-parsEr/PeSt,v2.9.4-0.20261009084354-7e779b775de4+incompatible
2026-10-09T21:53:13.769947Z,github.com/peST-paRSeR/peSt,v2.9.4-0.20261009084354-7e779b775de4+incompatible
2026-10-09T21:53:13.82084Z,github.com/Pest-pARSER/pest,v2.9.4-0.20261009084354-7e779b775de4+incompatible
2026-10-09T21:53:13.82428Z,github.com/pesT-pARSEr/pEst,v2.9.4-0.20261009084354-7e779b775de4+incompatible
2026-10-09T21:53:13.832305Z,github.com/Pest-parSEr/pEsT,v2.9.4-0.20261009084354-7e779b775de4+incompatible
2026-10-09T21:53:13.847415Z,github.com/PeSt-PArSEr/PeSt,v2.9.4-0.20261009084354-7e779b775de4+incompatible
2026-10-09T21:53:13.896094Z,github.com/PEsT-paRseR/pESt,v2.9.4-0.20261009084354-7e779b775de4+incompatible
2026-10-09T21:53:14.282389Z,github.com/peST-ParSEr/PeSt,v2.9.4-0.20261009084354-7e779b775de4+incompatible
2026-10-09T21:53:14.526482Z,github.com/PEST-pArsER/peSt,v2.9.4-0.20261009084354-7e779b775de4+incompatible
2026-10-09T21:53:14.589093Z,github.com/PeSt-pArSeR/pEsT,v2.9.4-0.20261009084354-7e779b775de4+incompatible
2026-10-09T21:53:14.648234Z,github.com/pest-PARseR/PEST,v2.9.4-0.20261009084354-7e779b775de4+incompatible
2026-10-09T21:53:14.660811Z,github.com/pEsT-pArseR/PEst,v2.9.4-0.20261009084354-7e779b775de4+incompatible
2026-10-09T21:53:14.697369Z,github.com/pest-pARser/pEST,v2.9.4-0.20261009084354-7e779b775de4+incompatible
2026-10-09T21:53:14.780504Z,github.com/pEst-PArser/pEsT,v2.9.4-0.20261009084354-7e779b775de4+incompatible
2026-10-09T21:53:14.794795Z,github.com/peST-ParSer/peSt,v2.9.4-0.20261009084354-7e779b775de4+incompatible
2026-10-09T21:53:14.795502Z,github.com/PeSt-PARSEr/pesT,v2.9.4-0.20261009084354-7e779b775de4+incompatible
2026-10-09T21:53:14.842108Z,github.com/pESt-PArSER/PesT,v2.9.4-0.20261009084354-7e779b775de4+incompatible
2026-10-09T21:53:14.851446Z,github.com/PesT-PaRsER/PEsT,v2.9.4-0.20261009084354-7e779b775de4+incompatible
2026-10-09T21:53:14.89578Z,github.com/pEsT-parSER/PEST,v2.9.4-0.20261009084354-7e779b775de4+incompatible
2026-10-09T21:53:14.91003Z,github.com/peST-pArsEr/pESt,v2.9.4-0.20261009084354-7e779b775de4+incompatible
2026-10-09T21:53:15.07209Z,github.com/PeST-pArser/PeSt,v2.9.4-0.20261009084354-7e779b775de4+incompatible
2026-10-09T21:53:15.08368Z,github.com/peST-PARseR/PeSt,v2.9.4-0.20261009084354-7e779b775de4+incompatible
2026-10-09T21:53:15.185028Z,github.com/PesT-parSer/pesT,v2.9.4-0.20261009084354-7e779b775de4+incompatible
2026-10-09T21:53:15.346746Z,github.com/PESt-PArsER/pest,v2.9.4-0.20261009084354-7e779b775de4+incompatible
2026-10-09T21:53:15.445366Z,github.com/PesT-parSeR/PEst,v2.9.4-0.20261009084354-7e779b775de4+incompatible
2026-10-09T21:53:15.517111Z,github.com/pEsT-PArseR/PESt,v2.9.4-0.20261009084354-7e779b775de4+incompatible
2026-10-09T21:53:15.559712Z,github.com/pEST-PArseR/PeSt,v2.9.4-0.20261009084354-7e779b775de4+incompatible
2026-10-09T21:53:15.566882Z,github.com/PEst-pARseR/PesT,v2.9.4-0.20261009084354-7e779b775de4+incompatible
2026-10-09T21:53:15.735145Z,github.com/pESt-PARSer/pesT,v2.9.4-0.20261009084354-7e779b775de4+incompatible
2026-10-09T21:53:15.801832Z,github.com/pEsT-PARSEr/PeST,v2.9.4-0.20261009084354-7e779b775de4+incompatible
2026-10-09T21:53:15.917057Z,github.com/PESt-ParSeR/PEst,v2.9.4-0.20261009084354-7e779b775de4+incompatible
2026-10-09T21:53:16.085154Z,github.com/PESt-PARsEr/peSt,v2.9.4-0.20261009084354-7e779b775de4+incompatible
2026-10-09T21:53:16.09683Z,github.com/PeST-ParSeR/Pest,v2.9.4-0.20261009084354-7e779b775de4+incompatible
2026-10-09T21:53:16.133076Z,github.com/peST-ParseR/pESt,v2.9.4-0.20261009084354-7e779b775de4+incompatible
2026-10-09T21:53:16.216046Z,github.com/PeSt-paRsER/pEST,v2.9.4-0.20261009084354-7e779b775de4+incompatible
2026-10-09T21:53:16.244202Z,github.com/PESt-PaRseR/PEsT,v2.9.4-0.20261009084354-7e779b775de4+incompatible
2026-10-09T21:53:16.45658Z,github.com/pesT-PaRsEr/PeST,v2.9.4-0.20261009084354-7e779b775de4+incompatible
2026-10-09T21:53:16.497025Z,github.com/pEsT-PARsER/pesT,v2.9.4-0.20261009084354-7e779b775de4+incompatible
2026-10-09T21:53:16.505085Z,github.com/PEst-parsEr/PEsT,v2.9.4-0.20261009084354-7e779b775de4+incompatible
2026-10-09T21:53:16.54108Z,github.com/pESt-pARSEr/PEst,v2.9.4-0.20261009084354-7e779b775de4+incompatible
2026-10-09T21:53:16.555636Z,github.com/peST-PArSEr/PeSt,v2.9.4-0.20261009084354-7e779b775de4+incompatible
2026-10-09T21:53:16.598044Z,github.com/peST-parSER/pEST,v2.9.4-0.20261009084354-7e779b775de4+incompatible
2026-10-09T21:53:16.635633Z,github.com/pesT-PaRseR/peST,v2.9.4-0.20261009084354-7e779b775de4+incompatible
2026-10-09T21:53:16.86077Z,github.com/PeSt-paRSeR/PEst,v2.9.4-0.20261009084354-7e779b775de4+incompatible
2026-10-09T21:53:16.921561Z,github.com/peSt-parSER/pest,v2.9.4-0.20261009084354-7e779b775de4+incompatible
2026-10-09T21:53:16.927789Z,github.com/Pest-parSEr/PEST,v2.9.4-0.20261009084354-7e779b775de4+incompatible
2026-10-09T21:53:16.956709Z,github.com/PEST-paRsER/pEst,v2.9.4-0.20261009084354-7e779b775de4+incompatible
2026-10-09T21:53:16.999613Z,github.com/pEsT-paRSER/Pest,v2.9.4-0.20261009084354-7e779b775de4+incompatible
2026-10-09T21:53:17.020433Z,github.com/peST-pARSEr/PeSt,v2.9.4-0.20261009084354-7e779b775de4+incompatible
2026-10-09T21:53:17.061377Z,github.com/PesT-parser/PESt,v2.9.4-0.20261009084354-7e779b775de4+incompatible
2026-10-09T21:53:17.094711Z,github.com/PEsT-PaRSER/pEst,v2.9.4-0.20261009084354-7e779b775de4+incompatible
2026-10-09T21:53:17.15798Z,github.com/PEST-paRsER/Pest,v2.9.4-0.20261009084354-7e779b775de4+incompatible
2026-10-09T21:53:17.24254Z,github.com/pest-PArSER/peST,v2.9.4-0.20261009084354-7e779b775de4+incompatible
2026-10-09T21:53:17.254449Z,github.com/pEST-parser/PEST,v2.9.4-0.20261009084354-7e779b775de4+incompatible
2026-10-09T21:53:17.298656Z,github.com/pEst-PArseR/peSt,v2.9.4-0.20261009084354-7e779b775de4+incompatible
2026-10-09T21:53:17.374322Z,github.com/PesT-paRSER/pEst,v2.9.4-0.20261009084354-7e779b775de4+incompatible
2026-10-09T21:53:17.381Z,github.com/peSt-PArseR/pEst,v2.9.4-0.20261009084354-7e779b775de4+incompatible
2026-10-09T21:53:17.401232Z,github.com/pESt-pArSeR/PEST,v2.9.4-0.20261009084354-7e779b775de4+incompatible
2026-10-09T21:53:17.423636Z,github.com/pESt-pArseR/peSt,v2.9.4-0.20261009084354-7e779b775de4+incompatible
2026-10-09T21:53:17.426454Z,github.com/PESt-paRSER/PEst,v2.9.4-0.20261009084354-7e779b775de4+incompatible
2026-10-09T21:53:17.475159Z,github.com/Pest-PaRSEr/Pest,v2.9.4-0.20261009084354-7e779b775de4+incompatible
2026-10-09T21:53:17.483641Z,github.com/pEsT-PArSER/pESt,v2.9.4-0.20261009084354-7e779b775de4+incompatible
2026-10-09T21:53:17.504964Z,github.com/pEST-pARsEr/peST,v2.9.4-0.20261009084354-7e779b775de4+incompatible
2026-10-09T21:53:17.54357Z,github.com/pEST-parSeR/pEsT,v2.9.4-0.20261009084354-7e779b775de4+incompatible
2026-10-09T21:53:17.560289Z,github.com/pEsT-ParsEr/pEst,v2.9.4-0.20261009084354-7e779b775de4+incompatible
2026-10-09T21:53:17.65113Z,github.com/PESt-ParSEr/PEST,v2.9.4-0.20261009084354-7e779b775de4+incompatible
2026-10-09T21:53:17.903639Z,github.com/pEST-PaRSeR/PEst,v2.9.4-0.20261009084354-7e779b775de4+incompatible
2026-10-09T21:53:17.930505Z,github.com/Pest-parser/PESt,v2.9.4-0.20261009084354-7e779b775de4+incompatible
2026-10-09T21:53:18.044966Z,github.com/PeSt-pARser/peST,v2.9.4-0.20261009084354-7e779b775de4+incompatible
2026-10-09T21:53:18.094581Z,github.com/PeSt-pARser/pEsT,v2.9.4-0.20261009084354-7e779b775de4+incompatible
2026-10-09T21:53:18.106002Z,github.com/PEST-pArsER/pesT,v2.9.4-0.20261009084354-7e779b775de4+incompatible
2026-10-09T21:53:18.134108Z,github.com/pEST-pArsEr/PeSt,v2.9.4-0.20261009084354-7e779b775de4+incompatible
2026-10-09T21:53:18.140844Z,github.com/PesT-paRSeR/PEST,v2.9.4-0.20261009084354-7e779b775de4+incompatible
2026-10-09T21:53:18.189328Z,github.com/pesT-PArsER/pesT,v2.9.4-0.20261009084354-7e779b775de4+incompatible
2026-10-09T21:53:18.251381Z,github.com/peSt-pARser/PESt,v2.9.4-0.20261009084354-7e779b775de4+incompatible
2026-10-09T21:53:18.267027Z,github.com/pEST-PArsEr/PEst,v2.9.4-0.20261009084354-7e779b775de4+incompatible
2026-10-09T21:53:18.333497Z,github.com/peST-pARSEr/PEsT,v2.9.4-0.20261009084354-7e779b775de4+incompatible
2026-10-09T21:53:18.454455Z,github.com/PeST-PArsEr/Pest,v2.9.4-0.20261009084354-7e779b775de4+incompatible
2026-10-09T21:53:18.528402Z,github.com/pesT-PArSEr/pESt,v2.9.4-0.20261009084354-7e779b775de4+incompatible
2026-10-09T21:53:18.551606Z,github.com/PESt-paRSer/PEsT,v2.9.4-0.20261009084354-7e779b775de4+incompatible
2026-10-09T21:53:18.559105Z,github.com/pesT-PaRsER/pest,v2.9.4-0.20261009084354-7e779b775de4+incompatible
2026-10-09T21:53:18.57524Z,github.com/PEST-PArSeR/PeST,v2.9.4-0.20261009084354-7e779b775de4+incompatible
2026-10-09T21:53:18.612305Z,www.github.com/pest-parser/pest.git,v2.8.7-0.20260623114322-b24fa554b814+incompatible
2026-10-09T21:53:18.617608Z,github.com/pEst-PArSer/pEST,v2.9.4-0.20261009084354-7e779b775de4+incompatible
2026-10-09T21:53:18.696933Z,github.com/PEST-PARser/PesT,v2.9.4-0.20261009084354-7e779b775de4+incompatible
2026-10-09T21:53:18.707527Z,github.com/PeSt-paRSer/peSt,v2.9.4-0.20261009084354-7e779b775de4+incompatible
2026-10-09T21:53:18.805344Z,github.com/pEst-PaRser/PEST,v2.9.4-0.20261009084354-7e779b775de4+incompatible
2026-10-09T21:53:18.808561Z,github.com/PEST-parSEr/pEst,v2.9.4-0.20261009084354-7e779b775de4+incompatible
2026-10-09T21:53:18.85633Z,github.com/PESt-pArsER/PeSt,v2.9.4-0.20261009084354-7e779b775de4+incompatible
2026-10-09T21:53:18.97526Z,github.com/pEst-pArser/pEST,v2.9.4-0.20261009084354-7e779b775de4+incompatible
2026-10-09T21:53:19.087453Z,github.com/PesT-PArser/PEst,v2.9.4-0.20261009084354-7e779b775de4+incompatible
2026-10-09T21:53:19.142915Z,github.com/pesT-PArser/pESt,v2.9.4-0.20261009084354-7e779b775de4+incompatible
2026-10-09T21:53:19.163049Z,github.com/pEst-paRSeR/peST,v2.9.4-0.20261009084354-7e779b775de4+incompatible
2026-10-09T21:53:19.177958Z,github.com/pesT-ParSEr/PeSt,v2.9.4-0.20261009084354-7e779b775de4+incompatible
2026-10-09T21:53:19.18216Z,github.com/pEST-pARSeR/pesT,v2.9.4-0.20261009084354-7e779b775de4+incompatible
2026-10-09T21:53:19.208228Z,github.com/pest-PARSER/peST,v2.9.4-0.20261009084354-7e779b775de4+incompatible
2026-10-09T21:53:19.321075Z,github.com/peST-paRsER/peSt,v2.9.4-0.20261009084354-7e779b775de4+incompatible
2026-10-09T21:53:19.481654Z,github.com/PesT-PaRsEr/pEsT,v2.9.4-0.20261009084354-7e779b775de4+incompatible
2026-10-09T21:53:19.55614Z,github.com/pesT-pArseR/PesT,v2.9.4-0.20261009084354-7e779b775de4+incompatible
2026-10-09T21:53:19.754284Z,github.com/peST-pArser/pEsT,v2.9.4-0.20261009084354-7e779b775de4+incompatible
2026-10-09T21:53:19.793082Z,github.com/Pest-parsER/pest,v2.9.4-0.20261009084354-7e779b775de4+incompatible
2026-10-09T21:53:19.816803Z,github.com/PEst-PaRSeR/PesT,v2.9.4-0.20261009084354-7e779b775de4+incompatible
2026-10-09T21:53:19.820066Z,github.com/pEst-pArsEr/pESt,v2.9.4-0.20261009084354-7e779b775de4+incompatible
2026-10-09T21:53:19.951868Z,github.com/peST-pArSEr/pEsT,v2.9.4-0.20261009084354-7e779b775de4+incompatible
2026-10-09T21:53:20.001901Z,github.com/PeST-parseR/pesT,v2.9.4-0.20261009084354-7e779b775de4+incompatible
2026-10-09T21:53:20.0125Z,github.com/pEST-PARsER/pEST,v2.9.4-0.20261009084354-7e779b775de4+incompatible
2026-10-09T21:53:20.223715Z,github.com/pEst-ParsEr/PesT,v2.9.4-0.20261009084354-7e779b775de4+incompatible
2026-10-09T21:53:20.321313Z,github.com/PEsT-pARSER/PesT,v2.9.4-0.20261009084354-7e779b775de4+incompatible
2026-10-09T21:53:20.426983Z,github.com/Pest-PARseR/pesT,v2.9.4-0.20261009084354-7e779b775de4+incompatible
2026-10-09T21:53:20.460481Z,github.com/peSt-ParSer/PesT,v2.9.4-0.20261009084354-7e779b775de4+incompatible
2026-10-09T21:53:20.572973Z,github.com/pEST-PARSeR/PesT,v2.9.4-0.20261009084354-7e779b775de4+incompatible
2026-10-09T21:53:20.609434Z,github.com/pest-PaRSeR/pEST,v2.9.4-0.20261009084354-7e779b775de4+incompatible
2026-10-09T21:53:20.780811Z,github.com/peSt-pArser/peST,v2.9.4-0.20261009084354-7e779b775de4+incompatible
2026-10-09T21:53:20.882583Z,github.com/peSt-paRsER/PeSt,v2.9.4-0.20261009084354-7e779b775de4+incompatible
2026-10-09T21:53:20.92726Z,github.com/PESt-parSer/PeST,v2.9.4-0.20261009084354-7e779b775de4+incompatible
2026-10-09T21:53:21.067427Z,github.com/pEST-ParseR/pEst,v2.9.4-0.20261009084354-7e779b775de4+incompatible
2026-10-09T21:53:21.072668Z,github.com/pESt-pArSEr/PEST,v2.9.4-0.20261009084354-7e779b775de4+incompatible
2026-10-09T21:53:21.111554Z,github.com/PesT-PaRser/pEST,v2.9.4-0.20261009084354-7e779b775de4+incompatible
2026-10-09T21:53:21.252597Z,github.com/PEsT-ParSER/PEst,v2.9.4-0.20261009084354-7e779b775de4+incompatible
2026-10-09T21:53:21.455975Z,github.com/PEST-PArSer/PEsT,v2.9.4-0.20261009084354-7e779b775de4+incompatible
2026-10-09T21:53:21.482708Z,github.com/pesT-pARSer/peSt,v2.9.4-0.20261009084354-7e779b775de4+incompatible
2026-10-09T21:53:21.546215Z,github.com/peST-PArSer/pEsT,v2.9.4-0.20261009084354-7e779b775de4+incompatible
2026-10-09T21:53:21.639426Z,github.com/peSt-ParSEr/PEst,v2.9.4-0.20261009084354-7e779b775de4+incompatible
2026-10-09T21:53:21.672353Z,github.com/PeSt-parser/PEsT,v2.9.4-0.20261009084354-7e779b775de4+incompatible
2026-10-09T21:53:21.824646Z,github.com/PEst-PaRsER/pEsT,v2.9.4-0.20261009084354-7e779b775de4+incompatible
2026-10-09T21:53:21.863633Z,github.com/pEsT-pARser/PEst,v2.9.4-0.20261009084354-7e779b775de4+incompatible
2026-10-09T21:53:22.064455Z,github.com/Pest-PaRSER/pesT,v2.9.4-0.20261009084354-7e779b775de4+incompatible
2026-10-09T21:53:22.144266Z,github.com/Pest-pArSER/PEst,v2.9.4-0.20261009084354-7e779b775de4+incompatible
2026-10-09T21:53:22.237669Z,github.com/pesT-parSer/pESt,v2.9.4-0.20261009084354-7e779b775de4+incompatible
2026-10-09T21:53:22.257877Z,github.com/peSt-PArsER/peSt,v2.9.4-0.20261009084354-7e779b775de4+incompatible
2026-10-09T21:53:22.29737Z,github.com/pest-paRSer/peST,v2.9.4-0.20261009084354-7e779b775de4+incompatible
2026-10-09T21:53:22.325032Z,github.com/PEst-pArsEr/pEst,v2.9.4-0.20261009084354-7e779b775de4+incompatible
2026-10-09T21:53:22.32803Z,github.com/PeST-pArseR/pEST,v2.9.4-0.20261009084354-7e779b775de4+incompatible
2026-10-09T21:53:22.360165Z,github.com/pEsT-ParseR/pest,v2.9.4-0.20261009084354-7e779b775de4+incompatible
2026-10-09T21:53:22.395777Z,github.com/PEsT-PARseR/PesT,v2.9.4-0.20261009084354-7e779b775de4+incompatible
2026-10-09T21:53:22.506814Z,github.com/PEst-ParSER/Pest,v2.9.4-0.20261009084354-7e779b775de4+incompatible
2026-10-09T21:53:22.513177Z,github.com/PEst-PaRSER/PEst,v2.9.4-0.20261009084354-7e779b775de4+incompatible
2026-10-09T21:53:22.585507Z,github.com/PEsT-PArSER/peST,v2.9.4-0.20261009084354-7e779b775de4+incompatible
2026-10-09T21:53:22.620861Z,github.com/pEst-pArSeR/PeSt,v2.9.4-0.20261009084354-7e779b775de4+incompatible
2026-10-09T21:53:22.622054Z,github.com/pest-pARSer/PESt,v2.9.4-0.20261009084354-7e779b775de4+incompatible
2026-10-09T21:53:22.641798Z,github.com/pesT-PArSEr/pest,v2.9.4-0.20261009084354-7e779b775de4+incompatible
2026-10-09T21:53:22.64836Z,github.com/PEst-pARsEr/peSt,v2.9.4-0.20261009084354-7e779b775de4+incompatible
2026-10-09T21:53:22.738993Z,github.com/Pest-pArSEr/pEsT,v2.9.4-0.20261009084354-7e779b775de4+incompatible
2026-10-09T21:53:22.744206Z,github.com/pEST-pArseR/PESt,v2.9.4-0.20261009084354-7e779b775de4+incompatible
2026-10-09T21:53:22.769217Z,github.com/pEst-PaRSER/peSt,v2.9.4-0.20261009084354-7e779b775de4+incompatible
2026-10-09T21:53:22.780619Z,github.com/pESt-PaRseR/pESt,v2.9.4-0.20261009084354-7e779b775de4+incompatible
2026-10-09T21:53:22.801906Z,github.com/PEst-ParseR/pesT,v2.9.4-0.20261009084354-7e779b775de4+incompatible
2026-10-09T21:53:22.845443Z,github.com/pest-paRseR/PEst,v2.9.4-0.20261009084354-7e779b775de4+incompatible
2026-10-09T21:53:22.867702Z,github.com/peSt-PaRsEr/pest,v2.9.4-0.20261009084354-7e779b775de4+incompatible
2026-10-09T21:53:22.973226Z,github.com/PEST-pARser/PEst,v2.9.4-0.20261009084354-7e779b775de4+incompatible
2026-10-09T21:53:23.040007Z,github.com/PESt-paRSEr/PesT,v2.9.4-0.20261009084354-7e779b775de4+incompatible
2026-10-09T21:53:23.14343Z,github.com/pEST-PArsER/PEst,v2.9.4-0.20261009084354-7e779b775de4+incompatible
2026-10-09T21:53:23.163691Z,github.com/pEsT-PARseR/PesT,v2.9.4-0.20261009084354-7e779b775de4+incompatible
2026-10-09T21:53:23.206074Z,github.com/pESt-PaRsEr/PEsT,v2.9.4-0.20261009084354-7e779b775de4+incompatible
2026-10-09T21:53:23.239809Z,github.com/PeSt-pArSeR/PEST,v2.9.4-0.20261009084354-7e779b775de4+incompatible
2026-10-09T21:53:23.296773Z,github.com/pest-PaRSeR/peSt,v2.9.4-0.20261009084354-7e779b775de4+incompatible
2026-10-09T21:53:23.325451Z,github.com/PESt-pARSEr/PESt,v2.9.4-0.20261009084354-7e779b775de4+incompatible
2026-10-09T21:53:23.357251Z,github.com/PESt-parSer/Pest,v2.9.4-0.20261009084354-7e779b775de4+incompatible
2026-10-09T21:53:23.648622Z,github.com/pEST-PARsEr/pEST,v2.9.4-0.20261009084354-7e779b775de4+incompatible
2026-10-09T21:53:23.709354Z,github.com/peSt-pARSeR/pEst,v2.9.4-0.20261009084354-7e779b775de4+incompatible
2026-10-09T21:53:23.729243Z,github.com/peST-PArsEr/pEsT,v2.9.4-0.20261009084354-7e779b775de4+incompatible
2026-10-09T21:53:23.825543Z,github.com/PEst-PARsEr/pEst,v2.9.4-0.20261009084354-7e779b775de4+incompatible
2026-10-09T21:53:23.844045Z,github.com/pesT-ParSeR/PeST,v2.9.4-0.20261009084354-7e779b775de4+incompatible
2026-10-09T21:53:23.861963Z,github.com/PEsT-parseR/PESt,v2.9.4-0.20261009084354-7e779b775de4+incompatible
2026-10-09T21:53:23.901693Z,github.com/PEsT-ParsEr/pesT,v2.9.4-0.20261009084354-7e779b775de4+incompatible
2026-10-09T21:53:23.949177Z,github.com/PeST-PArSer/pEST,v2.9.4-0.20261009084354-7e779b775de4+incompatible
2026-10-09T21:53:24.083012Z,github.com/pEsT-PARseR/PEst,v2.9.4-0.20261009084354-7e779b775de4+incompatible
2026-10-09T21:53:24.153436Z,github.com/Pest-parSer/peST,v2.9.4-0.20261009084354-7e779b775de4+incompatible
2026-10-09T21:53:24.175022Z,github.com/pEsT-pArSer/PEsT,v2.9.4-0.20261009084354-7e779b775de4+incompatible
2026-10-09T21:53:24.200939Z,github.com/pEST-Parser/PEST,v2.9.4-0.20261009084354-7e779b775de4+incompatible
2026-10-09T21:53:24.263169Z,github.com/peSt-pARSEr/PeSt,v2.9.4-0.20261009084354-7e779b775de4+incompatible
2026-10-09T21:53:24.29959Z,github.com/peST-pARSer/pesT,v2.9.4-0.20261009084354-7e779b775de4+incompatible
2026-10-09T21:53:24.551819Z,github.com/PEST-PARsER/PeSt,v2.9.4-0.20261009084354-7e779b775de4+incompatible
2026-10-09T21:53:24.567849Z,github.com/PeSt-PaRSer/PeSt,v2.9.4-0.20261009084354-7e779b775de4+incompatible
2026-10-09T21:53:24.569537Z,github.com/PesT-PaRsEr/PEst,v2.9.4-0.20261009084354-7e779b775de4+incompatible
2026-10-09T21:53:24.590659Z,github.com/pest-paRSER/pest,v2.9.4-0.20261009084354-7e779b775de4+incompatible
2026-10-09T21:53:24.662914Z,github.com/pESt-paRser/PeST,v2.9.4-0.20261009084354-7e779b775de4+incompatible
2026-10-09T21:53:24.756077Z,github.com/pesT-pARSeR/pESt,v2.9.4-0.20261009084354-7e779b775de4+incompatible
2026-10-09T21:53:24.815287Z,github.com/PEsT-paRseR/PeST,v2.9.4-0.20261009084354-7e779b775de4+incompatible
2026-10-09T21:53:24.914353Z,github.com/pEST-pArser/pEst,v2.9.4-0.20261009084354-7e779b775de4+incompatible
2026-10-09T21:53:24.92006Z,github.com/pEst-paRser/PeST,v2.9.4-0.20261009084354-7e779b775de4+incompatible
2026-10-09T21:53:25.05436Z,github.com/PEst-parseR/PesT,v2.9.4-0.20261009084354-7e779b775de4+incompatible
2026-10-09T21:53:25.113932Z,github.com/PeSt-PARsEr/pEst,v2.9.4-0.20261009084354-7e779b775de4+incompatible
2026-10-09T21:53:25.161063Z,github.com/PEST-PaRSeR/pESt,v2.9.4-0.20261009084354-7e779b775de4+incompatible
2026-10-09T21:53:25.254295Z,github.com/PEst-PaRser/pEST,v2.9.4-0.20261009084354-7e779b775de4+incompatible
2026-10-09T21:53:25.288961Z,github.com/PeSt-parSER/PeSt,v2.9.4-0.20261009084354-7e779b775de4+incompatible
2026-10-09T21:53:25.362057Z,github.com/pesT-pArseR/PEST,v2.9.4-0.20261009084354-7e779b775de4+incompatible
2026-10-09T21:53:25.365228Z,github.com/PeSt-paRSer/PeSt,v2.9.4-0.20261009084354-7e779b775de4+incompatible
2026-10-09T21:53:25.447446Z,github.com/PEst-parSeR/PEst,v2.9.4-0.20261009084354-7e779b775de4+incompatible
2026-10-09T21:53:25.478405Z,github.com/PEsT-ParSer/Pest,v2.9.4-0.20261009084354-7e779b775de4+incompatible
2026-10-09T21:53:25.503277Z,github.com/peSt-ParSeR/pESt,v2.9.4-0.20261009084354-7e779b775de4+incompatible
2026-10-09T21:53:25.624156Z,github.com/peST-parsEr/pEST,v2.9.4-0.20261009084354-7e779b775de4+incompatible
2026-10-09T21:53:25.740452Z,github.com/pESt-PaRSer/pEST,v2.9.4-0.20261009084354-7e779b775de4+incompatible
2026-10-09T21:53:25.888357Z,github.com/Pest-PARsER/Pest,v2.9.4-0.20261009084354-7e779b775de4+incompatible
2026-10-09T21:53:25.914984Z,github.com/PeST-ParsER/pesT,v2.9.4-0.20261009084354-7e779b775de4+incompatible
2026-10-09T21:53:25.935095Z,github.com/pEst-pArsER/Pest,v2.9.4-0.20261009084354-7e779b775de4+incompatible
2026-10-09T21:53:26.049982Z,github.com/peST-ParsER/pEsT,v2.9.4-0.20261009084354-7e779b775de4+incompatible
2026-10-09T21:53:26.11933Z,github.com/pEST-PArsER/PeST,v2.9.4-0.20261009084354-7e779b775de4+incompatible
2026-10-09T21:53:26.250836Z,github.com/peST-PArSEr/Pest,v2.9.4-0.20261009084354-7e779b775de4+incompatible
2026-10-09T21:53:26.422681Z,github.com/pEST-parsEr/PeSt,v2.9.4-0.20261009084354-7e779b775de4+incompatible
2026-10-09T21:53:26.429768Z,github.com/PEsT-parser/PeST,v2.9.4-0.20261009084354-7e779b775de4+incompatible
2026-10-09T21:53:26.465646Z,github.com/Pest-ParsEr/PesT,v2.9.4-0.20261009084354-7e779b775de4+incompatible
2026-10-09T21:53:26.480629Z,github.com/pEST-paRSeR/PEsT,v2.9.4-0.20261009084354-7e779b775de4+incompatible
2026-10-09T21:53:26.481194Z,github.com/avaraline/incarnator,v0.0.0-20261009032623-8cb785dffe67
2026-10-09T21:53:26.628331Z,github.com/PEST-pArSer/PEst,v2.9.4-0.20261009084354-7e779b775de4+incompatible
2026-10-09T21:53:26.632519Z,github.com/PESt-PArsEr/PesT,v2.9.4-0.20261009084354-7e779b775de4+incompatible
2026-10-09T21:53:26.654151Z,github.com/PeST-PARSeR/PESt,v2.9.4-0.20261009084354-7e779b775de4+incompatible
2026-10-09T21:53:26.813828Z,github.com/pEst-PArSeR/PESt,v2.9.4-0.20261009084354-7e779b775de4+incompatible
2026-10-09T21:53:26.846102Z,github.com/PEsT-PaRSEr/pesT,v2.9.4-0.20261009084354-7e779b775de4+incompatible
2026-10-09T21:53:26.898718Z,github.com/PeST-PArsER/pEST,v2.9.4-0.20261009084354-7e779b775de4+incompatible
2026-10-09T21:53:26.925085Z,github.com/PeSt-parSER/pEsT,v2.9.4-0.20261009084354-7e779b775de4+incompatible
2026-10-09T21:53:27.08051Z,github.com/PESt-parSer/pEST,v2.9.4-0.20261009084354-7e779b775de4+incompatible
2026-10-09T21:53:27.096888Z,github.com/peST-PArser/PEst,v2.9.4-0.20261009084354-7e779b775de4+incompatible
2026-10-09T21:53:27.200738Z,github.com/Pest-pArSEr/PEst,v2.9.4-0.20261009084354-7e779b775de4+incompatible
2026-10-09T21:53:27.26331Z,github.com/pEst-pArSer/peST,v2.9.4-0.20261009084354-7e779b775de4+incompatible
2026-10-09T21:53:27.294784Z,github.com/pESt-PaRSer/pesT,v2.9.4-0.20261009084354-7e779b775de4+incompatible
2026-10-09T21:53:27.299802Z,github.com/PESt-PaRseR/pesT,v2.9.4-0.20261009084354-7e779b775de4+incompatible
2026-10-09T21:53:27.329595Z,github.com/PesT-parSer/pest,v2.9.4-0.20261009084354-7e779b775de4+incompatible
2026-10-09T21:53:27.356885Z,github.com/pest-ParSer/pESt,v2.9.4-0.20261009084354-7e779b775de4+incompatible
2026-10-09T21:53:27.433571Z,github.com/PEsT-parsEr/peSt,v2.9.4-0.20261009084354-7e779b775de4+incompatible
2026-10-09T21:53:27.484337Z,github.com/pEsT-PaRsER/PEst,v2.9.4-0.20261009084354-7e779b775de4+incompatible
2026-10-09T21:53:27.577217Z,github.com/PEsT-pARsEr/Pest,v2.9.4-0.20261009084354-7e779b775de4+incompatible
2026-10-09T21:53:27.71945Z,github.com/pEst-paRSEr/PESt,v2.9.4-0.20261009084354-7e779b775de4+incompatible
2026-10-09T21:53:28.01477Z,github.com/PEsT-pArsER/pEST,v2.9.4-0.20261009084354-7e779b775de4+incompatible
2026-10-09T21:53:28.025864Z,github.com/PEsT-paRSEr/PESt,v2.9.4-0.20261009084354-7e779b775de4+incompatible
2026-10-09T21:53:28.071685Z,github.com/PesT-PARsEr/PEST,v2.9.4-0.20261009084354-7e779b775de4+incompatible
2026-10-09T21:53:28.220155Z,github.com/pEST-pARSEr/peST,v2.9.4-0.20261009084354-7e779b775de4+incompatible
2026-10-09T21:53:28.234849Z,github.com/pESt-parSeR/pEst,v2.9.4-0.20261009084354-7e779b775de4+incompatible
2026-10-09T21:53:28.242114Z,github.com/PESt-pARsER/PEST,v2.9.4-0.20261009084354-7e779b775de4+incompatible
2026-10-09T21:53:28.248839Z,github.com/pESt-PArSeR/pEST,v2.9.4-0.20261009084354-7e779b775de4+incompatible
2026-10-09T21:53:28.385265Z,github.com/pEST-parseR/Pest,v2.9.4-0.20261009084354-7e779b775de4+incompatible
2026-10-09T21:53:28.414018Z,github.com/pEst-PArser/pesT,v2.9.4-0.20261009084354-7e779b775de4+incompatible
2026-10-09T21:53:28.528339Z,github.com/PeSt-parSer/pesT,v2.9.4-0.20261009084354-7e779b775de4+incompatible
2026-10-09T21:53:28.637404Z,github.com/peSt-pArseR/PesT,v2.9.4-0.20261009084354-7e779b775de4+incompatible
2026-10-09T21:53:28.732306Z,github.com/peST-ParseR/PEst,v2.9.4-0.20261009084354-7e779b775de4+incompatible
2026-10-09T21:53:28.850462Z,github.com/PEsT-PARser/PEST,v2.9.4-0.20261009084354-7e779b775de4+incompatible
2026-10-09T21:53:28.939057Z,github.com/PEST-PArseR/PEst,v2.9.4-0.20261009084354-7e779b775de4+incompatible
2026-10-09T21:53:28.948085Z,github.com/pesT-PArseR/pEST,v2.9.4-0.20261009084354-7e779b775de4+incompatible
2026-10-09T21:53:29.078184Z,github.com/pesT-PARSER/pesT,v2.9.4-0.20261009084354-7e779b775de4+incompatible
2026-10-09T21:53:29.086005Z,github.com/pEST-parSeR/PESt,v2.9.4-0.20261009084354-7e779b775de4+incompatible
2026-10-09T21:53:29.403908Z,github.com/PesT-PaRSEr/PEsT,v2.9.4-0.20261009084354-7e779b775de4+incompatible
2026-10-09T21:53:29.658709Z,github.com/pesT-ParSeR/PeSt,v2.9.4-0.20261009084354-7e779b775de4+incompatible
2026-10-09T21:53:29.979563Z,github.com/PeST-parseR/pest,v2.9.4-0.20261009084354-7e779b775de4+incompatible
2026-10-09T21:53:30.158292Z,github.com/Pest-PaRsEr/PEST,v2.9.4-0.20261009084354-7e779b775de4+incompatible
2026-10-09T21:53:30.309232Z,github.com/pEST-pArseR/PEsT,v2.9.4-0.20261009084354-7e779b775de4+incompatible
2026-10-09T21:53:30.326105Z,github.com/PESt-parSEr/pesT,v2.9.4-0.20261009084354-7e779b775de4+incompatible
2026-10-09T21:53:30.371895Z,github.com/PEsT-pARseR/peST,v2.9.4-0.20261009084354-7e779b775de4+incompatible
2026-10-09T21:53:30.581968Z,github.com/pesT-paRSer/PESt,v2.9.4-0.20261009084354-7e779b775de4+incompatible
2026-10-09T21:53:30.662706Z,github.com/PEST-PARser/PEST,v2.9.4-0.20261009084354-7e779b775de4+incompatible
2026-10-09T21:53:30.89969Z,github.com/PesT-PArseR/PEsT,v2.9.4-0.20261009084354-7e779b775de4+incompatible
2026-10-09T21:53:30.914484Z,github.com/PeSt-pARSER/pEsT,v2.9.4-0.20261009084354-7e779b775de4+incompatible
2026-10-09T21:53:31.151914Z,github.com/peSt-PArseR/PESt,v2.9.4-0.20261009084354-7e779b775de4+incompatible
2026-10-09T21:53:31.430333Z,github.com/pEsT-paRseR/pEst,v2.9.4-0.20261009084354-7e779b775de4+incompatible
2026-10-09T21:53:32.993344Z,github.com/PEST-PArsEr/PeST,v2.9.4-0.20261009084354-7e779b775de4+incompatible
2026-10-09T21:53:33.001058Z,github.com/PeSt-paRsER/pesT,v2.9.4-0.20261009084354-7e779b775de4+incompatible
2026-10-09T21:53:33.303737Z,github.com/pEst-PaRSER/pEST,v2.9.4-0.20261009084354-7e779b775de4+incompatible
2026-10-09T21:53:33.441021Z,github.com/peST-paRSEr/pEsT,v2.9.4-0.20261009084354-7e779b775de4+incompatible
2026-10-09T21:53:33.473365Z,github.com/pESt-ParSeR/PESt,v2.9.4-0.20261009084354-7e779b775de4+incompatible
2026-10-09T21:53:33.554052Z,github.com/PESt-pARSeR/PEST,v2.9.4-0.20261009084354-7e779b775de4+incompatible
2026-10-09T21:53:33.694179Z,github.com/PesT-pARSEr/PeSt,v2.9.4-0.20261009084354-7e779b775de4+incompatible
2026-10-09T21:53:34.578274Z,github.com/pEST-parsEr/PesT,v2.9.4-0.20261009084354-7e779b775de4+incompatible
2026-10-09T21:53:35.735191Z,github.com/pesT-pArSER/PeSt,v2.9.4-0.20261009084354-7e779b775de4+incompatible
2026-10-09T21:53:35.774874Z,github.com/PEST-ParSeR/peST,v2.9.4-0.20261009084354-7e779b775de4+incompatible
2026-10-09T21:53:36.072631Z,github.com/PEsT-PARsEr/PEsT,v2.9.4-0.20261009084354-7e779b775de4+incompatible
2026-10-09T21:53:36.255949Z,github.com/pEsT-PArSeR/pEst,v2.9.4-0.20261009084354-7e779b775de4+incompatible
2026-10-09T21:53:37.433254Z,github.com/pest-PArsEr/pesT,v2.9.4-0.20261009084354-7e779b775de4+incompatible
2026-10-09T21:53:44.80531Z,github.com/pscheid92/kpg,v0.3.1
2026-10-09T21:53:48.169458Z,github.com/oxid-esales/oxideshop_ce,v7.6.0+incompatible
2026-10-09T21:53:48.469286Z,github.com/fdietze/sqlc-gen-from-template,v0.0.0-20260724125032-c1e395ac9a77
2026-10-09T21:53:49.752456Z,github.com/pulumi/pulumi-tool-cdk-importer,v0.0.8-0.20261009174814-c86c36e09bb2
2026-10-09T21:53:52.563326Z,github.com/tls-attacker/TLS-Scanner,v6.1.0+incompatible
2026-10-09T21:54:20.737533Z,github.com/betttr-data/gambling-harm-data,v2026.10.2+incompatible
2026-10-09T21:54:25.146376Z,github.com/voxgig-sdk/lm-whatsapp-sdk/go-cli,v0.1.3-0.20261008190118-81bc0257844a
2026-10-09T21:54:25.806709Z,github.com/tinne26/kage-desk/examples/intro/half-half,v0.0.0-20261009115539-8b02a33a7278
2026-10-09T21:54:47.095498Z,github.com/l0k18/9,v0.9.0
2026-10-09T21:54:51.394916Z,github.com/codegraphcontext/codegraphcontext,v0.5.8-0.20260929203452-642c3215f8ef
2026-10-09T21:54:58.574353Z,github.com/Klass-lk/GinBoot/db/sql,v1.28.0
2026-10-09T21:55:14.696608Z,github.com/dapr/dapr-agents,v1.0.9
2026-10-09T21:55:21.17661Z,github.com/jimmxinu/fanficfare,v4.62.1-0.20261009162641-50fd71a37ca0+incompatible
2026-10-09T21:55:22.260042Z,github.com/ItChYnY/gOjQ,v0.12.20-0.20261009142319-706829303057
2026-10-09T21:55:26.202284Z,github.com/Pest-PaRsER/Pest,v2.9.3+incompatible
2026-10-09T21:55:30.106936Z,github.com/cernbox/reva-plugins,v0.0.45-0.20261008173516-369999718693
2026-10-09T21:56:21.604464Z,github.com/dlcuy22/molo,v1.0.1-0.20261009131055-f78fef939e26
2026-10-09T21:56:23.814949Z,github.com/SchrodingerZhu/snmalloc,v0.4.0
2026-10-09T21:56:49.982576Z,github.com/QuentinRegnier/numan-backend,v0.0.0-20261008151135-2a24a7823244
2026-10-09T21:56:53.593862Z,github.com/pEsT-Parser/PEsT,v2.9.3+incompatible
2026-10-09T21:57:15.781703Z,github.com/rivian/flink-on-k8s-operator,v0.0.0-20230606220107-5c00426a18cc
2026-10-09T21:57:23.856069Z,github.com/0supa/func_supa,v0.0.0-20261009213232-96c0e59677cb
2026-10-09T21:57:28.37744Z,github.com/laisky/piv-go/v2,v2.0.0-20261009193015-894213b04ce4
2026-10-09T21:57:32.549826Z,github.com/mixaill76/auto_ai_router,v0.4.3-0.20261009212914-02b1a396bb14
2026-10-09T21:57:35.56592Z,github.com/pESt-PaRSEr/PEST,v2.9.3+incompatible
2026-10-09T21:57:40.763114Z,github.com/TrunkRecorder/trunk-recorder,v2.1.2+incompatible
2026-10-09T21:57:44.680001Z,github.com/quentinregnier/numan-backend,v0.0.0-20261008151135-2a24a7823244
2026-10-09T21:57:48.832281Z,github.com/yazmeyaa/rpg_game,v0.0.0-20261008194803-e3b942bb2882
2026-10-09T21:57:51.277975Z,github.com/simonlin1212/vibe-research,v1.2.1-0.20261007014103-9d9e83011af9
2026-10-09T21:57:56.47343Z,github.com/nf-core/seqinspector,v0.0.0-20261008083602-d97d2b1728e6
2026-10-09T21:58:04.107913Z,github.com/cakephp/i18n,v0.0.0-20261009115726-8098a2b5056b
2026-10-09T21:58:13.161479Z,github.com/hitesh22rana/chronoverse,v1.6.3-0.20261009165834-47eaf1738286
2026-10-09T21:58:18.05436Z,github.com/tyk-swe/olp,v0.0.0-20261009215710-8aaa19ce2d32
2026-10-09T21:58:21.89365Z,github.com/charlesmod/wasp,v0.0.0-20261009202616-1df91a484243
2026-10-09T21:58:25.101176Z,github.com/avidofood/vue-responsive-video-background-player,v0.0.0-20261007195913-d9e19fd9579f
2026-10-09T21:58:38.621077Z,github.com/newrelic/eslint-config-newrelic,v0.9.1
2026-10-09T21:58:41.08244Z,github.com/mmedum/google-chat-mcp/v5,v5.1.0
2026-10-09T21:58:45.348261Z,github.com/1Password/connect-sdk-python,v1.5.1
2026-10-09T21:58:48.382707Z,github.com/flylib/pkg/mysql,v0.1.0
2026-10-09T21:59:16.643409Z,github.com/trunkrecorder/trunk-recorder,v5.2.0+incompatible
2026-10-09T21:59:29.540197Z,github.com/islandsexit/bltcli,v0.1.4-0.20261009210903-2f375d81c466
2026-10-09T21:59:40.046518Z,github.com/stellar/rs-soroban-env,v29.0.1+incompatible
2026-10-09T21:59:49.243866Z,github.com/Obsidian-TTRPG-Community/dice-roller,v8.13.4+incompatible
2026-10-09T21:59:50.498717Z,github.com/YakirOren/go-unirast,v0.0.2
2026-10-09T21:59:56.136302Z,github.com/Astral-sh/uv,v0.0.0-20261009213026-4efeeaf5704d
2026-10-09T22:00:00.05797Z,github.com/c0x12c/module-git-secret-protector,v1.13.0
2026-10-09T22:00:07.858371Z,github.com/lionSoul2014/ip2region/binding/golang,v0.0.0-20261008081544-02f04aa559ac
2026-10-09T22:00:16.418649Z,github.com/Orange-CloudAvenue/cloudavenue-sdk-go,v0.31.1
2026-10-09T22:00:24.96134Z,github.com/1Password/onepassword-sdk-js,v0.1.0-beta.8
2026-10-09T22:00:29.706215Z,github.com/mightyiam/eslint-config-love,v158.0.1-0.20261009213232-a1599e517988+incompatible
2026-10-09T22:00:32.71179Z,github.com/hmrc/teams-and-repositories,v11.48.0+incompatible
2026-10-09T22:00:39.849427Z,github.com/obsidian-ttrpg-community/dice-roller,v8.13.4+incompatible
2026-10-09T22:00:46.466098Z,github.com/talkkonnect/TalkKonnect,v0.0.0-20260930082506-90055598005a
2026-10-09T22:00:46.569028Z,github.com/syntax-tree/mdast-util-directive,v0.0.0-20261003163004-cbeb1ead1023
2026-10-09T22:00:55.305244Z,github.com/1Password/onepassword-sdk-python,v0.1.0-beta.9
2026-10-09T22:01:55.48265Z,github.com/syrusakbary/GQL,v4.4.0+incompatible
2026-10-09T22:01:55.670714Z,github.com/ekampf/GQL,v0.0.0-20210909185540-1e583a203d8b
2026-10-09T22:01:56.350158Z,github.com/cito/GQL,v0.0.0-20230905191041-d4c975198ad6
2026-10-09T22:01:56.546042Z,github.com/tonistiigi/fsutil/bench,v0.0.0-20261009124904-c1c5bffae3b5
2026-10-09T22:01:58.94544Z,github.com/valleybell/libvgm,v0.0.0-20261009084351-a6eed945ecf4
2026-10-09T22:02:01.299539Z,github.com/KingDarBoja/GQL,v0.3.1-0.20201108144812-6254ab977287
2026-10-09T22:02:06.174938Z,github.com/leszekhanusz/GQL,v0.5.1-0.20260721125104-aa2d23f2cf43
2026-10-09T22:02:14.232085Z,github.com/tinne26/kage-desk/examples/learn/gamma-correction,v0.0.0-20261009115539-8b02a33a7278
2026-10-09T22:02:26.582039Z,github.com/iquestlab/reap,v4.28.0-rc1.0.20261009211111-1fe1c29f6132+incompatible
2026-10-09T22:02:35.307894Z,github.com/php-standard-library/os,v0.0.0-20261008232401-173aecb7b1b2
2026-10-09T22:02:41.580206Z,github.com/Spine-project/Spine-Toolbox,v0.4.2-alpha.0.0.20261001093418-84700f13090b
2026-10-09T22:02:42.408289Z,github.com/arduino/arduinocore-zephyr,v0.1.4-0.20261008142021-77982519c503
2026-10-09T22:02:48.462878Z,github.com/danalock/terraform-provider-git,v0.1.4
2026-10-09T22:02:55.900254Z,github.com/khang06/thprac,v0.0.0-20250817095727-dbb59dca6deb
2026-10-09T22:03:19.782624Z,github.com/PeSt-paRSeR/PeST,v2.9.3+incompatible
2026-10-09T22:03:42.497102Z,github.com/jenkins-x/jenkins-x-platform,v2.0.636+incompatible
2026-10-09T22:03:42.983494Z,gofr.dev/pkg/gofr/metrics/exporters/gcp,v0.2.2-0.20261001094059-b363f85f0044
2026-10-09T22:03:54.032885Z,github.com/bosun-ai/swiftide,v0.32.2-0.20261008093015-8163a3761315
2026-10-09T22:03:56.741988Z,github.com/xishengcai/machine-code,v0.0.0-20261008221912-4c5c8c607da7
2026-10-09T22:04:02.870789Z,github.com/irankhub/backend,v0.0.0-20250314173255-ca1e055455c3
2026-10-09T22:04:09.528282Z,github.com/terva-sh/tuohi,v0.1.1
2026-10-09T22:04:58.026582Z,github.com/PesT-paRseR/PesT,v2.9.3+incompatible
2026-10-09T22:05:23.541502Z,github.com/typo3-cms/frontend,v14.3.8+incompatible
2026-10-09T22:05:39.25686Z,github.com/endocrimes/test,v0.0.0-20261009220345-3080a2965053
2026-10-09T22:05:41.138974Z,github.com/bottega-cereghino/facet,v0.1.1
2026-10-09T22:05:42.69111Z,github.com/mrrefactoring/confluence.js,v2.1.1+incompatible
2026-10-09T22:05:47.960745Z,github.com/tkmsaaaam/raspi-manager/slackPublisher,v0.0.0-20261009053825-854039647cd6
2026-10-09T22:05:58.189956Z,github.com/google/xNNPACK,v0.0.0-20261009220015-e9e666239141
2026-10-09T22:05:58.516086Z,github.com/homebridge/node-pty-prebuilt-multiarch,v0.15.0-alpha.9
2026-10-09T22:06:21.504195Z,go.osspkg.com/ioutils,v0.8.1
2026-10-09T22:06:22.752918Z,github.com/nasa/CF,v7.0.0+incompatible
2026-10-09T22:06:55.254598Z,github.com/kikobeats/automate-release,v2.1.15-0.20260921073406-7fb2f2e5c7fd+incompatible
2026-10-09T22:07:03.972384Z,github.com/golangcI/golangci-lint/v2,v2.14.1-0.20261009215352-a8e6e8bc7d43
2026-10-09T22:07:04.739643Z,github.com/aldinokemal/go-whatsapp-web-Multidevice,v9.6.1-0.20261008182807-be46d9fb8fe1+incompatible
2026-10-09T22:07:30.289238Z,github.com/awnion/fastgrep,v0.1.10
2026-10-09T22:07:38.834499Z,github.com/Ozark-Connect/NetworkOptimizer-Proxy/waf,v0.0.0-20261009220557-f6d2a86e8dc0
2026-10-09T22:07:38.844838Z,github.com/Ozark-Connect/NetworkOptimizer-Proxy,v0.0.0-20261009220557-f6d2a86e8dc0
2026-10-09T22:07:52.390939Z,github.com/NVIDIA/nvshmem,v3.8.0-0+incompatible
2026-10-09T22:07:52.989386Z,github.com/kochie/contact-tracing/lib/functions,v0.0.0-20261004150842-a4296b63721d
2026-10-09T22:08:07.290685Z,github.com/conduitio-labs/conduit-connector-kinesis,v0.2.1
2026-10-09T22:08:09.092392Z,github.com/jquery/jquery.com,v4.0.5+incompatible
2026-10-09T22:08:18.596198Z,github.com/akash-network/cosmos-omnibus,v1.0.0-rc2
2026-10-09T22:08:22.854323Z,github.com/zuihou/lamp-util,v0.0.0-20261009082408-30fe260925f9
2026-10-09T22:08:25.73994Z,github.com/aws-actions/amazon-ecs-deploy-task-definition,v2.6.4+incompatible
2026-10-09T22:08:30.396978Z,github.com/takuyaYagam1/go-httpkit,v0.7.1-0.20260929122847-099b8105ddf6
2026-10-09T22:08:41.853809Z,github.com/pESt-PArSer/pEST,v2.7.6+incompatible
2026-10-09T22:08:47.878426Z,github.com/coveooss/hareflow,v0.1.0
2026-10-09T22:08:50.0508Z,github.com/obstor/obstor,v0.0.0-20261006001719-0f86f5be6517
2026-10-09T22:08:53.428765Z,github.com/cardano-scaling/cardano-blueprint,v0.0.0-20251020140001-7032942fd82a
2026-10-09T22:09:01.825409Z,github.com/helm/hElm/v4,v4.3.0-rc.1.0.20261006143514-dc56a44fee5a
2026-10-09T22:09:16.005027Z,github.com/peST-PARsER/PeSt,v0.2.2
2026-10-09T22:09:16.245857Z,github.com/peST-pARseR/pESt,v1.0.2
2026-10-09T22:09:16.392101Z,github.com/pest-ParseR/PEst,v0.2.5
2026-10-09T22:09:16.60963Z,github.com/Pest-pArSer/PESt,v1.0.2
2026-10-09T22:09:19.12491Z,github.com/PESt-PArsEr/peST,v0.2.5
2026-10-09T22:09:25.183504Z,github.com/aws-amplify/amplify-swift-utils-notifications,v0.0.0-20260928142018-621758741728
2026-10-09T22:09:36.970629Z,github.com/aws-amplify/maplibre-gl-js-amplify,v5.0.0+incompatible
2026-10-09T22:09:38.208759Z,github.com/ajenbo/phpantom_lsp,v0.0.0-20261009153519-fd10d4294b01
2026-10-09T22:09:48.657862Z,github.com/rlatjwls7882/Codeforces,v0.0.0-20261003175107-91d98d8ddd28
2026-10-09T22:09:53.361322Z,github.com/redhat-marketplace/datactl,v0.4.10
2026-10-09T22:10:06.493006Z,github.com/akegarasu/blivedm-go,v1.6.1-0.20260926113008-957b543d2bfa
2026-10-09T22:10:07.037029Z,github.com/CorentinGS/chess/v3,v3.0.0-beta.4
2026-10-09T22:10:15.337186Z,github.com/stywzn/go-cloud-system,v0.0.0-20260927103109-4d966bd3c4ee
2026-10-09T22:10:22.176249Z,github.com/williamsouzadelima/suricatoos-infra,v0.0.0-20261009014127-af89ed79dcdb
2026-10-09T22:10:25.573016Z,github.com/StefanBethge/gseq-table,v1.3.0
2026-10-09T22:10:30.914403Z,github.com/praxis-labs-io/zen-octo,v0.3.0
2026-10-09T22:10:34.763623Z,github.com/oskarsh/Yin-Yang,v3.0.0+incompatible
2026-10-09T22:10:38.414684Z,github.com/kaggle/kaggle-environments,v0.2.2-0.20261008195947-bac60f5e6662
2026-10-09T22:10:46.333768Z,github.com/SimScaleGmbH/simscale-chtv2-api,v0.0.0-20240822133517-2a3705da61dd
2026-10-09T22:10:48.374566Z,github.com/simple-login/Simple-Login-iOS,v0.0.0-20260929093425-b18f6db8b3f4
2026-10-09T22:10:48.991162Z,github.com/i7MEDIA/mojoportal,v3.1.2+incompatible
2026-10-09T22:10:53.070321Z,github.com/CHE3MZ/gitagger,v1.1.5
2026-10-09T22:10:54.307277Z,github.com/SimScaleGmbH/simscale-pwc-api,v0.0.0-20230629100939-c2df5c3212c9
2026-10-09T22:11:06.139915Z,github.com/workos/authkit-nextjs,v4.4.1-0.20261005181601-13938bea1f7b+incompatible
2026-10-09T22:11:07.938644Z,github.com/SimScaleGmbH/topo_extend,v0.0.0-20230726100411-a87d90c5cd58
2026-10-09T22:11:13.449526Z,github.com/SimScaleGmbH/simscale-python-sdk,v0.0.0-20260303162236-2989f25489ed
2026-10-09T22:11:23.811381Z,github.com/miriway/miriway,v24.11.2-0.20260821211421-d5e8abba4164+incompatible
2026-10-09T22:11:23.906195Z,github.com/dpgmedia/marshmallow-annotations,v2.0.0+incompatible
2026-10-09T22:11:24.281963Z,github.com/lancatlin/nillumbik,v0.0.0-20261007002304-768a8c9c3326
2026-10-09T22:11:24.32902Z,github.com/aws/aws-graviton-getting-started,v0.0.0-20261009142444-40c246f52416
2026-10-09T22:11:27.633509Z,github.com/aws/aws-iot-device-sdk-python,v1.6.2
2026-10-09T22:11:40.097808Z,github.com/mipalgu/swift-mtl,v0.2.0
2026-10-09T22:11:56.871785Z,github.com/apex-bench/apex-bench,v0.0.0-20251014143959-7e321480445a
2026-10-09T22:12:00.192857Z,github.com/aws/aws-parallelcluster-ui,v0.0.0-20261008182017-c295d00d52f8
2026-10-09T22:12:09.041932Z,github.com/IBM/IBM-backup-recovery-sdk-go,v1.5.1
2026-10-09T22:12:26.44629Z,github.com/pytest-dev/iniconfig,v2.3.1+incompatible
2026-10-09T22:12:29.84637Z,github.com/k0kubun/pp/v3,v3.5.3
2026-10-09T22:12:30.384104Z,github.com/Laisky/zap/benchmarks,v0.0.0-20261008184053-a7cce67ec8f7
2026-10-09T22:12:39.425384Z,github.com/UnSubble/searchit,v0.1.0-alpha
2026-10-09T22:12:51.954041Z,github.com/pyinstxtractor/pyinstxtractor-ng,v0.0.0-20261008180405-1ed86ccc575c
2026-10-09T22:13:00.64103Z,github.com/sunpy/sunpy,v8.0.1+incompatible
2026-10-09T22:13:29.41213Z,github.com/simscalegmbh/topo_extend,v0.0.0-20230726100411-a87d90c5cd58
2026-10-09T22:14:01.543149Z,github.com/stefanbethge/gseq-table,v1.3.1-0.20261001105301-bf5aada6474a
2026-10-09T22:14:20.889364Z,github.com/wpengine/phpcompat,v1.6.4
2026-10-09T22:14:30.861113Z,github.com/wpengine/geoip,v0.0.0-20260925185349-c545842874dd
2026-10-09T22:14:40.765909Z,github.com/moderntv/eventual-cache,v1.0.1
2026-10-09T22:14:42.635701Z,github.com/jeswr/n3.js,v1.6.5-0.20260901160615-ffb71f9f7ddb
2026-10-09T22:14:49.411923Z,gitlab.com/stormhead/stormlink/msa/meta,v0.0.7
2026-10-09T22:15:12.152404Z,github.com/ForkbombEu/eudi-conformance-evidence,v1.0.2
2026-10-09T22:15:12.3446Z,github.com/openchami/deployment-recipes,v0.0.0-20260624132513-0273deba3015
2026-10-09T22:15:14.956701Z,github.com/openchami/openchami.org,v0.0.0-20260921201139-dbf8f8794a1e
2026-10-09T22:15:27.533415Z,github.com/intel/aog,v0.7.8
2026-10-09T22:15:35.748233Z,github.com/kubernetes-client/python,v37.0.1+incompatible
2026-10-09T22:15:38.382662Z,github.com/Pest-PARser/pEst,v2.9.3+incompatible
2026-10-09T22:15:58.672505Z,github.com/Nvidia/aicr,v1.0.1-0.20261009214611-6f905d1468e8
2026-10-09T22:16:06.200261Z,github.com/solarwinds/orionsdk-python,v0.5.0
2026-10-09T22:16:09.886124Z,github.com/solarwinds/apm-ruby,v0.0.0-20261008152831-6e2561c66069
2026-10-09T22:16:27.950314Z,github.com/ViaPost-io/viapost-cli,v0.2.2-0.20261006165904-047a9ee502d8
2026-10-09T22:16:40.704988Z,github.com/getsentry/MobileBuildMCP,v1.9.0
2026-10-09T22:16:43.454394Z,github.com/ripe-ncc/rpki-publication-server,v2.0.2+incompatible
2026-10-09T22:16:47.228172Z,github.com/ripe-ncc/rsyncit,v0.5.1
2026-10-09T22:16:49.268564Z,github.com/ripe-ncc/rnd-ui-datastores,v0.2.0
2026-10-09T22:16:51.867595Z,github.com/ripe-ncc/ripe-database-documentation,v0.0.11
2026-10-09T22:16:53.084438Z,github.com/raphaelvallat/pingouin,v0.7.1-0.20261001161440-bb1cb22a3137
2026-10-09T22:17:02.554641Z,github.com/aws/aws-sdk-go-v2/service/supportauthz,v1.6.3
2026-10-09T22:17:09.176025Z,github.com/ripe-ncc/ripe-atlas-probe-measurements,v2.6.1+incompatible
2026-10-09T22:17:12.019204Z,github.com/ripe-ncc/ripe-atlas-software-probe,v2.6.1+incompatible
2026-10-09T22:17:12.549846Z,github.com/winddriver/Delphi-Cross-Socket,v0.0.0-20261008160343-12846a1de996
2026-10-09T22:17:16.776868Z,github.com/ripe-ncc/rnd-ui-components,v0.1.2
2026-10-09T22:17:17.81072Z,github.com/aws/aws-toolkit-jetbrains,v0.0.0-20261008200954-f47dbe85481d
2026-10-09T22:17:18.089127Z,github.com/antchfx/jsonquery,v1.3.9-0.20261007065216-ffaee793eceb
2026-10-09T22:17:21.024062Z,github.com/ripe-ncc/bgp-security-lab,v0.20230331.0
2026-10-09T22:17:21.538929Z,github.com/graphhopper/open-traffic-collection,v0.0.0-20261009120307-fd0e671b0152
2026-10-09T22:17:26.377786Z,github.com/getsentry/mobilebuildmcp,v2.0.1+incompatible
2026-10-09T22:17:27.125892Z,github.com/ripe-ncc/graph-explorer,v1.0.0
2026-10-09T22:17:27.23172Z,github.com/sail-sg/oat-llm,v0.2.2
2026-10-09T22:17:27.584516Z,github.com/disaster37/es-handler/v9,v9.0.1-0.20261009200008-18b9967f0a21
2026-10-09T22:17:28.3179Z,github.com/HelM/hELm/v4,v4.3.0-rc.1.0.20261006143514-dc56a44fee5a
2026-10-09T22:17:29.197744Z,github.com/ripe-ncc/ipv6-security-lab,v0.20240816.0
2026-10-09T22:17:36.918437Z,github.com/open-cluster-management-io/governance-policy-addon-controller,v0.20.1
2026-10-09T22:17:37.638822Z,github.com/finos/calm-governance,v0.0.0-20261008115601-a1275b09fceb
2026-10-09T22:17:48.152299Z,github.com/onuragtas/openlog/libs/release,v0.0.0-20261009221225-843e70e7c4f1
2026-10-09T22:18:07.193742Z,github.com/sawmills/opentelemetry-collector-contrib/receiver/googlecloudpubsubreceiver,v0.149.0-sawmills.2.0.20261008215425-5a33213671ef
2026-10-09T22:18:14.775101Z,github.com/mobilecoinofficial/mobilecoin,v7.2.0+incompatible
2026-10-09T22:18:29.619032Z,github.com/edwinyyyu/memmachine,v0.0.0-20261009003018-6fe7c2f91753
2026-10-09T22:18:42.805698Z,github.com/pesT-pARsEr/PEST,v2.9.3+incompatible
2026-10-09T22:18:44.142604Z,github.com/aws/graph-explorer,v3.3.0+incompatible
2026-10-09T22:19:01.759863Z,github.com/woodruffw/woodruffw.github.io,v0.0.0-20261008022247-94e4f24d7c12
2026-10-09T22:19:02.81033Z,github.com/coreos/etcd/client/pkg/v3,v3.8.0-alpha.0.0.20261008093133-f061acd0902d
2026-10-09T22:19:05.00084Z,github.com/dannyeldridge/differ,v0.0.0-20261002162026-a9caa1818ba7
2026-10-09T22:19:05.451401Z,github.com/erkinalp/4chan-go-rs,v0.0.0-20261008194943-7b2048f486a2
2026-10-09T22:19:11.036247Z,github.com/thinkyhead/marlin,v0.0.0-20260930124336-a2584a0bf320
2026-10-09T22:19:18.48446Z,github.com/azerothcore/keira3,v3.10.6-0.20261009214646-9ac51221d0ac+incompatible
2026-10-09T22:19:19.254439Z,github.com/snucclab/moo,v0.0.0-20220711021850-8289d73ea417
2026-10-09T22:19:30.472611Z,github.com/awslabs/amazon-s3-find-and-forget,v0.0.0-20261009162330-e53a206b1d34
2026-10-09T22:19:31.856877Z,github.com/Shashankss1205/CodeGraphContext,v0.5.8-0.20261009161624-1eedea3527a3
2026-10-09T22:19:35.557733Z,github.com/growlyx/tailmux,v1.1.3
2026-10-09T22:19:48.73177Z,github.com/awslabs/aws-c-http,v1.1.0
2026-10-09T22:19:51.554124Z,github.com/awslabs/aws-c-io,v1.1.0
2026-10-09T22:19:53.189704Z,github.com/aspect-build/rules_py,v2.0.0-alpha.7+incompatible
2026-10-09T22:19:54.972265Z,github.com/awslabs/aws-c-mqtt,v1.1.1
2026-10-09T22:20:10.809932Z,github.com/awslabs/aws-iot-device-sdk-cpp-v2,v1.45.1
2026-10-09T22:20:23.32117Z,github.com/anshita1saxena/final_project,v0.0.0-20231223194003-27a202fb9c33
2026-10-09T22:20:30.612228Z,github.com/solarwinds/diet-lambda,v0.0.0-20260914220041-48f7687a7df1
2026-10-09T22:20:31.266224Z,github.com/1rhino2/RhinoWAF,v1.0.5
2026-10-09T22:20:44.112997Z,github.com/esms-africa/esms-go,v1.0.1-0.20260816083327-9aa28614074a
2026-10-09T22:20:46.376514Z,github.com/cdbattags/lua-resty-jwt,v0.4.0
2026-10-09T22:21:02.354835Z,github.com/cloudbase/cloudbase-init,v0.0.0-20261008122217-734e2df01ea2
2026-10-09T22:21:04.029308Z,github.com/HumeAI/hume-react-sdk,v0.2.14
