first_seen_at,module,version
2026-10-10T15:20:08.157265Z,github.com/jenkinsci/structs-plugin,v0.0.0-20210511031751-292fae7437c0
2026-10-10T15:20:08.252471Z,github.com/realdatadriven/central-set-go,v1.156.3-0.20261010121410-3906cefb91a6
2026-10-10T15:20:14.513989Z,github.com/LingyiChen-AI/bilibili-downloader,v0.0.1
2026-10-10T15:20:20.329725Z,github.com/mm6502/enterprise-architect-mcp,v3.0.1-0.20261008184129-1007e4aa4676+incompatible
2026-10-10T15:20:30.758439Z,github.com/kazysgurskas/caddy-dicer,v0.0.0-20261010151621-5afc6b91e689
2026-10-10T15:20:37.543884Z,github.com/ceyewan/genesis,v1.0.0-rc.3
2026-10-10T15:20:44.906876Z,github.com/zalando-incubator/graphql-jit,v0.9.1-0.20261009145021-60ef26588fbc
2026-10-10T15:21:02.068166Z,github.com/debezium/dbz,v0.0.0-20261008123541-185d4c72f5c3
2026-10-10T15:21:09.595234Z,github.com/pagerduty/godspeed,v0.0.0-20150111094312-2908f001722e
2026-10-10T15:21:11.528016Z,github.com/Awarexone/Agentic-Bug-Hunter,v1.0.0
2026-10-10T15:21:35.58412Z,github.com/0magnet/progkit,v0.0.0-20261010144551-0a626e893344
2026-10-10T15:21:38.961154Z,github.com/r3bo0tbx1/tor-guard-relay,v2.2.0+incompatible
2026-10-10T15:21:55.526627Z,github.com/McReaper/t7_dxbc,v0.0.0-20261010151610-3ca834bb001b
2026-10-10T15:21:59.070838Z,github.com/knative-extensions/kn-plugin-source-kafka,v0.47.0
2026-10-10T15:22:09.020568Z,github.com/gRApHql-PYtHon/gql,v4.4.0+incompatible
2026-10-10T15:22:11.750256Z,github.com/knative-extensions/kn-plugin-admin,v0.49.0
2026-10-10T15:22:14.137329Z,github.com/GraPhql-pYTHON/gql,v4.4.0+incompatible
2026-10-10T15:22:24.226926Z,github.com/lingyichen-ai/bilibili-downloader,v0.0.1
2026-10-10T15:22:26.010369Z,github.com/GRAPhqL-pYThon/gql,v4.4.0+incompatible
2026-10-10T15:22:30.337351Z,github.com/GraPhql-PyTHoN/gql,v4.4.0+incompatible
2026-10-10T15:22:34.500067Z,github.com/GRapHqL-PyThOn/gql,v4.4.0+incompatible
2026-10-10T15:22:39.749218Z,github.com/GRaphQL-pYTHOn/gql,v4.4.0+incompatible
2026-10-10T15:22:43.240753Z,github.com/soypat/wireguard-go-netbird,v0.0.0-20261010151858-d0c6950fa455
2026-10-10T15:22:44.257122Z,github.com/gRaPhqL-pyThOn/gql,v4.4.0+incompatible
2026-10-10T15:22:44.955651Z,github.com/NerdMeNot/catena,v1.5.0
2026-10-10T15:22:49.124708Z,github.com/GRAphQl-pYThOn/gql,v4.4.0+incompatible
2026-10-10T15:23:01.926652Z,github.com/gRaphql-PyThon/gql,v4.4.0+incompatible
2026-10-10T15:23:12.381836Z,github.com/GRApHQL-PyTHon/gql,v4.4.0+incompatible
2026-10-10T15:23:22.86314Z,github.com/grApHQL-pYTHOn/gql,v4.4.0+incompatible
2026-10-10T15:23:27.334866Z,github.com/graphqL-PYthON/gql,v4.4.0+incompatible
2026-10-10T15:23:29.548349Z,github.com/Decathlon/tzatziki,v4.0.1+incompatible
2026-10-10T15:23:32.087226Z,github.com/GraphQl-PyThON/gql,v4.4.0+incompatible
2026-10-10T15:23:36.338032Z,github.com/GRAphQl-pYThoN/gql,v4.4.0+incompatible
2026-10-10T15:23:56.010087Z,go.neonxp.ru/pkg/auth,v0.0.0-20261010110121-847469abb35a
2026-10-10T15:23:56.076113Z,github.com/GrapHQl-pYtHoN/gql,v4.4.0+incompatible
2026-10-10T15:24:00.734265Z,github.com/Netcracker/qubership-core-control-plane/control-plane/v2,v2.14.0
2026-10-10T15:24:01.685818Z,github.com/service-atlas/services,v1.4.1
2026-10-10T15:24:03.915143Z,github.com/GRApHqL-pYtHOn/gql,v4.4.0+incompatible
2026-10-10T15:24:08.512512Z,github.com/exercism/bash,v0.0.0-20261008235839-a043c6997769
2026-10-10T15:24:08.781786Z,github.com/GrApHQL-pYTHoN/gql,v4.4.0+incompatible
2026-10-10T15:24:23.132704Z,github.com/grApHql-PytHon/gql,v4.4.0+incompatible
2026-10-10T15:24:25.091596Z,github.com/70sh1/eddy,v1.6.2-0.20261008231053-5c94f8f19c97
2026-10-10T15:24:55.821837Z,github.com/DecimalTurn/VBA-Build,v3.0.1+incompatible
2026-10-10T15:25:05.419767Z,github.com/nvidia/NeMo-RL,v0.7.0
2026-10-10T15:25:08.473017Z,github.com/edgenesis/shifu,v0.107.0-rc1
2026-10-10T15:25:09.80659Z,github.com/deck9/input,v2.1.0+incompatible
2026-10-10T15:25:19.843747Z,postgremq.dev/postgremq-go,v0.0.0-20261010151400-c2e283ad8742
2026-10-10T15:25:20.779859Z,github.com/nerdmenot/catena,v1.5.0
2026-10-10T15:25:29.649734Z,github.com/decimalturn/vba-build,v3.0.1+incompatible
2026-10-10T15:25:31.330874Z,postgremq.dev,v0.0.0-20261010151400-c2e283ad8742
2026-10-10T15:25:43.987216Z,github.com/AndriyKalashnykov/golang-web,v0.0.5-0.20261010101800-3b1aa69bd650
2026-10-10T15:25:57.869364Z,github.com/elagoht/collage-ratelimit,v0.1.7
2026-10-10T15:26:04.549776Z,github.com/iwanhae/viewer,v0.0.0-20261009143919-09fba3680d18
2026-10-10T15:26:04.62075Z,github.com/scaleway/action-scw,v0.0.4-0.20261006081932-42d7b462e3cb
2026-10-10T15:26:15.698331Z,google.golang.org/cloud/artifactregistry,v1.27.1-0.20261008195808-37f936ac9d69
2026-10-10T15:27:04.648872Z,gitlab.com/phpboyscout/go/config-xml,v0.2.11
2026-10-10T15:27:09.916262Z,github.com/mapletechlabs/maple,v0.0.24-0.20261010104946-26c40d616357
2026-10-10T15:27:13.038085Z,gitlab.com/phpboyscout/go/config-vault,v0.4.3
2026-10-10T15:27:20.28084Z,github.com/RhinoQDev/RhinoQ,v0.1.0-beta.28
2026-10-10T15:28:47.672832Z,gitlab.com/phpboyscout/go/config-toml,v0.3.11
2026-10-10T15:28:53.304162Z,github.com/gustaveikaas/easy-dotnet.nvim,v0.0.0-20261010111418-19974e83b046
2026-10-10T15:29:25.009504Z,github.com/eugenioenko/goalchemy,v0.5.1
2026-10-10T15:29:45.16974Z,github.com/engmeita/saudi-banks,v0.0.0-20251215063334-20ddf242e022
2026-10-10T15:29:48.263352Z,github.com/magiclooksa/magiclook,v0.0.0-20261007185731-7c8f7b251519
2026-10-10T15:30:04.36608Z,github.com/waqarazmi/dailycalchubs,v0.0.0-20261008142315-ef85c650f3d2
2026-10-10T15:30:04.791952Z,git.sr.ht/~sircmpwn/drewdevault.com,v0.0.0-20261010072921-1495450b95ef
2026-10-10T15:30:08.742773Z,github.com/skeeto/skeeto.github.com,v0.0.0-20261006004819-74c95e162527
2026-10-10T15:30:18.328711Z,github.com/abdalrhman-alajlouni/banksdataworldwide,v0.0.0-20230926211046-525ab6ee3d57
2026-10-10T15:30:20.928142Z,github.com/rhinoqdev/rhinoq,v0.1.0-beta.28
2026-10-10T15:30:24.474354Z,github.com/RoaringBitmap/RoaringBitmap,v0.9.45-0.20261005122014-7f2b0a58f392
2026-10-10T15:30:28.326436Z,gitlab.com/phpboyscout/go/config-schema,v0.1.5
2026-10-10T15:30:41.440024Z,gitlab.com/phpboyscout/go/config-properties,v0.2.11
2026-10-10T15:30:45.883748Z,github.com/nourah-kh/alinma,v0.0.0-20260716232814-a9061f3d38fd
2026-10-10T15:30:47.208801Z,github.com/raidalghamdi/alinma,v0.0.0-20260514205840-6ba0bd47e779
2026-10-10T15:30:47.314336Z,github.com/zsyuroz/my-finance-pal-3,v0.0.0-20260909084718-1a0819f31ca7
2026-10-10T15:30:54.575392Z,github.com/mohaalqahtani/milescalculator,v0.0.0-20251218053927-c6c1d285f5b9
2026-10-10T15:30:55.297075Z,github.com/betoolhamad/ibancheker,v0.0.0-20241229114903-a418e2c7e161
2026-10-10T15:30:59.569829Z,github.com/a222moq3e/inmaa_app,v0.0.0-20250609173938-d80dd27cd654
2026-10-10T15:31:00.222217Z,github.com/khaledismail-sandbox/alinma-pay-demo,v0.0.0-20260914150538-a7d87019117c
2026-10-10T15:31:15.0518Z,github.com/cybersource/cybersource-rest-samples-python,v0.0.0-20261007043255-1606785bc4cf
2026-10-10T15:31:15.266187Z,github.com/pmmp/binaryutils,v0.0.0-20251224042035-14c044afa33c
2026-10-10T15:31:21.337205Z,github.com/dectalk/dectalk,v0.0.0-20261008133650-986ea12ec8da
2026-10-10T15:31:26.834779Z,github.com/UBC-MDS-2021-22/canadian_heritage_funding,v0.6.0
2026-10-10T15:31:31.562952Z,github.com/unidoc/font,v0.0.0-20261010151615-6db07a54d473
2026-10-10T15:31:32.992684Z,github.com/abdullah-ama/albilad_future_sim,v0.0.0-20220727110838-d38c36e1c0cc
2026-10-10T15:31:33.457953Z,github.com/datatalk-insight/albiladpoc,v0.0.0-20220103230608-8710ed2d55a6
2026-10-10T15:31:34.544436Z,github.com/dianakagramanyan/bank-aljazira,v0.0.0-20230710043315-b15acd4298fe
2026-10-10T15:31:34.55103Z,github.com/yazan570/aljazira-bank,v0.0.0-20250827152559-501ae41b9d4e
2026-10-10T15:31:34.730044Z,github.com/mr-amira95/aljazira-demo,v0.0.0-20260604100653-e0c6b6882179
2026-10-10T15:31:36.902972Z,github.com/xiavalon/bank-aljazira-task,v0.0.0-20260421130747-d28484da147c
2026-10-10T15:31:37.939651Z,github.com/mariyyah-alrasheed/bank-aljazira-website,v0.0.0-20250710100111-fa1a5a255d76
2026-10-10T15:31:38.836797Z,github.com/scorodite/goclibase,v0.0.0-20261010131603-b02d5eab1aee
2026-10-10T15:31:39.248744Z,github.com/purescript/purescript-json,v1.1.0
2026-10-10T15:31:39.685479Z,github.com/wateenaltrky/wodoh,v0.0.0-20260718002130-78a4ba0ee39f
2026-10-10T15:31:45.871457Z,github.com/relan0/tadaruk-frontend,v0.0.0-20260717061415-89d42243a9d9
2026-10-10T15:31:47.274946Z,github.com/omarafet/jawaz-alitiman,v0.0.0-20260717050451-2dbe7ba47f58
2026-10-10T15:31:47.447067Z,github.com/di9a/basirah-ai,v0.0.0-20260706215643-883638a7d6a8
2026-10-10T15:31:48.191683Z,github.com/mshjoe/basira-landing,v0.0.0-20260715143310-fc723fa12b95
2026-10-10T15:31:49.10472Z,github.com/mshjoe/basira,v0.0.0-20260716145808-d1fe183813d6
2026-10-10T15:31:50.468147Z,github.com/abdulazizalhussein/tahseen-live,v0.0.0-20260605030849-c545e3ff15b7
2026-10-10T15:31:51.134084Z,github.com/faisal-khater/play-and-save,v0.0.0-20260918113348-b99e96f6ae1a
2026-10-10T15:31:52.33817Z,github.com/UNO-SOFT/cli,v0.0.0-20261010153111-ce5530a34466
2026-10-10T15:31:55.944112Z,github.com/lamaalnajd/madarx,v0.0.0-20260717105056-a7b5ca9edde4
2026-10-10T15:31:55.961345Z,github.com/bandarmohammed/ma3ak-alinma,v0.0.0-20260906181905-bd46610c7b46
2026-10-10T15:31:56.080481Z,github.com/gakbo/alinma-secureai,v0.0.0-20260717195303-a5bb5e1d10a3
2026-10-10T15:32:03.004433Z,github.com/osamahdhuwayhi/nabd-alinma,v0.0.0-20260717094815-b648d8a83783
2026-10-10T15:32:03.587822Z,github.com/abood-cpu01/hackthon-alinma-secureaai,v0.0.0-20260717072703-8f9f796ef705
2026-10-10T15:32:04.393706Z,github.com/snooji27/alinma_smartcare,v0.0.0-20260717095253-62ace82d9605
2026-10-10T15:32:05.046628Z,github.com/bashayer-3/alinma_smart_care,v0.0.0-20260714112815-8d1a30582222
2026-10-10T15:32:06.191803Z,github.com/nehal-ksu/alinma-fund,v0.0.0-20260702154847-985155311bf6
2026-10-10T15:32:06.535163Z,github.com/itsdanah/alinma-hackathon,v0.0.0-20260702135036-9f1d18818587
2026-10-10T15:32:07.750948Z,github.com/sehosr/parallel-interface,v0.0.0-20260703035911-d372873f5dcf
2026-10-10T15:32:09.525332Z,github.com/Lil-Strudel/glassact-studios,v0.0.0-20261010145841-a1e0bc9c8b2b
2026-10-10T15:32:20.959315Z,gitlab.com/phpboyscout/go/config-keychain,v0.2.10
2026-10-10T15:32:23.809013Z,gitlab.com/phpboyscout/go/config-iofs,v0.1.11
2026-10-10T15:32:26.703044Z,github.com/maielnady/alinmaperformance,v0.0.0-20260407120451-8d13c4e6bfbe
2026-10-10T15:32:27.411403Z,github.com/samerguda/alinma-account-details,v0.0.0-20240727102019-4c14f8f2664c
2026-10-10T15:32:31.824698Z,github.com/sftcpg/native_android_alinmapay,v0.0.0-20260910123205-5774f04a689d
2026-10-10T15:32:32.563982Z,github.com/sftcpg/native_andriod_alinmapay_hosted,v0.0.0-20260911091000-c4da75e95b5a
2026-10-10T15:32:32.814856Z,github.com/alsuhaibanishoug/alinmaapp_qualityassessment,v0.0.0-20211117044420-63eef7a1dc4a
2026-10-10T15:32:35.994053Z,github.com/sftcpg/flutter_alinmapay_hosted,v0.0.0-20260915085056-acfa1c10159c
2026-10-10T15:32:38.111657Z,github.com/sftcpg/flutter_alinmapay_payment,v0.0.0-20260915141504-bd11161b099f
2026-10-10T15:32:45.261357Z,github.com/sftcpg/native_ios_alinmapay,v0.0.0-20260911080015-96807d490e14
2026-10-10T15:32:51.103659Z,github.com/sftcpg/native_ios_alinmapay_hosted,v0.0.0-20260911142310-185b69ef4dc1
2026-10-10T15:32:52.664745Z,github.com/Cotool/validate-agents,v1.0.0
2026-10-10T15:32:56.214795Z,github.com/imrsiv/bank-albilad-demo,v0.0.0-20251211100952-bcd7cbdea942
2026-10-10T15:32:56.621086Z,github.com/armanmehdi51214/bank_bilad_social_media_listening,v0.0.0-20260705225721-81a4f83bd54b
2026-10-10T15:32:59.539603Z,github.com/arwasaad1/bankalbilad_devopscourse,v0.0.0-20220727105826-e0ea91c8ea82
2026-10-10T15:33:00.002701Z,github.com/sreejits/auto-budget,v0.0.0-20260305194725-533c40bcbefa
2026-10-10T15:33:00.777225Z,github.com/rayanaldwlah/n8n-expenses-mcp-server,v0.0.0-20260819074926-27cd70281458
2026-10-10T15:33:01.658676Z,github.com/peSt-parser/PESt,v2.9.4-0.20261009084354-7e779b775de4+incompatible
2026-10-10T15:33:01.934796Z,github.com/PeSt-parser/PESt,v2.9.4-0.20261009084354-7e779b775de4+incompatible
2026-10-10T15:33:02.009355Z,github.com/peSt-parser/pESt,v2.9.4-0.20261009084354-7e779b775de4+incompatible
2026-10-10T15:33:02.377131Z,github.com/PEst-parser/PeST,v2.9.4-0.20261009084354-7e779b775de4+incompatible
2026-10-10T15:33:02.523449Z,github.com/PeSt-parser/pEsT,v2.9.4-0.20261009084354-7e779b775de4+incompatible
2026-10-10T15:33:02.722817Z,github.com/pEst-parser/pEST,v2.9.4-0.20261009084354-7e779b775de4+incompatible
2026-10-10T15:33:02.855608Z,github.com/pEst-parser/PeST,v2.9.4-0.20261009084354-7e779b775de4+incompatible
2026-10-10T15:33:02.910126Z,github.com/peSt-parser/PeST,v2.9.4-0.20261009084354-7e779b775de4+incompatible
2026-10-10T15:33:03.034182Z,github.com/peSt-parser/pEsT,v2.9.4-0.20261009084354-7e779b775de4+incompatible
2026-10-10T15:33:03.426424Z,github.com/pEst-parser/pESt,v2.9.4-0.20261009084354-7e779b775de4+incompatible
2026-10-10T15:33:03.57661Z,github.com/PeSt-parser/pEST,v2.9.4-0.20261009084354-7e779b775de4+incompatible
2026-10-10T15:33:03.732916Z,github.com/PeSt-parser/PeST,v2.9.4-0.20261009084354-7e779b775de4+incompatible
2026-10-10T15:33:03.805549Z,github.com/PeSt-parser/pesT,v2.9.4-0.20261009084354-7e779b775de4+incompatible
2026-10-10T15:33:04.328547Z,github.com/peSt-parser/PesT,v2.9.4-0.20261009084354-7e779b775de4+incompatible
2026-10-10T15:33:04.470233Z,github.com/PeSt-parser/PEST,v2.9.4-0.20261009084354-7e779b775de4+incompatible
2026-10-10T15:33:09.604536Z,github.com/tmo1/sms-ie,v2.12.0+incompatible
2026-10-10T15:33:09.666148Z,github.com/PeSt-parser/pESt,v2.9.4-0.20261009084354-7e779b775de4+incompatible
2026-10-10T15:33:10.110845Z,github.com/PEst-parser/pESt,v2.9.4-0.20261009084354-7e779b775de4+incompatible
2026-10-10T15:33:16.569886Z,github.com/PEst-parser/PesT,v2.9.4-0.20261009084354-7e779b775de4+incompatible
2026-10-10T15:33:21.046434Z,github.com/recuba/tasi-financial-ai-v2,v0.0.0-20260203194545-a917f244c962
2026-10-10T15:33:22.525956Z,github.com/abdulazizssr-code/top10investments,v0.0.0-20260505070910-08b3afb4c791
2026-10-10T15:33:23.263255Z,github.com/PEst-Parser/PESt,v2.9.4-0.20261009084354-7e779b775de4+incompatible
2026-10-10T15:33:23.373395Z,github.com/PESt-parser/PesT,v2.9.4-0.20261009084354-7e779b775de4+incompatible
2026-10-10T15:33:23.649801Z,github.com/peST-parser/peST,v2.9.4-0.20261009084354-7e779b775de4+incompatible
2026-10-10T15:33:23.738704Z,github.com/PesT-parser/PEST,v2.9.4-0.20261009084354-7e779b775de4+incompatible
2026-10-10T15:33:23.813324Z,github.com/PESt-parser/PeST,v2.9.4-0.20261009084354-7e779b775de4+incompatible
2026-10-10T15:33:23.817153Z,github.com/pESt-Parser/pESt,v2.9.4-0.20261009084354-7e779b775de4+incompatible
2026-10-10T15:33:23.882576Z,github.com/PEst-Parser/PeST,v2.9.4-0.20261009084354-7e779b775de4+incompatible
2026-10-10T15:33:23.909882Z,github.com/PESt-parser/pesT,v2.9.4-0.20261009084354-7e779b775de4+incompatible
2026-10-10T15:33:23.942258Z,github.com/PesT-parser/PEsT,v2.9.4-0.20261009084354-7e779b775de4+incompatible
2026-10-10T15:33:24.001015Z,github.com/pESt-parser/PEsT,v2.9.4-0.20261009084354-7e779b775de4+incompatible
2026-10-10T15:33:24.004621Z,github.com/Pest-Parser/PEsT,v2.9.4-0.20261009084354-7e779b775de4+incompatible
2026-10-10T15:33:24.013956Z,github.com/pEsT-parser/pEsT,v2.9.4-0.20261009084354-7e779b775de4+incompatible
2026-10-10T15:33:24.033557Z,github.com/pesT-Parser/PeST,v2.9.4-0.20261009084354-7e779b775de4+incompatible
2026-10-10T15:33:24.137128Z,github.com/PeSt-Parser/pESt,v2.9.4-0.20261009084354-7e779b775de4+incompatible
2026-10-10T15:33:24.16418Z,github.com/PeST-parser/pEsT,v2.9.4-0.20261009084354-7e779b775de4+incompatible
2026-10-10T15:33:24.165552Z,github.com/PeSt-Parser/peST,v2.9.4-0.20261009084354-7e779b775de4+incompatible
2026-10-10T15:33:24.208621Z,github.com/pesT-Parser/pEsT,v2.9.4-0.20261009084354-7e779b775de4+incompatible
2026-10-10T15:33:24.23666Z,github.com/PesT-Parser/PeST,v2.9.4-0.20261009084354-7e779b775de4+incompatible
2026-10-10T15:33:24.244826Z,github.com/pEsT-parser/peST,v2.9.4-0.20261009084354-7e779b775de4+incompatible
2026-10-10T15:33:24.24534Z,github.com/PESt-parser/PESt,v2.9.4-0.20261009084354-7e779b775de4+incompatible
2026-10-10T15:33:24.250062Z,github.com/PESt-Parser/PESt,v2.9.4-0.20261009084354-7e779b775de4+incompatible
2026-10-10T15:33:24.284152Z,github.com/PesT-Parser/peST,v2.9.4-0.20261009084354-7e779b775de4+incompatible
2026-10-10T15:33:24.315148Z,github.com/PESt-parser/pEsT,v2.9.4-0.20261009084354-7e779b775de4+incompatible
2026-10-10T15:33:24.320659Z,github.com/peST-parser/PEsT,v2.9.4-0.20261009084354-7e779b775de4+incompatible
2026-10-10T15:33:24.323724Z,github.com/pEST-parser/pESt,v2.9.4-0.20261009084354-7e779b775de4+incompatible
2026-10-10T15:33:24.343047Z,github.com/pESt-parser/PESt,v2.9.4-0.20261009084354-7e779b775de4+incompatible
2026-10-10T15:33:24.356642Z,github.com/pesT-Parser/PesT,v2.9.4-0.20261009084354-7e779b775de4+incompatible
2026-10-10T15:33:24.392699Z,github.com/PeSt-Parser/pEsT,v2.9.4-0.20261009084354-7e779b775de4+incompatible
2026-10-10T15:33:24.419741Z,github.com/pEsT-parser/PEST,v2.9.4-0.20261009084354-7e779b775de4+incompatible
2026-10-10T15:33:24.433043Z,github.com/peSt-Parser/PeST,v2.9.4-0.20261009084354-7e779b775de4+incompatible
2026-10-10T15:33:24.461458Z,github.com/PESt-Parser/pesT,v2.9.4-0.20261009084354-7e779b775de4+incompatible
2026-10-10T15:33:24.477886Z,github.com/pesT-parser/peST,v2.9.4-0.20261009084354-7e779b775de4+incompatible
2026-10-10T15:33:24.483264Z,github.com/PESt-Parser/PEsT,v2.9.4-0.20261009084354-7e779b775de4+incompatible
2026-10-10T15:33:24.514844Z,github.com/pEST-parser/PesT,v2.9.4-0.20261009084354-7e779b775de4+incompatible
2026-10-10T15:33:24.525883Z,github.com/PeST-parser/pEST,v2.9.4-0.20261009084354-7e779b775de4+incompatible
2026-10-10T15:33:24.531975Z,github.com/PEst-Parser/pEST,v2.9.4-0.20261009084354-7e779b775de4+incompatible
2026-10-10T15:33:24.545099Z,github.com/pest-Parser/PesT,v2.9.4-0.20261009084354-7e779b775de4+incompatible
2026-10-10T15:33:24.547076Z,github.com/PesT-parser/pEST,v2.9.4-0.20261009084354-7e779b775de4+incompatible
2026-10-10T15:33:24.549157Z,github.com/pEST-parser/PEst,v2.9.4-0.20261009084354-7e779b775de4+incompatible
2026-10-10T15:33:24.553368Z,github.com/PesT-Parser/PEsT,v2.9.4-0.20261009084354-7e779b775de4+incompatible
2026-10-10T15:33:24.566789Z,github.com/PESt-parser/pESt,v2.9.4-0.20261009084354-7e779b775de4+incompatible
2026-10-10T15:33:24.574524Z,github.com/pesT-parser/PEsT,v2.9.4-0.20261009084354-7e779b775de4+incompatible
2026-10-10T15:33:24.603712Z,github.com/PEST-parser/PesT,v2.9.4-0.20261009084354-7e779b775de4+incompatible
2026-10-10T15:33:24.621102Z,github.com/pESt-Parser/PeST,v2.9.4-0.20261009084354-7e779b775de4+incompatible
2026-10-10T15:33:24.639054Z,github.com/PeST-parser/pesT,v2.9.4-0.20261009084354-7e779b775de4+incompatible
2026-10-10T15:33:24.648136Z,github.com/rubocop-hq/rubocop,v1.92.0
2026-10-10T15:33:24.659303Z,github.com/PEst-Parser/pESt,v2.9.4-0.20261009084354-7e779b775de4+incompatible
2026-10-10T15:33:24.666683Z,github.com/pEST-parser/pEsT,v2.9.4-0.20261009084354-7e779b775de4+incompatible
2026-10-10T15:33:24.675939Z,github.com/pEsT-parser/pESt,v2.9.4-0.20261009084354-7e779b775de4+incompatible
2026-10-10T15:33:24.686951Z,github.com/PESt-Parser/Pest,v2.9.4-0.20261009084354-7e779b775de4+incompatible
2026-10-10T15:33:24.698713Z,github.com/pest-Parser/PEsT,v2.9.4-0.20261009084354-7e779b775de4+incompatible
2026-10-10T15:33:24.770404Z,github.com/pESt-Parser/pEST,v2.9.4-0.20261009084354-7e779b775de4+incompatible
2026-10-10T15:33:24.852723Z,github.com/pesT-parser/PEST,v2.9.4-0.20261009084354-7e779b775de4+incompatible
2026-10-10T15:33:24.865881Z,github.com/PEsT-parser/pEsT,v2.9.4-0.20261009084354-7e779b775de4+incompatible
2026-10-10T15:33:24.867786Z,github.com/PeST-parser/pESt,v2.9.4-0.20261009084354-7e779b775de4+incompatible
2026-10-10T15:33:24.883944Z,github.com/pESt-Parser/pEsT,v2.9.4-0.20261009084354-7e779b775de4+incompatible
2026-10-10T15:33:25.00322Z,github.com/pESt-Parser/PESt,v2.9.4-0.20261009084354-7e779b775de4+incompatible
2026-10-10T15:33:25.080014Z,github.com/PesT-Parser/pEST,v2.9.4-0.20261009084354-7e779b775de4+incompatible
2026-10-10T15:33:25.240988Z,github.com/josmardias/gurps,v0.0.8
2026-10-10T15:33:25.255371Z,github.com/riyal-project/riyal,v0.0.0-20260924171355-f8e5544585b2
2026-10-10T15:33:25.264547Z,github.com/PEST-parser/PESt,v2.9.4-0.20261009084354-7e779b775de4+incompatible
2026-10-10T15:33:25.379973Z,github.com/pEsT-Parser/PesT,v2.9.4-0.20261009084354-7e779b775de4+incompatible
2026-10-10T15:33:25.411548Z,github.com/pesT-Parser/PEST,v2.9.4-0.20261009084354-7e779b775de4+incompatible
2026-10-10T15:33:25.437701Z,github.com/peSt-Parser/pesT,v2.9.4-0.20261009084354-7e779b775de4+incompatible
2026-10-10T15:33:25.444589Z,github.com/pEST-Parser/PesT,v2.9.4-0.20261009084354-7e779b775de4+incompatible
2026-10-10T15:33:25.515472Z,github.com/PesT-Parser/PESt,v2.9.4-0.20261009084354-7e779b775de4+incompatible
2026-10-10T15:33:25.531749Z,github.com/pEsT-Parser/PEST,v2.9.4-0.20261009084354-7e779b775de4+incompatible
2026-10-10T15:33:25.57296Z,github.com/PeSt-Parser/pesT,v2.9.4-0.20261009084354-7e779b775de4+incompatible
2026-10-10T15:33:25.58233Z,github.com/pEsT-Parser/pESt,v2.9.4-0.20261009084354-7e779b775de4+incompatible
2026-10-10T15:33:25.590558Z,github.com/pEST-Parser/PEsT,v2.9.4-0.20261009084354-7e779b775de4+incompatible
2026-10-10T15:33:25.610909Z,github.com/peST-Parser/PEsT,v2.9.4-0.20261009084354-7e779b775de4+incompatible
2026-10-10T15:33:25.630324Z,github.com/pesT-Parser/pEST,v2.9.4-0.20261009084354-7e779b775de4+incompatible
2026-10-10T15:33:25.641737Z,github.com/peST-Parser/PEST,v2.9.4-0.20261009084354-7e779b775de4+incompatible
2026-10-10T15:33:25.651284Z,github.com/peST-Parser/PesT,v2.9.4-0.20261009084354-7e779b775de4+incompatible
2026-10-10T15:33:25.651534Z,github.com/pEsT-Parser/PeST,v2.9.4-0.20261009084354-7e779b775de4+incompatible
2026-10-10T15:33:25.675993Z,github.com/pEst-Parser/pEST,v2.9.4-0.20261009084354-7e779b775de4+incompatible
2026-10-10T15:33:25.695594Z,github.com/PEST-parser/PEsT,v2.9.4-0.20261009084354-7e779b775de4+incompatible
2026-10-10T15:33:25.715063Z,github.com/PeST-Parser/PEsT,v2.9.4-0.20261009084354-7e779b775de4+incompatible
2026-10-10T15:33:25.729795Z,github.com/PesT-Parser/pEsT,v2.9.4-0.20261009084354-7e779b775de4+incompatible
2026-10-10T15:33:25.730598Z,github.com/peST-parser/PEST,v2.9.4-0.20261009084354-7e779b775de4+incompatible
2026-10-10T15:33:25.755531Z,github.com/PEsT-parser/pesT,v2.9.4-0.20261009084354-7e779b775de4+incompatible
2026-10-10T15:33:25.755774Z,github.com/pesT-Parser/pESt,v2.9.4-0.20261009084354-7e779b775de4+incompatible
2026-10-10T15:33:25.884284Z,github.com/PEsT-Parser/PEST,v2.9.4-0.20261009084354-7e779b775de4+incompatible
2026-10-10T15:33:25.920238Z,github.com/PEsT-Parser/pesT,v2.9.4-0.20261009084354-7e779b775de4+incompatible
2026-10-10T15:33:25.92958Z,github.com/PEsT-parser/peST,v2.9.4-0.20261009084354-7e779b775de4+incompatible
2026-10-10T15:33:25.935909Z,huggingface.co/datasets/SWE-bench-Live/multilang.git,v0.0.0-20260920074109-3638632e8153
2026-10-10T15:33:26.039675Z,github.com/PEsT-Parser/PesT,v2.9.4-0.20261009084354-7e779b775de4+incompatible
2026-10-10T15:33:26.051929Z,github.com/peST-Parser/pesT,v2.9.4-0.20261009084354-7e779b775de4+incompatible
2026-10-10T15:33:26.055523Z,github.com/PESt-parser/PEsT,v2.9.4-0.20261009084354-7e779b775de4+incompatible
2026-10-10T15:33:26.095754Z,github.com/PEST-parser/PEst,v2.9.4-0.20261009084354-7e779b775de4+incompatible
2026-10-10T15:33:26.095851Z,github.com/pEsT-parser/PesT,v2.9.4-0.20261009084354-7e779b775de4+incompatible
2026-10-10T15:33:26.096589Z,github.com/PEST-Parser/PEsT,v2.9.4-0.20261009084354-7e779b775de4+incompatible
2026-10-10T15:33:26.14367Z,github.com/PeST-Parser/peSt,v2.9.4-0.20261009084354-7e779b775de4+incompatible
2026-10-10T15:33:26.162188Z,github.com/PesT-parser/pesT,v2.9.4-0.20261009084354-7e779b775de4+incompatible
2026-10-10T15:33:26.17036Z,github.com/pEST-Parser/pesT,v2.9.4-0.20261009084354-7e779b775de4+incompatible
2026-10-10T15:33:26.181972Z,github.com/PeST-Parser/pESt,v2.9.4-0.20261009084354-7e779b775de4+incompatible
2026-10-10T15:33:26.190921Z,github.com/PeST-Parser/peST,v2.9.4-0.20261009084354-7e779b775de4+incompatible
2026-10-10T15:33:26.320238Z,github.com/PESt-Parser/pEsT,v2.9.4-0.20261009084354-7e779b775de4+incompatible
2026-10-10T15:33:26.386582Z,github.com/PEST-Parser/pEst,v2.9.4-0.20261009084354-7e779b775de4+incompatible
2026-10-10T15:33:26.403909Z,github.com/pEST-Parser/pEst,v2.9.4-0.20261009084354-7e779b775de4+incompatible
2026-10-10T15:33:26.427373Z,github.com/PEST-Parser/PeSt,v2.9.4-0.20261009084354-7e779b775de4+incompatible
2026-10-10T15:33:26.462478Z,github.com/PeST-Parser/pEST,v2.9.4-0.20261009084354-7e779b775de4+incompatible
2026-10-10T15:33:26.540712Z,github.com/PeSt-Parser/PeST,v2.9.4-0.20261009084354-7e779b775de4+incompatible
2026-10-10T15:33:26.589142Z,github.com/PEsT-Parser/Pest,v2.9.4-0.20261009084354-7e779b775de4+incompatible
2026-10-10T15:33:26.601993Z,github.com/pEST-Parser/PeST,v2.9.4-0.20261009084354-7e779b775de4+incompatible
2026-10-10T15:33:26.624678Z,github.com/pEST-Parser/PEst,v2.9.4-0.20261009084354-7e779b775de4+incompatible
2026-10-10T15:33:26.676235Z,github.com/pESt-Parser/pesT,v2.9.4-0.20261009084354-7e779b775de4+incompatible
2026-10-10T15:33:26.758066Z,github.com/cysharp/zstring,v0.0.0-20261007002726-b9c1d8a8a10d
2026-10-10T15:33:26.807097Z,github.com/PEST-Parser/peSt,v2.9.4-0.20261009084354-7e779b775de4+incompatible
2026-10-10T15:33:26.84254Z,github.com/PeST-parser/PeST,v2.9.4-0.20261009084354-7e779b775de4+incompatible
2026-10-10T15:33:26.843012Z,github.com/PESt-Parser/peSt,v2.9.4-0.20261009084354-7e779b775de4+incompatible
2026-10-10T15:33:26.876686Z,github.com/PeST-Parser/PEst,v2.9.4-0.20261009084354-7e779b775de4+incompatible
2026-10-10T15:33:26.894329Z,github.com/PesT-Parser/pesT,v2.9.4-0.20261009084354-7e779b775de4+incompatible
2026-10-10T15:33:26.910596Z,github.com/PEsT-Parser/pEST,v2.9.4-0.20261009084354-7e779b775de4+incompatible
2026-10-10T15:33:26.928832Z,github.com/peST-Parser/pEsT,v2.9.4-0.20261009084354-7e779b775de4+incompatible
2026-10-10T15:33:26.961101Z,github.com/PEsT-Parser/pEst,v2.9.4-0.20261009084354-7e779b775de4+incompatible
2026-10-10T15:33:27.187443Z,github.com/pEst-Parser/PesT,v2.9.4-0.20261009084354-7e779b775de4+incompatible
2026-10-10T15:33:27.219352Z,github.com/PEST-Parser/PesT,v2.9.4-0.20261009084354-7e779b775de4+incompatible
2026-10-10T15:33:27.227329Z,github.com/PEsT-Parser/PEst,v2.9.4-0.20261009084354-7e779b775de4+incompatible
2026-10-10T15:33:27.261464Z,github.com/PEST-Parser/pEsT,v2.9.4-0.20261009084354-7e779b775de4+incompatible
2026-10-10T15:33:27.311939Z,github.com/peST-Parser/peST,v2.9.4-0.20261009084354-7e779b775de4+incompatible
2026-10-10T15:33:27.37287Z,github.com/pEsT-Parser/pEsT,v2.9.4-0.20261009084354-7e779b775de4+incompatible
2026-10-10T15:33:27.40975Z,github.com/pEst-Parser/pEsT,v2.9.4-0.20261009084354-7e779b775de4+incompatible
2026-10-10T15:33:27.42545Z,github.com/PEsT-parser/PEST,v2.9.4-0.20261009084354-7e779b775de4+incompatible
2026-10-10T15:33:27.48207Z,github.com/PEsT-Parser/pESt,v2.9.4-0.20261009084354-7e779b775de4+incompatible
2026-10-10T15:33:27.533587Z,github.com/PEST-Parser/PeST,v2.9.4-0.20261009084354-7e779b775de4+incompatible
2026-10-10T15:33:27.687001Z,github.com/pESt-parser/pESt,v2.9.4-0.20261009084354-7e779b775de4+incompatible
2026-10-10T15:33:27.776768Z,github.com/pest-pArser/PEST,v2.9.4-0.20261009084354-7e779b775de4+incompatible
2026-10-10T15:33:27.961312Z,github.com/pEst-pArser/PESt,v2.9.4-0.20261009084354-7e779b775de4+incompatible
2026-10-10T15:33:28.093781Z,github.com/pESt-parser/peST,v2.9.4-0.20261009084354-7e779b775de4+incompatible
2026-10-10T15:33:28.167998Z,github.com/PEsT-Parser/PESt,v2.9.4-0.20261009084354-7e779b775de4+incompatible
2026-10-10T15:33:28.23016Z,github.com/pest-pArser/pESt,v2.9.4-0.20261009084354-7e779b775de4+incompatible
2026-10-10T15:33:28.34624Z,github.com/Pest-pArser/PesT,v2.9.4-0.20261009084354-7e779b775de4+incompatible
2026-10-10T15:33:28.354443Z,github.com/pEst-pArser/PesT,v2.9.4-0.20261009084354-7e779b775de4+incompatible
2026-10-10T15:33:28.481986Z,github.com/pEst-pArser/pESt,v2.9.4-0.20261009084354-7e779b775de4+incompatible
2026-10-10T15:33:28.526119Z,github.com/Pest-pArser/PeST,v2.9.4-0.20261009084354-7e779b775de4+incompatible
2026-10-10T15:33:28.555494Z,github.com/pest-pArser/PeST,v2.9.4-0.20261009084354-7e779b775de4+incompatible
2026-10-10T15:33:28.57828Z,github.com/Pest-pArser/PEST,v2.9.4-0.20261009084354-7e779b775de4+incompatible
2026-10-10T15:33:28.656646Z,github.com/pest-pArser/pEST,v2.9.4-0.20261009084354-7e779b775de4+incompatible
2026-10-10T15:33:28.841789Z,github.com/pEST-Parser/PESt,v2.9.4-0.20261009084354-7e779b775de4+incompatible
2026-10-10T15:33:28.846026Z,github.com/peSt-pArser/PEST,v2.9.4-0.20261009084354-7e779b775de4+incompatible
2026-10-10T15:33:28.885172Z,github.com/PEst-pArser/PesT,v2.9.4-0.20261009084354-7e779b775de4+incompatible
2026-10-10T15:33:29.021672Z,github.com/PEst-pArser/pesT,v2.9.4-0.20261009084354-7e779b775de4+incompatible
2026-10-10T15:33:29.02475Z,github.com/PeSt-pArser/PesT,v2.9.4-0.20261009084354-7e779b775de4+incompatible
2026-10-10T15:33:29.132616Z,github.com/peST-Parser/pEST,v2.9.4-0.20261009084354-7e779b775de4+incompatible
2026-10-10T15:33:29.14582Z,github.com/PeSt-pArser/pEsT,v2.9.4-0.20261009084354-7e779b775de4+incompatible
2026-10-10T15:33:29.196619Z,github.com/PEst-pArser/pEST,v2.9.4-0.20261009084354-7e779b775de4+incompatible
2026-10-10T15:33:29.28035Z,github.com/pEst-pArser/pEsT,v2.9.4-0.20261009084354-7e779b775de4+incompatible
2026-10-10T15:33:29.474354Z,github.com/Pest-pArser/PESt,v2.9.4-0.20261009084354-7e779b775de4+incompatible
2026-10-10T15:33:29.629457Z,github.com/pESt-pArser/PesT,v2.9.4-0.20261009084354-7e779b775de4+incompatible
2026-10-10T15:33:29.816177Z,github.com/peST-Parser/PeST,v2.9.4-0.20261009084354-7e779b775de4+incompatible
2026-10-10T15:33:29.864429Z,github.com/pESt-pArser/pEsT,v2.9.4-0.20261009084354-7e779b775de4+incompatible
2026-10-10T15:33:29.953622Z,github.com/PESt-pArser/pEsT,v2.9.4-0.20261009084354-7e779b775de4+incompatible
2026-10-10T15:33:30.041858Z,github.com/peSt-pArser/PEsT,v2.9.4-0.20261009084354-7e779b775de4+incompatible
2026-10-10T15:33:30.07747Z,github.com/pESt-pArser/peST,v2.9.4-0.20261009084354-7e779b775de4+incompatible
2026-10-10T15:33:30.129368Z,github.com/PeSt-pArser/pESt,v2.9.4-0.20261009084354-7e779b775de4+incompatible
2026-10-10T15:33:30.143513Z,github.com/pESt-pArser/pESt,v2.9.4-0.20261009084354-7e779b775de4+incompatible
2026-10-10T15:33:30.184309Z,github.com/pEsT-pArser/PesT,v2.9.4-0.20261009084354-7e779b775de4+incompatible
2026-10-10T15:33:30.185979Z,github.com/PESt-pArser/peSt,v2.9.4-0.20261009084354-7e779b775de4+incompatible
2026-10-10T15:33:30.21238Z,github.com/PESt-pArser/PeST,v2.9.4-0.20261009084354-7e779b775de4+incompatible
2026-10-10T15:33:30.212697Z,github.com/pEST-pArser/pESt,v2.9.4-0.20261009084354-7e779b775de4+incompatible
2026-10-10T15:33:30.254231Z,github.com/PEsT-pArser/PEsT,v2.9.4-0.20261009084354-7e779b775de4+incompatible
2026-10-10T15:33:30.262187Z,github.com/peST-pArser/pesT,v2.9.4-0.20261009084354-7e779b775de4+incompatible
2026-10-10T15:33:30.308508Z,github.com/pEsT-pArser/pEsT,v2.9.4-0.20261009084354-7e779b775de4+incompatible
2026-10-10T15:33:30.317191Z,github.com/PeST-pArser/PeST,v2.9.4-0.20261009084354-7e779b775de4+incompatible
2026-10-10T15:33:30.395362Z,github.com/pEST-pArser/PEST,v2.9.4-0.20261009084354-7e779b775de4+incompatible
2026-10-10T15:33:30.425705Z,github.com/pesT-pArser/pESt,v2.9.4-0.20261009084354-7e779b775de4+incompatible
2026-10-10T15:33:30.43901Z,github.com/peST-pArser/peST,v2.9.4-0.20261009084354-7e779b775de4+incompatible
2026-10-10T15:33:30.445569Z,github.com/PEst-pArser/peST,v2.9.4-0.20261009084354-7e779b775de4+incompatible
2026-10-10T15:33:30.454289Z,github.com/PESt-pArser/PesT,v2.9.4-0.20261009084354-7e779b775de4+incompatible
2026-10-10T15:33:30.471121Z,github.com/PEsT-pArser/PEst,v2.9.4-0.20261009084354-7e779b775de4+incompatible
2026-10-10T15:33:30.500883Z,github.com/PeST-pArser/pEsT,v2.9.4-0.20261009084354-7e779b775de4+incompatible
2026-10-10T15:33:30.557334Z,github.com/PEST-pArser/Pest,v2.9.4-0.20261009084354-7e779b775de4+incompatible
2026-10-10T15:33:30.563008Z,github.com/PEST-pArser/PEst,v2.9.4-0.20261009084354-7e779b775de4+incompatible
2026-10-10T15:33:30.580889Z,github.com/pEST-pArser/pEST,v2.9.4-0.20261009084354-7e779b775de4+incompatible
2026-10-10T15:33:30.619995Z,github.com/PEsT-pArser/PESt,v2.9.4-0.20261009084354-7e779b775de4+incompatible
2026-10-10T15:33:30.641972Z,github.com/PeST-pArser/pESt,v2.9.4-0.20261009084354-7e779b775de4+incompatible
2026-10-10T15:33:30.661305Z,github.com/pEST-pArser/Pest,v2.9.4-0.20261009084354-7e779b775de4+incompatible
2026-10-10T15:33:30.693099Z,github.com/PeST-Parser/PeST,v2.9.4-0.20261009084354-7e779b775de4+incompatible
2026-10-10T15:33:30.719372Z,github.com/PEsT-pArser/peST,v2.9.4-0.20261009084354-7e779b775de4+incompatible
2026-10-10T15:33:30.747675Z,github.com/pest-pArser/PEsT,v2.9.4-0.20261009084354-7e779b775de4+incompatible
2026-10-10T15:33:30.750803Z,github.com/PeST-pArser/pEst,v2.9.4-0.20261009084354-7e779b775de4+incompatible
2026-10-10T15:33:30.771306Z,github.com/PESt-pArser/PeSt,v2.9.4-0.20261009084354-7e779b775de4+incompatible
2026-10-10T15:33:30.773386Z,github.com/PesT-pArser/PesT,v2.9.4-0.20261009084354-7e779b775de4+incompatible
2026-10-10T15:33:30.819901Z,github.com/peSt-pArser/pEsT,v2.9.4-0.20261009084354-7e779b775de4+incompatible
2026-10-10T15:33:30.823139Z,github.com/peST-pArser/pEST,v2.9.4-0.20261009084354-7e779b775de4+incompatible
2026-10-10T15:33:30.901803Z,github.com/PesT-pArser/pesT,v2.9.4-0.20261009084354-7e779b775de4+incompatible
2026-10-10T15:33:30.90427Z,github.com/PEst-pArser/PEST,v2.9.4-0.20261009084354-7e779b775de4+incompatible
2026-10-10T15:33:30.944425Z,github.com/pEsT-pArser/pEST,v2.9.4-0.20261009084354-7e779b775de4+incompatible
2026-10-10T15:33:30.956201Z,github.com/PesT-parser/pEsT,v2.9.4-0.20261009084354-7e779b775de4+incompatible
2026-10-10T15:33:30.960386Z,github.com/pEST-pArser/PeSt,v2.9.4-0.20261009084354-7e779b775de4+incompatible
2026-10-10T15:33:31.075964Z,github.com/pESt-pArser/pesT,v2.9.4-0.20261009084354-7e779b775de4+incompatible
2026-10-10T15:33:31.129718Z,github.com/PesT-pArser/pEsT,v2.9.4-0.20261009084354-7e779b775de4+incompatible
2026-10-10T15:33:31.146761Z,github.com/PEST-pArser/PEST,v2.9.4-0.20261009084354-7e779b775de4+incompatible
2026-10-10T15:33:31.154715Z,github.com/pEST-pArser/peST,v2.9.4-0.20261009084354-7e779b775de4+incompatible
2026-10-10T15:33:31.195488Z,github.com/PEst-Parser/pEsT,v2.9.4-0.20261009084354-7e779b775de4+incompatible
2026-10-10T15:33:31.256404Z,github.com/PESt-Parser/PeST,v2.9.4-0.20261009084354-7e779b775de4+incompatible
2026-10-10T15:33:31.318306Z,github.com/PEST-pArser/pEsT,v2.9.4-0.20261009084354-7e779b775de4+incompatible
2026-10-10T15:33:31.337575Z,github.com/pESt-Parser/peST,v2.9.4-0.20261009084354-7e779b775de4+incompatible
2026-10-10T15:33:31.351466Z,github.com/pesT-pArser/pesT,v2.9.4-0.20261009084354-7e779b775de4+incompatible
2026-10-10T15:33:31.363981Z,github.com/PEST-pArser/pEst,v2.9.4-0.20261009084354-7e779b775de4+incompatible
2026-10-10T15:33:31.382497Z,github.com/peST-pArser/PesT,v2.9.4-0.20261009084354-7e779b775de4+incompatible
2026-10-10T15:33:31.416717Z,github.com/pest-PArser/PEsT,v2.9.4-0.20261009084354-7e779b775de4+incompatible
2026-10-10T15:33:31.420647Z,github.com/PEST-pArser/PeSt,v2.9.4-0.20261009084354-7e779b775de4+incompatible
2026-10-10T15:33:31.502501Z,github.com/PESt-pArser/pest,v2.9.4-0.20261009084354-7e779b775de4+incompatible
2026-10-10T15:33:31.513716Z,github.com/PeST-pArser/pesT,v2.9.4-0.20261009084354-7e779b775de4+incompatible
2026-10-10T15:33:31.557316Z,github.com/PEsT-parser/PesT,v2.9.4-0.20261009084354-7e779b775de4+incompatible
2026-10-10T15:33:31.588384Z,github.com/PEST-parser/pEST,v2.9.4-0.20261009084354-7e779b775de4+incompatible
2026-10-10T15:33:31.620273Z,github.com/PeSt-pArser/PESt,v2.9.4-0.20261009084354-7e779b775de4+incompatible
2026-10-10T15:33:31.646253Z,github.com/pEsT-pArser/pESt,v2.9.4-0.20261009084354-7e779b775de4+incompatible
2026-10-10T15:33:31.714755Z,github.com/Pest-PArser/PeST,v2.9.4-0.20261009084354-7e779b775de4+incompatible
2026-10-10T15:33:31.738913Z,github.com/pest-PArser/PeST,v2.9.4-0.20261009084354-7e779b775de4+incompatible
2026-10-10T15:33:31.783363Z,github.com/PESt-pArser/Pest,v2.9.4-0.20261009084354-7e779b775de4+incompatible
2026-10-10T15:33:31.802048Z,github.com/pesT-pArser/PeST,v2.9.4-0.20261009084354-7e779b775de4+incompatible
2026-10-10T15:33:31.812882Z,github.com/PeST-pArser/PesT,v2.9.4-0.20261009084354-7e779b775de4+incompatible
2026-10-10T15:33:31.831817Z,github.com/PeSt-PArser/pEST,v2.9.4-0.20261009084354-7e779b775de4+incompatible
2026-10-10T15:33:31.849526Z,github.com/PEst-PArser/PeSt,v2.9.4-0.20261009084354-7e779b775de4+incompatible
2026-10-10T15:33:31.885685Z,github.com/PEst-PArser/pEst,v2.9.4-0.20261009084354-7e779b775de4+incompatible
2026-10-10T15:33:31.904659Z,github.com/PEst-PArser/PesT,v2.9.4-0.20261009084354-7e779b775de4+incompatible
2026-10-10T15:33:31.919886Z,github.com/PEST-pArser/pest,v2.9.4-0.20261009084354-7e779b775de4+incompatible
2026-10-10T15:33:32.047721Z,github.com/pEst-PArser/PEST,v2.9.4-0.20261009084354-7e779b775de4+incompatible
2026-10-10T15:33:32.085429Z,github.com/peSt-PArser/PESt,v2.9.4-0.20261009084354-7e779b775de4+incompatible
2026-10-10T15:33:32.133009Z,github.com/Pest-PArser/pesT,v2.9.4-0.20261009084354-7e779b775de4+incompatible
2026-10-10T15:33:32.148688Z,github.com/PESt-Parser/pest,v2.9.4-0.20261009084354-7e779b775de4+incompatible
2026-10-10T15:33:32.191457Z,github.com/pEst-PArser/PESt,v2.9.4-0.20261009084354-7e779b775de4+incompatible
2026-10-10T15:33:32.208218Z,github.com/Pest-PArser/PEST,v2.9.4-0.20261009084354-7e779b775de4+incompatible
2026-10-10T15:33:32.251825Z,github.com/peSt-PArser/PeST,v2.9.4-0.20261009084354-7e779b775de4+incompatible
2026-10-10T15:33:32.260317Z,github.com/pESt-PArser/PESt,v2.9.4-0.20261009084354-7e779b775de4+incompatible
2026-10-10T15:33:32.266884Z,github.com/pEst-PArser/pest,v2.9.4-0.20261009084354-7e779b775de4+incompatible
2026-10-10T15:33:32.268176Z,github.com/peST-pArser/PeST,v2.9.4-0.20261009084354-7e779b775de4+incompatible
2026-10-10T15:33:32.278263Z,github.com/pEsT-pArser/peST,v2.9.4-0.20261009084354-7e779b775de4+incompatible
2026-10-10T15:33:32.28221Z,github.com/peSt-PArser/peSt,v2.9.4-0.20261009084354-7e779b775de4+incompatible
2026-10-10T15:33:32.438408Z,github.com/pEsT-parser/PeST,v2.9.4-0.20261009084354-7e779b775de4+incompatible
2026-10-10T15:33:32.455897Z,github.com/pEst-pArser/PEST,v2.9.4-0.20261009084354-7e779b775de4+incompatible
2026-10-10T15:33:32.566547Z,github.com/pEsT-pArser/pesT,v2.9.4-0.20261009084354-7e779b775de4+incompatible
2026-10-10T15:33:32.577713Z,github.com/Pest-PArser/PEsT,v2.9.4-0.20261009084354-7e779b775de4+incompatible
2026-10-10T15:33:32.624219Z,github.com/PESt-Parser/peST,v2.9.4-0.20261009084354-7e779b775de4+incompatible
2026-10-10T15:33:32.643845Z,github.com/pesT-pArser/PEST,v2.9.4-0.20261009084354-7e779b775de4+incompatible
2026-10-10T15:33:32.665342Z,github.com/pEst-PArser/PesT,v2.9.4-0.20261009084354-7e779b775de4+incompatible
2026-10-10T15:33:32.675884Z,github.com/Pest-Parser/PESt,v2.9.4-0.20261009084354-7e779b775de4+incompatible
2026-10-10T15:33:32.698052Z,github.com/pEst-pArser/pest,v2.9.4-0.20261009084354-7e779b775de4+incompatible
2026-10-10T15:33:32.741833Z,github.com/pESt-PArser/PEst,v2.9.4-0.20261009084354-7e779b775de4+incompatible
2026-10-10T15:33:32.785832Z,github.com/PESt-PArser/pEst,v2.9.4-0.20261009084354-7e779b775de4+incompatible
2026-10-10T15:33:32.798422Z,github.com/PEsT-Parser/pEsT,v2.9.4-0.20261009084354-7e779b775de4+incompatible
2026-10-10T15:33:32.828316Z,github.com/PESt-PArser/peSt,v2.9.4-0.20261009084354-7e779b775de4+incompatible
2026-10-10T15:33:32.864314Z,github.com/PESt-PArser/pEST,v2.9.4-0.20261009084354-7e779b775de4+incompatible
2026-10-10T15:33:32.864973Z,github.com/PeSt-PArser/PesT,v2.9.4-0.20261009084354-7e779b775de4+incompatible
2026-10-10T15:33:32.89077Z,github.com/pEsT-PArser/Pest,v2.9.4-0.20261009084354-7e779b775de4+incompatible
2026-10-10T15:33:32.898672Z,github.com/Pest-PArser/PESt,v2.9.4-0.20261009084354-7e779b775de4+incompatible
2026-10-10T15:33:32.924055Z,github.com/PeSt-PArser/Pest,v2.9.4-0.20261009084354-7e779b775de4+incompatible
2026-10-10T15:33:32.926385Z,github.com/PeSt-PArser/peST,v2.9.4-0.20261009084354-7e779b775de4+incompatible
2026-10-10T15:33:32.927601Z,github.com/pEsT-parser/PEsT,v2.9.4-0.20261009084354-7e779b775de4+incompatible
2026-10-10T15:33:32.959534Z,github.com/PeSt-PArser/PEsT,v2.9.4-0.20261009084354-7e779b775de4+incompatible
2026-10-10T15:33:32.96357Z,github.com/peST-parser/pEST,v2.9.4-0.20261009084354-7e779b775de4+incompatible
2026-10-10T15:33:32.975628Z,github.com/PesT-parser/peST,v2.9.4-0.20261009084354-7e779b775de4+incompatible
2026-10-10T15:33:33.016029Z,github.com/pEST-Parser/PeSt,v2.9.4-0.20261009084354-7e779b775de4+incompatible
2026-10-10T15:33:33.037613Z,github.com/Pest-PArser/pEsT,v2.9.4-0.20261009084354-7e779b775de4+incompatible
2026-10-10T15:33:33.037882Z,github.com/PesT-PArser/pEST,v2.9.4-0.20261009084354-7e779b775de4+incompatible
2026-10-10T15:33:33.078152Z,github.com/peSt-PArser/pEST,v2.9.4-0.20261009084354-7e779b775de4+incompatible
2026-10-10T15:33:33.086518Z,github.com/pESt-PArser/pEST,v2.9.4-0.20261009084354-7e779b775de4+incompatible
2026-10-10T15:33:33.103363Z,github.com/PeST-parser/PesT,v2.9.4-0.20261009084354-7e779b775de4+incompatible
2026-10-10T15:33:33.139661Z,github.com/PesT-PArser/pESt,v2.9.4-0.20261009084354-7e779b775de4+incompatible
2026-10-10T15:33:33.146982Z,github.com/pESt-PArser/PeSt,v2.9.4-0.20261009084354-7e779b775de4+incompatible
2026-10-10T15:33:33.176804Z,github.com/PEST-pArser/PEsT,v2.9.4-0.20261009084354-7e779b775de4+incompatible
2026-10-10T15:33:33.229202Z,github.com/pest-PArser/PesT,v2.9.4-0.20261009084354-7e779b775de4+incompatible
2026-10-10T15:33:33.243863Z,github.com/pESt-PArser/PEsT,v2.9.4-0.20261009084354-7e779b775de4+incompatible
2026-10-10T15:33:33.253452Z,github.com/PEsT-pArser/PesT,v2.9.4-0.20261009084354-7e779b775de4+incompatible
2026-10-10T15:33:33.264843Z,github.com/pEST-Parser/pest,v2.9.4-0.20261009084354-7e779b775de4+incompatible
2026-10-10T15:33:33.347765Z,github.com/pEst-PArser/peST,v2.9.4-0.20261009084354-7e779b775de4+incompatible
2026-10-10T15:33:33.382492Z,github.com/PESt-PArser/PESt,v2.9.4-0.20261009084354-7e779b775de4+incompatible
2026-10-10T15:33:33.407434Z,github.com/pESt-PArser/pesT,v2.9.4-0.20261009084354-7e779b775de4+incompatible
2026-10-10T15:33:33.413381Z,github.com/PeSt-Parser/PESt,v2.9.4-0.20261009084354-7e779b775de4+incompatible
2026-10-10T15:33:33.416185Z,github.com/PESt-PArser/PeSt,v2.9.4-0.20261009084354-7e779b775de4+incompatible
2026-10-10T15:33:33.454857Z,github.com/PESt-PArser/pEsT,v2.9.4-0.20261009084354-7e779b775de4+incompatible
2026-10-10T15:33:33.49198Z,github.com/pESt-PArser/PEST,v2.9.4-0.20261009084354-7e779b775de4+incompatible
2026-10-10T15:33:33.500982Z,github.com/pesT-PArser/pEsT,v2.9.4-0.20261009084354-7e779b775de4+incompatible
2026-10-10T15:33:33.512395Z,github.com/pesT-pArser/PEsT,v2.9.4-0.20261009084354-7e779b775de4+incompatible
2026-10-10T15:33:33.609538Z,github.com/pesT-PArser/PEsT,v2.9.4-0.20261009084354-7e779b775de4+incompatible
2026-10-10T15:33:33.626329Z,github.com/Pest-PArser/pESt,v2.9.4-0.20261009084354-7e779b775de4+incompatible
2026-10-10T15:33:33.654208Z,github.com/PeSt-PArser/PEst,v2.9.4-0.20261009084354-7e779b775de4+incompatible
2026-10-10T15:33:33.668571Z,github.com/pest-PArser/pEsT,v2.9.4-0.20261009084354-7e779b775de4+incompatible
2026-10-10T15:33:33.698659Z,github.com/pEST-Parser/peSt,v2.9.4-0.20261009084354-7e779b775de4+incompatible
2026-10-10T15:33:33.709635Z,github.com/pesT-PArser/pEST,v2.9.4-0.20261009084354-7e779b775de4+incompatible
2026-10-10T15:33:33.735139Z,github.com/PEST-pArser/pesT,v2.9.4-0.20261009084354-7e779b775de4+incompatible
2026-10-10T15:33:33.906454Z,github.com/PEST-pArser/PesT,v2.9.4-0.20261009084354-7e779b775de4+incompatible
2026-10-10T15:33:33.961604Z,github.com/PeST-pArser/peSt,v2.9.4-0.20261009084354-7e779b775de4+incompatible
2026-10-10T15:33:33.988338Z,github.com/PEst-PArser/pEsT,v2.9.4-0.20261009084354-7e779b775de4+incompatible
2026-10-10T15:33:34.075819Z,github.com/PesT-PArser/PEsT,v2.9.4-0.20261009084354-7e779b775de4+incompatible
2026-10-10T15:33:34.091774Z,github.com/peST-PArser/peSt,v2.9.4-0.20261009084354-7e779b775de4+incompatible
2026-10-10T15:33:34.102131Z,github.com/peST-PArser/Pest,v2.9.4-0.20261009084354-7e779b775de4+incompatible
2026-10-10T15:33:34.104082Z,github.com/pEsT-PArser/peSt,v2.9.4-0.20261009084354-7e779b775de4+incompatible
2026-10-10T15:33:34.132411Z,github.com/Pest-PArser/peST,v2.9.4-0.20261009084354-7e779b775de4+incompatible
2026-10-10T15:33:34.153684Z,github.com/peST-PArser/pESt,v2.9.4-0.20261009084354-7e779b775de4+incompatible
2026-10-10T15:33:34.180942Z,github.com/pEsT-PArser/PeSt,v2.9.4-0.20261009084354-7e779b775de4+incompatible
2026-10-10T15:33:34.187371Z,github.com/PEST-Parser/pESt,v2.9.4-0.20261009084354-7e779b775de4+incompatible
2026-10-10T15:33:34.23473Z,github.com/pEst-PArser/PEsT,v2.9.4-0.20261009084354-7e779b775de4+incompatible
2026-10-10T15:33:34.256754Z,github.com/PesT-PArser/pEst,v2.9.4-0.20261009084354-7e779b775de4+incompatible
2026-10-10T15:33:34.281425Z,github.com/PEsT-PArser/peST,v2.9.4-0.20261009084354-7e779b775de4+incompatible
2026-10-10T15:33:34.352024Z,github.com/pEsT-PArser/pEsT,v2.9.4-0.20261009084354-7e779b775de4+incompatible
2026-10-10T15:33:34.355155Z,github.com/PEsT-PArser/pEST,v2.9.4-0.20261009084354-7e779b775de4+incompatible
2026-10-10T15:33:34.540942Z,github.com/PEsT-PArser/pESt,v2.9.4-0.20261009084354-7e779b775de4+incompatible
2026-10-10T15:33:34.558789Z,github.com/peST-PArser/PeSt,v2.9.4-0.20261009084354-7e779b775de4+incompatible
2026-10-10T15:33:34.601403Z,github.com/peST-PArser/pEsT,v2.9.4-0.20261009084354-7e779b775de4+incompatible
2026-10-10T15:33:34.692968Z,github.com/PeST-PArser/PesT,v2.9.4-0.20261009084354-7e779b775de4+incompatible
2026-10-10T15:33:34.737208Z,github.com/PeST-Parser/pEsT,v2.9.4-0.20261009084354-7e779b775de4+incompatible
2026-10-10T15:33:34.738818Z,github.com/PEsT-PArser/Pest,v2.9.4-0.20261009084354-7e779b775de4+incompatible
2026-10-10T15:33:34.823169Z,github.com/pEST-PArser/pESt,v2.9.4-0.20261009084354-7e779b775de4+incompatible
2026-10-10T15:33:34.851559Z,github.com/pEST-PArser/pesT,v2.9.4-0.20261009084354-7e779b775de4+incompatible
2026-10-10T15:33:34.984259Z,github.com/pEST-parser/peST,v2.9.4-0.20261009084354-7e779b775de4+incompatible
2026-10-10T15:33:35.076657Z,github.com/PEST-PArser/pesT,v2.9.4-0.20261009084354-7e779b775de4+incompatible
2026-10-10T15:33:35.108043Z,github.com/pest-paRser/peSt,v2.9.4-0.20261009084354-7e779b775de4+incompatible
2026-10-10T15:33:35.126081Z,github.com/peSt-PArser/pEst,v2.9.4-0.20261009084354-7e779b775de4+incompatible
2026-10-10T15:33:35.127245Z,github.com/peST-PArser/pesT,v2.9.4-0.20261009084354-7e779b775de4+incompatible
2026-10-10T15:33:35.164125Z,github.com/pEST-PArser/pEst,v2.9.4-0.20261009084354-7e779b775de4+incompatible
2026-10-10T15:33:35.164765Z,github.com/PeST-PArser/PEst,v2.9.4-0.20261009084354-7e779b775de4+incompatible
2026-10-10T15:33:35.169722Z,github.com/pESt-PArser/pESt,v2.9.4-0.20261009084354-7e779b775de4+incompatible
2026-10-10T15:33:35.182827Z,github.com/PeST-PArser/pEST,v2.9.4-0.20261009084354-7e779b775de4+incompatible
2026-10-10T15:33:35.22893Z,github.com/pEST-PArser/PEsT,v2.9.4-0.20261009084354-7e779b775de4+incompatible
2026-10-10T15:33:35.23718Z,github.com/PEsT-PArser/pEsT,v2.9.4-0.20261009084354-7e779b775de4+incompatible
2026-10-10T15:33:35.313028Z,github.com/PeST-PArser/PeST,v2.9.4-0.20261009084354-7e779b775de4+incompatible
2026-10-10T15:33:35.315993Z,github.com/PEsT-PArser/PesT,v2.9.4-0.20261009084354-7e779b775de4+incompatible
2026-10-10T15:33:35.340469Z,github.com/peST-PArser/pEST,v2.9.4-0.20261009084354-7e779b775de4+incompatible
2026-10-10T15:33:35.360685Z,github.com/PEST-pArSeR/pEsT,v2.9.4-0.20261009084354-7e779b775de4+incompatible
2026-10-10T15:33:35.448192Z,github.com/PEST-PArser/pest,v2.9.4-0.20261009084354-7e779b775de4+incompatible
2026-10-10T15:33:35.448465Z,github.com/pEST-PArser/PEst,v2.9.4-0.20261009084354-7e779b775de4+incompatible
2026-10-10T15:33:35.45551Z,github.com/PeST-PArser/pEsT,v2.9.4-0.20261009084354-7e779b775de4+incompatible
2026-10-10T15:33:35.466892Z,github.com/PEST-PArser/pEst,v2.9.4-0.20261009084354-7e779b775de4+incompatible
2026-10-10T15:33:35.468005Z,github.com/PEST-PArser/PEst,v2.9.4-0.20261009084354-7e779b775de4+incompatible
2026-10-10T15:33:35.544678Z,github.com/PESt-PArser/pest,v2.9.4-0.20261009084354-7e779b775de4+incompatible
2026-10-10T15:33:35.554108Z,github.com/PEST-PArser/pESt,v2.9.4-0.20261009084354-7e779b775de4+incompatible
2026-10-10T15:33:35.572905Z,github.com/Pest-PArser/PesT,v2.9.4-0.20261009084354-7e779b775de4+incompatible
2026-10-10T15:33:35.576466Z,github.com/pESt-paRser/PESt,v2.9.4-0.20261009084354-7e779b775de4+incompatible
2026-10-10T15:33:35.659902Z,github.com/Pest-PArser/pEst,v2.9.4-0.20261009084354-7e779b775de4+incompatible
2026-10-10T15:33:35.70775Z,github.com/PeSt-paRser/PESt,v2.9.4-0.20261009084354-7e779b775de4+incompatible
2026-10-10T15:33:35.722808Z,github.com/pEst-paRser/PesT,v2.9.4-0.20261009084354-7e779b775de4+incompatible
2026-10-10T15:33:35.735018Z,github.com/pest-paRser/PESt,v2.9.4-0.20261009084354-7e779b775de4+incompatible
2026-10-10T15:33:35.780398Z,github.com/Pest-paRser/PEST,v2.9.4-0.20261009084354-7e779b775de4+incompatible
2026-10-10T15:33:35.783859Z,github.com/pesT-PArser/peST,v2.9.4-0.20261009084354-7e779b775de4+incompatible
2026-10-10T15:33:35.834912Z,github.com/pest-paRser/PesT,v2.9.4-0.20261009084354-7e779b775de4+incompatible
2026-10-10T15:33:35.8677Z,github.com/Pest-paRser/PEsT,v2.9.4-0.20261009084354-7e779b775de4+incompatible
2026-10-10T15:33:35.896261Z,github.com/PeSt-paRser/PeST,v2.9.4-0.20261009084354-7e779b775de4+incompatible
2026-10-10T15:33:35.913193Z,github.com/pEsT-PArser/PEST,v2.9.4-0.20261009084354-7e779b775de4+incompatible
2026-10-10T15:33:35.952843Z,github.com/PEst-paRser/pEST,v2.9.4-0.20261009084354-7e779b775de4+incompatible
2026-10-10T15:33:35.956346Z,github.com/peSt-paRser/pEst,v2.9.4-0.20261009084354-7e779b775de4+incompatible
2026-10-10T15:33:35.98395Z,github.com/Pest-paRser/peST,v2.9.4-0.20261009084354-7e779b775de4+incompatible
2026-10-10T15:33:36.008093Z,github.com/peSt-pArser/PESt,v2.9.4-0.20261009084354-7e779b775de4+incompatible
2026-10-10T15:33:36.122716Z,github.com/pEsT-PArser/PesT,v2.9.4-0.20261009084354-7e779b775de4+incompatible
2026-10-10T15:33:36.154096Z,github.com/pEst-paRser/pEsT,v2.9.4-0.20261009084354-7e779b775de4+incompatible
2026-10-10T15:33:36.160957Z,github.com/PeSt-paRser/peSt,v2.9.4-0.20261009084354-7e779b775de4+incompatible
2026-10-10T15:33:36.216494Z,github.com/Pest-paRser/PesT,v2.9.4-0.20261009084354-7e779b775de4+incompatible
2026-10-10T15:33:36.235104Z,github.com/peSt-paRser/PESt,v2.9.4-0.20261009084354-7e779b775de4+incompatible
2026-10-10T15:33:36.243821Z,github.com/pEsT-PArser/pEST,v2.9.4-0.20261009084354-7e779b775de4+incompatible
2026-10-10T15:33:36.250593Z,github.com/PESt-paRser/peST,v2.9.4-0.20261009084354-7e779b775de4+incompatible
2026-10-10T15:33:36.325396Z,github.com/pest-paRser/pESt,v2.9.4-0.20261009084354-7e779b775de4+incompatible
2026-10-10T15:33:36.371457Z,github.com/pest-paRser/PeST,v2.9.4-0.20261009084354-7e779b775de4+incompatible
2026-10-10T15:33:36.372916Z,github.com/PeSt-pArser/pEST,v2.9.4-0.20261009084354-7e779b775de4+incompatible
2026-10-10T15:33:36.574443Z,github.com/peSt-paRser/PEST,v2.9.4-0.20261009084354-7e779b775de4+incompatible
2026-10-10T15:33:36.628524Z,github.com/pEsT-PArser/PEsT,v2.9.4-0.20261009084354-7e779b775de4+incompatible
2026-10-10T15:33:36.681384Z,github.com/Pest-paRser/PeST,v2.9.4-0.20261009084354-7e779b775de4+incompatible
2026-10-10T15:33:36.693702Z,github.com/PeSt-paRser/pEST,v2.9.4-0.20261009084354-7e779b775de4+incompatible
2026-10-10T15:33:36.711229Z,github.com/pEst-paRser/PEsT,v2.9.4-0.20261009084354-7e779b775de4+incompatible
2026-10-10T15:33:36.737682Z,github.com/peSt-paRser/PesT,v2.9.4-0.20261009084354-7e779b775de4+incompatible
2026-10-10T15:33:36.856853Z,github.com/peSt-paRser/pEsT,v2.9.4-0.20261009084354-7e779b775de4+incompatible
2026-10-10T15:33:36.875673Z,github.com/peSt-paRser/PeST,v2.9.4-0.20261009084354-7e779b775de4+incompatible
2026-10-10T15:33:36.948579Z,github.com/pESt-paRser/PEsT,v2.9.4-0.20261009084354-7e779b775de4+incompatible
2026-10-10T15:33:36.967124Z,github.com/pesT-paRser/PESt,v2.9.4-0.20261009084354-7e779b775de4+incompatible
2026-10-10T15:33:37.011614Z,github.com/pesT-paRser/peSt,v2.9.4-0.20261009084354-7e779b775de4+incompatible
2026-10-10T15:33:37.06696Z,github.com/pESt-paRser/pEST,v2.9.4-0.20261009084354-7e779b775de4+incompatible
2026-10-10T15:33:37.080725Z,github.com/PEST-PArser/Pest,v2.9.4-0.20261009084354-7e779b775de4+incompatible
2026-10-10T15:33:37.105123Z,github.com/pESt-paRser/pEsT,v2.9.4-0.20261009084354-7e779b775de4+incompatible
2026-10-10T15:33:37.161145Z,github.com/PEsT-paRser/PEST,v2.9.4-0.20261009084354-7e779b775de4+incompatible
2026-10-10T15:33:37.169861Z,github.com/PEST-PArser/PEST,v2.9.4-0.20261009084354-7e779b775de4+incompatible
2026-10-10T15:33:37.175121Z,github.com/PESt-paRser/PesT,v2.9.4-0.20261009084354-7e779b775de4+incompatible
2026-10-10T15:33:37.178519Z,github.com/PesT-paRser/pEsT,v2.9.4-0.20261009084354-7e779b775de4+incompatible
2026-10-10T15:33:37.248519Z,github.com/PESt-paRser/PeSt,v2.9.4-0.20261009084354-7e779b775de4+incompatible
2026-10-10T15:33:37.250396Z,github.com/PEsT-pArser/pEst,v2.9.4-0.20261009084354-7e779b775de4+incompatible
2026-10-10T15:33:37.271742Z,github.com/peST-PArser/PEST,v2.9.4-0.20261009084354-7e779b775de4+incompatible
2026-10-10T15:33:37.275933Z,github.com/PESt-paRser/pesT,v2.9.4-0.20261009084354-7e779b775de4+incompatible
2026-10-10T15:33:37.27956Z,github.com/peST-PArser/pEst,v2.9.4-0.20261009084354-7e779b775de4+incompatible
2026-10-10T15:33:37.281924Z,github.com/pESt-paRser/peST,v2.9.4-0.20261009084354-7e779b775de4+incompatible
2026-10-10T15:33:37.471979Z,github.com/pesT-paRser/pESt,v2.9.4-0.20261009084354-7e779b775de4+incompatible
2026-10-10T15:33:37.502947Z,github.com/PEST-PArser/pEST,v2.9.4-0.20261009084354-7e779b775de4+incompatible
2026-10-10T15:33:37.564458Z,github.com/PesT-paRser/PEsT,v2.9.4-0.20261009084354-7e779b775de4+incompatible
2026-10-10T15:33:37.671773Z,github.com/peSt-paRser/pEST,v2.9.4-0.20261009084354-7e779b775de4+incompatible
2026-10-10T15:33:37.6852Z,github.com/PeST-paRser/peSt,v2.9.4-0.20261009084354-7e779b775de4+incompatible
2026-10-10T15:33:37.687662Z,github.com/Pest-paRser/pEsT,v2.9.4-0.20261009084354-7e779b775de4+incompatible
2026-10-10T15:33:37.768723Z,github.com/PeST-paRser/pesT,v2.9.4-0.20261009084354-7e779b775de4+incompatible
2026-10-10T15:33:37.811667Z,github.com/PeST-paRser/PesT,v2.9.4-0.20261009084354-7e779b775de4+incompatible
2026-10-10T15:33:37.816627Z,github.com/pEst-paRser/pesT,v2.9.4-0.20261009084354-7e779b775de4+incompatible
2026-10-10T15:33:37.870179Z,github.com/peSt-paRser/pesT,v2.9.4-0.20261009084354-7e779b775de4+incompatible
2026-10-10T15:33:37.896779Z,github.com/PesT-paRser/PEst,v2.9.4-0.20261009084354-7e779b775de4+incompatible
2026-10-10T15:33:37.90427Z,github.com/PESt-paRser/PESt,v2.9.4-0.20261009084354-7e779b775de4+incompatible
2026-10-10T15:33:37.919074Z,github.com/PESt-parser/pEST,v2.9.4-0.20261009084354-7e779b775de4+incompatible
2026-10-10T15:33:37.92736Z,github.com/PEST-paRser/peSt,v2.9.4-0.20261009084354-7e779b775de4+incompatible
2026-10-10T15:33:37.936211Z,github.com/pEsT-paRser/pEST,v2.9.4-0.20261009084354-7e779b775de4+incompatible
2026-10-10T15:33:38.058867Z,github.com/pEsT-paRser/PEST,v2.9.4-0.20261009084354-7e779b775de4+incompatible
2026-10-10T15:33:38.066694Z,github.com/PEsT-paRser/PeSt,v2.9.4-0.20261009084354-7e779b775de4+incompatible
2026-10-10T15:33:38.12707Z,github.com/peST-paRser/peST,v2.9.4-0.20261009084354-7e779b775de4+incompatible
2026-10-10T15:33:38.205385Z,github.com/pEsT-paRser/pEsT,v2.9.4-0.20261009084354-7e779b775de4+incompatible
2026-10-10T15:33:38.223219Z,github.com/PEST-PArser/PeST,v2.9.4-0.20261009084354-7e779b775de4+incompatible
2026-10-10T15:33:38.238998Z,github.com/pEsT-paRser/pESt,v2.9.4-0.20261009084354-7e779b775de4+incompatible
2026-10-10T15:33:38.245792Z,github.com/pesT-paRser/PEST,v2.9.4-0.20261009084354-7e779b775de4+incompatible
2026-10-10T15:33:38.260268Z,github.com/PeST-parser/PESt,v2.9.4-0.20261009084354-7e779b775de4+incompatible
2026-10-10T15:33:38.264448Z,github.com/pesT-paRser/PEsT,v2.9.4-0.20261009084354-7e779b775de4+incompatible
2026-10-10T15:33:38.304493Z,github.com/pesT-paRser/PeST,v2.9.4-0.20261009084354-7e779b775de4+incompatible
2026-10-10T15:33:38.311577Z,github.com/pesT-pArser/peST,v2.9.4-0.20261009084354-7e779b775de4+incompatible
2026-10-10T15:33:38.330534Z,github.com/pesT-Parser/PEsT,v2.9.4-0.20261009084354-7e779b775de4+incompatible
2026-10-10T15:33:38.349968Z,github.com/PEsT-paRser/PESt,v2.9.4-0.20261009084354-7e779b775de4+incompatible
2026-10-10T15:33:38.357462Z,github.com/peST-paRser/pesT,v2.9.4-0.20261009084354-7e779b775de4+incompatible
2026-10-10T15:33:38.452849Z,github.com/peST-paRser/PeST,v2.9.4-0.20261009084354-7e779b775de4+incompatible
2026-10-10T15:33:38.485456Z,github.com/pEsT-paRser/pesT,v2.9.4-0.20261009084354-7e779b775de4+incompatible
2026-10-10T15:33:38.541436Z,github.com/PesT-paRser/peST,v2.9.4-0.20261009084354-7e779b775de4+incompatible
2026-10-10T15:33:38.570778Z,github.com/PEsT-paRser/pest,v2.9.4-0.20261009084354-7e779b775de4+incompatible
2026-10-10T15:33:38.645405Z,github.com/PEsT-pArser/pEST,v2.9.4-0.20261009084354-7e779b775de4+incompatible
2026-10-10T15:33:38.658567Z,github.com/peST-PArser/peST,v2.9.4-0.20261009084354-7e779b775de4+incompatible
2026-10-10T15:33:38.699456Z,github.com/PeST-paRser/pESt,v2.9.4-0.20261009084354-7e779b775de4+incompatible
2026-10-10T15:33:38.722217Z,github.com/pEST-paRser/peST,v2.9.4-0.20261009084354-7e779b775de4+incompatible
2026-10-10T15:33:38.766146Z,github.com/pEST-paRser/PeST,v2.9.4-0.20261009084354-7e779b775de4+incompatible
2026-10-10T15:33:38.784647Z,github.com/peST-paRser/pEsT,v2.9.4-0.20261009084354-7e779b775de4+incompatible
2026-10-10T15:33:38.799302Z,github.com/pEST-paRser/pEsT,v2.9.4-0.20261009084354-7e779b775de4+incompatible
2026-10-10T15:33:38.813632Z,github.com/pEST-paRser/pESt,v2.9.4-0.20261009084354-7e779b775de4+incompatible
2026-10-10T15:33:38.831715Z,github.com/pesT-paRser/peST,v2.9.4-0.20261009084354-7e779b775de4+incompatible
2026-10-10T15:33:38.83497Z,github.com/pESt-paRser/PEST,v2.9.4-0.20261009084354-7e779b775de4+incompatible
2026-10-10T15:33:38.859705Z,github.com/peST-pArser/PEST,v2.9.4-0.20261009084354-7e779b775de4+incompatible
2026-10-10T15:33:38.891177Z,github.com/pEST-paRser/peSt,v2.9.4-0.20261009084354-7e779b775de4+incompatible
2026-10-10T15:33:38.916724Z,github.com/pEsT-PArser/pEst,v2.9.4-0.20261009084354-7e779b775de4+incompatible
2026-10-10T15:33:38.958686Z,github.com/pEst-PaRser/PesT,v2.9.4-0.20261009084354-7e779b775de4+incompatible
2026-10-10T15:33:38.967652Z,github.com/PEsT-Parser/pest,v2.9.4-0.20261009084354-7e779b775de4+incompatible
2026-10-10T15:33:38.996388Z,github.com/PEsT-Parser/PeST,v2.9.4-0.20261009084354-7e779b775de4+incompatible
2026-10-10T15:33:39.077114Z,github.com/PEST-paRser/PeSt,v2.9.4-0.20261009084354-7e779b775de4+incompatible
2026-10-10T15:33:39.102933Z,github.com/pest-PaRser/peST,v2.9.4-0.20261009084354-7e779b775de4+incompatible
2026-10-10T15:33:39.106507Z,github.com/Pest-PaRser/PesT,v2.9.4-0.20261009084354-7e779b775de4+incompatible
2026-10-10T15:33:39.197047Z,github.com/PEST-paRser/pEst,v2.9.4-0.20261009084354-7e779b775de4+incompatible
2026-10-10T15:33:39.206278Z,github.com/PEst-PaRser/PeSt,v2.9.4-0.20261009084354-7e779b775de4+incompatible
2026-10-10T15:33:39.220745Z,github.com/pEST-paRser/pest,v2.9.4-0.20261009084354-7e779b775de4+incompatible
2026-10-10T15:33:39.272001Z,github.com/PeSt-paRser/PesT,v2.9.4-0.20261009084354-7e779b775de4+incompatible
2026-10-10T15:33:39.311931Z,github.com/PEsT-paRser/Pest,v2.9.4-0.20261009084354-7e779b775de4+incompatible
2026-10-10T15:33:39.334693Z,github.com/PEsT-paRser/PesT,v2.9.4-0.20261009084354-7e779b775de4+incompatible
2026-10-10T15:33:39.365514Z,github.com/pest-PaRser/PEST,v2.9.4-0.20261009084354-7e779b775de4+incompatible
2026-10-10T15:33:39.392402Z,github.com/PEST-paRser/pEST,v2.9.4-0.20261009084354-7e779b775de4+incompatible
2026-10-10T15:33:39.408709Z,github.com/pest-PaRser/pEST,v2.9.4-0.20261009084354-7e779b775de4+incompatible
2026-10-10T15:33:39.419216Z,github.com/pESt-PArser/PesT,v2.9.4-0.20261009084354-7e779b775de4+incompatible
2026-10-10T15:33:39.426332Z,github.com/pesT-paRser/PesT,v2.9.4-0.20261009084354-7e779b775de4+incompatible
2026-10-10T15:33:39.441684Z,github.com/Pest-PaRser/PEsT,v2.9.4-0.20261009084354-7e779b775de4+incompatible
2026-10-10T15:33:39.452612Z,github.com/PeST-paRser/pEst,v2.9.4-0.20261009084354-7e779b775de4+incompatible
2026-10-10T15:33:39.545627Z,github.com/Pest-PaRser/PeST,v2.9.4-0.20261009084354-7e779b775de4+incompatible
2026-10-10T15:33:39.592486Z,github.com/PESt-PArser/Pest,v2.9.4-0.20261009084354-7e779b775de4+incompatible
2026-10-10T15:33:39.60834Z,github.com/pest-PaRser/pesT,v2.9.4-0.20261009084354-7e779b775de4+incompatible
2026-10-10T15:33:39.64186Z,github.com/peSt-PArser/pESt,v2.9.4-0.20261009084354-7e779b775de4+incompatible
2026-10-10T15:33:39.650554Z,github.com/PESt-PArser/pesT,v2.9.4-0.20261009084354-7e779b775de4+incompatible
2026-10-10T15:33:39.655127Z,github.com/PeST-paRser/PeST,v2.9.4-0.20261009084354-7e779b775de4+incompatible
2026-10-10T15:33:39.671329Z,github.com/PEst-PaRser/pesT,v2.9.4-0.20261009084354-7e779b775de4+incompatible
2026-10-10T15:33:39.702805Z,github.com/pesT-paRser/pEsT,v2.9.4-0.20261009084354-7e779b775de4+incompatible
2026-10-10T15:33:39.716366Z,github.com/PeSt-paRser/pESt,v2.9.4-0.20261009084354-7e779b775de4+incompatible
2026-10-10T15:33:39.729447Z,github.com/PEst-PaRser/PeST,v2.9.4-0.20261009084354-7e779b775de4+incompatible
2026-10-10T15:33:39.764246Z,github.com/peST-paRser/PESt,v2.9.4-0.20261009084354-7e779b775de4+incompatible
2026-10-10T15:33:39.766292Z,github.com/pEst-PaRser/pest,v2.9.4-0.20261009084354-7e779b775de4+incompatible
2026-10-10T15:33:39.801044Z,github.com/PEST-paRser/PesT,v2.9.4-0.20261009084354-7e779b775de4+incompatible
2026-10-10T15:33:39.852082Z,github.com/PEst-PaRser/PesT,v2.9.4-0.20261009084354-7e779b775de4+incompatible
2026-10-10T15:33:39.863174Z,github.com/PEst-PaRser/peSt,v2.9.4-0.20261009084354-7e779b775de4+incompatible
2026-10-10T15:33:39.870634Z,github.com/pEst-PaRser/PESt,v2.9.4-0.20261009084354-7e779b775de4+incompatible
2026-10-10T15:33:39.927366Z,github.com/pEst-PaRser/PEsT,v2.9.4-0.20261009084354-7e779b775de4+incompatible
2026-10-10T15:33:39.92947Z,github.com/pesT-PArser/pesT,v2.9.4-0.20261009084354-7e779b775de4+incompatible
2026-10-10T15:33:39.934055Z,github.com/PESt-PArser/pESt,v2.9.4-0.20261009084354-7e779b775de4+incompatible
2026-10-10T15:33:39.946566Z,github.com/PEst-PaRser/pEsT,v2.9.4-0.20261009084354-7e779b775de4+incompatible
2026-10-10T15:33:39.952809Z,github.com/PEst-PaRser/PESt,v2.9.4-0.20261009084354-7e779b775de4+incompatible
2026-10-10T15:33:40.017034Z,github.com/pEST-paRser/PesT,v2.9.4-0.20261009084354-7e779b775de4+incompatible
2026-10-10T15:33:40.074018Z,github.com/pEST-paRser/PEsT,v2.9.4-0.20261009084354-7e779b775de4+incompatible
2026-10-10T15:33:40.186717Z,github.com/PEsT-paRser/pEsT,v2.9.4-0.20261009084354-7e779b775de4+incompatible
2026-10-10T15:33:40.208802Z,github.com/PEsT-paRser/pEST,v2.9.4-0.20261009084354-7e779b775de4+incompatible
2026-10-10T15:33:40.250965Z,github.com/peSt-PaRser/PESt,v2.9.4-0.20261009084354-7e779b775de4+incompatible
2026-10-10T15:33:40.269168Z,github.com/peSt-PaRser/PesT,v2.9.4-0.20261009084354-7e779b775de4+incompatible
2026-10-10T15:33:40.275107Z,github.com/pEst-PaRser/pEST,v2.9.4-0.20261009084354-7e779b775de4+incompatible
2026-10-10T15:33:40.295356Z,github.com/PeSt-PaRser/PesT,v2.9.4-0.20261009084354-7e779b775de4+incompatible
2026-10-10T15:33:40.31555Z,github.com/pESt-paRser/PesT,v2.9.4-0.20261009084354-7e779b775de4+incompatible
2026-10-10T15:33:40.332759Z,github.com/pest-PaRser/pEsT,v2.9.4-0.20261009084354-7e779b775de4+incompatible
2026-10-10T15:33:40.394416Z,github.com/PEst-PaRser/pEst,v2.9.4-0.20261009084354-7e779b775de4+incompatible
2026-10-10T15:33:40.497354Z,github.com/PESt-PaRser/PESt,v2.9.4-0.20261009084354-7e779b775de4+incompatible
2026-10-10T15:33:40.597048Z,github.com/PeSt-PArser/PeST,v2.9.4-0.20261009084354-7e779b775de4+incompatible
2026-10-10T15:33:40.609577Z,github.com/pEsT-paRser/PeST,v2.9.4-0.20261009084354-7e779b775de4+incompatible
2026-10-10T15:33:40.612919Z,github.com/peSt-PaRser/pESt,v2.9.4-0.20261009084354-7e779b775de4+incompatible
2026-10-10T15:33:40.632509Z,github.com/pEst-PaRser/peST,v2.9.4-0.20261009084354-7e779b775de4+incompatible
2026-10-10T15:33:40.636132Z,github.com/peSt-PaRser/PEST,v2.9.4-0.20261009084354-7e779b775de4+incompatible
2026-10-10T15:33:40.637195Z,github.com/pest-PaRser/PesT,v2.9.4-0.20261009084354-7e779b775de4+incompatible
2026-10-10T15:33:40.646969Z,github.com/peSt-PaRser/pEsT,v2.9.4-0.20261009084354-7e779b775de4+incompatible
2026-10-10T15:33:40.65836Z,github.com/peSt-PaRser/peST,v2.9.4-0.20261009084354-7e779b775de4+incompatible
2026-10-10T15:33:40.741291Z,github.com/pEsT-paRser/PEsT,v2.9.4-0.20261009084354-7e779b775de4+incompatible
2026-10-10T15:33:40.74455Z,github.com/pESt-PaRser/pESt,v2.9.4-0.20261009084354-7e779b775de4+incompatible
2026-10-10T15:33:40.775713Z,github.com/pEST-Parser/pESt,v2.9.4-0.20261009084354-7e779b775de4+incompatible
2026-10-10T15:33:40.862669Z,github.com/pEst-PArser/pESt,v2.9.4-0.20261009084354-7e779b775de4+incompatible
2026-10-10T15:33:40.875624Z,github.com/PESt-PaRser/pEsT,v2.9.4-0.20261009084354-7e779b775de4+incompatible
2026-10-10T15:33:40.901472Z,github.com/pEST-paRser/pEst,v2.9.4-0.20261009084354-7e779b775de4+incompatible
2026-10-10T15:33:40.938044Z,github.com/peST-paRser/PesT,v2.9.4-0.20261009084354-7e779b775de4+incompatible
2026-10-10T15:33:40.947035Z,github.com/pESt-PaRser/PesT,v2.9.4-0.20261009084354-7e779b775de4+incompatible
2026-10-10T15:33:40.988313Z,github.com/PESt-PaRser/pEst,v2.9.4-0.20261009084354-7e779b775de4+incompatible
2026-10-10T15:33:41.001386Z,github.com/PEST-PArser/PESt,v2.9.4-0.20261009084354-7e779b775de4+incompatible
2026-10-10T15:33:41.016691Z,github.com/PEsT-paRser/peSt,v2.9.4-0.20261009084354-7e779b775de4+incompatible
2026-10-10T15:33:41.01957Z,github.com/peSt-PaRser/PEsT,v2.9.4-0.20261009084354-7e779b775de4+incompatible
2026-10-10T15:33:41.034323Z,github.com/pesT-pArser/pEsT,v2.9.4-0.20261009084354-7e779b775de4+incompatible
2026-10-10T15:33:41.071018Z,github.com/PEsT-PArser/pest,v2.9.4-0.20261009084354-7e779b775de4+incompatible
2026-10-10T15:33:41.108369Z,github.com/PesT-PaRser/pESt,v2.9.4-0.20261009084354-7e779b775de4+incompatible
2026-10-10T15:33:41.15146Z,github.com/PeSt-PaRser/pesT,v2.9.4-0.20261009084354-7e779b775de4+incompatible
2026-10-10T15:33:41.184897Z,github.com/PeSt-PaRser/peSt,v2.9.4-0.20261009084354-7e779b775de4+incompatible
2026-10-10T15:33:41.312395Z,github.com/PEST-paRser/PeST,v2.9.4-0.20261009084354-7e779b775de4+incompatible
2026-10-10T15:33:41.407324Z,github.com/pESt-PaRser/PeST,v2.9.4-0.20261009084354-7e779b775de4+incompatible
2026-10-10T15:33:41.438071Z,github.com/PeST-PArser/peST,v2.9.4-0.20261009084354-7e779b775de4+incompatible
2026-10-10T15:33:41.438227Z,github.com/peST-paRser/pESt,v2.9.4-0.20261009084354-7e779b775de4+incompatible
2026-10-10T15:33:41.487629Z,github.com/pesT-PaRser/PeST,v2.9.4-0.20261009084354-7e779b775de4+incompatible
2026-10-10T15:33:41.543216Z,github.com/PESt-PaRser/PEST,v2.9.4-0.20261009084354-7e779b775de4+incompatible
2026-10-10T15:33:41.589986Z,github.com/peST-PaRser/PesT,v2.9.4-0.20261009084354-7e779b775de4+incompatible
2026-10-10T15:33:41.622417Z,github.com/PeSt-PaRser/pESt,v2.9.4-0.20261009084354-7e779b775de4+incompatible
2026-10-10T15:33:41.738034Z,github.com/PEsT-PaRser/PEST,v2.9.4-0.20261009084354-7e779b775de4+incompatible
2026-10-10T15:33:41.761136Z,github.com/PeST-PaRser/pEST,v2.9.4-0.20261009084354-7e779b775de4+incompatible
2026-10-10T15:33:41.843651Z,github.com/PEsT-PaRser/peST,v2.9.4-0.20261009084354-7e779b775de4+incompatible
2026-10-10T15:33:41.844592Z,github.com/pesT-PArser/PeST,v2.9.4-0.20261009084354-7e779b775de4+incompatible
2026-10-10T15:33:41.857056Z,github.com/pEST-PaRser/pEST,v2.9.4-0.20261009084354-7e779b775de4+incompatible
2026-10-10T15:33:41.88136Z,github.com/PesT-PaRser/peSt,v2.9.4-0.20261009084354-7e779b775de4+incompatible
2026-10-10T15:33:42.020887Z,github.com/pESt-PaRser/pesT,v2.9.4-0.20261009084354-7e779b775de4+incompatible
2026-10-10T15:33:42.033394Z,github.com/pesT-PaRser/pEsT,v2.9.4-0.20261009084354-7e779b775de4+incompatible
2026-10-10T15:33:42.052389Z,github.com/pEsT-PaRser/PeST,v2.9.4-0.20261009084354-7e779b775de4+incompatible
2026-10-10T15:33:42.108582Z,github.com/PEsT-PaRser/pEst,v2.9.4-0.20261009084354-7e779b775de4+incompatible
2026-10-10T15:33:42.119864Z,github.com/pesT-PaRser/peST,v2.9.4-0.20261009084354-7e779b775de4+incompatible
2026-10-10T15:33:42.140708Z,github.com/PEst-PaRser/PEsT,v2.9.4-0.20261009084354-7e779b775de4+incompatible
2026-10-10T15:33:42.23859Z,github.com/pesT-PaRser/PesT,v2.9.4-0.20261009084354-7e779b775de4+incompatible
2026-10-10T15:33:42.455777Z,github.com/pEsT-PArser/peST,v2.9.4-0.20261009084354-7e779b775de4+incompatible
2026-10-10T15:33:42.458035Z,github.com/PESt-PaRser/pesT,v2.9.4-0.20261009084354-7e779b775de4+incompatible
2026-10-10T15:33:42.468394Z,github.com/pesT-PaRser/pESt,v2.9.4-0.20261009084354-7e779b775de4+incompatible
2026-10-10T15:33:42.48065Z,github.com/PEsT-PaRser/PESt,v2.9.4-0.20261009084354-7e779b775de4+incompatible
2026-10-10T15:33:42.501575Z,github.com/PEsT-PaRser/pest,v2.9.4-0.20261009084354-7e779b775de4+incompatible
2026-10-10T15:33:42.540227Z,github.com/pesT-PaRser/PEST,v2.9.4-0.20261009084354-7e779b775de4+incompatible
2026-10-10T15:33:42.559006Z,github.com/PesT-PaRser/PEst,v2.9.4-0.20261009084354-7e779b775de4+incompatible
2026-10-10T15:33:42.571761Z,github.com/peST-PaRser/Pest,v2.9.4-0.20261009084354-7e779b775de4+incompatible
2026-10-10T15:33:42.627886Z,github.com/peST-PaRser/pESt,v2.9.4-0.20261009084354-7e779b775de4+incompatible
2026-10-10T15:33:42.733564Z,github.com/pEsT-PaRser/pEsT,v2.9.4-0.20261009084354-7e779b775de4+incompatible
2026-10-10T15:33:42.75265Z,github.com/pesT-PaRser/pesT,v2.9.4-0.20261009084354-7e779b775de4+incompatible
2026-10-10T15:33:42.763817Z,github.com/PeST-PaRser/PeSt,v2.9.4-0.20261009084354-7e779b775de4+incompatible
2026-10-10T15:33:42.803815Z,github.com/PeST-PaRser/pEsT,v2.9.4-0.20261009084354-7e779b775de4+incompatible
2026-10-10T15:33:42.838706Z,github.com/PEsT-PaRser/pEsT,v2.9.4-0.20261009084354-7e779b775de4+incompatible
2026-10-10T15:33:42.899748Z,github.com/PEST-PaRser/pEst,v2.9.4-0.20261009084354-7e779b775de4+incompatible
2026-10-10T15:33:42.916899Z,github.com/PESt-PaRser/PesT,v2.9.4-0.20261009084354-7e779b775de4+incompatible
2026-10-10T15:33:42.93775Z,github.com/pEst-pARser/pESt,v2.9.4-0.20261009084354-7e779b775de4+incompatible
2026-10-10T15:33:42.987229Z,github.com/PEsT-PaRser/PeST,v2.9.4-0.20261009084354-7e779b775de4+incompatible
2026-10-10T15:33:43.006298Z,github.com/peST-PaRser/PEsT,v2.9.4-0.20261009084354-7e779b775de4+incompatible
2026-10-10T15:33:43.121447Z,github.com/pEST-PaRser/PeST,v2.9.4-0.20261009084354-7e779b775de4+incompatible
2026-10-10T15:33:43.125547Z,github.com/pEST-PaRser/pEst,v2.9.4-0.20261009084354-7e779b775de4+incompatible
2026-10-10T15:33:43.12974Z,github.com/PEST-PaRser/PEsT,v2.9.4-0.20261009084354-7e779b775de4+incompatible
2026-10-10T15:33:43.166563Z,github.com/PEST-PaRser/pESt,v2.9.4-0.20261009084354-7e779b775de4+incompatible
2026-10-10T15:33:43.171179Z,github.com/PEST-PaRser/Pest,v2.9.4-0.20261009084354-7e779b775de4+incompatible
2026-10-10T15:33:43.199944Z,github.com/pESt-pArser/PEsT,v2.9.4-0.20261009084354-7e779b775de4+incompatible
2026-10-10T15:33:43.204131Z,github.com/PeSt-PaRser/PEsT,v2.9.4-0.20261009084354-7e779b775de4+incompatible
2026-10-10T15:33:43.286763Z,github.com/pEst-PaRser/pEsT,v2.9.4-0.20261009084354-7e779b775de4+incompatible
2026-10-10T15:33:43.308094Z,github.com/pest-pARser/PesT,v2.9.4-0.20261009084354-7e779b775de4+incompatible
2026-10-10T15:33:43.335443Z,github.com/PeSt-PaRser/PeST,v2.9.4-0.20261009084354-7e779b775de4+incompatible
2026-10-10T15:33:43.368718Z,github.com/PEST-PaRser/PeSt,v2.9.4-0.20261009084354-7e779b775de4+incompatible
2026-10-10T15:33:43.409682Z,github.com/PesT-PArser/Pest,v2.9.4-0.20261009084354-7e779b775de4+incompatible
2026-10-10T15:33:43.425309Z,github.com/pEsT-PaRser/peSt,v2.9.4-0.20261009084354-7e779b775de4+incompatible
2026-10-10T15:33:43.460109Z,github.com/Pest-pARser/PEsT,v2.9.4-0.20261009084354-7e779b775de4+incompatible
2026-10-10T15:33:43.469157Z,github.com/Pest-PaRser/pEST,v2.9.4-0.20261009084354-7e779b775de4+incompatible
2026-10-10T15:33:43.549646Z,github.com/PEst-pARser/PEst,v2.9.4-0.20261009084354-7e779b775de4+incompatible
2026-10-10T15:33:43.610251Z,github.com/peSt-paRser/PEsT,v2.9.4-0.20261009084354-7e779b775de4+incompatible
2026-10-10T15:33:43.638398Z,github.com/PEST-PaRser/peST,v2.9.4-0.20261009084354-7e779b775de4+incompatible
2026-10-10T15:33:43.674029Z,github.com/Pest-pARser/PeST,v2.9.4-0.20261009084354-7e779b775de4+incompatible
2026-10-10T15:33:43.684429Z,github.com/PEsT-PaRser/Pest,v2.9.4-0.20261009084354-7e779b775de4+incompatible
2026-10-10T15:33:43.696966Z,github.com/PESt-PaRser/PeST,v2.9.4-0.20261009084354-7e779b775de4+incompatible
2026-10-10T15:33:43.704038Z,github.com/pEST-PaRser/pESt,v2.9.4-0.20261009084354-7e779b775de4+incompatible
2026-10-10T15:33:43.719209Z,github.com/pEst-pARser/PeST,v2.9.4-0.20261009084354-7e779b775de4+incompatible
2026-10-10T15:33:43.755021Z,github.com/pest-PaRser/peSt,v2.9.4-0.20261009084354-7e779b775de4+incompatible
2026-10-10T15:33:43.774896Z,github.com/Pest-pARser/PESt,v2.9.4-0.20261009084354-7e779b775de4+incompatible
2026-10-10T15:33:43.799182Z,github.com/pEst-pARser/PEst,v2.9.4-0.20261009084354-7e779b775de4+incompatible
2026-10-10T15:33:43.818824Z,github.com/PeSt-pARser/PEst,v2.9.4-0.20261009084354-7e779b775de4+incompatible
2026-10-10T15:33:43.90267Z,github.com/PEst-pARser/PeSt,v2.9.4-0.20261009084354-7e779b775de4+incompatible
2026-10-10T15:33:43.950395Z,github.com/PeSt-PaRser/peST,v2.9.4-0.20261009084354-7e779b775de4+incompatible
2026-10-10T15:33:43.977534Z,github.com/pESt-pARser/PEST,v2.9.4-0.20261009084354-7e779b775de4+incompatible
2026-10-10T15:33:44.005904Z,github.com/PeST-PaRser/pesT,v2.9.4-0.20261009084354-7e779b775de4+incompatible
2026-10-10T15:33:44.011168Z,github.com/PEsT-PaRser/PEst,v2.9.4-0.20261009084354-7e779b775de4+incompatible
2026-10-10T15:33:44.092227Z,github.com/peST-pArser/pESt,v2.9.4-0.20261009084354-7e779b775de4+incompatible
2026-10-10T15:33:44.092944Z,github.com/Pest-PaRser/PESt,v2.9.4-0.20261009084354-7e779b775de4+incompatible
2026-10-10T15:33:44.093218Z,github.com/PeSt-pARser/Pest,v2.9.4-0.20261009084354-7e779b775de4+incompatible
2026-10-10T15:33:44.121Z,github.com/PEsT-PaRser/peSt,v2.9.4-0.20261009084354-7e779b775de4+incompatible
2026-10-10T15:33:44.129164Z,github.com/peSt-pARser/PEsT,v2.9.4-0.20261009084354-7e779b775de4+incompatible
2026-10-10T15:33:44.141846Z,github.com/peSt-pARser/pEsT,v2.9.4-0.20261009084354-7e779b775de4+incompatible
2026-10-10T15:33:44.166114Z,github.com/pESt-pARser/PeST,v2.9.4-0.20261009084354-7e779b775de4+incompatible
2026-10-10T15:33:44.169456Z,github.com/peSt-pARser/peST,v2.9.4-0.20261009084354-7e779b775de4+incompatible
2026-10-10T15:33:44.19689Z,github.com/PESt-paRser/PEsT,v2.9.4-0.20261009084354-7e779b775de4+incompatible
2026-10-10T15:33:44.213682Z,github.com/Pest-pARser/pEsT,v2.9.4-0.20261009084354-7e779b775de4+incompatible
2026-10-10T15:33:44.27421Z,github.com/pESt-pARser/pEsT,v2.9.4-0.20261009084354-7e779b775de4+incompatible
2026-10-10T15:33:44.298526Z,github.com/peSt-PaRser/pesT,v2.9.4-0.20261009084354-7e779b775de4+incompatible
2026-10-10T15:33:44.308312Z,github.com/PesT-pARser/Pest,v2.9.4-0.20261009084354-7e779b775de4+incompatible
2026-10-10T15:33:44.341036Z,github.com/PEsT-paRser/PEsT,v2.9.4-0.20261009084354-7e779b775de4+incompatible
2026-10-10T15:33:44.358764Z,github.com/PeST-PaRser/PeST,v2.9.4-0.20261009084354-7e779b775de4+incompatible
2026-10-10T15:33:44.388291Z,github.com/PEST-PaRser/PEST,v2.9.4-0.20261009084354-7e779b775de4+incompatible
2026-10-10T15:33:44.393916Z,github.com/pest-pARser/PESt,v2.9.4-0.20261009084354-7e779b775de4+incompatible
2026-10-10T15:33:44.410107Z,github.com/PesT-pARser/PeSt,v2.9.4-0.20261009084354-7e779b775de4+incompatible
2026-10-10T15:33:44.428007Z,github.com/PESt-pARser/PeST,v2.9.4-0.20261009084354-7e779b775de4+incompatible
2026-10-10T15:33:44.441674Z,github.com/PeSt-pARser/pEst,v2.9.4-0.20261009084354-7e779b775de4+incompatible
2026-10-10T15:33:44.5107Z,github.com/Pest-pARser/pEST,v2.9.4-0.20261009084354-7e779b775de4+incompatible
2026-10-10T15:33:44.535329Z,github.com/PESt-pARser/peST,v2.9.4-0.20261009084354-7e779b775de4+incompatible
2026-10-10T15:33:44.580245Z,github.com/PEst-pARser/PesT,v2.9.4-0.20261009084354-7e779b775de4+incompatible
2026-10-10T15:33:44.600794Z,github.com/PESt-pARser/pESt,v2.9.4-0.20261009084354-7e779b775de4+incompatible
2026-10-10T15:33:44.619943Z,github.com/pEST-PaRser/PEsT,v2.9.4-0.20261009084354-7e779b775de4+incompatible
2026-10-10T15:33:44.642492Z,github.com/pESt-pARser/PEsT,v2.9.4-0.20261009084354-7e779b775de4+incompatible
2026-10-10T15:33:44.64539Z,github.com/PesT-PaRser/PEsT,v2.9.4-0.20261009084354-7e779b775de4+incompatible
2026-10-10T15:33:44.646363Z,github.com/pESt-pARser/peST,v2.9.4-0.20261009084354-7e779b775de4+incompatible
2026-10-10T15:33:44.660484Z,github.com/PESt-pARser/PeSt,v2.9.4-0.20261009084354-7e779b775de4+incompatible
2026-10-10T15:33:44.67426Z,github.com/PeSt-pARser/pesT,v2.9.4-0.20261009084354-7e779b775de4+incompatible
2026-10-10T15:33:44.68369Z,github.com/Pest-pARser/PesT,v2.9.4-0.20261009084354-7e779b775de4+incompatible
2026-10-10T15:33:44.692035Z,github.com/peSt-pARser/PeST,v2.9.4-0.20261009084354-7e779b775de4+incompatible
2026-10-10T15:33:44.706372Z,github.com/pesT-pARser/PESt,v2.9.4-0.20261009084354-7e779b775de4+incompatible
2026-10-10T15:33:44.706961Z,github.com/PESt-pARser/pest,v2.9.4-0.20261009084354-7e779b775de4+incompatible
2026-10-10T15:33:44.72515Z,github.com/PesT-pARser/pESt,v2.9.4-0.20261009084354-7e779b775de4+incompatible
2026-10-10T15:33:44.727796Z,github.com/PEst-paRser/pesT,v2.9.4-0.20261009084354-7e779b775de4+incompatible
2026-10-10T15:33:44.735794Z,github.com/PEst-pARser/peSt,v2.9.4-0.20261009084354-7e779b775de4+incompatible
2026-10-10T15:33:44.794816Z,github.com/PESt-pARser/pesT,v2.9.4-0.20261009084354-7e779b775de4+incompatible
2026-10-10T15:33:44.80875Z,github.com/PEsT-pARser/peSt,v2.9.4-0.20261009084354-7e779b775de4+incompatible
2026-10-10T15:33:44.868772Z,github.com/PesT-pARser/PEsT,v2.9.4-0.20261009084354-7e779b775de4+incompatible
2026-10-10T15:33:44.869357Z,github.com/pesT-PaRser/PESt,v2.9.4-0.20261009084354-7e779b775de4+incompatible
2026-10-10T15:33:44.95324Z,github.com/PesT-pArser/PEST,v2.9.4-0.20261009084354-7e779b775de4+incompatible
2026-10-10T15:33:44.958903Z,github.com/PeSt-pARser/PEsT,v2.9.4-0.20261009084354-7e779b775de4+incompatible
2026-10-10T15:33:44.964307Z,github.com/PEST-pArser/PESt,v2.9.4-0.20261009084354-7e779b775de4+incompatible
2026-10-10T15:33:45.00101Z,github.com/pesT-pARser/PEst,v2.9.4-0.20261009084354-7e779b775de4+incompatible
2026-10-10T15:33:45.007139Z,github.com/PesT-PArser/pesT,v2.9.4-0.20261009084354-7e779b775de4+incompatible
2026-10-10T15:33:45.026039Z,github.com/pEsT-PaRsEr/PEsT,v2.9.4-0.20261009084354-7e779b775de4+incompatible
2026-10-10T15:33:45.097916Z,github.com/PesT-pARser/PEst,v2.9.4-0.20261009084354-7e779b775de4+incompatible
2026-10-10T15:33:45.170113Z,github.com/pEsT-pARser/pEst,v2.9.4-0.20261009084354-7e779b775de4+incompatible
2026-10-10T15:33:45.185668Z,github.com/PEst-pARser/pEst,v2.9.4-0.20261009084354-7e779b775de4+incompatible
2026-10-10T15:33:45.22081Z,github.com/PESt-pARser/PESt,v2.9.4-0.20261009084354-7e779b775de4+incompatible
2026-10-10T15:33:45.229187Z,github.com/PesT-pARser/peSt,v2.9.4-0.20261009084354-7e779b775de4+incompatible
2026-10-10T15:33:45.291758Z,github.com/PEST-PaRser/peSt,v2.9.4-0.20261009084354-7e779b775de4+incompatible
2026-10-10T15:33:45.361752Z,github.com/PEST-paRser/PESt,v2.9.4-0.20261009084354-7e779b775de4+incompatible
2026-10-10T15:33:45.366986Z,github.com/peST-pARser/PeST,v2.9.4-0.20261009084354-7e779b775de4+incompatible
2026-10-10T15:33:45.371746Z,github.com/PesT-pARser/peST,v2.9.4-0.20261009084354-7e779b775de4+incompatible
2026-10-10T15:33:45.426947Z,github.com/PEst-pARser/pESt,v2.9.4-0.20261009084354-7e779b775de4+incompatible
2026-10-10T15:33:45.545969Z,github.com/pEsT-pARser/pESt,v2.9.4-0.20261009084354-7e779b775de4+incompatible
2026-10-10T15:33:45.576204Z,github.com/pEsT-pARser/peST,v2.9.4-0.20261009084354-7e779b775de4+incompatible
2026-10-10T15:33:45.632419Z,github.com/pEsT-PaRser/PeSt,v2.9.4-0.20261009084354-7e779b775de4+incompatible
2026-10-10T15:33:45.72415Z,github.com/peST-pARser/PESt,v2.9.4-0.20261009084354-7e779b775de4+incompatible
2026-10-10T15:33:45.764342Z,github.com/PEST-PaRser/PESt,v2.9.4-0.20261009084354-7e779b775de4+incompatible
2026-10-10T15:33:45.778398Z,github.com/peST-pARser/pEST,v2.9.4-0.20261009084354-7e779b775de4+incompatible
2026-10-10T15:33:45.787917Z,github.com/peST-pARser/pEsT,v2.9.4-0.20261009084354-7e779b775de4+incompatible
2026-10-10T15:33:45.788914Z,github.com/PesT-pARser/PESt,v2.9.4-0.20261009084354-7e779b775de4+incompatible
2026-10-10T15:33:45.791076Z,github.com/PESt-pARser/PEst,v2.9.4-0.20261009084354-7e779b775de4+incompatible
2026-10-10T15:33:45.87335Z,github.com/PeST-pARser/PeSt,v2.9.4-0.20261009084354-7e779b775de4+incompatible
2026-10-10T15:33:45.874089Z,github.com/PeSt-pARser/PESt,v2.9.4-0.20261009084354-7e779b775de4+incompatible
2026-10-10T15:33:45.925708Z,github.com/PEsT-pARser/pEst,v2.9.4-0.20261009084354-7e779b775de4+incompatible
2026-10-10T15:33:45.939673Z,github.com/PEsT-pARser/Pest,v2.9.4-0.20261009084354-7e779b775de4+incompatible
2026-10-10T15:33:45.983281Z,github.com/PESt-pARser/PEsT,v2.9.4-0.20261009084354-7e779b775de4+incompatible
2026-10-10T15:33:45.996295Z,github.com/pEsT-pARser/PEST,v2.9.4-0.20261009084354-7e779b775de4+incompatible
2026-10-10T15:33:46.041444Z,github.com/PeST-pARser/peSt,v2.9.4-0.20261009084354-7e779b775de4+incompatible
2026-10-10T15:33:46.088811Z,github.com/PeST-pARser/PEst,v2.9.4-0.20261009084354-7e779b775de4+incompatible
2026-10-10T15:33:46.141733Z,github.com/peST-pARser/PEst,v2.9.4-0.20261009084354-7e779b775de4+incompatible
2026-10-10T15:33:46.178467Z,github.com/PEsT-pARser/pEsT,v2.9.4-0.20261009084354-7e779b775de4+incompatible
2026-10-10T15:33:46.234571Z,github.com/peST-pARser/pESt,v2.9.4-0.20261009084354-7e779b775de4+incompatible
2026-10-10T15:33:46.246903Z,github.com/PeST-pARser/PesT,v2.9.4-0.20261009084354-7e779b775de4+incompatible
2026-10-10T15:33:46.323185Z,github.com/PEST-pARser/PEsT,v2.9.4-0.20261009084354-7e779b775de4+incompatible
2026-10-10T15:33:46.350195Z,github.com/pEST-pARser/Pest,v2.9.4-0.20261009084354-7e779b775de4+incompatible
2026-10-10T15:33:46.390022Z,github.com/pEST-pARser/PEst,v2.9.4-0.20261009084354-7e779b775de4+incompatible
2026-10-10T15:33:46.394695Z,github.com/PEst-paRser/pEsT,v2.9.4-0.20261009084354-7e779b775de4+incompatible
2026-10-10T15:33:46.421033Z,github.com/pEsT-pARser/pEsT,v2.9.4-0.20261009084354-7e779b775de4+incompatible
2026-10-10T15:33:46.436695Z,github.com/PEsT-pARser/PeST,v2.9.4-0.20261009084354-7e779b775de4+incompatible
2026-10-10T15:33:46.468914Z,github.com/pEST-paRser/PEST,v2.9.4-0.20261009084354-7e779b775de4+incompatible
2026-10-10T15:33:46.48314Z,github.com/PEST-pARser/PesT,v2.9.4-0.20261009084354-7e779b775de4+incompatible
2026-10-10T15:33:46.530005Z,github.com/pEsT-PaRser/pESt,v2.9.4-0.20261009084354-7e779b775de4+incompatible
2026-10-10T15:33:46.591715Z,github.com/PEST-pARser/pesT,v2.9.4-0.20261009084354-7e779b775de4+incompatible
2026-10-10T15:33:46.602629Z,github.com/PEst-pARser/PESt,v2.9.4-0.20261009084354-7e779b775de4+incompatible
2026-10-10T15:33:46.607585Z,github.com/PeST-pARser/pESt,v2.9.4-0.20261009084354-7e779b775de4+incompatible
2026-10-10T15:33:46.614059Z,github.com/PEST-pARser/pEst,v2.9.4-0.20261009084354-7e779b775de4+incompatible
2026-10-10T15:33:46.650184Z,github.com/pEsT-pARser/PESt,v2.9.4-0.20261009084354-7e779b775de4+incompatible
2026-10-10T15:33:46.667667Z,github.com/pEst-PARser/pEst,v2.9.4-0.20261009084354-7e779b775de4+incompatible
2026-10-10T15:33:46.682982Z,github.com/pESt-pARser/PEst,v2.9.4-0.20261009084354-7e779b775de4+incompatible
2026-10-10T15:33:46.693564Z,github.com/PESt-pARser/pEst,v2.9.4-0.20261009084354-7e779b775de4+incompatible
2026-10-10T15:33:46.716408Z,github.com/PEst-pARser/PEsT,v2.9.4-0.20261009084354-7e779b775de4+incompatible
2026-10-10T15:33:46.751915Z,github.com/PEst-PARser/pesT,v2.9.4-0.20261009084354-7e779b775de4+incompatible
2026-10-10T15:33:46.774809Z,github.com/peST-PaRser/PEST,v2.9.4-0.20261009084354-7e779b775de4+incompatible
2026-10-10T15:33:46.799718Z,github.com/peST-paRser/PEST,v2.9.4-0.20261009084354-7e779b775de4+incompatible
2026-10-10T15:33:46.815732Z,github.com/peST-pARser/PesT,v2.9.4-0.20261009084354-7e779b775de4+incompatible
2026-10-10T15:33:46.830756Z,github.com/PEsT-pARser/peST,v2.9.4-0.20261009084354-7e779b775de4+incompatible
2026-10-10T15:33:46.925769Z,github.com/PEsT-pARser/pESt,v2.9.4-0.20261009084354-7e779b775de4+incompatible
2026-10-10T15:33:46.925849Z,github.com/PEST-pARser/PEST,v2.9.4-0.20261009084354-7e779b775de4+incompatible
2026-10-10T15:33:47.01445Z,github.com/pEst-PARser/PEst,v2.9.4-0.20261009084354-7e779b775de4+incompatible
2026-10-10T15:33:47.020221Z,github.com/PEST-pARser/peSt,v2.9.4-0.20261009084354-7e779b775de4+incompatible
2026-10-10T15:33:47.02855Z,github.com/pEST-pARser/pEsT,v2.9.4-0.20261009084354-7e779b775de4+incompatible
2026-10-10T15:33:47.042488Z,github.com/pEST-paRser/PeSt,v2.9.4-0.20261009084354-7e779b775de4+incompatible
2026-10-10T15:33:47.087372Z,github.com/Pest-PARser/PesT,v2.9.4-0.20261009084354-7e779b775de4+incompatible
2026-10-10T15:33:47.087834Z,github.com/pEst-PARser/pesT,v2.9.4-0.20261009084354-7e779b775de4+incompatible
2026-10-10T15:33:47.13811Z,github.com/peST-pARser/Pest,v2.9.4-0.20261009084354-7e779b775de4+incompatible
2026-10-10T15:33:47.177302Z,github.com/pEst-PaRser/pesT,v2.9.4-0.20261009084354-7e779b775de4+incompatible
2026-10-10T15:33:47.17845Z,github.com/peSt-PaRser/pEST,v2.9.4-0.20261009084354-7e779b775de4+incompatible
2026-10-10T15:33:47.192324Z,github.com/pESt-pARser/PeSt,v2.9.4-0.20261009084354-7e779b775de4+incompatible
2026-10-10T15:33:47.232087Z,github.com/PeST-pARser/PESt,v2.9.4-0.20261009084354-7e779b775de4+incompatible
2026-10-10T15:33:47.311715Z,github.com/Pest-PARser/PeSt,v2.9.4-0.20261009084354-7e779b775de4+incompatible
2026-10-10T15:33:47.311872Z,github.com/Pest-PARser/pEST,v2.9.4-0.20261009084354-7e779b775de4+incompatible
2026-10-10T15:33:47.348537Z,github.com/PEst-PARser/PeSt,v2.9.4-0.20261009084354-7e779b775de4+incompatible
2026-10-10T15:33:47.381732Z,github.com/Pest-PARser/pEsT,v2.9.4-0.20261009084354-7e779b775de4+incompatible
2026-10-10T15:33:47.400189Z,github.com/Pest-PARser/PESt,v2.9.4-0.20261009084354-7e779b775de4+incompatible
2026-10-10T15:33:47.420961Z,github.com/pesT-pARser/pEST,v2.9.4-0.20261009084354-7e779b775de4+incompatible
2026-10-10T15:33:47.458385Z,github.com/PeST-pARser/PEsT,v2.9.4-0.20261009084354-7e779b775de4+incompatible
2026-10-10T15:33:47.5738Z,github.com/peSt-PARser/peSt,v2.9.4-0.20261009084354-7e779b775de4+incompatible
2026-10-10T15:33:47.628982Z,github.com/PeST-pARser/pEsT,v2.9.4-0.20261009084354-7e779b775de4+incompatible
2026-10-10T15:33:47.754252Z,github.com/pEST-pARser/pesT,v2.9.4-0.20261009084354-7e779b775de4+incompatible
2026-10-10T15:33:47.763033Z,github.com/peSt-PARser/peST,v2.9.4-0.20261009084354-7e779b775de4+incompatible
2026-10-10T15:33:47.824489Z,github.com/PesT-pARser/pEsT,v2.9.4-0.20261009084354-7e779b775de4+incompatible
2026-10-10T15:33:47.851692Z,github.com/pEsT-PArser/PeST,v2.9.4-0.20261009084354-7e779b775de4+incompatible
2026-10-10T15:33:47.855979Z,github.com/PEsT-pARser/PesT,v2.9.4-0.20261009084354-7e779b775de4+incompatible
2026-10-10T15:33:47.86631Z,github.com/PEst-PARser/peSt,v2.9.4-0.20261009084354-7e779b775de4+incompatible
2026-10-10T15:33:47.892204Z,github.com/PEst-PARser/PeST,v2.9.4-0.20261009084354-7e779b775de4+incompatible
2026-10-10T15:33:47.910348Z,github.com/pEst-PARser/PESt,v2.9.4-0.20261009084354-7e779b775de4+incompatible
2026-10-10T15:33:47.941032Z,github.com/Pest-PaRser/pEsT,v2.9.4-0.20261009084354-7e779b775de4+incompatible
2026-10-10T15:33:48.034082Z,github.com/pEst-PARser/peST,v2.9.4-0.20261009084354-7e779b775de4+incompatible
2026-10-10T15:33:48.05956Z,github.com/pEst-PARser/pEsT,v2.9.4-0.20261009084354-7e779b775de4+incompatible
2026-10-10T15:33:48.082776Z,github.com/pEsT-pARser/PesT,v2.9.4-0.20261009084354-7e779b775de4+incompatible
2026-10-10T15:33:48.089507Z,github.com/PeSt-PARser/peSt,v2.9.4-0.20261009084354-7e779b775de4+incompatible
2026-10-10T15:33:48.230964Z,github.com/PesT-PaRser/pesT,v2.9.4-0.20261009084354-7e779b775de4+incompatible
2026-10-10T15:33:48.250826Z,github.com/PeSt-PARser/pEsT,v2.9.4-0.20261009084354-7e779b775de4+incompatible
2026-10-10T15:33:48.277937Z,github.com/PEst-PARser/pEST,v2.9.4-0.20261009084354-7e779b775de4+incompatible
2026-10-10T15:33:48.314107Z,github.com/peSt-PARser/pesT,v2.9.4-0.20261009084354-7e779b775de4+incompatible
2026-10-10T15:33:48.317316Z,github.com/PESt-PARser/PEST,v2.9.4-0.20261009084354-7e779b775de4+incompatible
2026-10-10T15:33:48.325139Z,github.com/peSt-PARser/pEst,v2.9.4-0.20261009084354-7e779b775de4+incompatible
2026-10-10T15:33:48.345328Z,github.com/PESt-PARser/pESt,v2.9.4-0.20261009084354-7e779b775de4+incompatible
2026-10-10T15:33:48.433463Z,github.com/PeSt-PARser/PeSt,v2.9.4-0.20261009084354-7e779b775de4+incompatible
2026-10-10T15:33:48.47133Z,github.com/PEst-PARser/PESt,v2.9.4-0.20261009084354-7e779b775de4+incompatible
2026-10-10T15:33:48.47278Z,github.com/peSt-PARser/pEsT,v2.9.4-0.20261009084354-7e779b775de4+incompatible
2026-10-10T15:33:48.511338Z,github.com/PeST-pARser/pEst,v2.9.4-0.20261009084354-7e779b775de4+incompatible
2026-10-10T15:33:48.526313Z,github.com/PeSt-PARser/PESt,v2.9.4-0.20261009084354-7e779b775de4+incompatible
2026-10-10T15:33:48.527774Z,github.com/pESt-PARser/pesT,v2.9.4-0.20261009084354-7e779b775de4+incompatible
2026-10-10T15:33:48.541747Z,github.com/PeSt-PARser/pEST,v2.9.4-0.20261009084354-7e779b775de4+incompatible
2026-10-10T15:33:48.541859Z,github.com/PeSt-PARser/PEST,v2.9.4-0.20261009084354-7e779b775de4+incompatible
2026-10-10T15:33:48.544198Z,github.com/PESt-PARser/PEst,v2.9.4-0.20261009084354-7e779b775de4+incompatible
2026-10-10T15:33:48.557997Z,github.com/pESt-PaRser/PEST,v2.9.4-0.20261009084354-7e779b775de4+incompatible
2026-10-10T15:33:48.578584Z,github.com/pesT-PARser/PEst,v2.9.4-0.20261009084354-7e779b775de4+incompatible
2026-10-10T15:33:48.607612Z,github.com/PesT-PaRser/pEst,v2.9.4-0.20261009084354-7e779b775de4+incompatible
2026-10-10T15:33:48.632884Z,github.com/pEsT-PArser/pESt,v2.9.4-0.20261009084354-7e779b775de4+incompatible
2026-10-10T15:33:48.643308Z,github.com/peSt-PARser/PEsT,v2.9.4-0.20261009084354-7e779b775de4+incompatible
2026-10-10T15:33:48.654082Z,github.com/pEst-PARser/PEsT,v2.9.4-0.20261009084354-7e779b775de4+incompatible
2026-10-10T15:33:48.701971Z,github.com/pESt-PARser/PEST,v2.9.4-0.20261009084354-7e779b775de4+incompatible
2026-10-10T15:33:48.707185Z,github.com/PEST-PArser/PesT,v2.9.4-0.20261009084354-7e779b775de4+incompatible
2026-10-10T15:33:48.736823Z,github.com/PeSt-PARser/PesT,v2.9.4-0.20261009084354-7e779b775de4+incompatible
2026-10-10T15:33:48.745377Z,github.com/pest-pARser/pEsT,v2.9.4-0.20261009084354-7e779b775de4+incompatible
2026-10-10T15:33:48.797569Z,github.com/pEST-pARser/peSt,v2.9.4-0.20261009084354-7e779b775de4+incompatible
2026-10-10T15:33:48.825168Z,github.com/Pest-PARser/PEsT,v2.9.4-0.20261009084354-7e779b775de4+incompatible
2026-10-10T15:33:48.826666Z,github.com/PEst-PARser/PEsT,v2.9.4-0.20261009084354-7e779b775de4+incompatible
2026-10-10T15:33:48.851036Z,github.com/pESt-PARser/PesT,v2.9.4-0.20261009084354-7e779b775de4+incompatible
2026-10-10T15:33:48.865689Z,github.com/pESt-PARser/pEsT,v2.9.4-0.20261009084354-7e779b775de4+incompatible
2026-10-10T15:33:48.93755Z,github.com/pesT-PARser/peSt,v2.9.4-0.20261009084354-7e779b775de4+incompatible
2026-10-10T15:33:48.952468Z,github.com/peSt-PARser/pESt,v2.9.4-0.20261009084354-7e779b775de4+incompatible
2026-10-10T15:33:48.968907Z,github.com/pEsT-PaRser/pEST,v2.9.4-0.20261009084354-7e779b775de4+incompatible
2026-10-10T15:33:48.975592Z,github.com/peSt-PARser/PesT,v2.9.4-0.20261009084354-7e779b775de4+incompatible
2026-10-10T15:33:48.989982Z,github.com/PEST-pARser/Pest,v2.9.4-0.20261009084354-7e779b775de4+incompatible
2026-10-10T15:33:49.034021Z,github.com/PesT-PARser/PEst,v2.9.4-0.20261009084354-7e779b775de4+incompatible
2026-10-10T15:33:49.054366Z,github.com/PESt-PARser/Pest,v2.9.4-0.20261009084354-7e779b775de4+incompatible
2026-10-10T15:33:49.073066Z,github.com/pESt-PARser/PEst,v2.9.4-0.20261009084354-7e779b775de4+incompatible
2026-10-10T15:33:49.107872Z,github.com/peSt-PaRser/PeST,v2.9.4-0.20261009084354-7e779b775de4+incompatible
2026-10-10T15:33:49.126161Z,github.com/pESt-PARser/pESt,v2.9.4-0.20261009084354-7e779b775de4+incompatible
2026-10-10T15:33:49.206805Z,github.com/pESt-PARser/peSt,v2.9.4-0.20261009084354-7e779b775de4+incompatible
2026-10-10T15:33:49.248435Z,github.com/pest-PARser/pESt,v2.9.4-0.20261009084354-7e779b775de4+incompatible
2026-10-10T15:33:49.253505Z,github.com/peST-PARser/PEST,v2.9.4-0.20261009084354-7e779b775de4+incompatible
2026-10-10T15:33:49.259811Z,github.com/PeSt-PARser/PEsT,v2.9.4-0.20261009084354-7e779b775de4+incompatible
2026-10-10T15:33:49.267238Z,github.com/PEst-PARser/pEsT,v2.9.4-0.20261009084354-7e779b775de4+incompatible
2026-10-10T15:33:49.273522Z,github.com/peST-PaRser/PEst,v2.9.4-0.20261009084354-7e779b775de4+incompatible
2026-10-10T15:33:49.288704Z,github.com/PesT-PARser/Pest,v2.9.4-0.20261009084354-7e779b775de4+incompatible
2026-10-10T15:33:49.313522Z,github.com/PesT-PARser/PESt,v2.9.4-0.20261009084354-7e779b775de4+incompatible
2026-10-10T15:33:49.332948Z,github.com/pesT-PARser/PesT,v2.9.4-0.20261009084354-7e779b775de4+incompatible
2026-10-10T15:33:49.353488Z,github.com/pEsT-PARser/pest,v2.9.4-0.20261009084354-7e779b775de4+incompatible
2026-10-10T15:33:49.391174Z,github.com/PeSt-PARser/PeST,v2.9.4-0.20261009084354-7e779b775de4+incompatible
2026-10-10T15:33:49.440908Z,github.com/pesT-PARser/PeST,v2.9.4-0.20261009084354-7e779b775de4+incompatible
2026-10-10T15:33:49.452222Z,github.com/PesT-PARser/PesT,v2.9.4-0.20261009084354-7e779b775de4+incompatible
2026-10-10T15:33:49.485275Z,github.com/PeSt-PARser/PEst,v2.9.4-0.20261009084354-7e779b775de4+incompatible
2026-10-10T15:33:49.527809Z,github.com/pESt-PARser/PeST,v2.9.4-0.20261009084354-7e779b775de4+incompatible
2026-10-10T15:33:49.544163Z,github.com/pESt-PARser/peST,v2.9.4-0.20261009084354-7e779b775de4+incompatible
2026-10-10T15:33:49.595764Z,github.com/PEST-pARser/peST,v2.9.4-0.20261009084354-7e779b775de4+incompatible
2026-10-10T15:33:49.611834Z,github.com/PESt-PARser/pEst,v2.9.4-0.20261009084354-7e779b775de4+incompatible
2026-10-10T15:33:49.620531Z,github.com/PEST-pARser/PeSt,v2.9.4-0.20261009084354-7e779b775de4+incompatible
2026-10-10T15:33:49.63119Z,github.com/PesT-PARser/peSt,v2.9.4-0.20261009084354-7e779b775de4+incompatible
2026-10-10T15:33:49.651447Z,github.com/pEsT-PARser/pESt,v2.9.4-0.20261009084354-7e779b775de4+incompatible
2026-10-10T15:33:49.66267Z,github.com/enclaver-io/enclaver,v0.6.0
2026-10-10T15:33:49.706554Z,github.com/pEsT-PARser/PEST,v2.9.4-0.20261009084354-7e779b775de4+incompatible
2026-10-10T15:33:49.718458Z,github.com/PEsT-PARser/peST,v2.9.4-0.20261009084354-7e779b775de4+incompatible
2026-10-10T15:33:49.826297Z,github.com/peST-PARser/PeSt,v2.9.4-0.20261009084354-7e779b775de4+incompatible
2026-10-10T15:33:49.866716Z,github.com/pEsT-PARser/PeSt,v2.9.4-0.20261009084354-7e779b775de4+incompatible
2026-10-10T15:33:49.877233Z,github.com/pEsT-PARser/PESt,v2.9.4-0.20261009084354-7e779b775de4+incompatible
2026-10-10T15:33:49.879591Z,github.com/pEsT-PARser/PesT,v2.9.4-0.20261009084354-7e779b775de4+incompatible
2026-10-10T15:33:49.920897Z,github.com/PeST-PARser/Pest,v2.9.4-0.20261009084354-7e779b775de4+incompatible
2026-10-10T15:33:49.975315Z,github.com/pesT-PARser/PEsT,v2.9.4-0.20261009084354-7e779b775de4+incompatible
2026-10-10T15:33:50.007481Z,github.com/peSt-PARser/Pest,v2.9.4-0.20261009084354-7e779b775de4+incompatible
2026-10-10T15:33:50.009747Z,github.com/peSt-paRser/pESt,v2.9.4-0.20261009084354-7e779b775de4+incompatible
2026-10-10T15:33:50.019445Z,github.com/pEsT-PARser/PEst,v2.9.4-0.20261009084354-7e779b775de4+incompatible
2026-10-10T15:33:50.044941Z,github.com/pEsT-PARser/peSt,v2.9.4-0.20261009084354-7e779b775de4+incompatible
2026-10-10T15:33:50.076466Z,github.com/PEsT-PARser/Pest,v2.9.4-0.20261009084354-7e779b775de4+incompatible
2026-10-10T15:33:50.097786Z,github.com/PESt-PARser/pEST,v2.9.4-0.20261009084354-7e779b775de4+incompatible
2026-10-10T15:33:50.136244Z,github.com/peST-PARser/PESt,v2.9.4-0.20261009084354-7e779b775de4+incompatible
2026-10-10T15:33:50.224266Z,github.com/peST-PARser/pEST,v2.9.4-0.20261009084354-7e779b775de4+incompatible
2026-10-10T15:33:50.283966Z,github.com/pESt-PARser/pEST,v2.9.4-0.20261009084354-7e779b775de4+incompatible
2026-10-10T15:33:50.331574Z,github.com/PesT-PaRser/Pest,v2.9.4-0.20261009084354-7e779b775de4+incompatible
2026-10-10T15:33:50.355579Z,github.com/peST-PARser/pesT,v2.9.4-0.20261009084354-7e779b775de4+incompatible
2026-10-10T15:33:50.358187Z,github.com/peST-PARser/pEsT,v2.9.4-0.20261009084354-7e779b775de4+incompatible
2026-10-10T15:33:50.363463Z,github.com/peST-PARser/PEsT,v2.9.4-0.20261009084354-7e779b775de4+incompatible
2026-10-10T15:33:50.415388Z,github.com/pEST-PARser/PEsT,v2.9.4-0.20261009084354-7e779b775de4+incompatible
2026-10-10T15:33:50.417346Z,github.com/PESt-PaRser/peSt,v2.9.4-0.20261009084354-7e779b775de4+incompatible
2026-10-10T15:33:50.423255Z,github.com/Pest-parSer/pesT,v2.9.4-0.20261009084354-7e779b775de4+incompatible
2026-10-10T15:33:50.434241Z,github.com/PeST-PARser/pesT,v2.9.4-0.20261009084354-7e779b775de4+incompatible
2026-10-10T15:33:50.443799Z,github.com/PEsT-PARser/pesT,v2.9.4-0.20261009084354-7e779b775de4+incompatible
2026-10-10T15:33:50.447517Z,github.com/peST-PARser/peST,v2.9.4-0.20261009084354-7e779b775de4+incompatible
2026-10-10T15:33:50.455564Z,github.com/PeST-PARser/PeSt,v2.9.4-0.20261009084354-7e779b775de4+incompatible
2026-10-10T15:33:50.482889Z,github.com/PEST-PARser/PeSt,v2.9.4-0.20261009084354-7e779b775de4+incompatible
2026-10-10T15:33:50.497812Z,github.com/PEST-PaRser/PesT,v2.9.4-0.20261009084354-7e779b775de4+incompatible
2026-10-10T15:33:50.499539Z,github.com/pesT-PARser/Pest,v2.9.4-0.20261009084354-7e779b775de4+incompatible
2026-10-10T15:33:50.534994Z,github.com/pest-pARser/pesT,v2.9.4-0.20261009084354-7e779b775de4+incompatible
2026-10-10T15:33:50.5381Z,github.com/peSt-PARser/PeST,v2.9.4-0.20261009084354-7e779b775de4+incompatible
2026-10-10T15:33:50.540674Z,github.com/PEsT-PARser/pESt,v2.9.4-0.20261009084354-7e779b775de4+incompatible
2026-10-10T15:33:50.542022Z,github.com/PESt-PARser/pest,v2.9.4-0.20261009084354-7e779b775de4+incompatible
2026-10-10T15:33:50.555667Z,github.com/PEST-PARser/Pest,v2.9.4-0.20261009084354-7e779b775de4+incompatible
2026-10-10T15:33:50.57944Z,github.com/PeST-PARser/PesT,v2.9.4-0.20261009084354-7e779b775de4+incompatible
2026-10-10T15:33:50.604098Z,github.com/PEst-PARser/pESt,v2.9.4-0.20261009084354-7e779b775de4+incompatible
2026-10-10T15:33:50.617792Z,github.com/pEST-PARser/PeST,v2.9.4-0.20261009084354-7e779b775de4+incompatible
2026-10-10T15:33:50.626996Z,github.com/pEST-PARser/pEst,v2.9.4-0.20261009084354-7e779b775de4+incompatible
2026-10-10T15:33:50.633275Z,github.com/PEsT-PaRser/pESt,v2.9.4-0.20261009084354-7e779b775de4+incompatible
2026-10-10T15:33:50.656377Z,github.com/pEST-PARser/pesT,v2.9.4-0.20261009084354-7e779b775de4+incompatible
2026-10-10T15:33:50.688018Z,github.com/pEST-PARser/pEsT,v2.9.4-0.20261009084354-7e779b775de4+incompatible
2026-10-10T15:33:50.698848Z,github.com/PeST-PARser/pEST,v2.9.4-0.20261009084354-7e779b775de4+incompatible
2026-10-10T15:33:50.715668Z,github.com/PesT-PARser/pEst,v2.9.4-0.20261009084354-7e779b775de4+incompatible
2026-10-10T15:33:50.73152Z,github.com/peST-PArser/PeST,v2.9.4-0.20261009084354-7e779b775de4+incompatible
2026-10-10T15:33:50.748516Z,github.com/PEST-PARser/peST,v2.9.4-0.20261009084354-7e779b775de4+incompatible
2026-10-10T15:33:50.831252Z,github.com/peST-PARser/pEst,v2.9.4-0.20261009084354-7e779b775de4+incompatible
2026-10-10T15:33:50.833777Z,github.com/PeST-PARser/pEsT,v2.9.4-0.20261009084354-7e779b775de4+incompatible
2026-10-10T15:33:50.835553Z,github.com/peSt-paRser/peST,v2.9.4-0.20261009084354-7e779b775de4+incompatible
2026-10-10T15:33:50.857979Z,github.com/PEST-PARser/pEsT,v2.9.4-0.20261009084354-7e779b775de4+incompatible
2026-10-10T15:33:50.872662Z,github.com/PEST-PARser/peSt,v2.9.4-0.20261009084354-7e779b775de4+incompatible
2026-10-10T15:33:50.918443Z,github.com/peST-PARser/PEst,v2.9.4-0.20261009084354-7e779b775de4+incompatible
2026-10-10T15:33:50.949018Z,github.com/peST-PARser/Pest,v2.9.4-0.20261009084354-7e779b775de4+incompatible
2026-10-10T15:33:50.949574Z,github.com/PEsT-PARser/PeSt,v2.9.4-0.20261009084354-7e779b775de4+incompatible
2026-10-10T15:33:50.961651Z,github.com/pEST-PARser/PeSt,v2.9.4-0.20261009084354-7e779b775de4+incompatible
2026-10-10T15:33:51.023442Z,github.com/pEST-PARser/peSt,v2.9.4-0.20261009084354-7e779b775de4+incompatible
2026-10-10T15:33:51.024885Z,github.com/PEST-PARser/PEst,v2.9.4-0.20261009084354-7e779b775de4+incompatible
2026-10-10T15:33:51.061676Z,github.com/Pest-parSer/PesT,v2.9.4-0.20261009084354-7e779b775de4+incompatible
2026-10-10T15:33:51.136947Z,github.com/Pest-parSer/pESt,v2.9.4-0.20261009084354-7e779b775de4+incompatible
2026-10-10T15:33:51.210414Z,github.com/PeST-PARser/PESt,v2.9.4-0.20261009084354-7e779b775de4+incompatible
2026-10-10T15:33:51.241352Z,github.com/pEST-PARser/PESt,v2.9.4-0.20261009084354-7e779b775de4+incompatible
2026-10-10T15:33:51.24906Z,github.com/PeSt-PARser/pESt,v2.9.4-0.20261009084354-7e779b775de4+incompatible
2026-10-10T15:33:51.293659Z,github.com/PESt-PARser/PESt,v2.9.4-0.20261009084354-7e779b775de4+incompatible
2026-10-10T15:33:51.294376Z,github.com/PEST-PARser/PEsT,v2.9.4-0.20261009084354-7e779b775de4+incompatible
2026-10-10T15:33:51.321113Z,github.com/pesT-PARser/PEST,v2.9.4-0.20261009084354-7e779b775de4+incompatible
2026-10-10T15:33:51.420241Z,github.com/Pest-parSer/PeSt,v2.9.4-0.20261009084354-7e779b775de4+incompatible
2026-10-10T15:33:51.476387Z,github.com/peST-PARser/PesT,v2.9.4-0.20261009084354-7e779b775de4+incompatible
2026-10-10T15:33:51.481475Z,github.com/pEST-PARser/Pest,v2.9.4-0.20261009084354-7e779b775de4+incompatible
2026-10-10T15:33:51.523357Z,github.com/PEST-PaRser/PeST,v2.9.4-0.20261009084354-7e779b775de4+incompatible
2026-10-10T15:33:51.593829Z,github.com/PeSt-pARser/PeST,v2.9.4-0.20261009084354-7e779b775de4+incompatible
2026-10-10T15:33:51.656404Z,github.com/PeSt-pARser/PEST,v2.9.4-0.20261009084354-7e779b775de4+incompatible
2026-10-10T15:33:51.673037Z,github.com/pEsT-PARser/pEst,v2.9.4-0.20261009084354-7e779b775de4+incompatible
2026-10-10T15:33:51.703722Z,github.com/PEsT-pARser/pest,v2.9.4-0.20261009084354-7e779b775de4+incompatible
2026-10-10T15:33:51.743204Z,github.com/pesT-paRser/pEST,v2.9.4-0.20261009084354-7e779b775de4+incompatible
2026-10-10T15:33:51.863675Z,github.com/PEST-PARser/pesT,v2.9.4-0.20261009084354-7e779b775de4+incompatible
2026-10-10T15:33:51.879586Z,github.com/pESt-PaRser/peSt,v2.9.4-0.20261009084354-7e779b775de4+incompatible
2026-10-10T15:33:51.919125Z,github.com/PesT-pARser/pesT,v2.9.4-0.20261009084354-7e779b775de4+incompatible
2026-10-10T15:33:51.944562Z,github.com/PeST-PARser/PeST,v2.9.4-0.20261009084354-7e779b775de4+incompatible
2026-10-10T15:33:51.986823Z,github.com/pest-parSer/PesT,v2.9.4-0.20261009084354-7e779b775de4+incompatible
2026-10-10T15:33:52.056675Z,github.com/pEST-PaRser/pEsT,v2.9.4-0.20261009084354-7e779b775de4+incompatible
2026-10-10T15:33:52.089267Z,github.com/PesT-pARser/pEst,v2.9.4-0.20261009084354-7e779b775de4+incompatible
2026-10-10T15:33:52.247643Z,github.com/PEsT-pARser/PESt,v2.9.4-0.20261009084354-7e779b775de4+incompatible
2026-10-10T15:33:52.26418Z,github.com/pESt-PARser/PeSt,v2.9.4-0.20261009084354-7e779b775de4+incompatible
2026-10-10T15:33:52.37293Z,github.com/PEST-PARser/pEST,v2.9.4-0.20261009084354-7e779b775de4+incompatible
2026-10-10T15:33:52.401065Z,github.com/pEsT-pARser/PeST,v2.9.4-0.20261009084354-7e779b775de4+incompatible
2026-10-10T15:33:52.427703Z,github.com/pest-PARser/PEST,v2.9.4-0.20261009084354-7e779b775de4+incompatible
2026-10-10T15:33:52.582625Z,github.com/pesT-pARser/PEsT,v2.9.4-0.20261009084354-7e779b775de4+incompatible
2026-10-10T15:33:52.653527Z,github.com/PEsT-PARser/pEst,v2.9.4-0.20261009084354-7e779b775de4+incompatible
2026-10-10T15:33:52.813188Z,github.com/PEST-paRser/PEst,v2.9.4-0.20261009084354-7e779b775de4+incompatible
2026-10-10T15:33:52.975693Z,github.com/Pest-PaRser/peST,v2.9.4-0.20261009084354-7e779b775de4+incompatible
2026-10-10T15:33:53.575523Z,github.com/PEST-PARser/PESt,v2.9.4-0.20261009084354-7e779b775de4+incompatible
2026-10-10T15:33:53.810003Z,github.com/pest-PARser/PesT,v2.9.4-0.20261009084354-7e779b775de4+incompatible
2026-10-10T15:33:53.901732Z,github.com/PEST-paRser/PEsT,v2.9.4-0.20261009084354-7e779b775de4+incompatible
2026-10-10T15:33:53.914186Z,github.com/hrfee/jfa-go/common,v0.0.0-20261010141102-2f5e51b53173
2026-10-10T15:33:54.037938Z,github.com/pesT-PARser/pEsT,v2.9.4-0.20261009084354-7e779b775de4+incompatible
2026-10-10T15:33:54.593177Z,github.com/PeST-PARser/peSt,v2.9.4-0.20261009084354-7e779b775de4+incompatible
2026-10-10T15:33:54.65169Z,github.com/peST-pARser/peST,v2.9.4-0.20261009084354-7e779b775de4+incompatible
2026-10-10T15:33:54.806379Z,github.com/peSt-PARser/PEst,v2.9.4-0.20261009084354-7e779b775de4+incompatible
2026-10-10T15:33:54.87718Z,github.com/pEst-PARser/pESt,v2.9.4-0.20261009084354-7e779b775de4+incompatible
2026-10-10T15:33:55.143574Z,github.com/pEST-pARser/PeST,v2.9.4-0.20261009084354-7e779b775de4+incompatible
2026-10-10T15:33:55.271067Z,github.com/PESt-PARser/pEsT,v2.9.4-0.20261009084354-7e779b775de4+incompatible
2026-10-10T15:33:55.838523Z,github.com/PESt-PaRser/PEsT,v2.9.4-0.20261009084354-7e779b775de4+incompatible
2026-10-10T15:33:55.854458Z,github.com/PESt-PARser/PeSt,v2.9.4-0.20261009084354-7e779b775de4+incompatible
2026-10-10T15:33:56.233932Z,github.com/PESt-PaRser/pESt,v2.9.4-0.20261009084354-7e779b775de4+incompatible
2026-10-10T15:33:56.25716Z,github.com/PESt-PARser/peST,v2.9.4-0.20261009084354-7e779b775de4+incompatible
2026-10-10T15:33:56.412747Z,github.com/pEsT-PARser/peST,v2.9.4-0.20261009084354-7e779b775de4+incompatible
2026-10-10T15:33:56.659552Z,github.com/PeST-PARser/PEST,v2.9.4-0.20261009084354-7e779b775de4+incompatible
2026-10-10T15:33:56.854486Z,github.com/pesT-PARser/pesT,v2.9.4-0.20261009084354-7e779b775de4+incompatible
2026-10-10T15:33:56.858846Z,github.com/pEsT-PARser/Pest,v2.9.4-0.20261009084354-7e779b775de4+incompatible
2026-10-10T15:33:56.874928Z,github.com/pesT-PARser/peST,v2.9.4-0.20261009084354-7e779b775de4+incompatible
2026-10-10T15:33:56.953554Z,github.com/PeST-PaRser/PEst,v2.9.4-0.20261009084354-7e779b775de4+incompatible
2026-10-10T15:33:57.036276Z,github.com/peST-PaRser/pesT,v2.9.4-0.20261009084354-7e779b775de4+incompatible
2026-10-10T15:33:57.268773Z,github.com/postgres-pool/postgres-pool,v12.0.2-0.20261010094554-63d63bbc8320+incompatible
2026-10-10T15:33:57.355381Z,github.com/PesT-PARser/pesT,v2.9.4-0.20261009084354-7e779b775de4+incompatible
2026-10-10T15:33:57.381586Z,github.com/PEst-PARser/PesT,v2.9.4-0.20261009084354-7e779b775de4+incompatible
2026-10-10T15:33:57.39765Z,github.com/pESt-pARser/pest,v2.9.4-0.20261009084354-7e779b775de4+incompatible
2026-10-10T15:33:57.528437Z,github.com/pesT-PARser/pEST,v2.9.4-0.20261009084354-7e779b775de4+incompatible
2026-10-10T15:33:57.666733Z,github.com/pest-pARser/PEsT,v2.9.4-0.20261009084354-7e779b775de4+incompatible
2026-10-10T15:33:57.775505Z,github.com/hrfee/jfa-go/logmessages,v0.0.0-20261010141102-2f5e51b53173
2026-10-10T15:33:57.781778Z,github.com/PeST-PARser/pEst,v2.9.4-0.20261009084354-7e779b775de4+incompatible
2026-10-10T15:33:58.098491Z,github.com/PEST-PaRser/pesT,v2.9.4-0.20261009084354-7e779b775de4+incompatible
2026-10-10T15:33:58.34506Z,github.com/pEsT-PARser/pesT,v2.9.4-0.20261009084354-7e779b775de4+incompatible
2026-10-10T15:33:58.531438Z,github.com/pesT-pARser/pESt,v2.9.4-0.20261009084354-7e779b775de4+incompatible
2026-10-10T15:33:59.240675Z,github.com/pest-parSer/PEsT,v2.9.4-0.20261009084354-7e779b775de4+incompatible
2026-10-10T15:33:59.462363Z,gitlab.com/phpboyscout/go/config-ini,v0.2.11
2026-10-10T15:33:59.620088Z,github.com/pesT-pARser/pEsT,v2.9.4-0.20261009084354-7e779b775de4+incompatible
2026-10-10T15:34:00.660146Z,github.com/PEST-pARser/pest,v2.9.4-0.20261009084354-7e779b775de4+incompatible
2026-10-10T15:34:01.830934Z,github.com/pESt-pARser/pesT,v2.9.4-0.20261009084354-7e779b775de4+incompatible
2026-10-10T15:34:01.831683Z,github.com/evil0ctal/evil0ctal,v0.0.0-20261010040719-bc1cadcba1cb
2026-10-10T15:34:01.998782Z,github.com/pEST-Parser/pEST,v2.9.4-0.20261009084354-7e779b775de4+incompatible
2026-10-10T15:34:02.054666Z,github.com/pest-pARser/PeST,v2.9.4-0.20261009084354-7e779b775de4+incompatible
2026-10-10T15:34:02.3037Z,github.com/PEsT-paRser/pESt,v2.9.4-0.20261009084354-7e779b775de4+incompatible
2026-10-10T15:34:02.306674Z,github.com/pesT-PARser/pESt,v2.9.4-0.20261009084354-7e779b775de4+incompatible
2026-10-10T15:34:02.334116Z,github.com/PEst-PARser/pEst,v2.9.4-0.20261009084354-7e779b775de4+incompatible
2026-10-10T15:34:02.593689Z,github.com/PESt-PARser/PEsT,v2.9.4-0.20261009084354-7e779b775de4+incompatible
2026-10-10T15:34:03.251675Z,github.com/PESt-PARser/pesT,v2.9.4-0.20261009084354-7e779b775de4+incompatible
2026-10-10T15:34:04.074442Z,github.com/pEsT-PARser/PeST,v2.9.4-0.20261009084354-7e779b775de4+incompatible
2026-10-10T15:34:04.172819Z,github.com/PeST-PARser/peST,v2.9.4-0.20261009084354-7e779b775de4+incompatible
2026-10-10T15:34:10.16304Z,github.com/nimrod-code/nimble,v0.26.1-0.20261009152012-a948c9f402d7
2026-10-10T15:34:14.757896Z,github.com/PESt-PArser/PesT,v2.9.4-0.20261009084354-7e779b775de4+incompatible
2026-10-10T15:34:15.09492Z,gitlab.com/phpboyscout/go/config-hcl,v0.2.11
2026-10-10T15:34:19.461118Z,github.com/pesT-PARser/PeSt,v2.9.4-0.20261009084354-7e779b775de4+incompatible
2026-10-10T15:34:23.907552Z,github.com/YichengYang-Ethan/oracle3,v1.2.3-0.20261007204602-cdab96ec1840
2026-10-10T15:34:25.95243Z,gitlab.com/dalibo/transqlate,v0.9.1-0.20261005105044-00b9edf5a14f
2026-10-10T15:34:27.995484Z,github.com/pesT-parser/pESt,v2.9.4-0.20261009084354-7e779b775de4+incompatible
2026-10-10T15:34:28.139493Z,github.com/da1yuqin/da1yuqin.github.io,v0.0.0-20261010090015-7b6e2ce8a744
2026-10-10T15:34:32.731467Z,github.com/batmac/ccat,v1.20.2-0.20261005021330-e8905222ebf0
2026-10-10T15:35:12.07339Z,github.com/ubc-mds-2021-22/canadian_heritage_funding,v1.0.0
2026-10-10T15:35:22.537644Z,github.com/lancesandino/aws-sso-profile-sync/v2,v2.0.1
2026-10-10T15:35:30.09991Z,github.com/loomnetwork/go-loom,v0.0.0-20180913065617-ee4aa2393281
2026-10-10T15:35:32.295592Z,github.com/microsoft/kalypso-observability-hub/storage,v0.0.0-20261007212911-01679c3c93c4
2026-10-10T15:35:48.544017Z,github.com/shopify/ruby-style-guide,v3.1.1-0.20261005155430-1f47a1ac3373+incompatible
2026-10-10T15:36:03.394961Z,github.com/leadedge/spout2,v0.0.0-20261010015637-6b68a5b4fdec
2026-10-10T15:36:08.284588Z,github.com/micro/go-micro/plugins/registry/nats,v1.18.2
2026-10-10T15:36:29.57665Z,github.com/PesT-PARser/PeSt,v2.9.4-0.20261009084354-7e779b775de4+incompatible
2026-10-10T15:36:53.343584Z,github.com/victoriametrics/helm-charts/hack/sync-job,v0.0.0-20261007150216-4a23b53c29cf
2026-10-10T15:36:57.84509Z,huggingface.co/bvra/megadescriptor-l-384.git,v0.0.0-20241014120605-33b3c6f4ee0c
2026-10-10T15:37:07.435712Z,github.com/stellar-deprecated/stellard,v0.16.0
2026-10-10T15:37:16.071761Z,github.com/facebook/prophet,v1.5.0
2026-10-10T15:37:29.174718Z,github.com/SixLabors/ImageSharp.Web,v3.3.0+incompatible
2026-10-10T15:37:33.05788Z,gitlab.com/phpboyscout/go/config-filekv,v0.2.10
2026-10-10T15:37:36.102304Z,github.com/sixlabors/imagesharp.web,v3.3.0+incompatible
2026-10-10T15:37:37.630247Z,huggingface.co/bvra/megadescriptor-s-224.git,v0.0.0-20240105013719-f2a06cb0d093
2026-10-10T15:37:38.867627Z,github.com/sunfounder/sunfounder_picar,v0.0.0-20220516093308-9890ab7d11db
2026-10-10T15:37:45.070136Z,github.com/lightjunction/douyin,v0.0.0-20260831063327-c70a41e6a800
2026-10-10T15:37:46.223644Z,gitlab.com/phpboyscout/go/config-dotenv,v0.2.11
2026-10-10T15:37:46.79601Z,github.com/hypervapor/dysub,v0.0.0-20260522203732-8f1565676a8b
2026-10-10T15:37:50.849489Z,github.com/ionut-t/goeditor,v0.6.1
2026-10-10T15:38:03.4631Z,github.com/mgierada/calculon,v0.0.0-20261010113342-99051827554e
2026-10-10T15:38:13.86245Z,github.com/Tochemey/mig,v0.1.0
2026-10-10T15:38:15.045531Z,github.com/bbeck/advent-of-code,v0.0.0-20261010130218-95c3ac98a5d7
2026-10-10T15:38:24.079227Z,github.com/dariusgasior/ctfs,v0.0.0-20261009195725-c43d5f11699d
2026-10-10T15:38:36.497621Z,github.com/ALEXFLINT/go-arg,v1.4.0
2026-10-10T15:38:44.170712Z,github.com/xadillax/nodenes,v0.0.0-20211216080943-e1b16d8ba99f
2026-10-10T15:38:50.143872Z,github.com/ykdynamics/forgeops-sdk,v0.1.0-preview.1
2026-10-10T15:38:57.053054Z,github.com/rogdham/backports.zstd,v1.8.0
2026-10-10T15:38:59.406891Z,github.com/ArnaudCalmettes/gohar/harmony,v0.0.0-20261008200035-24c9457e0d11
2026-10-10T15:39:02.037977Z,github.com/perses/shared,v0.55.0-rc.0.0.20261009103107-9f4a781d9b91
2026-10-10T15:39:13.486366Z,github.com/binance/binance-connector-go/clients/copytrading,v1.11.1-0.20261009075809-7973415c8f0d
2026-10-10T15:39:22.30595Z,github.com/Alexander-D-Karpov/calendar,v0.1.0
2026-10-10T15:39:24.300988Z,gitlab.com/phpboyscout/go/config-billy,v0.1.11
2026-10-10T15:39:26.939997Z,github.com/hungovercoders/terminal-of-terror,v0.0.0-20261010062247-da3e25ee3c7f
2026-10-10T15:39:31.18718Z,gitlab.com/phpboyscout/go/config-azure-keyvault,v0.3.3
2026-10-10T15:39:31.85425Z,github.com/JeanSebTr/caddy-cftunnel,v0.0.0-20261010151343-31b076664672
2026-10-10T15:39:41.382853Z,github.com/seventeen-tails/go-commons,v0.1.1-0.20260723015956-75e2ff2f408f
2026-10-10T15:40:03.238598Z,github.com/ivvklimov/otus-go-professional/hw09_struct_validator,v0.0.0-20260611084405-fbfc3212ab5a
2026-10-10T15:40:15.64073Z,github.com/sergiught/go-openfga/dsl,v0.111.0
2026-10-10T15:40:15.911666Z,github.com/owo-network/deeplx,v1.3.1
2026-10-10T15:40:23.945014Z,github.com/alexander-d-karpov/calendar,v0.1.0
2026-10-10T15:40:33.456561Z,github.com/Wiseful-Oak-Systems/cheapskate-finance-tracker,v0.1.0-beta
2026-10-10T15:40:34.783253Z,github.com/koriebruh/go-snap-bi,v0.2.0
2026-10-10T15:40:48.765351Z,github.com/tickernelz/opencode-mem,v2.30.0+incompatible
2026-10-10T15:40:55.913044Z,github.com/status-im/Nim,v0.9.4
2026-10-10T15:41:11.353396Z,gitlab.com/phpboyscout/go/config-azure-appconfig,v0.3.3
2026-10-10T15:41:21.753701Z,github.com/cauteum/cauteum-display,v0.1.4
2026-10-10T15:41:59.767193Z,github.com/tx7do/go-wind-plugins/oss/s3,v0.0.3-0.20261007231245-b4ee3aba4575
2026-10-10T15:42:02.015956Z,github.com/plheide/go-jsonschema,v0.25.0-rc.5
2026-10-10T15:42:08.485568Z,github.com/crusoecloud/terraform-provider-crusoe,v1.5.1-0.20261008235513-02183bf15b1f
2026-10-10T15:42:12.338811Z,github.com/e2b-dev/code-interpreter,v0.0.0-20261009141815-a4934a5dfc6b
2026-10-10T15:42:12.364636Z,go.temporal.io/sdk/contrib/opentelemetry,v0.1.1-0.20261009163029-733b222690ef
2026-10-10T15:42:29.887817Z,github.com/modal-labs/human-eval,v0.0.0-20240804233031-db75543c44b1
2026-10-10T15:43:13.74752Z,github.com/gioui/gio,v0.10.4-0.20261006204131-9393ca1c7322
2026-10-10T15:43:17.46192Z,github.com/Xtc3/home,v0.0.0-20200507104209-dd9c7b6781d4
2026-10-10T15:43:28.813956Z,github.com/charlesonunze/fw,v0.3.1-0.20261009135133-8f070d0eb62d
2026-10-10T15:43:36.495361Z,github.com/jumppad-labs/xcl/example/plugin/plugins/docker,v0.0.0-20261010151200-871933a439ca
2026-10-10T15:43:41.91456Z,github.com/defenseunicorns/uds-k3d,v0.21.2
2026-10-10T15:43:42.783248Z,github.com/pagopa-archive/io-functions-cgn-operator-search,v3.1.1-RELEASE+incompatible
2026-10-10T15:43:48.793589Z,github.com/pagopa-archive/io-functions-cgn,v0.1.4-RELEASE
2026-10-10T15:43:53.355671Z,github.com/gabrielchua/open-notebooklm,v0.0.0-20241207135612-704569b96ded
2026-10-10T15:43:55.56537Z,github.com/squawai/hyperseq-lean,v0.0.0-20261007151606-cb95317f9109
2026-10-10T15:44:00.661843Z,github.com/dongzhuoyao/Blog,v0.0.0-20201103201543-756063b33003
2026-10-10T15:44:02.045915Z,github.com/dongzhuoyao/blog,v0.0.0-20201103201543-756063b33003
2026-10-10T15:44:21.323004Z,github.com/facebook/folly,v0.57.1-0.20261010075656-4013d422a95d
2026-10-10T15:44:33.495958Z,github.com/dongzhuoyao/dongzhuoyao.github.io,v0.0.0-20261008134526-4ed524b3bea5
2026-10-10T15:44:38.106906Z,github.com/tinne26/etxt/examples/ebiten/words,v0.0.0-20261009065216-2b88132185de
2026-10-10T15:44:50.656882Z,go.neonxp.ru/pkg/eventbus,v0.0.0-20261010110121-847469abb35a
2026-10-10T15:44:58.435645Z,github.com/meta-llama/llama-api-python,v0.6.0
2026-10-10T15:45:09.230069Z,github.com/dolthub/cli,v0.0.5
2026-10-10T15:45:09.970704Z,github.com/wiseful-oak-systems/cheapskate-finance-tracker,v0.1.0-beta
2026-10-10T15:45:19.317642Z,github.com/TerrexTech/deprecated_go-authserver-query,v0.1.0-beta
2026-10-10T15:45:22.621186Z,github.com/zipg/mysql_async,v0.37.1-0.20260821022720-4a9e60a62f5a
2026-10-10T15:45:25.228565Z,github.com/bitfinity-network/ic-kit,v0.4.11
2026-10-10T15:45:30.579387Z,github.com/jenkinsci/commons-httpclient,v0.0.0-20210914103455-7cb5659ad673
2026-10-10T15:45:33.393298Z,github.com/t8y2/rust_mysql_common,v0.37.3-0.20260801134148-47740d85a827
2026-10-10T15:46:13.870954Z,github.com/terrextech/deprecated_go-authserver-query,v0.1.0-beta
2026-10-10T15:46:24.770373Z,github.com/flexphere/mutcheck,v0.0.0-20261010153848-7750fa12cd46
2026-10-10T15:46:25.388928Z,github.com/shelltime/cli,v0.0.42
2026-10-10T15:46:30.789189Z,github.com/dmoj/judge-server,v5.0.1-0.20261010062118-1245dc4158db+incompatible
2026-10-10T15:46:52.425662Z,github.com/oleg-tkachuk/paladin,v26.1.3-0.20261010103014-6a4c1c1835b7+incompatible
2026-10-10T15:47:27.997953Z,github.com/jenkinsci/jenkins-test-harness-htmlunit,v0.0.0-20220624194848-47b052d78bca
2026-10-10T15:48:22.168862Z,github.com/goydb/goydb,v1.1.1-0.20261010154250-8b6080385603
2026-10-10T15:48:31.389246Z,github.com/acidsailor/sponsrdownloader,v0.5.2-0.20261010040508-c5f117291ba5
2026-10-10T15:48:46.388178Z,github.com/Schwitzd/terraform-provider-garage,v1.0.0
2026-10-10T15:48:48.3532Z,github.com/JeanSebTr/caddy-secretspec,v0.0.0-20261010154737-dfb0c6d769d4
2026-10-10T15:49:01.741649Z,github.com/stump-wtf/cairn,v0.4.1-0.20261009174333-7e5629b78297
2026-10-10T15:49:06.435782Z,github.com/brtheo/stew,v0.0.1-alpha
2026-10-10T15:49:07.953601Z,github.com/sirooj/srj-ventures,v0.0.0-20261010124040-56f58f77af24
2026-10-10T15:49:08.041693Z,github.com/trustedsec/SeeYouCM-Thief,v0.15.0
2026-10-10T15:49:43.905552Z,github.com/filippo-claude/hetrixtools-sync,v0.2.7
2026-10-10T15:50:10.304741Z,github.com/NerdMeNot/catena/lint,v1.5.0
2026-10-10T15:50:15.310027Z,github.com/trustedsec/seeyoucm-thief,v0.15.0
2026-10-10T15:50:21.748672Z,github.com/TheKrafter/arikawa-spacebar/v3,v3.3.4
2026-10-10T15:50:30.008894Z,github.com/geldata/graphql-parser,v0.2.2
2026-10-10T15:50:30.08481Z,github.com/BGRicker/testdrive,v0.0.1
2026-10-10T15:50:34.416832Z,github.com/jrollin/cartog,v0.34.1
2026-10-10T15:51:46.13743Z,github.com/DejfCold/ATG,v1.0.2
2026-10-10T15:51:59.767827Z,github.com/graphql-PYTHON/GQl,v4.4.0+incompatible
2026-10-10T15:52:19.972819Z,github.com/googlecloudplatform/gke-os-image-certification-suite,v0.0.0-20261007213711-8b05c7a29b9b
2026-10-10T15:52:23.757388Z,github.com/Netcracker/qubership-core-control-plane,v2.14.0+incompatible
2026-10-10T15:52:25.45964Z,github.com/hrfee/jfa-go,v0.0.0-20261010141102-2f5e51b53173
2026-10-10T15:53:17.787464Z,github.com/adlandh/echo-otel-middleware/v2,v2.1.10
2026-10-10T15:53:19.725434Z,github.com/setoff-org/setoff-clearing,v0.1.1-0.20261008093231-b03fe7314a4b
2026-10-10T15:53:24.40969Z,github.com/DeepSeek-ai/DeepSeek-Coder,v0.0.0-20251111064455-2f9fd85927c6
2026-10-10T15:53:34.131918Z,github.com/Bigcode-project/Bigcodebench,v0.2.5
2026-10-10T15:53:59.783684Z,github.com/m-d-nabeel/gop,v0.1.0
2026-10-10T15:54:03.528373Z,github.com/pionxzh/wakaru,v1.14.0
2026-10-10T15:54:05.438777Z,github.com/AtlasCloudAI/mcp-server,v2.7.3+incompatible
2026-10-10T15:54:08.981049Z,github.com/taiyuuki/nesjs,v0.0.0-20260803035035-fa19605aac48
2026-10-10T15:54:32.914089Z,github.com/agentjetson/core/gen/go,v0.0.0-20261010155116-197f613dc0a1
2026-10-10T15:54:34.143568Z,github.com/agentjetson/core,v0.0.0-20261010155116-197f613dc0a1
2026-10-10T15:54:42.619774Z,github.com/Jegoba90/Ganimedes-Project,v0.3.3
2026-10-10T15:55:07.027227Z,github.com/dejfcold/atg,v1.0.2
2026-10-10T15:55:07.225803Z,github.com/nerdmenot/catena/lint,v1.5.0
2026-10-10T15:55:14.705716Z,github.com/now-holdings/observability,v0.2.0
2026-10-10T15:55:16.152475Z,github.com/jegoba90/ganimedes-project,v0.3.3
2026-10-10T15:55:45.393924Z,github.com/arlindosilvaneto/gurps-combat-engine,v0.3.1
2026-10-10T15:55:55.187467Z,github.com/microsoft/kalypso-observability-hub,v0.0.0-20261007212911-01679c3c93c4
2026-10-10T15:55:55.462498Z,github.com/dejitarudemon/ignicula-wire,v1.1.0
2026-10-10T15:55:56.558398Z,github.com/arlindosilvaneto/gurps-sheet,v0.0.0-20261004213424-b77f4155532c
2026-10-10T15:56:16.061768Z,github.com/DEllytools/Delly,v2.7.0+incompatible
2026-10-10T15:56:17.564503Z,github.com/redai-infra/relax,v0.1.1-0.20261010131420-7c4e537117f1
2026-10-10T15:56:27.265949Z,github.com/sobird/vue-admin,v0.0.0-20210712102451-a05d6852e1d5
2026-10-10T15:56:29.032237Z,github.com/sobird/react-admin,v0.0.0-20240415125221-7eeaf87418bf
2026-10-10T15:57:15.532137Z,github.com/PrivateCaptcha/private-captcha-go,v0.0.14-0.20261010155502-a3a306d587c6
2026-10-10T15:57:30.92635Z,github.com/hpc-gridware/go-clusterscheduler/cmd/adapter,v0.0.0-20261008114727-e7ff2b5e545e
2026-10-10T15:57:46.465446Z,github.com/itsrajverma/logsetu/packages/logsetu-go,v0.1.0
2026-10-10T15:58:46.161443Z,github.com/delvedor/find-my-way,v9.10.0+incompatible
2026-10-10T15:58:49.658076Z,github.com/awslabs/amazon-kinesis-client,v3.5.4-0.20261005200832-1a0cdd057d0a+incompatible
2026-10-10T15:59:53.456979Z,github.com/darwinium-com/pdqhash,v0.0.0-20220708044148-1a5f66f63575
2026-10-10T16:00:55.739372Z,github.com/hugobrenet/opensvc-daemon-mcp,v0.0.0-20261009145959-16a1c26aa5da
2026-10-10T16:01:06.917972Z,github.com/xgc-team/xgc2-xrpc,v0.0.0-20261008184950-0e742265600c
2026-10-10T16:01:09.968686Z,github.com/unim26/seed,v1.0.1-0.20260927144553-154cb6e1a468
2026-10-10T16:01:25.430395Z,github.com/cccteam/ccc/sns,v0.2.16-0.20261010155618-c1a71042afb9
2026-10-10T16:02:01.382644Z,github.com/aerkiaga/nodeverse,v0.5.2
2026-10-10T16:02:06.646454Z,github.com/rjyo/mygo,v0.4.0
2026-10-10T16:02:29.808532Z,github.com/badsectorlabs/ludus/ludus-api,v0.0.0-20261009161545-74150e658a7f
2026-10-10T16:02:53.473952Z,github.com/PEST-parsEr/pEsT,v2.9.3+incompatible
2026-10-10T16:02:58.047812Z,github.com/ManuGH/xg2g/backend,v0.0.0-20261010062916-53f672133253
2026-10-10T16:03:01.363303Z,github.com/jjbailey/go-prompt,v0.2.12
2026-10-10T16:03:16.902204Z,github.com/prometheus/client_model,v0.6.4-0.20261010070932-7c1a1b81eba3
2026-10-10T16:03:50.700924Z,github.com/hrfee/jfa-go/docs,v0.0.0-20261010141102-2f5e51b53173
2026-10-10T16:04:06.41092Z,github.com/hrfee/jfa-go/easyproxy,v0.0.0-20261010141102-2f5e51b53173
2026-10-10T16:04:17.483795Z,github.com/open-telemetry/opentelemetry-collector-contrib/extension/sigv4authextension,v0.162.1-0.20261010131741-5ca2c088522a
2026-10-10T16:04:22.25473Z,github.com/hrfee/jfa-go/jellyseerr,v0.0.0-20261010141102-2f5e51b53173
2026-10-10T16:04:23.468508Z,github.com/samugit83/redamon,v1.3.0
2026-10-10T16:04:31.741264Z,github.com/sazardev/wr,v0.4.0
2026-10-10T16:04:34.624188Z,github.com/hrfee/jfa-go/linecache,v0.0.0-20261010141102-2f5e51b53173
2026-10-10T16:04:49.583621Z,github.com/hrfee/jfa-go/logger,v0.0.0-20261010141102-2f5e51b53173
2026-10-10T16:05:03.279673Z,github.com/hrfee/jfa-go/ombi,v0.0.0-20261010141102-2f5e51b53173
2026-10-10T16:05:03.294852Z,github.com/jo-hoe/ai-proxy,v0.9.0
2026-10-10T16:05:16.819149Z,github.com/zalando/patroni,v4.1.1-0.20261007102555-dbee9c352354+incompatible
2026-10-10T16:05:41.890944Z,github.com/odpf/proton,v0.0.0-20221104060011-2d2177aa02ee
2026-10-10T16:06:32.089685Z,github.com/dennisdoomen/reflectify,v0.0.0-20261003064322-6bbc10cb85d9
2026-10-10T16:06:54.847608Z,github.com/datapointchris/clisurface,v0.8.1
2026-10-10T16:07:27.249169Z,github.com/ChrisLundquist/cloudip,v0.0.0-20260712071822-a3c9cf65eef0
2026-10-10T16:07:40.501957Z,github.com/Chriscbr/purecdk8s/tools/api-compat-check,v0.0.0-20260928202356-a64e9fc6a57b
2026-10-10T16:07:51.143884Z,github.com/jenkinsci/lib-support-log-formatter,v0.0.0-20211216235631-f17ae4a9dfed
2026-10-10T16:07:57.28784Z,github.com/vitorpy/discordo-mcp,v0.0.0-20260727091729-d1a622bf51ec
2026-10-10T16:08:28.513232Z,github.com/greatliontech/xmldsig,v0.1.0
2026-10-10T16:08:32.864563Z,github.com/prettier/prettier,v0.0.0-20200102120217-47ece13d7830
2026-10-10T16:09:15.624117Z,github.com/allianceauth-apps/discordproxy,v0.0.0-20210524193325-001b170cfa2d
2026-10-10T16:09:55.348088Z,github.com/ndsky1003/task,v1.0.1
2026-10-10T16:10:01.342426Z,github.com/emotional-data8482/automata/extensions/openrouter,v0.5.2
2026-10-10T16:10:41.809923Z,github.com/grimlink/mage,v0.0.0-20261010100530-034265401fd3
2026-10-10T16:11:07.438064Z,github.com/nickbabcock/rrrocket,v0.11.7-0.20261004182436-0a807553abb2
2026-10-10T16:11:17.021398Z,github.com/rancher/image-build-etcd,v3.7.1-k3s3-build20261008+incompatible
2026-10-10T16:11:57.254262Z,github.com/vasudevgupta7/bigbird,v0.0.0-20230320231856-594783ae1c25
2026-10-10T16:12:05.873564Z,github.com/voidful/huggingface_notebook,v0.0.0-20210318162358-ed992759158c
2026-10-10T16:12:11.906517Z,github.com/moussaKam/BARThez,v0.0.0-20220827205603-157e14694749
2026-10-10T16:12:13.475205Z,github.com/polm/fugashi,v1.5.2
2026-10-10T16:12:24.441044Z,github.com/SpaceTent/k8sec,v0.0.2
2026-10-10T16:12:27.731086Z,github.com/mizuchilabs/inkan/license,v0.1.0
2026-10-10T16:12:35.894985Z,github.com/gRAPHQL-pYTHON/gql,v4.4.0+incompatible
2026-10-10T16:12:36.814347Z,github.com/wc2015/WC2015,v0.0.0-20150312083455-9dde7936d70e
2026-10-10T16:12:37.654201Z,github.com/TikHub/TikHub-API-Java-SDK,v0.0.0-20250309014835-c5e307b0012d
2026-10-10T16:12:50.238426Z,github.com/gRAPHQL-pYTHON/Gql,v4.4.0+incompatible
2026-10-10T16:12:52.06875Z,github.com/phpDocumentor/phpDocumentor,v3.10.1-0.20261010125738-33d250b13511+incompatible
2026-10-10T16:12:55.000022Z,github.com/gRAPHQL-pYTHON/gQL,v4.4.0+incompatible
2026-10-10T16:12:59.116839Z,github.com/gRAPHQL-pYTHON/gqL,v4.4.0+incompatible
2026-10-10T16:13:09.877239Z,github.com/dereuromark/cakephp-setup,v0.0.0-20261008102909-6620546ae706
2026-10-10T16:13:10.326669Z,github.com/maziggy/bambuddy,v1.2.6-0.20261009072411-943f35871289
2026-10-10T16:13:10.712882Z,github.com/czerwonk/bird_socket,v1.1.1-0.20261009120842-c789abba0b9f
2026-10-10T16:13:59.157651Z,github.com/m-d-nabeel/gotinker,v0.1.0
2026-10-10T16:14:04.948872Z,github.com/acompany-develop/quickmpc-bts,v0.0.0-20221214041726-756ac870a865
2026-10-10T16:14:18.781937Z,github.com/veraison/evcli/v2,v2.2.1-0.20261007114332-ec8de783228a
2026-10-10T16:14:27.413762Z,github.com/naevatec/storage,v0.0.0-20261009143353-ac9b261de507
2026-10-10T16:14:38.854075Z,github.com/latticecorp/lattice4all/ai-libs,v0.1.0-dev.3
2026-10-10T16:14:59.278054Z,github.com/RamazanKara/kube-shield/v2,v2.0.1-0.20261009195154-726237d3efe6
2026-10-10T16:14:59.602691Z,github.com/MiSTer-devel/menu_MiSTer,v0.0.0-20261010155514-5502db909c66
2026-10-10T16:15:15.16512Z,github.com/multimote/niimbluelib,v0.47.1-0.20261008130620-a78fd7a1bf45
2026-10-10T16:15:16.675861Z,github.com/spacetent/k8sec,v0.0.2
2026-10-10T16:16:24.07091Z,github.com/moby/Buildkit,v0.34.0
2026-10-10T16:16:32.565297Z,github.com/open-telemetry/opentelemetry-collector-contrib/exporter/dorisexporter,v0.162.1-0.20261010131741-5ca2c088522a
2026-10-10T16:16:45.57375Z,github.com/micro/go-micro/cmd/gomu,v1.18.2
2026-10-10T16:17:47.766628Z,github.com/prodzombie/characters-auth,v3.2.0+incompatible
2026-10-10T16:18:08.958433Z,github.com/bishalr0y/toki,v1.0.0
2026-10-10T16:18:13.261536Z,github.com/redhat-best-practices-for-k8s/perfdive,v0.0.19
2026-10-10T16:18:23.594808Z,github.com/lalternativefabrique/packages/lungor/core,v0.8.0
2026-10-10T16:18:30.224108Z,github.com/vale-cli/MDX,v0.1.0
