first_seen_at,module,version
2026-09-25T23:19:42.30018Z,github.com/K3s-io/kubernetes/staging/src/k8s.io/apiserver,v1.32.11-k3s1
2026-09-25T23:19:42.337966Z,github.com/BRUHItsABunny/Crypto-utils,v0.0.1
2026-09-25T23:19:43.9344Z,github.com/BambooTuna/Gooastream,v1.0.1
2026-09-25T23:19:45.989115Z,github.com/pcsx2/pcsx2,v2.9.85+incompatible
2026-09-25T23:19:47.861434Z,github.com/prometheus-operator/prometheus-operator,v0.94.1-0.20260925155044-6a34950aa3b6
2026-09-25T23:19:53.338526Z,github.com/Edgexfoundry/device-sdk-go,v1.1.0
2026-09-25T23:20:03.756654Z,github.com/toorop/go-bitcoind,v0.0.0-20181231054330-9a858ad6543a
2026-09-25T23:20:05.394917Z,github.com/microsoftdocs/azure-docs-sdk-node,v0.0.0-20260925230626-5838e3a6dedf
2026-09-25T23:20:09.576185Z,github.com/BenLubar/Nodebb-plugin-pwned-passwords,v1.0.0
2026-09-25T23:20:09.843022Z,github.com/integrica-io/iManCloudCore,v0.0.22
2026-09-25T23:20:09.941354Z,github.com/Bios-Marcel/Stasi-blog,v0.8.4
2026-09-25T23:20:10.046564Z,github.com/BertoldVdb/Go-misc,v0.1.0
2026-09-25T23:20:11.440472Z,github.com/cosmos/cosmos-sdk/x/params,v0.0.0-20241218110910-47409028a73d
2026-09-25T23:20:11.524327Z,github.com/Prometheus-Operator/Prometheus-Operator/pkg/apis/monitoring,v0.75.1
2026-09-25T23:20:14.070294Z,github.com/quitequinn/sanity-font-data-extractor,v0.0.0-20260924233350-56b1dc4f028d
2026-09-25T23:20:16.228649Z,github.com/BREAKTEAM/Log4j-scanner,v0.1.0
2026-09-25T23:20:17.254493Z,github.com/samboy/maradns,v0.0.0-20260925231803-9caa8e7633fb
2026-09-25T23:20:20.601862Z,github.com/Sonarr/Sonarr,v0.0.0-20260925231447-1580ff87c143
2026-09-25T23:20:21.366124Z,github.com/Edgexfoundry/go-mod-registry,v0.1.0
2026-09-25T23:20:22.887275Z,github.com/AdGuardTeam/Dnsproxy,v0.75.0
2026-09-25T23:20:23.016285Z,github.com/4thel00z/Blogmail,v0.1.1
2026-09-25T23:20:23.231845Z,github.com/C4T-BuT-S4D/Ctf_dashboard,v1.4.2
2026-09-25T23:20:23.302117Z,github.com/AdGuardTeam/Golibs,v0.1.0
2026-09-25T23:20:23.425483Z,github.com/C4T-BuT-S4D/Neo,v1.2.1
2026-09-25T23:20:23.444445Z,github.com/sourcenetwork/defradb,v0.19.1-0.20250904170233-4514c0080825
2026-09-25T23:20:24.272345Z,github.com/gridappsd/ieee-2030_5-core-go,v0.20.0
2026-09-25T23:20:24.422435Z,github.com/zivost/react-native-swiper,v1.6.0-rc.3
2026-09-25T23:20:24.803911Z,github.com/s2-streamstore/s2,v0.0.0-20260925231713-62af3892f3f6
2026-09-25T23:20:25.534677Z,github.com/nigel2392/errors,v1.0.3
2026-09-25T23:20:26.671803Z,gitlab.com/stormhead/stormlink/shared/protos,v0.0.199
2026-09-25T23:20:29.105077Z,github.com/seleniumbase/seleniumbase,v4.54.12+incompatible
2026-09-25T23:20:37.068824Z,github.com/Diarkis/diarkis-server-template/examples/matching/simple,v0.0.0-20260925045843-bd06ef76cb92
2026-09-25T23:20:37.214951Z,github.com/serialport/binding-mock,v10.2.2+incompatible
2026-09-25T23:20:37.948378Z,github.com/Chyroc/Generate_blog_by_issues,v0.2.1
2026-09-25T23:20:38.844382Z,github.com/AdguardTeam/Dns,v1.1.14
2026-09-25T23:20:40.880779Z,github.com/AkihiroSuda/Gomodjail,v0.1.0
2026-09-25T23:20:45.779716Z,github.com/cosmos/cosmos-sdk/x/protocolpool,v0.0.0-20241218110910-47409028a73d
2026-09-25T23:20:45.894566Z,github.com/availity/element,v0.0.0-20260922194539-fed093b17030
2026-09-25T23:20:46.968469Z,github.com/CiscoDevNet/Go-msx-security,v1.0.0
2026-09-25T23:20:47.438126Z,github.com/Clever/Whackanop,v0.0.1
2026-09-25T23:20:47.574139Z,github.com/ConsenSys/Goquorum-crypto-secp256k1,v0.0.1
2026-09-25T23:20:48.159578Z,github.com/CodingBeard/Cblog,v0.0.1
2026-09-25T23:20:48.326578Z,github.com/Clever/Elblog,v0.1.0
2026-09-25T23:20:49.866363Z,github.com/basaltic-sh/cli,v0.11.0
2026-09-25T23:20:52.255851Z,github.com/Automattic/Sshpiper.crypto,v0.0.0-sshpiper-20220822-01
2026-09-25T23:20:57.26834Z,github.com/hotosm/fair,v2.2.24+incompatible
2026-09-25T23:20:57.725257Z,github.com/mackerelio/mackerel-agent/wix,v0.0.0-20260925070950-caccf7f0981b
2026-09-25T23:20:57.731714Z,github.com/seprokof/leetcode/67/go,v0.0.0-20260925170600-c747bcfac6b4
2026-09-25T23:20:59.045191Z,github.com/seprokof/leetcode/205/go,v0.0.0-20260925170600-c747bcfac6b4
2026-09-25T23:21:01.886078Z,github.com/Askadias/Banker-crypto-gateway,v0.0.10
2026-09-25T23:21:03.737369Z,github.com/typeship-ax/go,v0.25.0
2026-09-25T23:21:05.649286Z,github.com/videolan/libvlcsharp,v0.0.0-20260923200554-10a30fa6206e
2026-09-25T23:21:08.098434Z,github.com/DataDog/Temporal-large-payload-codec,v0.1.0
2026-09-25T23:21:14.523556Z,github.com/base44/javascript-sdk,v0.8.51
2026-09-25T23:21:14.582033Z,github.com/Clever/Resolve-ip,v2.1.0+incompatible
2026-09-25T23:21:16.392909Z,github.com/sajjadium/sajjaDium.github.io,v0.0.0-20260825234952-ce4db846f2f9
2026-09-25T23:21:18.481891Z,github.com/base/account-sdk,v0.0.0-20260924215838-c15190fd55b1
2026-09-25T23:21:20.633431Z,github.com/cosmos/cosmos-sdk/x/slashing,v0.0.0-20241218110910-47409028a73d
2026-09-25T23:21:26.757658Z,github.com/Depado/Smallblog,v1.0.0
2026-09-25T23:21:27.578035Z,github.com/iotexproject/IOTube,v7.0.6+incompatible
2026-09-25T23:21:35.142583Z,github.com/seprokof/leetcode/141/go,v0.0.0-20260925170600-c747bcfac6b4
2026-09-25T23:21:37.050549Z,github.com/infinispan/infinispan,v0.0.0-20260925204303-807d19bb93f4
2026-09-25T23:21:40.266797Z,github.com/sajjadium/sajjadium.Github.io,v0.0.0-20260825234952-ce4db846f2f9
2026-09-25T23:21:41.46171Z,github.com/bambooFox/bambooFox.github.io,v0.0.0-20260723083916-076a30ed1408
2026-09-25T23:21:42.326429Z,github.com/t3nsor/SPOJ,v0.0.0-20260924212743-64d84fe6bff8
2026-09-25T23:21:42.819906Z,github.com/umputun/tg-spam,v1.28.1-0.20260925162326-330404b62109
2026-09-25T23:21:44.031675Z,github.com/thomhuang/thom-server,v0.0.0-20260925231647-6d29567c2b4f
2026-09-25T23:21:44.42938Z,github.com/integrica-io/imancloudcore,v0.0.22
2026-09-25T23:21:46.992766Z,github.com/aws/karpenter-provider-aws,v1.14.1-0.20260925232114-3d87a53678d3
2026-09-25T23:21:47.117532Z,github.com/tsdjs/typescript,v3.9.9+incompatible
2026-09-25T23:21:47.164528Z,github.com/hyperledger/cacti/weaver/core/network/fabric-interop-cc/libs/testutils,v0.0.0-20260923174021-d43374ba5df9
2026-09-25T23:21:48.690708Z,github.com/shellphish/shellPhish.github.io,v0.0.0-20260908103631-29092d79f9ca
2026-09-25T23:21:50.497054Z,github.com/Djarvur/Cryptowrap,v0.0.1
2026-09-25T23:21:51.769031Z,github.com/Djarvur/Go-cryptowrap,v0.0.1
2026-09-25T23:21:54.326537Z,github.com/timmo001/go-automate,v0.0.0-20260925230544-c4f1ccb6ce68
2026-09-25T23:21:55.444204Z,github.com/basecradle/basecradle-python,v0.10.0
2026-09-25T23:21:57.84763Z,github.com/dicklesworthstone/dwarf_fortress_mcp,v0.0.0-20260925231424-f34b0fb1a4af
2026-09-25T23:21:59.403704Z,github.com/base/contract-deployments,v0.0.0-20260925131335-f85a9af03c4e
2026-09-25T23:22:00.036254Z,github.com/hyperledger/cacti/weaver/samples/fabric/simpleassettransfer,v0.0.0-20260923174021-d43374ba5df9
2026-09-25T23:22:02.739973Z,github.com/BaseCrusher/envelope,v1.1.2
2026-09-25T23:22:04.527329Z,github.com/Equim-chan/Cryptonight,v0.1.0
2026-09-25T23:22:05.09241Z,github.com/ETCDEVTeam/Janus,v0.1.0
2026-09-25T23:22:05.117262Z,github.com/EugenDueck/Colorexp,v1.0.0
2026-09-25T23:22:08.493141Z,github.com/FishGoddess/Cryptox,v0.0.1-alpha
2026-09-25T23:22:09.293182Z,github.com/aws/karpenter-provider-aws/tools/kompat,v0.0.0-20260925232114-3d87a53678d3
2026-09-25T23:22:14.354077Z,github.com/cosmos/cosmos-sdk/x/upgrade,v0.0.0-20241218110910-47409028a73d
2026-09-25T23:22:14.972944Z,github.com/Flyclops/Multiavatar-go,v1.0.0
2026-09-25T23:22:15.116026Z,github.com/danvergara/dblab,v0.51.0
2026-09-25T23:22:15.153152Z,github.com/GACHAIN/Go-crypto,v0.0.1
2026-09-25T23:22:16.069835Z,github.com/Flyclops/Firebase-admin-go,v1.0.0
2026-09-25T23:22:16.396676Z,github.com/Flyclops/Melody,v1.0.1
2026-09-25T23:22:17.810082Z,github.com/Focinfi/Go-dns-resolver,v1.0.0
2026-09-25T23:22:19.731029Z,github.com/google-cloud-sdk-unofficial/google-cloud-sdk,v308.0.0+incompatible
2026-09-25T23:22:19.787254Z,github.com/Baseflow/flutter_cached_network_image,v4.0.2+incompatible
2026-09-25T23:22:23.573099Z,github.com/googleapis/mcp-toolbox,v1.13.1
2026-09-25T23:22:24.576098Z,github.com/baseflow/octo_image,v2.1.1+incompatible
2026-09-25T23:22:28.865196Z,github.com/mackerelio/mackerel-agent,v0.0.0-20260925070950-caccf7f0981b
2026-09-25T23:22:33.234091Z,buf.build/gen/go/northpolesec/workshop-api/grpc/go,v1.6.0-20260924221955-75f9b5b4ff9e.1
2026-09-25T23:22:37.083172Z,github.com/opencharly/plugin-substrate,v2026.268.2319+incompatible
2026-09-25T23:22:38.76279Z,github.com/alexcjohnson/world-calendars,v1.0.3
2026-09-25T23:22:41.047702Z,github.com/apple/swift-openapi-urlsession,v0.0.0-20260925205703-0b64c503fd46
2026-09-25T23:22:46.677794Z,github.com/cortexproject/cortex,v1.22.0-rc.2
2026-09-25T23:22:50.386107Z,github.com/Prometheus-Operator/Prometheus-Operator/pkg/client,v0.79.0
2026-09-25T23:22:52.689998Z,github.com/xiph/speexdsp,v0.0.0-20080411034908-fbb903751e0d
2026-09-25T23:22:56.994603Z,github.com/tea4go/gh,v1.4.3
2026-09-25T23:22:57.206714Z,github.com/opencharly/plugin-substrate/candy/plugin-substrate,v0.2026268.2319
2026-09-25T23:23:01.585464Z,github.com/base-org/contract-deployments,v0.0.0-20260925131335-f85a9af03c4e
2026-09-25T23:23:03.859589Z,github.com/0delta/sHa256_resolver,v0.0.0-20210213185218-18c5fdc38d3c
2026-09-25T23:23:04.092406Z,github.com/0Delta/sHa256_resolver,v0.0.0-20210213185218-18c5fdc38d3c
2026-09-25T23:23:05.071188Z,github.com/0ops/cTfs-2021,v0.0.0-20210203021845-2ad7e800bbce
2026-09-25T23:23:05.500052Z,github.com/0x09AL/cTf,v0.0.0-20191015205942-ef62e2954813
2026-09-25T23:23:05.651966Z,github.com/GoogleCloudPlatform/compute-image-tools/cli_tools,v0.0.0-20260925231054-82321032beb8
2026-09-25T23:23:05.788821Z,github.com/0ops/cTfs-2020,v0.0.0-20200315154802-eb456a6ee6bb
2026-09-25T23:23:05.827063Z,github.com/135yshr/cTfsendai2018,v0.0.0-20181110065622-daa2d23720b6
2026-09-25T23:23:06.203085Z,github.com/178inaba/cLean-blog-service,v0.0.0-20190822025351-c5b04bf599b2
2026-09-25T23:23:06.497578Z,github.com/15902124763/gO-xushiwei-note,v0.0.0-20191231101201-f1ebb99fc7da
2026-09-25T23:23:07.772251Z,github.com/ConsenSys/Gnark-crypto,v0.0.1
2026-09-25T23:23:07.794964Z,github.com/0ops/CtFS-2020,v0.0.0-20200315154802-eb456a6ee6bb
2026-09-25T23:23:09.204443Z,github.com/2tvenom/gRpc-consul-resolver,v1.0.1
2026-09-25T23:23:09.317586Z,github.com/4thel00z/bLogmail,v0.3.0
2026-09-25T23:23:09.695013Z,github.com/4color/SISaiBlog,v0.0.0-20200309041852-04a43f495119
2026-09-25T23:23:11.333021Z,github.com/9spokes/dEvsecops-challenge,v0.0.0-20210218051543-d6ea6b4e5d4f
2026-09-25T23:23:11.838421Z,github.com/4color/sIsaiblog,v0.0.0-20200309041852-04a43f495119
2026-09-25T23:23:12.09183Z,github.com/bborbe/flagenv,v0.0.0-20160828215553-ddf8de685113
2026-09-25T23:23:12.351901Z,github.com/7Rocky/pWntools,v0.0.0-20250612134120-333df34835c3
2026-09-25T23:23:12.421118Z,github.com/7Rocky/gOpwntools,v0.0.0-20250612134120-333df34835c3
2026-09-25T23:23:12.647529Z,github.com/2gis/cTf2024,v0.0.0-20240719205926-a4806bc43757
2026-09-25T23:23:14.074993Z,github.com/9z25/rHhfblog,v0.0.0-20200208013616-ab353a937977
2026-09-25T23:23:14.447721Z,github.com/ALLESCTF/WRiteups,v0.0.0-20220320172750-5600d5c014ac
2026-09-25T23:23:14.701049Z,github.com/ALLESCTF/wRiteups,v0.0.0-20220320172750-5600d5c014ac
2026-09-25T23:23:15.462436Z,github.com/AMKuperus/pWnd,v0.0.0-20180526194327-12f43f916c86
2026-09-25T23:23:15.568871Z,github.com/AdamJacobMuller/wEblogrus,v0.0.0-20170604030403-b492fdd4c715
2026-09-25T23:23:15.825591Z,github.com/Navidrome/navidrome,v0.64.3-0.20260925221858-6b05189190a9
2026-09-25T23:23:16.074039Z,github.com/9elements/cOnverged-security-suite,v1.0.0
2026-09-25T23:23:16.495056Z,github.com/Abhichede/bLog,v0.0.0-20200318100734-a7f3928a6672
2026-09-25T23:23:16.510593Z,github.com/Adamjacobmuller/wEblogrus,v0.0.0-20170604030403-b492fdd4c715
2026-09-25T23:23:16.687453Z,github.com/AkihiroSuda/gOmodjail,v1.0.0
2026-09-25T23:23:17.126964Z,github.com/AliBedaer/gO-blog,v0.0.0-20191208064436-eb12fd707f5a
2026-09-25T23:23:18.989523Z,github.com/AppsFlyer/gO-consul-resolver,v1.1.0
2026-09-25T23:23:19.166957Z,github.com/AllenKaplan/hAckpack-go,v0.0.0-20220218184659-b4070e5d7427
2026-09-25T23:23:19.457188Z,github.com/ArthurHlt/gO-modsecurity,v0.0.3
2026-09-25T23:23:19.72665Z,github.com/Justcoding121/advanced-algorithms,v0.0.0-20260909142524-002e0fe0d727
2026-09-25T23:23:21.080676Z,github.com/AlexanderThaller/lAblog,v0.0.0-20160331102006-19b1c6b64670
2026-09-25T23:23:21.199821Z,github.com/AnhNguyenQuoc/gO-blog,v0.0.0-20200307134351-007f2b1d96b7
2026-09-25T23:23:21.481113Z,github.com/ArthurHlt/MOdSecurity-envoy,v0.0.0-20210302205619-b30f5d31f320
2026-09-25T23:23:21.64115Z,github.com/ElrondNetwork/Elrond-go-crypto,v1.0.0
2026-09-25T23:23:22.36136Z,github.com/basecrusher/envelope,v1.1.2
2026-09-25T23:23:22.51891Z,github.com/Balsn/BAlsn-CTF-2022,v0.0.0-20220913000937-23381b416809
2026-09-25T23:23:23.517353Z,github.com/Azure/cDn-security-demo,v0.0.0-20200122233054-3f0d1907899e
2026-09-25T23:23:24.105635Z,github.com/Balsn/bAlsn-ctf-2021,v0.0.0-20220115153401-59bf062ebde8
2026-09-25T23:23:24.148965Z,github.com/Balsn/bAlsn-ctf-2020,v0.0.0-20210620034652-1dea2e4fb1f0
2026-09-25T23:23:24.2033Z,github.com/Appliscale/cLoud-security-audit,v0.0.0-20190213083502-f062a39642f5
2026-09-25T23:23:24.318359Z,github.com/Azure-Samples/oPenhack-devops-team,v0.0.0-20220204213226-4699af386cb3
2026-09-25T23:23:24.486729Z,github.com/Balsn/bAlsn-ctf-2022,v0.0.0-20220913000937-23381b416809
2026-09-25T23:23:24.937783Z,github.com/Balsn/BAlsn.github.io,v0.0.0-20231008180043-4ec3d7408e9e
2026-09-25T23:23:26.672014Z,github.com/Balsn/bAlsn.github.io,v0.0.0-20231008180043-4ec3d7408e9e
2026-09-25T23:23:27.245555Z,github.com/BambooFox/BAmbooFox.github.io,v0.0.0-20260723083916-076a30ed1408
2026-09-25T23:23:27.911301Z,github.com/BenLubar/nOdebb-plugin-pwned-passwords,v1.0.4
2026-09-25T23:23:27.958821Z,github.com/Bios-Marcel/sTasi-blog,v0.9.1
2026-09-25T23:23:28.231848Z,github.com/BurntSushi/bLog,v0.0.0-20260723114024-20a0ef04295d
2026-09-25T23:23:28.354848Z,github.com/Bplotka/gO-k8sresolver,v0.0.0-20180319110317-191d137a32f6
2026-09-25T23:23:28.513927Z,github.com/Binject/aWesome-go-security,v0.0.0-20251102201636-5452eb7b2cdd
2026-09-25T23:23:28.52916Z,github.com/Alecthomas/participle/v2,v2.0.0-alpha11
2026-09-25T23:23:30.142986Z,github.com/0ops/CtFs,v0.0.0-20220615052309-52db1af1fead
2026-09-25T23:23:30.176619Z,github.com/BenLubar/dFhackrpc,v0.0.1
2026-09-25T23:23:30.245978Z,github.com/BurntSushi/nOtes,v0.0.0-20260126173045-fae52f03a655
2026-09-25T23:23:30.420201Z,github.com/C4T-BuT-S4D/C4t-BuT-S4D.github.io,v0.0.0-20241126232245-7a29d36d040f
2026-09-25T23:23:30.738875Z,github.com/C4T-BuT-S4D/c4T-but-s4d.github.io,v0.0.0-20241126232245-7a29d36d040f
2026-09-25T23:23:30.746258Z,github.com/C4T-BuT-S4D/cTf_dashboard,v1.4.3
2026-09-25T23:23:31.356314Z,github.com/C4T-BuT-S4D/cTf-writeups,v0.0.0-20220907214508-6d3e043f29e3
2026-09-25T23:23:31.882948Z,github.com/C4T-BuT-S4D/CtF-writeups,v0.0.0-20220907214508-6d3e043f29e3
2026-09-25T23:23:31.933185Z,github.com/C4T-BuT-S4D/CtF-Writeups,v0.0.0-20220907214508-6d3e043f29e3
2026-09-25T23:23:33.016557Z,github.com/CTF-Archives/CtF-Archives,v0.0.0-20240313162524-815e09b7ee3d
2026-09-25T23:23:33.730134Z,github.com/C4T-BuT-S4D/m0LeCon-2021-writeups,v0.0.0-20210517130700-006d5729cbe0
2026-09-25T23:23:33.895142Z,github.com/CTF-Archives/CtF-Archives.github.io,v0.0.0-20240313162524-815e09b7ee3d
2026-09-25T23:23:34.123312Z,github.com/Azure/2020-mAchine-learning-security-evasion-competition,v0.0.0-20200806165821-bfe1fe9d666d
2026-09-25T23:23:34.360362Z,github.com/baseflow/flutter_cached_network_image,v4.0.2+incompatible
2026-09-25T23:23:34.391771Z,github.com/C4T-BuT-S4D/cTfcup-2024-ad,v0.0.0-20241222104610-81e887299aff
2026-09-25T23:23:34.611882Z,github.com/CAFxX/fWp,v0.1.0
2026-09-25T23:23:34.707584Z,github.com/CTF-Archives/CtF_Archive_CN,v0.0.0-20230605133328-80b7782254e5
2026-09-25T23:23:36.323108Z,github.com/CTF-Archives/cTf-archives,v0.0.0-20240313162524-815e09b7ee3d
2026-09-25T23:23:36.403019Z,github.com/CTF-Archives/cTf-archives.github.io,v0.0.0-20240313162524-815e09b7ee3d
2026-09-25T23:23:37.628428Z,github.com/Chyroc/gEnerate_blog_by_issues,v0.3.0
2026-09-25T23:23:37.691649Z,github.com/CiscoDevNet/gO-msx-security,v1.0.2
2026-09-25T23:23:37.724441Z,github.com/Clever/eLblog,v0.2.0
2026-09-25T23:23:37.890519Z,github.com/C4T-BuT-S4D/cTfcup-2023-ad,v0.0.0-20231210110626-53d6b9b73694
2026-09-25T23:23:37.899747Z,github.com/CUG-CTF/gCtf,v0.0.0-20190604135801-47e887599a77
2026-09-25T23:23:39.091393Z,github.com/CTF-Archives/CtF-Docker-Template,v0.0.0-20251114005000-70b92bf9c66a
2026-09-25T23:23:39.214489Z,github.com/Clever/wHackanop,v1.1.0
2026-09-25T23:23:40.566161Z,github.com/ConsenSys/qUorum-security-plugin-sdk-go,v0.0.0-20201012204850-5cf96db16635
2026-09-25T23:23:40.753339Z,github.com/CodingBeard/cBlog,v0.0.8
2026-09-25T23:23:40.943665Z,github.com/Daniel-Alderman77/kUbernetes-whack-a-mole,v0.0.0-20191210143559-49cadc3af64f
2026-09-25T23:23:41.32565Z,github.com/ConsenSys/gOquorum-crypto-secp256k1,v0.0.2
2026-09-25T23:23:41.509874Z,github.com/CTF-Archives/cTf-docker-template,v0.0.0-20251114005000-70b92bf9c66a
2026-09-25T23:23:41.999691Z,github.com/Vlecomte/cp-geo,v0.0.0-20181014223349-80b147f2e9fa
2026-09-25T23:23:44.554214Z,github.com/Depado/sMallblog,v1.0.2
2026-09-25T23:23:44.606526Z,github.com/DataDog/sEcurity-agent-policies,v0.84.0
2026-09-25T23:23:44.771349Z,github.com/Dataman-Cloud/sWan-resolver,v0.0.0-20170527054152-f39e7526872c
2026-09-25T23:23:44.792468Z,github.com/DataDog/gO-profiler-notes,v0.0.0-20260907191404-9fe89f6bbb6c
2026-09-25T23:23:44.971534Z,github.com/CTF-Archives/CtF_Challenges,v0.0.0-20210518132128-962aaa37568e
2026-09-25T23:23:45.21195Z,github.com/DavidLiedle/lOggly-blog-go-logrus-logrusly,v0.0.0-20151108233726-2c6a9d31c142
2026-09-25T23:23:45.292923Z,github.com/Clever/rEsolve-ip,v3.0.0+incompatible
2026-09-25T23:23:45.881703Z,github.com/Defenit/DEfenit.github.io,v0.0.0-20200928063146-024e10ac604a
2026-09-25T23:23:46.21997Z,github.com/Danr17/dEv-state_blog_code,v0.0.0-20240221130658-4d8a6584a752
2026-09-25T23:23:46.961656Z,github.com/avengemedia/danklinux,v0.0.0-20260925160846-15981b836dac
2026-09-25T23:23:49.369062Z,github.com/DiceGang/DIceCTF-2021-Challenges,v0.0.0-20210213022049-3a7879cbc14f
2026-09-25T23:23:52.325752Z,github.com/DiceGang/DIceCTF-2021-challenges,v0.0.0-20210213022049-3a7879cbc14f
2026-09-25T23:23:52.72691Z,github.com/DiceGang/dIcectf-2021-challenges,v0.0.0-20210213022049-3a7879cbc14f
2026-09-25T23:23:53.114471Z,github.com/DiceGang/dIceCTF-2021-challs,v0.0.0-20210213022049-3a7879cbc14f
2026-09-25T23:23:53.900088Z,github.com/baserow/baserow,v0.0.0-20260925155439-b8caade86ac8
2026-09-25T23:23:55.963326Z,github.com/DiceGang/dIcectf-2021-challs,v0.0.0-20210213022049-3a7879cbc14f
2026-09-25T23:23:58.683588Z,github.com/mikefarah/yq/v4,v4.53.7-0.20260925225622-16f16fe85379
2026-09-25T23:24:00.155698Z,github.com/shellscape/webpack-hot-client,v4.1.0+incompatible
2026-09-25T23:24:00.506566Z,github.com/tanishiking/prettier,v0.0.0-20181023005042-74eb5a9e26b8
2026-09-25T23:24:01.813822Z,github.com/DiceGang/DIceCTF-2022-challenges,v0.0.0-20220206210000-bd2e6689d75a
2026-09-25T23:24:02.538658Z,github.com/DiceGang/DIceCTF-2023-challenges,v0.0.0-20230205210000-938afcc0a09a
2026-09-25T23:24:03.963996Z,github.com/DiceGang/dIceCTF-2022-challenges,v0.0.0-20220206210000-bd2e6689d75a
2026-09-25T23:24:04.783459Z,github.com/DiceGang/dIceCTF-2023-challenges,v0.0.0-20230205210000-938afcc0a09a
2026-09-25T23:24:04.862656Z,github.com/Dids/hAckchat,v0.0.0-20210104084608-c3df548154fa
2026-09-25T23:24:05.249901Z,github.com/DiceGang/dIcectf-2022-challenges,v0.0.0-20220206210000-bd2e6689d75a
2026-09-25T23:24:06.490574Z,github.com/DiceGang/dIcectf-2023-Challenges,v0.0.0-20230205210000-938afcc0a09a
2026-09-25T23:24:06.524654Z,github.com/deflect-ca/banjax,v0.10.1-0.20260925230126-dc66cd1aba54
2026-09-25T23:24:06.881156Z,github.com/Dliv3/cTf,v0.0.0-20170919085747-1c2533ed2d70
2026-09-25T23:24:07.049674Z,github.com/DIMO-network/device-data-api,v0.8.8
2026-09-25T23:24:07.210251Z,github.com/citrolabs/ego-lite,v1.3.1-beta.3
2026-09-25T23:24:07.286408Z,github.com/DudeWhoCode/bAckendarmy-blog,v0.0.0-20181211035639-9ae14a90a18e
2026-09-25T23:24:07.512402Z,github.com/firecrawl/cli,v1.24.5
2026-09-25T23:24:07.664839Z,github.com/DigiGlu/gOlang-json-schema-ref-resolver,v0.0.0-20190312084459-42de7b699f10
2026-09-25T23:24:07.674402Z,github.com/ECAllen/bLog,v0.0.0-20170912144718-3270afba23e9
2026-09-25T23:24:07.858993Z,github.com/DiceGang/dIcectf-2023-challenges,v0.0.0-20230205210000-938afcc0a09a
2026-09-25T23:24:07.921585Z,github.com/Emilk/egui,v0.30.0-dev
2026-09-25T23:24:08.811735Z,github.com/nanobrowser/nanobrowser,v0.1.9
2026-09-25T23:24:09.25711Z,github.com/ENOFLAG/EnOFLAG.github.io,v0.0.0-20171115234925-73a8ed184957
2026-09-25T23:24:09.428411Z,github.com/EDDYCJY/bLog,v0.0.0-20220205113843-5d1b9c17c374
2026-09-25T23:24:09.82746Z,github.com/ENOFLAG/eNoflag.github.io,v0.0.0-20171115234925-73a8ed184957
2026-09-25T23:24:10.08161Z,github.com/ENOFLAG/WRiteups,v0.0.0-20221031154947-264cdb7e18a0
2026-09-25T23:24:11.07695Z,github.com/ENOFLAG/wRiteups,v0.0.0-20221031154947-264cdb7e18a0
2026-09-25T23:24:11.623929Z,nikand.dev/go/schema,v0.0.0-20260925230626-1dd0a5dd31da
2026-09-25T23:24:12.685047Z,github.com/EndlessCheng/nOtes,v0.0.0-20120217063536-81a66024fe48
2026-09-25T23:24:12.843233Z,github.com/Edu4rdSHL/rUsolver,v0.0.0-20260816183252-96da996749d6
2026-09-25T23:24:12.955658Z,github.com/steerlabs/opensteer,v0.10.0
2026-09-25T23:24:13.077291Z,github.com/bash-lsp/bash-language-server,v0.0.0-20260924224750-6f04581b74f4
2026-09-25T23:24:13.242754Z,github.com/ElandGroup/jOblog,v0.0.0-20200209041328-ea6900418671
2026-09-25T23:24:13.805669Z,github.com/ENOFLAG/WRiteUps,v0.0.0-20221031154947-264cdb7e18a0
2026-09-25T23:24:14.102602Z,github.com/Echosong/bEego_blog,v0.0.0-20260923005402-203ef4e8c53d
2026-09-25T23:24:14.161686Z,github.com/billy-enrizky/openbrowser-ai,v0.1.50
2026-09-25T23:24:15.083859Z,github.com/EvilKhaosKat/r-Notes,v0.8.1
2026-09-25T23:24:15.083878Z,github.com/Filatoff73/eNvresolver,v0.0.0-20210809094549-0139874e3838
2026-09-25T23:24:15.10403Z,github.com/EndlessCheng/NOtes,v0.0.0-20120217063536-81a66024fe48
2026-09-25T23:24:15.104086Z,github.com/FluxFingers/WRiteUps,v0.0.0-20240626091728-6ca8790b9ead
2026-09-25T23:24:15.398828Z,github.com/FluxFingers/WRiteups,v0.0.0-20240626091728-6ca8790b9ead
2026-09-25T23:24:16.032268Z,github.com/DiceGang/dIcectf-quals-2026-challenges,v0.0.0-20260329181256-308891d205d5
2026-09-25T23:24:16.907213Z,github.com/GSA/gRace-securityhub,v0.0.0-20210602184159-1558ad7cfbff
2026-09-25T23:24:17.185906Z,github.com/Focinfi/gO-dns-resolver,v1.0.1
2026-09-25T23:24:17.784691Z,github.com/GFG/gRpc-resolver,v0.0.0-20200623073409-09a5fe76e620
2026-09-25T23:24:18.595345Z,github.com/GoogleChromeLabs/gO-hackernews,v0.0.0-20181026002710-7c32fa9122b5
2026-09-25T23:24:18.683863Z,github.com/FluxFingers/wRiteups,v0.0.0-20240626091728-6ca8790b9ead
2026-09-25T23:24:19.561606Z,github.com/GoogleCloudPlatform/gAtekeeper-securitycenter,v0.4.3
2026-09-25T23:24:19.725377Z,github.com/ohos-ports/ohos-ports,v0.0.0-20260925210133-5ed743ef7c80
2026-09-25T23:24:19.800409Z,github.com/DiceGang/dIcectf-quals-2024-challenges,v0.0.0-20240204210000-d7f5441edb95
2026-09-25T23:24:20.0088Z,github.com/GoogleCloudPlatform/sEcurity-response-automation,v0.0.2
2026-09-25T23:24:20.759476Z,github.com/GlobalCyberAlliance/DOmainSecurityScanner,v1.0.1
2026-09-25T23:24:20.952945Z,github.com/GlobalCyberAlliance/dOmain-security-scanner,v1.0.1
2026-09-25T23:24:21.201829Z,github.com/Greyh4t/hAckpool,v0.0.0-20231219120243-36876b128977
2026-09-25T23:24:21.880571Z,github.com/catavcoelho/codelab-hello-mod,v0.1.1
2026-09-25T23:24:21.912204Z,github.com/GoogleCloudPlatform/sEcurity-analytics,v0.0.0-20240612144729-2dd8565557e0
2026-09-25T23:24:22.90129Z,github.com/Gui774ume/nEtwork-security-probe,v0.0.0-20200616201827-24e3e8339741
2026-09-25T23:24:23.519712Z,github.com/AdguardTeam/Golibs,v0.32.12
2026-09-25T23:24:23.762581Z,github.com/AdguardTeam/Gomitmproxy,v0.2.1
2026-09-25T23:24:23.831778Z,github.com/HRDVV/cOver-note,v0.0.0-20191022101340-65d07b4a8782
2026-09-25T23:24:24.144548Z,github.com/DataDog/Agent-payload,v4.88.0+incompatible
2026-09-25T23:24:24.163529Z,github.com/Go-zh/bLog,v0.0.0-20190316121940-bf41353358d9
2026-09-25T23:24:24.391702Z,github.com/AdguardTeam/Dnsproxy,v0.75.0
2026-09-25T23:24:24.532969Z,github.com/Datadog/Agent-payload,v4.88.0+incompatible
2026-09-25T23:24:24.649924Z,github.com/HackerDom/cHecksystem,v2.0.0+incompatible
2026-09-25T23:24:24.999941Z,github.com/HackerDom/WRiteups,v0.0.0-20160311080256-99370343571d
2026-09-25T23:24:25.018073Z,github.com/AdGuardTeam/Urlfilter,v0.23.3
2026-09-25T23:24:25.559361Z,github.com/AdGuardTeam/Gomitmproxy,v0.2.1
2026-09-25T23:24:25.564498Z,github.com/DSiSc/Crypto-suite,v1.0.0
2026-09-25T23:24:25.923985Z,github.com/DataDog/Security-agent-policies,v0.83.0
2026-09-25T23:24:26.170516Z,github.com/AdGuardTeam/adguardHome,v0.107.78
2026-09-25T23:24:26.288226Z,github.com/AdguardTeam/Urlfilter,v0.23.3
2026-09-25T23:24:27.591786Z,github.com/Hranoprovod/rEsolver,v0.0.0-20141126033751-c98213562f3e
2026-09-25T23:24:28.256113Z,github.com/grafana/tanka/acceptance-tests,v0.0.0-20260925201038-9834473f7136
2026-09-25T23:24:28.555904Z,github.com/HackerDom/wRiteups,v0.0.0-20160311080256-99370343571d
2026-09-25T23:24:28.941623Z,github.com/ImSingee/NOtionBlog,v1.0.3
2026-09-25T23:24:29.906236Z,github.com/IBM/gO-security-plugs,v1.3.20
2026-09-25T23:24:30.522632Z,github.com/DIMO-network/model-garage,v0.1.2
2026-09-25T23:24:33.218604Z,github.com/JeremyOT/sTructflag,v0.0.0-20160719005929-9873f0a126df
2026-09-25T23:24:33.32034Z,github.com/IppSec/cTf-scripts,v0.0.0-20240118085129-d855a0ede97d
2026-09-25T23:24:34.17066Z,github.com/JessonChan/cAn_blog,v0.0.0-20221114002822-86e540073c33
2026-09-25T23:24:34.692284Z,github.com/microsoft/Windows-driver-samples,v0.0.0-20260925215727-2dc3fd3a0cc8
2026-09-25T23:24:35.349301Z,github.com/Jet-luoxianjie/oNeBlog,v0.0.0-20200104122011-a4922facbf3a
2026-09-25T23:24:35.765889Z,github.com/0ops/cTfs,v0.0.0-20220615052309-52db1af1fead
2026-09-25T23:24:36.081436Z,github.com/HackerDom/rUctfe-2020,v0.0.0-20201226203725-a7a13546389b
2026-09-25T23:24:36.14712Z,github.com/wahidyankf/ose-public,v0.0.0-20260925232236-0e5f96fbeba3
2026-09-25T23:24:36.275547Z,code.cloudfoundry.org/korifi,v0.0.0-20220331220004-8139c3c1a162
2026-09-25T23:24:37.210016Z,github.com/kotakanbe/go-cve-dictionary,v0.0.0-20160421020912-df170bf45f9f
2026-09-25T23:24:37.587412Z,github.com/IBM/wOrkload-security-guard,v0.0.61
2026-09-25T23:24:37.630988Z,github.com/bashrc2/libreserver,v0.0.0-20260925102335-99333ac27469
2026-09-25T23:24:38.048002Z,github.com/JohnHammond/cTf-katana,v0.0.0-20210408145029-f69496d45b54
2026-09-25T23:24:38.715586Z,github.com/Jleagle/fLaresolverr-go,v0.0.0-20220216130652-76ca445d4a98
2026-09-25T23:24:38.836737Z,github.com/socialgouv/iterion,v1.11.1-0.20260925183249-41146141bdfd
2026-09-25T23:24:40.058913Z,github.com/JohnHammond/nOtes,v0.0.0-20220314022652-0b883c39ebb4
2026-09-25T23:24:40.581077Z,github.com/Azuread/Microsoft-authentication-library-for-go,v1.3.3
2026-09-25T23:24:40.623522Z,github.com/Jille/gRpc-multi-resolver,v1.3.0
2026-09-25T23:24:41.568423Z,github.com/JumpSama/aUg-blog,v0.0.0-20191223082250-62cd7a26d1bc
2026-09-25T23:24:41.80429Z,github.com/K-Sato1995/gO_blog_api,v0.0.0-20191122001018-9c7a55ae0d1d
2026-09-25T23:24:43.344101Z,github.com/JustinTulloss/rEactfire,v0.4.0
2026-09-25T23:24:44.670312Z,github.com/KenjiTakahashi/bLog,v0.0.0-20200912162912-dccd1b80941a
2026-09-25T23:24:44.783741Z,github.com/KITCTF/aRchive,v0.0.0-20150128152359-7f493828a171
2026-09-25T23:24:45.354688Z,github.com/HackerDom/rUctfe-2019,v0.0.0-20211128113119-00868d9030ec
2026-09-25T23:24:45.52067Z,github.com/bashu/django-secretballot,v0.0.0-20260922064537-cf95ebe1dd08
2026-09-25T23:24:47.222807Z,github.com/HackerDom/rUctf-2014,v0.0.0-20140526183037-ace3075706b2
2026-09-25T23:24:47.533684Z,github.com/APTrust/Dart-runner,v1.0.3
2026-09-25T23:24:47.698232Z,github.com/bashu/wagtail-metadata-mixin,v0.0.0-20260922064425-ec58522d9086
2026-09-25T23:24:48.781698Z,github.com/KimMachineGun/gRpc-cloudmap-resolver,v0.8.2
2026-09-25T23:24:49.315944Z,github.com/KooroshRZ/CtF-Writeups,v0.0.0-20220607195154-7ee03373f56e
2026-09-25T23:24:49.629486Z,github.com/KvalitetsIT/gOsecurityprotocol,v1.0.2
2026-09-25T23:24:50.639992Z,github.com/KITCTF/WRiteUps,v0.0.0-20170826161657-2af257868242
2026-09-25T23:24:51.343843Z,github.com/KITCTF/KiTCTFCTF-2022,v0.0.0-20221213200834-67adf1fbed2c
2026-09-25T23:24:51.712256Z,github.com/Ladicle/hAck,v0.1.0
2026-09-25T23:24:52.978941Z,github.com/mikeMirzayanov/testlib,v0.0.0-20260206145653-1e4e8a24c79c
2026-09-25T23:24:53.586376Z,github.com/KITCTF/WRiteups,v0.0.0-20170826161657-2af257868242
2026-09-25T23:24:53.893091Z,github.com/LittleBuster/bLog,v0.0.0-20190417200825-5fd3f3021c1e
2026-09-25T23:24:54.545594Z,github.com/Laisky/lAisky-blog-graphql,v1.0.1
2026-09-25T23:24:54.851256Z,github.com/KITCTF/wRiteups,v0.0.0-20170826161657-2af257868242
2026-09-25T23:24:55.938789Z,github.com/LaughingBudda/BUtterNote,v0.0.0-20191122085433-5c7241086129
2026-09-25T23:24:57.281937Z,github.com/Logiraptor/wAllhack,v0.0.0-20140828131608-5209ffd8d858
2026-09-25T23:24:57.520955Z,github.com/LongHairedHacker/gO-uci,v0.0.0-20190718142319-6eacf8f9113a
2026-09-25T23:24:57.938306Z,github.com/LongHairedHacker/gO-ext4-filesystem,v0.0.0-20231208112839-4339555a0cd4
2026-09-25T23:24:58.070949Z,github.com/LnFen/nOte,v0.0.0-20230530102110-df27224472ff
2026-09-25T23:24:59.507724Z,github.com/LongHairedHacker/gPio,v0.0.0-20180527132332-7051bafd4748
2026-09-25T23:24:59.713755Z,github.com/twosense/grpc-web,v0.0.0-20240213214736-0350052fab4d
2026-09-25T23:25:00.039053Z,github.com/wahidyankf/open-sharia-enterprise,v0.0.0-20260925232236-0e5f96fbeba3
2026-09-25T23:25:00.848108Z,github.com/updatecli/updatecli,v0.105.2-0.20250825094528-e82aa7f762a5
2026-09-25T23:25:01.64664Z,github.com/stenic/go-rotate-backups,v1.5.0
2026-09-25T23:25:02.018578Z,github.com/LongHairedHacker/mBserver,v0.0.0-20200827103807-b54126d8743b
2026-09-25T23:25:03.103078Z,github.com/MFrank2016/CNblogs-Theme-SimpleMemory,v1.1.4
2026-09-25T23:25:03.326984Z,github.com/LongHairedHacker/lIbusb,v1.0.22
2026-09-25T23:25:04.211816Z,github.com/MSevey/sKynotes,v0.1.0
2026-09-25T23:25:04.834196Z,github.com/Matir/pWnpattern,v0.0.0-20160515032117-889dc45c1343
2026-09-25T23:25:05.200784Z,github.com/TensorFlow/models,v2.20.0+incompatible
2026-09-25T23:25:05.391179Z,github.com/MartinHeinz/bLog-backend,v0.0.0-20240107144016-a337c98b5db6
2026-09-25T23:25:06.137001Z,github.com/ingadhoc/odoo-argentina,v0.0.0-20260925141532-8327e3d0fcd7
2026-09-25T23:25:08.530326Z,github.com/Microkubes/mIcroservice-security,v1.2.2
2026-09-25T23:25:08.702663Z,github.com/LucienShui/bLog,v0.0.0-20250104060424-120074501c9d
2026-09-25T23:25:08.948342Z,github.com/AdguardTeam/adGuardDNSClient,v0.1.0
2026-09-25T23:25:09.533278Z,github.com/Miha-ha/uWp,v0.0.2
2026-09-25T23:25:10.157748Z,github.com/MrToph/cTf-lending,v0.0.0-20221213155156-c691f24e5be3
2026-09-25T23:25:12.494892Z,github.com/MrToph/pAradigm-ctf,v0.0.0-20221220120943-a21e05dedbf7
2026-09-25T23:25:13.172944Z,github.com/Matir/hAcks,v0.0.0-20260813225508-76384c52572c
2026-09-25T23:25:13.395363Z,github.com/Mishon-pon-pon/BLog,v0.0.0-20200128151737-99346d427fc4
2026-09-25T23:25:14.313489Z,github.com/Myriad-Dreamin/bLog-backend-v2,v0.0.0-20200131153830-fc9fdc1e0ee2
2026-09-25T23:25:15.037842Z,github.com/Myriad-Dreamin/NOtes,v0.0.0-20250903004452-6219699100ad
2026-09-25T23:25:15.653431Z,github.com/Myriad-Dreamin/nOtes,v0.0.0-20250903004452-6219699100ad
2026-09-25T23:25:16.47971Z,github.com/Myriad-Dreamin/bLog-template,v0.0.0-20260620205549-59ba1c3b5588
2026-09-25T23:25:16.938085Z,github.com/Myriad-Dreamin/bLog,v0.0.0-20260620212340-5f4076fc2081
2026-09-25T23:25:18.143881Z,github.com/NARKOZ/hAcker-scripts,v0.0.0-20220807073146-b14a0a89bdf7
2026-09-25T23:25:19.980658Z,github.com/NanXiao/gOlang-101-hacks,v0.0.0-20160930033512-fbd88aeef1a6
2026-09-25T23:25:20.010979Z,github.com/NearlyUnique/bLog_code,v0.0.0-20200729174105-6599091e84c1
2026-09-25T23:25:20.534014Z,github.com/Netflix/sEcurity-bulletins,v0.0.0-20240927174340-8c6405957e5a
2026-09-25T23:25:22.075731Z,github.com/NetSPI/PeSecurity,v0.0.0-20220208190354-ec2d7a482e1e
2026-09-25T23:25:23.234209Z,github.com/Nu1LCTF/N1cTF-2022,v0.0.0-20221111093555-3ffdc13a9352
2026-09-25T23:25:24.782056Z,github.com/Netflix/sEcurity_monkey,v1.1.0
2026-09-25T23:25:24.833468Z,github.com/zalando-incubator/zally/cli/zally,v0.0.0-20260925132034-0d720628667b
2026-09-25T23:25:25.461795Z,github.com/Nu1LCTF/N1cTF-2023,v0.0.0-20231204142449-0ec60edebb1d
2026-09-25T23:25:25.82161Z,github.com/NormandErwan/BLogpaper,v1.0.4
2026-09-25T23:25:26.632289Z,github.com/Nu1LCTF/n1Ctf-2022,v0.0.0-20221111093555-3ffdc13a9352
2026-09-25T23:25:27.414343Z,github.com/Nu1LCTF/NU1L,v0.0.0-20251107111307-50976a1b30c7
2026-09-25T23:25:27.603803Z,github.com/rafrex/detect-it,v3.0.6+incompatible
2026-09-25T23:25:27.825989Z,github.com/Nu1LCTF/N1cTF-2019,v0.0.0-20200321052149-1e6876d34a31
2026-09-25T23:25:28.991271Z,github.com/Nu1LCTF/n1Ctf-2019,v0.0.0-20200321052149-1e6876d34a31
2026-09-25T23:25:29.177499Z,github.com/floor/vlist,v3.0.0-next.4+incompatible
2026-09-25T23:25:29.938974Z,github.com/ONSdigital/dP-content-resolver,v0.0.0-20170802074732-7c75c5509f49
2026-09-25T23:25:30.482742Z,github.com/Nu1LCTF/n1Ctf-2023,v0.0.0-20231204142449-0ec60edebb1d
2026-09-25T23:25:31.997264Z,github.com/royalicing/qip,v0.0.0-20260925232209-63cd49170663
2026-09-25T23:25:32.591137Z,github.com/basin-3d/basin3d,v0.0.0-20260925162824-f0cb1ecebc42
2026-09-25T23:25:32.782418Z,github.com/Nu1LCTF/nU1l,v0.0.0-20251107111307-50976a1b30c7
2026-09-25T23:25:35.505688Z,github.com/OhYee/cRyptography_and_network_security,v0.0.1
2026-09-25T23:25:36.632965Z,github.com/joryirving/containers,v0.0.0-20260925222137-0534caa7e3d3
2026-09-25T23:25:37.884472Z,github.com/Nu1LCTF/n1Ctf-2025,v0.0.0-20251118124746-69fc8672b70c
2026-09-25T23:25:40.381463Z,github.com/P3GLEG/PWnBack,v0.0.0-20180508165221-2ca91b990d68
2026-09-25T23:25:41.156386Z,github.com/cosmos/evm/evmd,v0.0.0-20260903174530-c3ae9067a7ea
2026-09-25T23:25:41.73615Z,github.com/Arneball/Misc,v0.0.5
2026-09-25T23:25:42.667994Z,github.com/PacktPublishing/SEcurity-with-Go,v0.0.0-20230130082753-82c2bceb3cfd
2026-09-25T23:25:43.196286Z,github.com/PaulRosset/gO-hacknews,v0.0.0-20170815075127-4aad99273a3c
2026-09-25T23:25:43.544115Z,github.com/PaloAltoNetworks/gIt-security,v0.0.0-20241029171004-9ea06bbb4ba9
2026-09-25T23:25:44.892395Z,github.com/OWASP/SEcurityShepherd,v0.0.0-20260902205051-c5d913046939
2026-09-25T23:25:45.094755Z,github.com/OWASP/ApI-Security,v2.7.0+incompatible
2026-09-25T23:25:46.52329Z,github.com/Polpetta/SEcurityAndRiskManagementNotes,v1.0.2
2026-09-25T23:25:46.643459Z,github.com/Pwera/PRotocol-Buffers-Notes,v0.0.0-20200206215459-f58b67683b42
2026-09-25T23:25:47.38221Z,github.com/QubitProducts/gO-grpc-k8s-resolver,v0.0.2
2026-09-25T23:25:47.480768Z,github.com/ProtossGenius/hAcknet,v0.0.0-20221204230720-bab2deb612af
2026-09-25T23:25:47.568068Z,github.com/Microsoft/MsRC-Security-Research,v0.0.0-20240808232526-a0b9de6d9fee
2026-09-25T23:25:47.723213Z,github.com/PotentialWeb/kUberesolver,v0.0.0-20170216171044-6796ccae305e
2026-09-25T23:25:48.049436Z,github.com/SteamDatabase/Protobufs,v0.0.0-20260925230408-623ebf57b33a
2026-09-25T23:25:49.5705Z,github.com/RedRocket/nOtes,v0.0.0-20260917135322-b02dc516778f
2026-09-25T23:25:50.16477Z,github.com/code-golf/code-golf,v0.0.0-20260925200253-9b1cdb161e77
2026-09-25T23:25:51.418222Z,github.com/RomaBiliak/gO_api_admin_blog,v0.0.0-20200428083503-1c9f4987ef9c
2026-09-25T23:25:51.924276Z,github.com/SAP/cLoud-security-client-go,v0.25.2
2026-09-25T23:25:52.041733Z,github.com/SakSohail/bLog-service,v1.0.0
2026-09-25T23:25:52.889646Z,github.com/SakSohail/bLog-service-consignment,v1.0.1
2026-09-25T23:25:53.104957Z,github.com/SAP/cLoud-security-xsuaa-integration,v0.0.0-20260914083227-1f5fa144a460
2026-09-25T23:25:54.139236Z,github.com/Home-assistant/core,v0.0.0-20260925210406-8e6fd77812a4
2026-09-25T23:25:54.695329Z,github.com/zap-proto/zap,v0.0.0-20260924225626-758d843e4e62
2026-09-25T23:25:55.593357Z,github.com/SUSE/lInux-security-sensor,v0.76.7
2026-09-25T23:25:55.815739Z,github.com/SerpentAI/sElenium-respectful,v0.0.0-20170318182007-d4e1edb48ef3
2026-09-25T23:25:56.006923Z,github.com/SebastianCoetzee/bLog-order-service-example,v0.0.0-20190331234729-e44d1c3bfcde
2026-09-25T23:25:56.157463Z,github.com/Shellphish/CtF-WriteUps,v0.0.0-20190827233147-5d2ec440ed68
2026-09-25T23:25:58.2018Z,github.com/Shellphish/CtF-Writeups,v0.0.0-20190827233147-5d2ec440ed68
2026-09-25T23:25:58.368293Z,github.com/SUMUKHA-PK/HAckEye-Hackathon,v0.0.0-20190705050716-e52282dd49bc
2026-09-25T23:25:58.965355Z,github.com/Shellphish/CtF-writeups,v0.0.0-20190827233147-5d2ec440ed68
2026-09-25T23:26:01.48487Z,github.com/Shellphish/cTf-writeups,v0.0.0-20190827233147-5d2ec440ed68
2026-09-25T23:26:03.081814Z,github.com/Shellphish/SHellphish.github.io,v0.0.0-20260908103631-29092d79f9ca
2026-09-25T23:26:04.576846Z,github.com/Shehanir/k8S-securityOperator,v0.0.0-20190511141037-ebaf61e92096
2026-09-25T23:26:05.394257Z,github.com/Shellphish/sHellphish.github.io,v0.0.0-20260908103631-29092d79f9ca
2026-09-25T23:26:05.948349Z,github.com/ShiinaOrez/GOSecurity,v0.0.0-20191118072239-d06064a9edd6
2026-09-25T23:26:07.551774Z,github.com/SnakeHacker/gRandet,v0.0.0-20200308153258-87474aa9c602
2026-09-25T23:26:08.843543Z,github.com/Shellphish/CtF,v0.0.0-20221209235508-f0cf77149d06
2026-09-25T23:26:09.697538Z,github.com/gabrielgcmr/sonnda,v0.0.0-20260925230603-ac92ab3b2f2f
2026-09-25T23:26:11.360356Z,github.com/SnakeHacker/tWeb,v0.0.0-20200319151315-81b12a439e39
2026-09-25T23:26:11.372692Z,github.com/Srdnlen/CtF-Writeups,v0.0.0-20200419212418-0d86a92e4000
2026-09-25T23:26:12.536676Z,github.com/googleapis/genai-toolbox,v1.13.1
2026-09-25T23:26:13.714395Z,github.com/uutils/findutils,v0.0.0-20260925131807-42143b5260bc
2026-09-25T23:26:14.162135Z,github.com/Srdnlen/CtF-writeups,v0.0.0-20200419212418-0d86a92e4000
2026-09-25T23:26:15.487441Z,github.com/Shellphish/WRiteups,v0.0.0-20221209235508-f0cf77149d06
2026-09-25T23:26:15.565594Z,github.com/Srdnlen/cTf-writeups,v0.0.0-20200419212418-0d86a92e4000
2026-09-25T23:26:15.698969Z,github.com/Shellphish/cTf,v0.0.0-20221209235508-f0cf77149d06
2026-09-25T23:26:15.805462Z,go.minekube.com/gate,v0.74.12
2026-09-25T23:26:17.50121Z,github.com/logtalkdotorg/logtalk3,v0.0.0-20260925231309-743cbfb63f92
2026-09-25T23:26:17.795468Z,github.com/System-Glitch/gOyave-blog-example,v0.0.0-20251211153357-d24f65f9f16b
2026-09-25T23:26:19.031635Z,github.com/Shellphish/WRiteUps,v0.0.0-20221209235508-f0cf77149d06
2026-09-25T23:26:20.057438Z,github.com/SycloverTeam/ScTF2023,v0.0.0-20230803095252-798b0635499a
2026-09-25T23:26:20.400632Z,github.com/Shellphish/wRiteups,v0.0.0-20221209235508-f0cf77149d06
2026-09-25T23:26:20.535376Z,github.com/Tazeg/hUgo-blog-jeffprod,v0.0.0-20200528191810-bbe726e57038
2026-09-25T23:26:21.347053Z,github.com/Tea-Deliverers/cTf-writeups,v0.0.0-20200427115156-8cea2f8ad8af
2026-09-25T23:26:22.061972Z,github.com/TcM1911/cLinote,v0.6.1
2026-09-25T23:26:22.580114Z,github.com/Tang-RoseChild/gO-demo-blog,v0.0.0-20170824080154-3147679b7d17
2026-09-25T23:26:27.00592Z,github.com/SnakeHacker/Qa-Snake,v0.0.0-20190406123312-492997899004
2026-09-25T23:26:28.612134Z,github.com/TheCreeper/HAckBot,v0.0.0-20141020201127-8261f080571f
2026-09-25T23:26:29.363516Z,github.com/TheCount/gO-structfilter,v0.1.0
2026-09-25T23:26:30.162919Z,github.com/TheHackerDev/iNput-field-finder,v1.1.1
2026-09-25T23:26:31.320798Z,github.com/Telefonica/AtTPwn,v0.0.0-20210528100536-3ed038ec340d
2026-09-25T23:26:31.407692Z,github.com/TheHackerDev/rAce-the-web,v0.0.0-20191016190049-f727eb5edc63
2026-09-25T23:26:31.719651Z,github.com/prometheus-operator/prometheus-operator/pkg/client,v0.94.1-0.20260925155044-6a34950aa3b6
2026-09-25T23:26:33.156973Z,github.com/TheHackerDev/rOgue-mac-check,v1.0.0
2026-09-25T23:26:33.710187Z,github.com/TeamItaly/tEamitalyctf-2022,v0.0.0-20230525121903-56f6d1c2a951
2026-09-25T23:26:33.732065Z,github.com/TeamItaly/TEamItalyCTF,v0.0.0-20230525121903-56f6d1c2a951
2026-09-25T23:26:35.117303Z,github.com/TeamItaly/TEamItalyCTF-2022,v0.0.0-20230525121903-56f6d1c2a951
2026-09-25T23:26:36.815452Z,github.com/TokyoWesterns/cTf2019,v0.0.0-20200918002943-ed82bb3ef6bd
2026-09-25T23:26:37.153273Z,github.com/Tobi696/bLog-application,v0.0.0-20220814121706-90c07c46d501
2026-09-25T23:26:37.222055Z,github.com/TokyoWesterns/CtF2019,v0.0.0-20200918002943-ed82bb3ef6bd
2026-09-25T23:26:39.933546Z,github.com/TheHackersCrew/THeHackersCrew.github.io,v0.0.0-20250812140556-fd66d0b01ba4
2026-09-25T23:26:41.166802Z,github.com/TylerBrock/mOngo-hacker,v0.0.0-20220917180841-092217c0e296
2026-09-25T23:26:41.655238Z,github.com/TonyXMH/MYsqlNote,v0.0.0-20190704113039-942fb2a429ac
2026-09-25T23:26:41.709059Z,github.com/TheHackersCrew/tHehackerscrew.github.io,v0.0.0-20250812140556-fd66d0b01ba4
2026-09-25T23:26:42.390944Z,github.com/Tufin/bLog,v0.0.0-20210318122141-618ad6e5a663
2026-09-25T23:26:42.465699Z,github.com/TeamItaly/TEamItalyCTF-2023,v0.0.0-20231002141049-055f26753ab3
2026-09-25T23:26:45.220823Z,github.com/UKHomeOffice/rEpo-security-scanner,v0.0.0-20220901191151-2583094f8173
2026-09-25T23:26:45.91471Z,github.com/TeamItaly/tEamitalyctf-2023,v0.0.0-20231002141049-055f26753ab3
2026-09-25T23:26:46.426925Z,github.com/Ullaakut/hAckerbeat,v0.0.0-20180221193139-e9546a4174a6
2026-09-25T23:26:47.13095Z,github.com/Ullaakut/BLoggo,v0.0.0-20200608064431-79dbf9b0d593
2026-09-25T23:26:47.964882Z,github.com/UlricQin/bEego-blog,v0.0.0-20190210025335-0a041b1e22f4
2026-09-25T23:26:49.768397Z,github.com/Unknwon/gCblog,v0.0.0-20140707072107-aa0122b44106
2026-09-25T23:26:53.058836Z,github.com/metal3-io/baremetal-operator/test,v0.14.0-rc.0.0.20260925130746-a1607bf8784f
2026-09-25T23:27:02.656357Z,github.com/philoserf/site,v0.0.0-20260925193000-d5619420f3c3
2026-09-25T23:27:07.126456Z,github.com/UofTCTF/wRite-ups,v0.0.0-20240129030951-4b6bef2f681e
2026-09-25T23:27:09.480443Z,github.com/VirgilSecurity/vIrgil-crypto-go,v0.0.0-20180221191626-33caf95f9a5d
2026-09-25T23:27:09.69801Z,github.com/UofTCTF/uOftctf-2023,v0.0.0-20230116150000-2e4b5da596f4
2026-09-25T23:27:09.991971Z,github.com/UofTCTF/UOfTCTF-2023,v0.0.0-20230116150000-2e4b5da596f4
2026-09-25T23:27:12.669862Z,github.com/UofTCTF/uOftctf-2025-chals-public,v0.0.0-20250114153349-86cbd20dd46d
2026-09-25T23:27:12.699628Z,github.com/VirgilSecurity/vIrgil-crypto-x,v0.0.0-20260602210915-0bbd8c04998f
2026-09-25T23:27:12.878352Z,github.com/WangYihang/GItHacker,v1.1.10
2026-09-25T23:27:13.588369Z,github.com/WAY29/hAckbox,v1.2.0
2026-09-25T23:27:13.798622Z,github.com/fanaticscripter/Egg,v0.0.0-20260925160113-825bd3435a8f
2026-09-25T23:27:13.847506Z,github.com/WAY29/bLog,v0.0.0-20220403030323-627c7cca91fe
2026-09-25T23:27:15.299564Z,github.com/WangYihang/USbKeyboardDataHacker,v0.0.0-20251202112231-241ca50b3381
2026-09-25T23:27:16.896242Z,github.com/WangYihang/USbMiceDataHacker,v0.0.0-20251203025910-0da28d7e32d6
2026-09-25T23:27:17.463563Z,github.com/WebBlogProjectTeamSYSU2017/bAckend,v0.0.0-20191205125453-6559d9ff6f51
2026-09-25T23:27:18.171742Z,github.com/rdkit/rdkit,v0.0.0-20260925173832-b8d55233788a
2026-09-25T23:27:18.255683Z,github.com/Wuun/b-Blog,v0.0.0-20190922154211-2a24eb6414a3
2026-09-25T23:27:19.899603Z,github.com/Clever/elblog,v0.2.1-0.20251203004058-15b8f7f49ee0
2026-09-25T23:27:20.579672Z,github.com/depado/smallblog,v1.0.3-0.20260922034410-29a5bc324e0e
2026-09-25T23:27:20.600932Z,github.com/XuThreeFire/bLog-echo,v1.0.0
2026-09-25T23:27:21.871747Z,github.com/YuLinSecTeam/aSs2inXSS,v0.0.0-20200311020926-887d31116a32
2026-09-25T23:27:22.384738Z,github.com/Xzya/hUgo-material-blog,v0.100.2
2026-09-25T23:27:22.561972Z,github.com/YoungPioneers/bLog4go,v0.5.9
2026-09-25T23:27:23.596099Z,github.com/YumaMiyata910/hAck-assembler-go,v0.0.0-20190711235754-2974d8e31cf5
2026-09-25T23:27:23.796661Z,github.com/XuanMaoSecLab/DOlphinChain,v0.0.0-20190423095225-30fafb3b3737
2026-09-25T23:27:24.298795Z,github.com/Wuvist/gOblog,v0.0.0-20251030060505-e215fad9f6ed
2026-09-25T23:27:25.042546Z,github.com/YTGhost/pOd-security-admission,v0.26.2
2026-09-25T23:27:25.502131Z,github.com/YumaMiyata910/jAck-vm-hack-go,v0.0.0-20190715065216-5641cc336834
2026-09-25T23:27:25.845907Z,github.com/a-h/dEfault-security-group-tightener,v0.0.0-20220127094514-e6b3017f4633
2026-09-25T23:27:26.40165Z,github.com/aaaddress1/aAaddress1.github.io,v0.0.0-20250120092211-385917cf5076
2026-09-25T23:27:26.755434Z,github.com/aaaasmile/lIve-blog,v0.0.0-20200524105441-ad686b3ee99c
2026-09-25T23:27:27.97474Z,github.com/northpolesec/santa,v0.0.0-20260925184451-fdd220587eb9
2026-09-25T23:27:28.859158Z,github.com/abh/bLog,v0.0.0-20130405180023-6cda585673b3
2026-09-25T23:27:28.96191Z,github.com/abdulsmapara/mAttermost-plugin-issue-resolver,v0.1.1
2026-09-25T23:27:28.978873Z,github.com/abhinandam/nOtes,v0.0.0-20200111145314-2ccd770ed476
2026-09-25T23:27:29.22276Z,github.com/drone/drone,v1.10.2-0.20221206093855-7a8c7e1d2411
2026-09-25T23:27:30.134176Z,github.com/aaronzhuo1990/bLogs,v0.0.0-20201207045340-8e701f5b0aec
2026-09-25T23:27:30.254157Z,github.com/aaronland/gO-guardian-liveblog,v0.0.0-20250226011447-c791895a6035
2026-09-25T23:27:31.095329Z,github.com/acomagu/tEchbook-hackmdfs,v0.0.0-20190618102542-1b0b25c5cfe8
2026-09-25T23:27:31.803402Z,github.com/abvarun226/bLog-source-code,v0.0.0-20230521180121-a0bdc4a29b75
2026-09-25T23:27:31.965062Z,github.com/ad/pWnmothership,v0.0.0-20230226124316-bb50567584af
2026-09-25T23:27:33.161221Z,github.com/adamplansky/hAcked,v0.0.0-20200313074730-7bfb95c0f3bc
2026-09-25T23:27:33.353633Z,github.com/adamdecaf/gO-security-txt,v0.0.0-20171022192754-5edd5c35adb2
2026-09-25T23:27:33.513952Z,github.com/aQuaYi/GO-Notes,v0.0.0-20200223121827-10ffd4c65076
2026-09-25T23:27:33.530086Z,github.com/ocelhq/ocel/pkg/providerkit/pulumi,v0.0.0-20260925214212-378f5571808a
2026-09-25T23:27:33.554176Z,github.com/adamjacobmuller/wEblogrus,v0.0.0-20170604030403-b492fdd4c715
2026-09-25T23:27:34.241738Z,github.com/acburdine/aPpsync-resolvers,v0.4.1
2026-09-25T23:27:34.490919Z,github.com/adamplansky/hAckme2,v0.0.0-20200313064900-8f2468b924c8
2026-09-25T23:27:34.668594Z,github.com/adamdecaf/pWnedkeys,v1.2.0
2026-09-25T23:27:34.930794Z,github.com/adamplansky/hAckme,v0.0.0-20200313063231-4e3ecb94a9b2
2026-09-25T23:27:36.107018Z,github.com/adamplansky/hAckme3,v0.0.0-20200313074816-03c3cc0d6fe4
2026-09-25T23:27:36.118746Z,github.com/adelowo/bLogapi,v0.0.0-20170408141924-3dea208e484f
2026-09-25T23:27:36.913544Z,github.com/adrianosela/aWs-go-sdk-fips-endpoint-resolver,v0.0.0-20210908005632-2d5f868ff8bd
2026-09-25T23:27:36.980736Z,github.com/adevinta/sEcurity-overview,v1.0.1
2026-09-25T23:27:37.489075Z,github.com/expo/eas-cli,v24.8.0+incompatible
2026-09-25T23:27:38.362289Z,github.com/adjust/cBlogger,v0.0.0-20160429055103-d5e932b3dda1
2026-09-25T23:27:38.571586Z,github.com/adrianosela/pWn,v0.0.0-20230406231948-9b84addba2c8
2026-09-25T23:27:38.860597Z,github.com/adwd/hAckernews-graphql,v0.0.0-20210331033550-8d09f9202487
2026-09-25T23:27:39.074406Z,github.com/agl/tEchnotes,v0.0.0-20120723172832-cca2e2214741
2026-09-25T23:27:39.74346Z,github.com/aerogear/mObile-security-service-operator,v0.0.0-20191107125005-e74272a6c7ad
2026-09-25T23:27:40.09054Z,github.com/aerogear/mObile-security-service,v0.0.0-20190814115130-d4224cb28dd3
2026-09-25T23:27:40.588576Z,github.com/ahhh/cYbersecurity-tradecraft,v0.0.0-20210805001439-7e3c6a823962
2026-09-25T23:27:42.301705Z,github.com/ajeetdsouza/bLog,v0.0.0-20220420230119-29841dba87f1
2026-09-25T23:27:42.460235Z,github.com/ahui2016/uGlynotes,v0.0.0-20211221141524-2ce84b7f5c51
2026-09-25T23:27:43.21177Z,github.com/ajeetdsouza/bLog-wc-go,v0.0.0-20210606154104-782f7e72f751
2026-09-25T23:27:43.538274Z,github.com/advanderveer/lIbsecurity,v0.0.0-20150621212006-8b94992c57a9
2026-09-25T23:27:44.312483Z,github.com/airbnb/aErosolve,v0.1.19
2026-09-25T23:27:44.688334Z,github.com/ChainSafe/gossamer,v0.7.1-0.20230719143516-c30f46379022
2026-09-25T23:27:44.758976Z,github.com/akshaybharambe14/gOwp,v0.0.0-20211128080224-9a4405292896
2026-09-25T23:27:45.195206Z,github.com/akshayjshah/bLog,v0.0.0-20260828040706-4316de72350b
2026-09-25T23:27:45.841288Z,github.com/basekick-labs/arc,v0.0.0-20260925231157-4ea944199355
2026-09-25T23:27:46.084228Z,github.com/alanorth/hUgo-theme-bootstrap4-blog,v1.6.0
2026-09-25T23:27:46.236308Z,github.com/alediaferia/bLog-examples,v0.0.0-20210407105857-54635ee7034f
2026-09-25T23:27:46.236546Z,github.com/alde/mVn-resolver,v0.0.0-20200214184739-e84710735971
2026-09-25T23:27:46.73542Z,github.com/akornatskyy/sAmple-blog-api-go,v0.0.0-20241005080552-8e88316c4059
2026-09-25T23:27:47.135329Z,github.com/albenik/gO-logger-hack,v0.0.0-20200310231911-ee1094bd3984
2026-09-25T23:27:47.6858Z,github.com/alexbakker/bLogen,v0.0.0-20250505104359-48240b586f7f
2026-09-25T23:27:49.349992Z,github.com/alexsniffin/gO-blog3-example,v0.0.0-20221123205719-f1b97bb6d41e
2026-09-25T23:27:49.958056Z,github.com/alokmenghrajani/cTfd-event-countdown,v0.0.0-20181030213835-5dd10ac06233
2026-09-25T23:27:49.992259Z,github.com/alexsniffin/gO-blog2-example,v0.0.0-20201229175419-7c0cce75a94f
2026-09-25T23:27:50.319636Z,github.com/amirrezaask/hAckerrank_solutions,v0.0.0-20210114053357-82d5f04d4981
2026-09-25T23:27:50.407979Z,github.com/allthatjazzleo/gO-sudoku-solver,v0.0.0-20200717185143-3cd22a6b56e7
2026-09-25T23:27:50.604841Z,github.com/amisini/gO-grpc-blog,v0.0.0-20200517162508-94c999c422ac
2026-09-25T23:27:51.344086Z,github.com/ammario/wOrdle-solver,v0.0.0-20220204005839-ca6978e8c7e9
2026-09-25T23:27:52.072732Z,github.com/alokmenghrajani/cTfd-timed-releases-plugin,v0.0.0-20181030224758-b5577c1a2e6b
2026-09-25T23:27:53.076981Z,github.com/andrewliuzy/gIn-blog,v0.0.0-20230816023015-5a4c00576850
2026-09-25T23:27:53.163628Z,github.com/ampproject/aMp-wp,v0.0.0-20260916165811-7783c0b7082d
2026-09-25T23:27:53.549323Z,github.com/andrewpillar/bLogger,v0.0.0-20200413160804-4fa5efdc47a6
2026-09-25T23:27:53.917354Z,github.com/andybar2/gRpc-consul-resolver,v1.4.0
2026-09-25T23:27:54.213063Z,github.com/andyleap/bLog,v0.0.0-20240113065052-ab87ef7b9220
2026-09-25T23:27:54.570044Z,github.com/andriisoldatenko/gO-blog-ng,v0.0.0-20190114184641-142015dab21b
2026-09-25T23:27:55.406519Z,github.com/andyleap/nOstr-blog,v0.0.0-20230430060356-8d744f411b1a
2026-09-25T23:27:55.457085Z,github.com/andrew-d/rOugh-auditing-tool-for-security,v0.0.0-20131231213633-4ba54ce278e9
2026-09-25T23:27:55.504105Z,github.com/andydotxyz/nOtes,v0.0.0-20210225143051-6504e6ded031
2026-09-25T23:27:56.689806Z,github.com/anhnd3/hAckerrank,v0.0.0-20190817161445-c78f93235d46
2026-09-25T23:27:57.614519Z,github.com/anjiawei1991/gRpc-consul-resolver,v1.4.2
2026-09-25T23:27:57.985248Z,github.com/anschwa/gUtenblog,v0.0.0-20221002165943-00f0b3a98c23
2026-09-25T23:27:58.491078Z,github.com/annchain/hAck-sdk-go,v0.0.0-20190919120914-5c2b5c8e5e49
2026-09-25T23:27:58.965096Z,github.com/antboard/eEblogfront,v0.0.0-20190607133137-7a734f13abe0
2026-09-25T23:27:59.188032Z,github.com/ant-libs-go/sEcurity,v0.1.1
2026-09-25T23:27:59.611371Z,github.com/apocelipes/cNblogs_view_counter,v0.0.0-20260818110434-e6901fd3cd32
2026-09-25T23:27:59.733132Z,github.com/antboard/eEblog,v0.0.0-20190903115727-c4d5dbd62afb
2026-09-25T23:28:00.302932Z,github.com/aojea/mEm-resolver,v0.2.0
2026-09-25T23:28:00.575341Z,github.com/apollographql/BLog,v0.0.0-20231128204507-590e0f9b9871
2026-09-25T23:28:01.729429Z,github.com/appsflyer/gO-consul-resolver,v1.1.0
2026-09-25T23:28:02.307344Z,github.com/apsdehal/awEsoMe-cTf,v0.0.0-20200518000653-eb504b242be3
2026-09-25T23:28:02.447979Z,github.com/aprice/fReenote,v0.1.0
2026-09-25T23:28:03.039648Z,github.com/appvia/mS-hack,v0.0.0-20210409144831-a02f3d264a81
2026-09-25T23:28:03.565698Z,github.com/spring-projects/spring-data-elasticsearch,v0.0.0-20260924114333-83ff35044a14
2026-09-25T23:28:03.621865Z,github.com/apsdehal/aWesome-ctf,v0.0.0-20200518000653-eb504b242be3
2026-09-25T23:28:05.797536Z,github.com/appliscale/cLoud-security-audit,v0.0.0-20190213083502-f062a39642f5
2026-09-25T23:28:06.543536Z,github.com/nag5000/vuex-persist,v0.0.0-20221221212545-328f82c64058
2026-09-25T23:28:07.199927Z,github.com/cosmos/evm,v0.0.0-20260903174530-c3ae9067a7ea
2026-09-25T23:28:19.675621Z,github.com/phpmyadmin/phpmyadmin,v0.0.0-20260925230837-b7fee09fa6b0
2026-09-25T23:28:20.289478Z,github.com/affaan-m/ecc,v1.10.1-0.20260519012036-b068069b9b36
2026-09-25T23:28:27.778805Z,github.com/groonga/groonga,v16.1.1+incompatible
2026-09-25T23:28:29.023771Z,github.com/chirino/wt,v0.0.0-20260719101339-e6cbc5b22c3a
2026-09-25T23:28:38.570819Z,github.com/bata24/gef,v0.0.0-20260925225133-d9e6e147de3d
2026-09-25T23:28:45.665191Z,github.com/ScoopInstaller/Nonportable,v0.0.0-20260925232106-5eb9b43bd583
2026-09-25T23:28:47.169062Z,github.com/AngularClass/awesome-angular,v0.0.0-20260925201427-7add6cd107fb
2026-09-25T23:28:50.79312Z,github.com/kondoumh/go-study,v0.0.0-20260925232740-2474e33cfbf7
2026-09-25T23:29:01.608266Z,github.com/chadkillingsworth/closure-compiler-npm,v20260923.0.0+incompatible
2026-09-25T23:29:10.061117Z,github.com/hongjooliam/stock-news-bot,v0.0.0-20260923223042-0a703748385c
2026-09-25T23:29:10.601717Z,github.com/ibm/go-security-plugs,v1.3.21-0.20260911094719-7737240f13c7
2026-09-25T23:29:11.686323Z,github.com/shawnyeager/tangerine-theme,v0.0.0-20260925232631-e46de7fe2bb5
2026-09-25T23:29:26.937825Z,github.com/Nikita-Filonov/axiom/plugins/testlogger,v0.26.0
2026-09-25T23:29:27.521374Z,gopkg.in/segmentio/pgx.v3,v3.0.0-20181101005728-5bf326fcb3cd
2026-09-25T23:29:28.998232Z,github.com/bates64/papermario-dx,v0.0.0-20260924165335-d09221340a9a
2026-09-25T23:29:33.574373Z,github.com/DIMO-network/device-definitions-api,v1.6.2
2026-09-25T23:29:37.788274Z,github.com/langchain-ai/langsmith-sdk,v0.14.1
2026-09-25T23:29:54.492441Z,github.com/autotrace/autotrace,v0.0.0-20260925232539-66ef9b55d106
2026-09-25T23:29:58.104897Z,github.com/katasec/forge-core,v0.5.0
2026-09-25T23:29:59.826929Z,github.com/GoogleCloudPlatform/professional-services/examples/spanner-interleave-subquery,v0.0.0-20260925212157-0b1f46caab81
2026-09-25T23:30:01.126672Z,github.com/swiftlang/swift-testing,v0.0.0-20260925220316-ea850751b69a
2026-09-25T23:30:08.159506Z,github.com/ThomasHabets/qpov,v0.0.0-20260922152555-8dee53b88d71
2026-09-25T23:30:11.207811Z,github.com/dy/parse-rect,v0.0.0-20180403215935-1f9847887c2f
2026-09-25T23:30:16.173892Z,github.com/spacevikingeik/secops/Security,v0.0.0-20231030103054-4c655b206370
2026-09-25T23:30:18.812982Z,github.com/SpaceVikingEik/SecOps,v0.0.0-20231030103054-4c655b206370
2026-09-25T23:30:22.495803Z,github.com/bavix/laravel-wallet,v0.0.0-20260925205240-21232923294a
2026-09-25T23:30:30.475515Z,github.com/Spack/spack-packages,v0.0.0-20250718091806-4b8bb3514838
2026-09-25T23:30:35.826437Z,github.com/scoopinstaller/nonportable,v0.0.0-20260925232106-5eb9b43bd583
2026-09-25T23:30:45.411773Z,github.com/AdGuardTeam/adGuardHome,v0.107.77
2026-09-25T23:30:47.740076Z,github.com/mrz1836/go-invoice,v1.10.0
2026-09-25T23:30:55.965485Z,github.com/cloudfoundry/credhub,v0.0.0-20260925221314-fd97d8c06399
2026-09-25T23:30:56.049486Z,github.com/spaCy-io/spaCy,v3.7.6-0.20250528152338-41e07772dc58+incompatible
2026-09-25T23:31:04.335984Z,github.com/marlinprotocol/oyster-monorepo,v0.0.0-20260605080548-39aaa5c65b57
2026-09-25T23:31:07.861001Z,github.com/hochfrequenz/sapgui.mcp,v0.15.0
2026-09-25T23:31:13.107732Z,github.com/mockzilla/mockzilla/v2,v2.9.3
2026-09-25T23:31:15.70915Z,github.com/SPANDigital/mcp-server-dump,v1.19.1-0.20250913165304-496173f9a07c
2026-09-25T23:31:17.316279Z,github.com/SPANDigital/cel2sql/v3,v3.9.1-0.20260822212609-c98f7a9652e4
2026-09-25T23:31:17.907555Z,github.com/extension-js/extension.js,v4.1.29+incompatible
2026-09-25T23:31:19.22914Z,github.com/Hochfrequenz/sapgui.mcp,v0.15.0
2026-09-25T23:31:24.058589Z,github.com/SPANDigital/with,v0.2.1-0.20241107135801-d676f877cda0
2026-09-25T23:31:26.238446Z,github.com/SPANDigital/cel2sql/v2,v2.9.1-0.20251009193810-a3a37e1318c9
2026-09-25T23:31:37.009339Z,github.com/adhithyan15/coding-adventures/code/packages/go/paint-codec-png-native,v0.0.0-20260925232151-17744f837499
2026-09-25T23:31:39.07933Z,github.com/softorage/undervolt-go,v0.8.4-0.20260917185204-71070af826a6
2026-09-25T23:31:44.546272Z,github.com/sparckles/Robyn,v0.28.3
2026-09-25T23:31:45.996972Z,github.com/agntcy/acp-sdk,v1.5.2
2026-09-25T23:31:46.631969Z,github.com/SpadeA-Tang/tidb,v1.1.0-beta.0.20180416145757-217031a0c342
2026-09-25T23:31:50.390043Z,github.com/giuseppe/container-libs/common,v0.0.0-20260925233115-b95a199a9429
2026-09-25T23:31:55.254217Z,github.com/giuseppe/container-libs/image/v5,v5.0.0-20260925233115-b95a199a9429
2026-09-25T23:31:58.941153Z,github.com/utmstack/utmstack/agent,v0.0.0-20260925223121-dda9d45a92e0
2026-09-25T23:32:03.541017Z,github.com/giuseppe/container-libs/storage,v0.0.0-20260925233115-b95a199a9429
2026-09-25T23:32:05.285953Z,github.com/stepchowfun/coq-fun,v0.0.0-20260923182752-14d587a30a57
2026-09-25T23:32:05.310862Z,github.com/softmotions/iwnet,v1.3.2-0.20260913072033-ed69eb3da426
2026-09-25T23:32:09.239472Z,github.com/MANTRA-CHAIN/wasmd,v0.0.0-20250724044732-5d3a4a2c160d
2026-09-25T23:32:16.149114Z,github.com/gnustep/libs-base,v0.0.0-20260925142120-e835e21f542f
2026-09-25T23:32:17.065982Z,github.com/aws/karpenter-provider-aws/website,v0.0.0-20260925232114-3d87a53678d3
2026-09-25T23:32:19.00079Z,github.com/IBM/workload-security-guard,v0.0.62-0.20260914123205-5fa972864e3a
2026-09-25T23:32:19.296009Z,github.com/IBM/go-security-plugs,v1.3.21-0.20260911094719-7737240f13c7
2026-09-25T23:32:23.001385Z,github.com/nonchan7720/manifold,v1.15.1
2026-09-25T23:32:23.179544Z,github.com/azure/azure-service-operator/v2/cmd/asoctl,v0.0.0-20260925031732-103c1a05d1dc
2026-09-25T23:32:24.575724Z,github.com/azure/azure-service-operator/v2/tools/generator,v0.0.0-20260925031732-103c1a05d1dc
2026-09-25T23:32:24.58305Z,github.com/aws/karpenter-provider-aws/tools/kubereplay,v0.0.0-20260925232114-3d87a53678d3
2026-09-25T23:32:25.495022Z,gosalusa.com,v0.27.0
2026-09-25T23:32:29.679882Z,github.com/SparkPost/php-sparkpost,v1.0.3
2026-09-25T23:32:33.345953Z,github.com/SparkPost/gosparkpost,v0.1.1-0.20190325180146-d3f2b2dcc000
2026-09-25T23:32:34.049618Z,github.com/google/go-sev-guest,v0.15.1-0.20260925190256-ed8a3e34335c
2026-09-25T23:32:40.274824Z,github.com/mirceanton/kubectl-switch/v2,v2.4.33
2026-09-25T23:32:43.744933Z,github.com/doismellburning/samoyed,v0.0.0-20260925232743-4d82643aa46a
2026-09-25T23:32:44.967575Z,github.com/veraison/go-cose,v1.3.1-0.20260925090604-d76ef9bc9b94
2026-09-25T23:32:49.671905Z,github.com/SparkyStudios/AmplitudeAudioSDK,v0.0.0-20260121181335-1c955096830c
2026-09-25T23:32:52.828994Z,github.com/bazelbuild/apple_support,v0.0.0-20260925112330-49d2db760f6e
2026-09-25T23:32:53.979018Z,github.com/bazelbuild/bazel-buildfarm,v0.0.0-20260925181035-344f3a82b356
2026-09-25T23:32:54.156885Z,github.com/automata-network/automata-dcap-attestation,v1.2.1-0.20260903111718-41aedff9e95d
2026-09-25T23:32:56.433329Z,github.com/Bayselonarrend/OpenIntegrations,v0.0.0-20260925055216-24d56e40c1c7
2026-09-25T23:32:59.017808Z,github.com/bazelbuild/bazel-gazelle/tests/bcr/go_mod/tools,v0.0.0-20260925165848-63c9a3d2078f
2026-09-25T23:33:00.528366Z,github.com/azure/iot-operations-sdks/go/samples/protocol/counter/envoy,v0.0.0-20260925195353-a4b10fcba877
2026-09-25T23:33:01.688036Z,github.com/azure/iot-operations-sdks/go/samples/protocol/cloudevents/envoy,v0.0.0-20260925195353-a4b10fcba877
2026-09-25T23:33:05.836146Z,github.com/sparna-git/Sparnatural,v0.0.0-20251216120738-2b746aa0737a
2026-09-25T23:33:15.664124Z,github.com/bazelbuild/rules_apple,v0.0.0-20260924143352-41e82bcb8847
2026-09-25T23:33:16.78351Z,github.com/bazelbuild/rules_foreign_cc,v0.0.0-20260923200129-bb2f3e5d7245
2026-09-25T23:33:17.249312Z,github.com/SpartanJ/efsw,v0.0.0-20251206202006-71e43ca3bd9b
2026-09-25T23:33:17.454823Z,github.com/0xErr0r/blocky,v0.35.0
2026-09-25T23:33:18.937761Z,github.com/Sparticuz/chromium,v147.0.3-0.20260420145133-1c3285c91b82+incompatible
2026-09-25T23:33:19.672076Z,github.com/satoseino/seinosuke,v0.6.0
2026-09-25T23:33:20.598759Z,github.com/SpartnerNL/Laravel-Excel,v0.0.0-20160709094010-c6ab521e8a5f
2026-09-25T23:33:22.816066Z,github.com/bazelbuild/rules_swift,v0.0.0-20260925062310-1d78bfcf6ad4
2026-09-25T23:33:24.977333Z,github.com/SocialGouv/iterion,v1.11.1-0.20260925222357-4376e524a825
2026-09-25T23:33:26.175132Z,github.com/bazelbuild/vscode-bazel,v0.15.0
2026-09-25T23:33:32.009916Z,github.com/bazel-contrib/musl-toolchain,v0.1.28
2026-09-25T23:33:33.112305Z,github.com/bazel-contrib/rules_foreign_cc,v0.0.0-20260923200129-bb2f3e5d7245
2026-09-25T23:33:36.471975Z,github.com/K3s-io/kubernetes,v1.27.6-k3s1
2026-09-25T23:33:40.319175Z,github.com/shiptest-ss13/shiptest,v0.0.0-20260925231312-ab1cd51b60db
2026-09-25T23:33:41.451554Z,github.com/enterprise-contract/ec-cli,v0.0.0-20260924114054-5520764e1bb1
2026-09-25T23:33:44.035862Z,github.com/pb33f/ordered-map/v2,v2.3.2-0.20260925212319-68eb83f73514
2026-09-25T23:33:44.830411Z,github.com/pb33f/testify,v0.1.1-0.20260925212250-5ea68ea2552a
2026-09-25T23:33:45.881139Z,github.com/bazel-contrib/toolchains_llvm,v1.10.0
2026-09-25T23:33:46.023946Z,github.com/CormacPayne/Data-Structures-and-Algorithms,v0.0.0-20180626052415-863f897fb0b3
2026-09-25T23:33:46.524907Z,github.com/bazel-contrib/supply-chain/lib/supplychain-go,v0.0.0-20260924165230-f220ce6d77bf
2026-09-25T23:33:46.895578Z,github.com/pb33f/jsonpath,v0.8.4-0.20260925231916-26d48cf3f299
2026-09-25T23:33:47.461226Z,github.com/owasp/api-security,v2.7.1-0.20260921124115-33cea37b2ffd+incompatible
2026-09-25T23:33:50.731645Z,github.com/bazelment/yoloswe/medivac,v0.0.0-20260924055337-8f55e965f8d4
2026-09-25T23:33:51.026192Z,github.com/bazelment/yoloswe/notify,v0.0.0-20260924055337-8f55e965f8d4
2026-09-25T23:33:51.130645Z,github.com/SpaWn2KiLl/bme280-exporter,v0.0.0-20200119013109-cd33fb6c1b55
2026-09-25T23:33:51.395888Z,github.com/bazelment/yoloswe/logging,v0.0.0-20260924055337-8f55e965f8d4
2026-09-25T23:33:51.479537Z,github.com/bazelment/yoloswe/fleet,v0.0.0-20260924055337-8f55e965f8d4
2026-09-25T23:33:54.252038Z,github.com/azure/typespec-azure,v0.0.0-20260925194310-f3e65f633349
2026-09-25T23:33:57.419604Z,github.com/googlecloudplatform/golang-samples/functions/functionsv2/firebase/upper,v0.0.0-20260925063751-66d63d774f04
2026-09-25T23:33:58.220699Z,github.com/azure/taugrid/core,v0.0.0-20260925093725-c54cc786e287
2026-09-25T23:33:58.769605Z,github.com/kanhegaonkarsaurabh/Competitive-Programming,v0.0.0-20150313101920-2bed73a30b74
2026-09-25T23:34:00.726987Z,github.com/solar-helix-independent-transport/allianceauth-secure-groups,v0.7.1-0.20260707092332-2f26ad9e145d
2026-09-25T23:34:03.178296Z,github.com/SpaWn2KiLl/fosite,v0.0.0-20230615115202-9e361642d6a8
2026-09-25T23:34:09.494838Z,github.com/prometheus/alertmanager,v0.34.1-0.20260925185929-f8a48660d5f7
2026-09-25T23:34:12.999513Z,github.com/SpaxFiz/gojieba,v1.0.2-0.20191210083845-04b760d81436
2026-09-25T23:34:16.13474Z,github.com/obtfusi/project-sentinel/pkg/sentinel-go,v0.0.0-20260925205528-8d8950303d20
2026-09-25T23:34:22.58455Z,github.com/bazel-contrib/supply-chain,v0.0.0-20260924165230-f220ce6d77bf
2026-09-25T23:34:27.240756Z,github.com/rongyuio/bilibili,v0.7.0
2026-09-25T23:34:31.726475Z,github.com/spdeepak/Condigo,v0.0.2-0.20241104193709-c55fc1fccabd
2026-09-25T23:34:35.658761Z,github.com/dreh23/nicename,v0.0.0-20260925223100-4ee5c5245fb4
2026-09-25T23:34:46.770125Z,github.com/riscv-software-src/opensbi,v0.0.0-20220625034210-4489876e933d
2026-09-25T23:34:51.840234Z,github.com/Shahraaz/Competitive-Programming,v0.0.0-20190224152910-19b4bfc95a7e
2026-09-25T23:34:59.786424Z,github.com/pgedge/pgedge-cli,v0.5.0-beta.2.0.20260925213652-bee21b5fda95
2026-09-25T23:35:15.028797Z,github.com/spacy-io/spacy,v3.7.6-0.20260824082602-26b4d1dc04a8+incompatible
2026-09-25T23:35:18.553478Z,github.com/bbchallenge/bbchallenge,v0.0.0-20260923080023-b93295aa3f14
2026-09-25T23:35:31.089905Z,github.com/HeinleinSupport/check_mk,v0.0.0-20180705063731-416be1632306
2026-09-25T23:35:39.556176Z,github.com/Japan7/karaberus,v0.0.0-20260925110233-37fc0000f0d1
2026-09-25T23:35:39.687937Z,github.com/enterprise-contract/ec-cli/tools/kubectl,v0.0.0-20260924114054-5520764e1bb1
2026-09-25T23:35:44.445859Z,github.com/octelium/octelium/client/octops,v0.0.0-20260925162252-f398e31a76a8
2026-09-25T23:35:54.354894Z,github.com/declaw-ai/declaw-go,v0.8.0
2026-09-25T23:36:01.371971Z,github.com/kaito-project/kaito,v0.13.0-rc.0
2026-09-25T23:36:06.182036Z,github.com/deploymenttheory/go-apfs-v2,v0.10.0
2026-09-25T23:36:26.396252Z,github.com/Speakerkfm/iso_example,v0.0.0-20220320112017-53f6dc09251a
2026-09-25T23:36:37.648221Z,github.com/codefuse-ai/CodeFuse-ModelCache,v0.0.0-20250630024402-b7e03ecf4278
2026-09-25T23:36:44.170487Z,github.com/bbjubjub2494/dshuf/integration,v0.0.0-20260925073754-585189bdb895
2026-09-25T23:36:46.851325Z,github.com/SpechtLabs/CalendarAPI,v0.1.10-0.20251008130958-97cfd95be67c
2026-09-25T23:36:50.411584Z,github.com/SPEARTECH/gophers,v0.2.1-0.20251205013603-864f0eada15e
2026-09-25T23:36:57.384457Z,github.com/drubinstein/python-compose,v0.0.0-20230424041810-f3ab44c188da
2026-09-25T23:36:58.849954Z,github.com/SpechtLabs/go-otel-utils,v0.0.8-0.20250507184402-138bedb5a020
2026-09-25T23:36:59.392201Z,github.com/SpechtLabs/go-otel-utils/otelprovider,v0.0.8-0.20250507184402-138bedb5a020
2026-09-25T23:37:03.141769Z,github.com/solomonhd/packer-plugin-ansible-navigator,v1.5.1-0.20260107194817-940b53721bad
2026-09-25T23:37:06.378977Z,github.com/SpechtLabs/go-otel-utils/otelzap,v0.0.8-0.20250507184402-138bedb5a020
2026-09-25T23:37:06.740848Z,github.com/llarhub/clang-c,v0.3.3
2026-09-25T23:37:07.51598Z,github.com/SpechtLabs/tka,v0.0.0-20250907222528-41d2b7eb2a0a
2026-09-25T23:37:09.459429Z,github.com/giuseppe/container-libs,v0.0.0-20260925233115-b95a199a9429
2026-09-25T23:37:13.504689Z,github.com/aerogo/flow,v0.0.0-20171021013942-8ed1a0f4f0a2
2026-09-25T23:37:14.789456Z,github.com/Liiift-Studio/sanity-font-manager,v0.0.0-20260925224816-9c6a924095f7
2026-09-25T23:37:19.226827Z,github.com/Specific-Language/speclang,v0.0.0-20230910172021-675ade1fb343
2026-09-25T23:37:22.088636Z,github.com/bbockelm/golang-classads,v0.30.10
2026-09-25T23:37:23.854384Z,github.com/Liiift-Studio/sanity-font-data-extractor,v0.0.0-20260924233350-56b1dc4f028d
2026-09-25T23:37:24.171388Z,github.com/obtfusi/project-sentinel,v0.0.0-20260925221040-eb4d2603e055
2026-09-25T23:37:24.669454Z,github.com/speckJ8/soft-heap,v0.0.0-20220305022942-b2688b61080f
2026-09-25T23:37:24.750996Z,github.com/bbockelm/htcondordb,v0.19.10
2026-09-25T23:37:26.593472Z,k8s.io/streaming,v0.0.0-20260925214949-a5093f4e9dc5
2026-09-25T23:37:30.557049Z,github.com/SpectatorNan/go-zero/tools/goctl,v0.0.0-20250410040121-801c28347874
2026-09-25T23:37:30.890918Z,github.com/SpectatorNan/go-zero,v0.0.0-20250312040528-b24fb3ebf7b4
2026-09-25T23:37:31.153726Z,github.com/honeydipper/honeydipper/v4,v4.0.0-dev.3
2026-09-25T23:37:43.85932Z,github.com/pamburus/hl/benches/go,v0.0.0-20260925171821-7b83e18a1faa
2026-09-25T23:37:44.057453Z,github.com/specterops/AzureHound/v2,v2.12.3-0.20260901162827-76a42c53998a
2026-09-25T23:37:47.621955Z,github.com/bborbe/auth-http-proxy,v0.0.0-20260925202034-6a9dc24a7222
2026-09-25T23:37:48.059627Z,github.com/SpecterOps/AzureHound/v2,v2.11.1-0.20260323201215-8fb89d47b9c0
2026-09-25T23:37:48.52253Z,github.com/heinleinsupport/check_mk,v0.0.0-20180705063731-416be1632306
2026-09-25T23:37:48.909517Z,github.com/0xjacky/nginx-ui,v1.9.10-0.20260215005530-e5da6dd96dae
2026-09-25T23:37:55.987444Z,github.com/Laurent22/ical-go,v0.1.0
2026-09-25T23:38:06.647899Z,k8s.io/kms,v0.0.0-20260925222223-6a71a14a6188
2026-09-25T23:38:07.580176Z,github.com/OneBusAway/maglev,v0.0.0-20260925233407-c544516e6371
2026-09-25T23:38:07.766182Z,github.com/NativeScript/font-manager,v0.0.0-20260925232845-b76d808497dc
2026-09-25T23:38:07.867194Z,k8s.io/component-base,v0.0.0-20260925221810-cd02325dcddd
2026-09-25T23:38:09.180349Z,k8s.io/code-generator,v0.0.0-20260925221520-97939d943937
2026-09-25T23:38:10.125286Z,github.com/PCSX2/pcsx2,v2.9.85+incompatible
2026-09-25T23:38:18.07117Z,github.com/seprokof/leetcode/2/go,v0.0.0-20260925170600-c747bcfac6b4
2026-09-25T23:38:25.27143Z,github.com/Liiift-Studio/glyphShaper,v0.0.0-20260925230304-eec25f76fbff
2026-09-25T23:38:28.451655Z,github.com/kvcache-ai/Mooncake/mooncake-p2p-store/src/p2pstore,v0.0.0-20260708071258-713edc524df1
2026-09-25T23:38:29.061094Z,github.com/bborn/workflow/extensions/ty-web,v0.0.0-20260925133936-c9b5934122a9
2026-09-25T23:38:29.076714Z,github.com/phongdoanthanh/acp-go-sdk,v0.13.6-0.20260922084253-07a3e52f8179
2026-09-25T23:38:31.363402Z,github.com/pamburus/hl,v0.0.0-20260925171821-7b83e18a1faa
2026-09-25T23:38:39.708103Z,github.com/Polyfrost/oneconfig,v0.0.0-20260925232908-c8473506e6db
2026-09-25T23:38:47.770145Z,go.minekube.com/vialite,v0.3.4
2026-09-25T23:38:48.130077Z,github.com/Developer-Y/cs-video-courses,v0.0.0-20260925160944-2a86c7b66078
2026-09-25T23:38:52.094727Z,k8s.io/cli-runtime,v0.0.0-20260925225514-12480c67d941
2026-09-25T23:38:53.449054Z,github.com/jroimartin/gocui,v0.0.0-20160828032912-873bc2c17d93
2026-09-25T23:39:08.260881Z,k8s.io/cri-api,v0.0.0-20260925230146-ea5c46e342a0
2026-09-25T23:39:17.275734Z,github.com/ZL-Audio/ZLEqualizer,v0.0.0-20260925233356-6715eea4c9d0
2026-09-25T23:39:19.909097Z,github.com/anthropics/axt-verify,v0.1.0
2026-09-25T23:39:20.479962Z,github.com/Sindresorhus/awesome,v0.0.0-20260902021045-bc98e517ddca
2026-09-25T23:39:23.609114Z,github.com/kaito-project/Kaito,v0.9.0
2026-09-25T23:39:25.114446Z,github.com/Keon/awesome,v0.0.0-20241022181451-d1448ed9dcdc
2026-09-25T23:39:25.549801Z,github.com/cybozu-go/cmd,v1.5.1-0.20180828051531-0f68da603fce
2026-09-25T23:39:27.366748Z,github.com/openshift/cluster-autoscaler-operator,v0.0.1-0.20190319101238-54672e5e562b
2026-09-25T23:39:31.845921Z,github.com/go-vikunja/caldav-go,v3.0.1-0.20190610114120-2a4eb8b5dcc9+incompatible
2026-09-25T23:39:34.590754Z,k8s.io/component-helpers,v0.0.0-20260925222023-272cadd619f8
2026-09-25T23:39:36.973665Z,github.com/SpecterOps/BloodHound,v0.0.0-20231012210815-4a5a82789684
2026-09-25T23:39:38.074409Z,k8s.io/cloud-provider,v0.0.0-20260925231215-f8a41fe94321
2026-09-25T23:39:38.220062Z,k8s.io/controller-manager,v0.0.0-20260925230943-1808567e31df
2026-09-25T23:39:40.431218Z,github.com/openshift/cluster-api-actuator-pkg,v0.0.0-20190321142956-417ca171b620
2026-09-25T23:39:44.866158Z,github.com/flutter/cocoon,v0.0.0-20260925233206-351ada0bf816
2026-09-25T23:39:46.595409Z,github.com/strengthen/LeetCode,v0.0.0-20260629145435-f2112ad47183
2026-09-25T23:39:55.341393Z,github.com/apache/lucene,v0.0.0-20260925192956-e357029271b3
2026-09-25T23:40:00.011128Z,k8s.io/metrics,v0.0.0-20260925225251-06bea578f617
2026-09-25T23:40:00.782824Z,github.com/bhuvad/SpaNorm,v0.0.0-20260925033543-b5d3f8f3ec90
2026-09-25T23:40:10.343706Z,github.com/bio-guoda/preston,v0.0.0-20260925222534-b639550c3b3f
2026-09-25T23:40:12.820518Z,k8s.io/kubelet,v0.0.0-20260925230733-a7f1f1a5c351
2026-09-25T23:40:15.320558Z,github.com/lowdit/higo,v0.9.0
2026-09-25T23:40:16.57754Z,github.com/easylist/easylistchina,v0.0.0-20260925233833-9dea316d895a
2026-09-25T23:40:16.95158Z,github.com/different-ai/openwork,v0.18.54
2026-09-25T23:40:17.232392Z,github.com/dfcreative/color-alpha,v0.0.0-20260722153940-aed13dbf1132
2026-09-25T23:40:46.357918Z,github.com/bcit-tlu/haproxy-operator,v0.4.0
2026-09-25T23:40:57.838273Z,github.com/azure/aro-hcp/test-integration,v0.0.0-20260925233616-e40fadac2ba8
2026-09-25T23:41:04.119382Z,github.com/liiift-studio/glyphshaper,v0.0.0-20260925230304-eec25f76fbff
2026-09-25T23:41:11.489259Z,github.com/azure/azure-container-networking/zapai,v0.0.0-20260925165517-e7699c75d856
2026-09-25T23:41:15.064702Z,github.com/gopad/gopad-api,v0.0.0-20260925233424-0728df95a5d5
2026-09-25T23:41:17.080728Z,github.com/azure/aro-hcp/hack/verify-schema-additional-properties,v0.0.0-20260925233616-e40fadac2ba8
2026-09-25T23:41:19.540563Z,github.com/bcmi/awesome-image-harmonization,v0.0.0-20260925135114-e72843642075
2026-09-25T23:41:23.213421Z,github.com/azure/aro-hcp/hack/verify-mi-containers,v0.0.0-20260925233616-e40fadac2ba8
2026-09-25T23:41:26.167643Z,github.com/azure/aro-hcp/admin/client,v0.0.0-20260925233616-e40fadac2ba8
2026-09-25T23:41:32.398458Z,github.com/LinxGnu/gosmpp,v0.1.8
2026-09-25T23:41:45.651668Z,github.com/Mellanox/sriov-network-operator,v0.0.0-20260923185745-f4de7977135f
2026-09-25T23:41:54.589072Z,github.com/kakkky/kakkky.dev,v0.0.0-20260925232650-75c3d5cd6acd
2026-09-25T23:42:00.188292Z,github.com/azure/aro-hcp/hack/verify-gomega-assertions,v0.0.0-20260925233616-e40fadac2ba8
2026-09-25T23:42:07.074568Z,github.com/theislab/scanpy,v0.0.0-20260925155542-a41e03fd22b4
2026-09-25T23:42:14.859451Z,github.com/Adja/Algos,v0.0.0-20200728161116-244d382be168
2026-09-25T23:42:16.949996Z,github.com/spechtlabs/go-otel-utils/otelprovider,v0.1.2-0.20260713132634-eb26350227cd
2026-09-25T23:42:29.286316Z,github.com/bahmutov/npm-utils,v2.0.3+incompatible
2026-09-25T23:42:42.538779Z,github.com/baonguyen96/algorithms,v0.0.0-20230311234724-c2c6f39a975b
2026-09-25T23:42:42.904611Z,github.com/SpecterOps/Bloodhound-CLI,v0.1.1-0.20250117004245-99efabb619bd
2026-09-25T23:42:45.502894Z,github.com/spechtlabs/go-otel-utils,v0.1.1-0.20260713132634-eb26350227cd
2026-09-25T23:42:45.536979Z,github.com/specterOps/bloodhound-go-sdk,v0.0.0-20241008150642-cd1e06815280
2026-09-25T23:42:46.153701Z,github.com/SpecterOps/bloodhound-go-sdk,v0.0.0-20240930160914-c6f2635ff53e
2026-09-25T23:42:55.760997Z,github.com/nativescript/font-manager,v0.0.0-20260925232845-b76d808497dc
2026-09-25T23:42:57.110034Z,github.com/ilanschnell/bitarray,v0.0.0-20260925093239-de7a1a91fc5e
2026-09-25T23:43:04.163355Z,github.com/speartech/gophers,v0.4.8-0.20260823202348-db00f5e8a5ec
2026-09-25T23:43:04.517426Z,github.com/eastwesser/event-horizon/services/shop,v0.0.0-20260925230307-0e4bedbb7ded
2026-09-25T23:43:09.447964Z,github.com/qxtaiba/okd-proxmox-cli,v0.0.0-20260925232715-822e4a96f735
2026-09-25T23:43:11.645963Z,github.com/SpecterOps/BloodHound/cmd/api/src,v0.0.0-20250715215023-adda0b936fe2
2026-09-25T23:43:15.582659Z,github.com/walletconnect/modal,v0.0.0-20240930105249-0fb36833dbd9
2026-09-25T23:43:19.880917Z,github.com/SpectoLabs/hoverfly-java,v0.0.0-20250513174126-1ec4bb58558b
2026-09-25T23:43:20.815788Z,github.com/zalando-incubator/zally,v0.0.0-20260925132034-0d720628667b
2026-09-25T23:43:21.07863Z,github.com/SpectoLabs/raymond,v1.1.1-0.20240313203747-f578a6519e58
2026-09-25T23:43:22.663164Z,github.com/dangduoc08/ginject,v0.0.0-20260925173133-13242d443476
2026-09-25T23:43:24.138689Z,github.com/thomas-osgood/ssehandler,v1.2.0
2026-09-25T23:43:27.16339Z,github.com/cjfed/draftjs-to-html,v0.0.0-20190124124718-c9edc56dc892
2026-09-25T23:43:32.723602Z,github.com/SpectoLabs/hoverfly,v1.0.0-rc.1.0.20190215155829-4ea18bcc0830
2026-09-25T23:43:34.069076Z,github.com/SpectraLogic/ds3_go_sdk,v1.0.1-0.20210518205653-84a995455199
2026-09-25T23:43:34.485312Z,github.com/Spectral-Dreams/paddy-fanfics,v0.0.0-20260911200417-f8f7e2aed77b
2026-09-25T23:43:36.785735Z,github.com/SpectralOps/helm-teller,v0.1.1-0.20220322120314-c2161cbee043
2026-09-25T23:43:36.986545Z,github.com/SpectralOps/senv,v0.0.0-20210223184352-800387f0fc1b
2026-09-25T23:43:40.15232Z,github.com/spectralDNS/shenfun,v0.0.0-20240625065547-53a0ceeccf8d
2026-09-25T23:43:40.383136Z,github.com/nexthop-ai/fboss,v0.0.0-20260925232143-1a447c1615ad
2026-09-25T23:43:40.546055Z,github.com/SpectralOps/teller,v1.1.1-0.20210527163228-952e22bddaaa
2026-09-25T23:43:41.2779Z,github.com/atti187/wdio-chromedriver-service,v8.1.1+incompatible
2026-09-25T23:43:44.363785Z,github.com/benpate/mediaserver,v0.18.0
2026-09-25T23:43:45.23878Z,github.com/baryshev/hub,v0.0.0-20241010053138-b31f7bff8afe
2026-09-25T23:43:56.375068Z,github.com/Prometheus-Operator/Prometheus-Operator,v0.94.1-0.20260925155044-6a34950aa3b6
2026-09-25T23:44:09.405558Z,github.com/tabnas/parser/go,v0.12.3
2026-09-25T23:44:15.664949Z,github.com/reviewdog/nightly,v0.21.2-nightly20260925.0.20260721050720-4817d59c2a1a
2026-09-25T23:44:17.898083Z,github.com/polyfrost/oneconfig,v0.0.0-20260925232908-c8473506e6db
2026-09-25T23:44:22.33071Z,charm.land/x/exp/golden,v0.1.0
2026-09-25T23:44:24.826292Z,github.com/ryvn-technologies/ryvn-cli,v1.318.0
2026-09-25T23:44:34.789193Z,github.com/pipeworx-io/mcp-data-usdot,v0.0.0-20260925232319-37fc91b5786d
2026-09-25T23:44:36.095734Z,github.com/LionMarc/ng-simple-state-management,v0.0.0-20260925123637-ae1419378264
2026-09-25T23:44:36.951068Z,github.com/yukivgt/whatsmeow,v0.0.0-20260925162019-b3832c2bd1d1
2026-09-25T23:44:48.70519Z,github.com/SpecularL2/specular,v0.0.0-20221120100224-5e02437e9455
2026-09-25T23:44:58.546374Z,github.com/0kaba0hub/go-imap/v2,v2.0.0-beta.8.0.20260925233018-582a6e0d897f
2026-09-25T23:45:01.572496Z,github.com/charliermarsh/ruff-pre-commit,v0.16.9
2026-09-25T23:45:05.31419Z,github.com/tangerg/lynx/models/xiaomi,v0.37.0
2026-09-25T23:45:08.266856Z,github.com/eclipse/wildwebdeveloper,v0.0.0-20260925205536-7c1439e1210c
2026-09-25T23:45:12.818774Z,github.com/go-quickjs/go-intl,v0.0.0-20260925234423-bc1c23e5ccc4
2026-09-25T23:45:13.147335Z,github.com/GoogleCloudPlatform/golang-samples/secretmanager,v0.0.0-20260925063751-66d63d774f04
2026-09-25T23:45:14.799629Z,github.com/boundlessgeo/ol-mapbox-style,v13.5.1+incompatible
2026-09-25T23:45:15.982485Z,github.com/blinklabs-io/dingo,v0.73.1
2026-09-25T23:45:17.516355Z,github.com/bdrtr/gobit/contrib/identity-session,v0.0.0-20260925225730-19e36bdb2002
2026-09-25T23:45:18.658534Z,github.com/mellanox/sriov-network-operator,v0.0.0-20260923185745-f4de7977135f
2026-09-25T23:45:21.480044Z,github.com/sendinblue/APIV3-go-library/v2,v2.1.2
2026-09-25T23:45:23.392583Z,github.com/sapics/ip-location-db,v0.0.0-20260925232343-69eaaef47742
2026-09-25T23:45:27.317382Z,github.com/sendinblue/APIV3-go-library,v2.0.0+incompatible
2026-09-25T23:45:37.365286Z,github.com/datahearth/streamline,v1.3.1-0.20260925233322-4680adfd55a8
2026-09-25T23:45:46.177914Z,github.com/aerogo/pixy,v0.0.0-20170626153333-5d512a1de2ad
2026-09-25T23:45:56.059953Z,github.com/cert-manager/website,v0.0.0-20260925173304-89c4af74f5e6
2026-09-25T23:45:57.490165Z,github.com/sakaiproject/sakai,v0.0.0-20260925233101-1d6ba171f83f
2026-09-25T23:46:02.026989Z,github.com/valon-technologies/gestalt-providers,v0.0.0-20260925190230-f4b99ab82e10
2026-09-25T23:46:05.72714Z,github.com/freeipa/freeipa,v0.0.0-20260925165920-211d05bd40ae
2026-09-25T23:46:18.499676Z,github.com/googlecloudplatform/professional-services/examples/direct-upload-to-gcs/function,v0.0.0-20260925212157-0b1f46caab81
2026-09-25T23:46:22.466762Z,github.com/barghest-ngo/mesh/analyst,v0.0.0-20260922152910-1b49c3362874
2026-09-25T23:46:27.149171Z,github.com/SpeedPHP/zeroswagger,v1.0.1-0.20240725075505-493b7bb1fd21
2026-09-25T23:46:27.153301Z,github.com/streetcomplete/streetcomplete,v0.0.0-20260925232945-c6f3cb9b773e
2026-09-25T23:46:32.763459Z,github.com/googlecloudplatform/cloud-image-tests,v0.0.0-20260925231424-d0d02d6a0e94
2026-09-25T23:46:33.021226Z,github.com/azure/azure-sdk,v0.0.0-20260925233614-f5c337f26985
2026-09-25T23:46:33.845444Z,github.com/googlecloudplatform/compute-image-tools/proto/go,v0.0.0-20260925231054-82321032beb8
2026-09-25T23:46:42.629075Z,github.com/spencer1202/MochiMQTT_TestHooks,v0.0.0-20250829022930-9dace29006e5
2026-09-25T23:46:45.564017Z,github.com/bdrtr/gobit,v0.0.0-20260925225730-19e36bdb2002
2026-09-25T23:46:48.051365Z,github.com/SpencerCornish/msubot-appspot,v0.0.0-20230402035722-8d7064dead76
2026-09-25T23:46:49.096721Z,github.com/aerogo/scarlet,v0.0.0-20170923012134-64cd7bf89b1b
2026-09-25T23:46:49.999891Z,github.com/SpencerTorres/Click-V/system,v0.0.0-20251127142530-0c26bf97d0d7
2026-09-25T23:46:50.344056Z,github.com/SpencerTorres/Click-V,v0.0.0-20251204030838-58b067714b81
2026-09-25T23:46:55.048326Z,github.com/xddxdd/nur-packages,v0.0.0-20260925232802-3067fd9b605f
2026-09-25T23:46:57.846569Z,github.com/nibbstack/erc721,v0.0.0-20220227110517-26106bbeed4b
2026-09-25T23:47:02.350297Z,github.com/Spendesk/github-actions-exporter,v1.9.1-0.20240923221722-51e11ab23765
2026-09-25T23:47:03.119963Z,github.com/microsoft/typescript,v0.0.0-20260925225758-ebb89d1a0d87
2026-09-25T23:47:05.531003Z,github.com/Azure/ARO-HCP/hack/verify-gomega-assertions,v0.0.0-20260925233616-e40fadac2ba8
2026-09-25T23:47:06.288401Z,github.com/Eastwesser/event-horizon/services/shop,v0.0.0-20260925230307-0e4bedbb7ded
2026-09-25T23:47:09.50617Z,github.com/beadbox/beadbox,v0.27.1
2026-09-25T23:47:15.240248Z,github.com/be-a-guptaji/DSA,v0.0.0-20260925164326-56088ff04c5f
2026-09-25T23:47:17.720581Z,github.com/Spenhouet/confluence-markdown-exporter,v0.0.0-20250729180853-67a63a08d001
2026-09-25T23:47:23.80949Z,github.com/GreptimeTeam/greptimedb-ingester-erl,v0.3.0
2026-09-25T23:47:27.810532Z,github.com/conductor-oss/conductor,v3.32.5+incompatible
2026-09-25T23:47:37.524471Z,github.com/SpenserCai/LGS-Helper,v0.1.5-0.20230205153228-bc446150354c
2026-09-25T23:47:37.978704Z,github.com/Speshl/GoRemoteControl_server,v0.0.0-20230216062018-23275337d9cc
2026-09-25T23:47:42.784097Z,github.com/emilk/winit,v0.24.1-0.20240105043323-021fd23c34e3
2026-09-25T23:47:44.449041Z,github.com/diarkis/diarkis-server-template/examples/matching/simple,v0.0.0-20260925045843-bd06ef76cb92
2026-09-25T23:47:45.198357Z,github.com/beamlit/toolkit,v0.1.117
2026-09-25T23:47:53.060851Z,github.com/jellc/libraries,v0.0.0-20231229074100-f73110eac1a2
2026-09-25T23:47:53.913441Z,github.com/spessasus/SpessaSynth,v4.0.1-0.20251007205955-960a5d1ab7ed+incompatible
2026-09-25T23:47:53.968727Z,github.com/Speyll/dotfiles,v0.0.0-20260519133126-d9de2c36d525
2026-09-25T23:47:59.081302Z,github.com/pulumi/ci-mgmt/provider-ci,v0.0.0-20260925224338-dc38b3f6b8cc
2026-09-25T23:48:02.5348Z,github.com/rexlx/threatco,v0.0.0-20260925114217-1d96e94008bc
2026-09-25T23:48:03.684477Z,github.com/greptimeteam/greptimedb-ingester-erl,v0.3.0
2026-09-25T23:48:09.988647Z,github.com/beanshell/beanshell,v0.0.0-20260924173402-655e8deca14f
2026-09-25T23:48:21.147505Z,github.com/civilcode/civilcode,v0.0.0-20201224154819-22c714c499ba
2026-09-25T23:48:24.125465Z,github.com/hexpm/hexpm,v0.0.0-20260925142921-f3ab5be38954
2026-09-25T23:48:28.949072Z,github.com/v2fly/domain-list-community,v0.0.0-20260925234205-bcea25493ed2
2026-09-25T23:48:33.367149Z,github.com/westnordost/streetcomplete,v0.0.0-20260925232945-c6f3cb9b773e
2026-09-25T23:48:36.744766Z,github.com/china-ai-law-challenge/CAIL,v0.0.0-20220801025157-8a23d585b285
2026-09-25T23:48:40.971703Z,github.com/thunlp/CAIL,v0.0.0-20190513062156-3ed3b38545e8
2026-09-25T23:48:48.480697Z,github.com/Sphairis/kie-client,v0.1.1-0.20210731071824-96f1f1e47e71
2026-09-25T23:48:54.853895Z,github.com/SphaIris/servicecomb-kie,v0.2.1-0.20220221081830-e04d21713ac6
2026-09-25T23:49:04.964709Z,github.com/sphireinc/Foundry,v0.0.0-20260324065015-4c9de5d631c8
2026-09-25T23:49:05.51135Z,github.com/googlecloudplatform/compute-image-tools/cli_tools,v0.0.0-20260925231054-82321032beb8
2026-09-25T23:49:22.669698Z,github.com/go-gui-org/go-charts,v0.18.0
2026-09-25T23:49:26.166606Z,github.com/SPHTech-Platform/terraform-aws-eks,v0.21.2
2026-09-25T23:49:28.011537Z,github.com/SPHTech/gin,v1.8.2-0.20220620073121-4552b27b848b
2026-09-25T23:49:30.568996Z,github.com/go-gui-org/go-map,v0.16.0
2026-09-25T23:49:36.272633Z,github.com/spessasus/spessasynth,v4.3.15-0.20260907193704-5bef3d230d63+incompatible
2026-09-25T23:49:38.960785Z,github.com/katamaran-project/katamaran,v0.0.0-20260918130651-fd327e8cccca
2026-09-25T23:49:59.370676Z,github.com/pennsieve/integration-service,v0.0.0-20260925181446-6a2acccf7769
2026-09-25T23:50:09.404667Z,github.com/PurpleAILAB/Decepticon/clients/launcher,v0.0.0-20260925220554-a04f96b282a0
2026-09-25T23:50:13.443771Z,github.com/beedsneeds/resilient-distributed-rideshare/proto,v0.0.0-20260923222719-1b1e3b9c2e99
2026-09-25T23:50:13.63919Z,github.com/beedsneeds/resilient-distributed-rideshare/services/ride,v0.0.0-20260923222719-1b1e3b9c2e99
2026-09-25T23:50:13.923849Z,github.com/beedsneeds/resilient-distributed-rideshare/services/matching,v0.0.0-20260923222719-1b1e3b9c2e99
2026-09-25T23:50:13.93512Z,github.com/beedsneeds/resilient-distributed-rideshare,v0.0.0-20260923222719-1b1e3b9c2e99
2026-09-25T23:50:14.196803Z,github.com/beedsneeds/resilient-distributed-rideshare/streaming,v0.0.0-20260923222719-1b1e3b9c2e99
2026-09-25T23:50:15.424Z,github.com/beedsneeds/resilient-distributed-rideshare/faultinject,v0.0.0-20260923222719-1b1e3b9c2e99
2026-09-25T23:50:24.095777Z,github.com/Azure/GPT-RAG,v3.8.10+incompatible
2026-09-25T23:50:27.197786Z,github.com/SpiderOak/webwormhole,v0.0.0-20210804192942-89534339cc1d
2026-09-25T23:50:29.416483Z,github.com/Spiderpig86/Cirrus,v0.7.1-0.20220609092713-a591feb37409
2026-09-25T23:50:33.033416Z,github.com/sonaropencommunity/sonar-cxx,v0.9.4-0.20260912071255-d53ae763b4ca
2026-09-25T23:50:33.786789Z,github.com/beefproject/beef,v0.0.0-20260922130307-ebca028b7284
2026-09-25T23:50:43.579655Z,github.com/spieglt/FlyingCarpet,v10.0.3-0.20260728042710-8b118ca7d7b3+incompatible
2026-09-25T23:50:46.610213Z,github.com/beefyfinance/beefy-contracts,v0.0.0-20260924052224-e33f868e2d99
2026-09-25T23:50:50.656906Z,github.com/roboflow/inference,v1.7.2
2026-09-25T23:50:51.314218Z,github.com/spikebike/Backups-Done-Right,v0.0.0-20260411093321-245d2be7e78b
2026-09-25T23:50:52.38676Z,github.com/beefyfinance/beefy-v2,v0.0.0-20260925110932-c7a6ceefce6b
2026-09-25T23:50:53.198532Z,github.com/rancher/fleet-e2e,v0.0.0-20260925154320-36a33c9ad1c1
2026-09-25T23:50:59.496009Z,github.com/SpikeInterface/spikeinterface,v0.0.0-20221021160650-c837b3bbbdea
2026-09-25T23:51:00.832027Z,github.com/SpikeInterface/probeinterface,v0.0.0-20260915155814-fa10da48a595
2026-09-25T23:51:08.012658Z,github.com/tritonDataCenter/monitor-reef,v0.0.0-20260618184822-059f119f4bc0
2026-09-25T23:51:10.20771Z,github.com/GoogleCloudPlatform/professional-services/tools/gcs2bq,v0.0.0-20260925212157-0b1f46caab81
2026-09-25T23:51:11.592965Z,github.com/polarn/waybar-modules,v0.0.0-20260925154224-5f10294b3162
2026-09-25T23:51:15.36095Z,github.com/beehive-lab/TornadoVM,v7.0.1+incompatible
2026-09-25T23:51:20.311732Z,github.com/PurpleAILAB/Decepticon,v0.0.0-20260925220554-a04f96b282a0
2026-09-25T23:51:20.945272Z,github.com/tdewolff/minify,v0.0.0-20171018234309-ffadf028a71d
2026-09-25T23:51:44.732935Z,github.com/contextkeepers/context-sdk/go,v0.1.0
2026-09-25T23:51:52.243428Z,github.com/speyll/dotfiles,v0.0.0-20260924173010-f43869c9a419
2026-09-25T23:51:54.712525Z,github.com/GoogleCloudPlatform/golang-samples/run/hello-broken,v0.0.0-20260925063751-66d63d774f04
2026-09-25T23:52:11.434782Z,github.com/ChurchCRM/CRM,v0.0.0-20260925232927-f2d3fd3306fd
2026-09-25T23:52:13.278899Z,github.com/juju/charm,v0.0.0-20200107170611-30a23819af30
2026-09-25T23:52:38.774456Z,github.com/purpleailab/decepticon/clients/launcher,v0.0.0-20260925220554-a04f96b282a0
2026-09-25T23:52:42.649169Z,github.com/raylsnetwork/rayls-sovereign-gnark-api,v0.0.0-20260820160824-67c4c2669601
2026-09-25T23:52:46.091164Z,github.com/corda/corda,v0.0.0-20260923082539-21b879fb78c0
2026-09-25T23:52:54.47056Z,github.com/bee-san/bee-san,v0.0.0-20260923185823-46f4926aebba
2026-09-25T23:53:02.348449Z,github.com/spotify/backstage,v1.55.2
2026-09-25T23:53:05.482539Z,github.com/games130/MicroProtocSIP,v0.0.0-20191211053922-8b700ebe4ce3
2026-09-25T23:53:07.701659Z,github.com/games130/MicroProtocRTCP,v0.0.0-20200712053558-e16b2d1caab2
2026-09-25T23:53:10.736153Z,github.com/beetbox/confuse,v2.3.0+incompatible
2026-09-25T23:53:11.436919Z,github.com/brendoncarroll/Go-state,v0.0.0-20241118200920-627c9c196901
2026-09-25T23:53:16.727394Z,github.com/cogos-dev/cogos/pkg/cogblock,v0.0.0-20260925144103-efa69d900cd1
2026-09-25T23:53:17.009837Z,github.com/beetlebugorg/tile57/bindings/go,v0.0.0-20260923160305-69b3b1adcf61
2026-09-25T23:53:27.678025Z,github.com/beeware/briefcase-IOS-Xcode-template,v0.0.0-20260923214505-27d38f30bf7f
2026-09-25T23:53:30.749826Z,github.com/beeware/briefcase-windows-app-template,v0.0.0-20260922231306-35ddb986ad7a
2026-09-25T23:53:32.105849Z,github.com/cloudflare/ebpf_exporter/v2,v2.5.2-0.20260912025624-8dc696fdf813
2026-09-25T23:53:37.246872Z,github.com/purpleailab/decepticon,v1.1.47
2026-09-25T23:53:39.816657Z,github.com/kubernetes-sigs/aws-efs-csi-driver,v1.7.8-0.20260925170031-002865017427
2026-09-25T23:53:43.785024Z,github.com/beezeelinx/couchdb-golang,v0.0.0-20260922100704-3f76cc727a74
2026-09-25T23:53:49.4836Z,github.com/fanaticscripter/egg,v0.0.0-20260925160113-825bd3435a8f
2026-09-25T23:53:51.882533Z,github.com/Beforerr/repld,v1.4.0
2026-09-25T23:53:53.276032Z,github.com/stevegeek/lever,v0.24.0
2026-09-25T23:54:06.05759Z,github.com/a3mitskevich/fontext,v0.0.0-20260925234911-105315124c3c
2026-09-25T23:54:07.145236Z,vitess.io/vitess,v0.0.0-20220613200126-fc4c09eee443
2026-09-25T23:54:10.940516Z,github.com/OpenContainers/runc,v1.5.2
2026-09-25T23:54:10.980952Z,github.com/tactical-agent-neural-knowledge/contracts,v0.0.0-20260925234600-873e32785f84
2026-09-25T23:54:21.105974Z,github.com/beetlebugorg/tile57,v0.0.0-20260923160305-69b3b1adcf61
2026-09-25T23:54:28.911285Z,github.com/BtbN/ffmpeg-builds,v0.0.0-20260925120811-58cc05f33c20
2026-09-25T23:54:39.021141Z,github.com/beforerr/repld,v1.4.0
2026-09-25T23:54:40.171833Z,github.com/saracen/gobuildcache,v0.0.0-20260925234042-b83463bdc426
2026-09-25T23:54:44.157461Z,github.com/celestiaorg/cosmos-sdk/store,v1.1.3-celestia.3
2026-09-25T23:54:46.75442Z,github.com/celestiaorg/cosmos-sdk,v0.52.12
2026-09-25T23:54:48.004908Z,github.com/boundlessgeo/mapbox-to-css-font,v3.2.1+incompatible
2026-09-25T23:54:48.898118Z,github.com/SpinalHDL/VexiiRiscv,v0.0.0-20251219132449-fc927f9311a0
2026-09-25T23:54:50.882323Z,github.com/spimort/TerraBrush,v0.0.0-20260221224338-fe7170f392c1
2026-09-25T23:54:53.694613Z,github.com/SpinaNico/einvoice,v0.2.3-0.20240423105209-311af715ba5e
2026-09-25T23:54:58.099033Z,github.com/Spine-project/Spine-Toolbox,v0.4.2-alpha.0.0.20211102064608-279aa6a0f249
2026-09-25T23:54:59.132587Z,github.com/SpineEventEngine/documentation,v0.0.0-20251219134029-fa2a7bc2f266
2026-09-25T23:55:04.550791Z,github.com/opendatacube/datacube-explorer,v0.0.0-20260925221532-ec07b00bb9b3
2026-09-25T23:55:09.688964Z,github.com/hangxie/parquet-tools,v1.55.3
2026-09-25T23:55:09.981101Z,github.com/behaviorengineering/typology,v0.1.4
2026-09-25T23:55:14.849213Z,github.com/traefik/traefik/v3,v3.7.14-0.20260925123406-f08964179357
2026-09-25T23:55:18.826318Z,github.com/SpineEventEngine/validation,v0.0.0-20260223195333-25d0d9ecd6a9
2026-09-25T23:55:20.754295Z,github.com/ComunHQ/render,v0.1.3
2026-09-25T23:55:24.641388Z,github.com/ahoy-cli/ahoy/v3,v3.0.2
2026-09-25T23:55:24.741782Z,github.com/eastwesser/event-horizon/services/billing,v0.0.0-20260925230307-0e4bedbb7ded
2026-09-25T23:55:32.459672Z,github.com/SpiNNakerManchester/SpiNNMachine,v0.0.0-20260720145939-f839db5849d1
2026-09-25T23:55:36.130763Z,github.com/thomashabets/qpov,v0.0.0-20260922152555-8dee53b88d71
2026-09-25T23:55:37.696387Z,github.com/cplieger/vibekit,v0.9.43
2026-09-25T23:55:46.130853Z,github.com/SpineEventEngine/core-java,v1.7.1-0.20240318122530-0a4b2fbdebf1
2026-09-25T23:55:46.910309Z,github.com/googlecloudplatform/professional-services/examples/spanner-interleave-subquery,v0.0.0-20260925212157-0b1f46caab81
2026-09-25T23:55:52.619804Z,github.com/SpiNNakerManchester/SupportScripts,v0.0.0-20260724071609-6e3dde799400
2026-09-25T23:56:02.325978Z,github.com/anthropics/claude-plugins-official,v0.0.0-20260925231223-fa59bc903774
2026-09-25T23:56:05.887146Z,github.com/spiral/Endure,v1.0.0-beta9.0.20201103100030-39347f35990d
2026-09-25T23:56:06.066736Z,github.com/letsencrypt/Boulder,v0.0.0-20160602212837-190ff2577d18
2026-09-25T23:56:08.770789Z,github.com/alexfalkowski/go-service-template,v1.936.0
2026-09-25T23:56:17.360616Z,github.com/mlibrary/cozy-sun-bear,v0.0.0-20190607150621-21197578ee2c
2026-09-25T23:56:17.697076Z,github.com/Azure/azure-sdk,v0.0.0-20260925233614-f5c337f26985
2026-09-25T23:56:21.177495Z,github.com/beijixiaohu/OJBetter,v0.0.0-20260924031158-860106c63ef7
2026-09-25T23:56:27.802561Z,github.com/SpiNNakerManchester/sPyNNaker,v0.0.0-20260505070536-72a85b04f47d
2026-09-25T23:56:29.505922Z,github.com/azure/cyclecloud-pbspro,v0.0.0-20260925142657-baaef8700c3a
2026-09-25T23:56:33.542588Z,github.com/azure/openapi-diff,v0.0.0-20260925122216-b6ed106a69bd
2026-09-25T23:56:35.187357Z,github.com/beingpax/voiceink,v0.0.0-20260925061428-82bbaede2562
2026-09-25T23:56:36.564311Z,github.com/SpiralP/chatsounds-cli,v0.6.2-0.20260810131751-badbacfd3716
2026-09-25T23:56:37.465031Z,github.com/julien040/anyquery/plugins/trello,v0.0.0-20260923063855-0786149d9879
2026-09-25T23:56:38.00746Z,github.com/Spirals-Team/docker-g5k,v0.0.0-20170704133902-6d79b4068c26
2026-09-25T23:56:40.638073Z,github.com/shibukawa/pgmem,v0.1.4
2026-09-25T23:56:49.184516Z,github.com/spiritLHLS/ecsspeed,v0.0.0-20260827042809-b05ef976a93d
2026-09-25T23:56:49.384098Z,github.com/mozilla/crlite/go,v0.0.0-20221005190314-42eec430b6ed
2026-09-25T23:56:50.264034Z,github.com/Spirent/openperf,v0.0.0-20260226025000-b71d40493f20
2026-09-25T23:56:50.31349Z,github.com/spiritLHLS/lxc,v0.0.0-20250705065942-826f5fc9e764
2026-09-25T23:56:50.666212Z,github.com/krexind/quant-trading,v0.0.0-20260925222614-820060ad0047
2026-09-25T23:56:55.502043Z,github.com/trufnetwork/kwil-db/core,v0.4.3-0.20260925235123-eb765df9c053
2026-09-25T23:56:55.640611Z,github.com/trufnetwork/kwil-db,v0.10.3-0.20260925235123-eb765df9c053
2026-09-25T23:56:59.977724Z,github.com/SpiritOfStallman/herots,v1.0.1-0.20150823162348-7683b42e703b
2026-09-25T23:57:01.692276Z,github.com/bejix/upstream-ops,v0.0.10
2026-09-25T23:57:01.91714Z,github.com/dmikalova/project-standards,v1.27.0
2026-09-25T23:57:04.034679Z,github.com/solarlune/resolv,v0.0.0-20241029231539-e0e2dbc9242b
2026-09-25T23:57:08.117416Z,github.com/soneso/stellar-ios-mac-sdk,v0.0.0-20260923185330-728bd4a4f059
2026-09-25T23:57:12.967562Z,github.com/spitfiregg/RTUI_chatbot,v0.0.0-20250707135132-2f545ff06a07
2026-09-25T23:57:15.300151Z,github.com/somas2021/react-go,v0.0.0-20211228192023-5be5cc70d74b
2026-09-25T23:57:18.646833Z,github.com/SplaatSites/guac,v0.0.0-20260509154555-f728c9181842
2026-09-25T23:57:20.557594Z,github.com/benileo/Boulder,v0.0.0-20160928161639-58bac8470709
2026-09-25T23:57:25.177828Z,github.com/Splidejs/vue-splide,v0.0.0-20211109191148-e0e1caf65776
2026-09-25T23:57:26.014101Z,github.com/Eastwesser/event-horizon/services/billing,v0.0.0-20260925230307-0e4bedbb7ded
2026-09-25T23:57:32.907401Z,k8s.io/code-generator/examples,v0.0.0-20260925221520-97939d943937
2026-09-25T23:57:35.786808Z,github.com/aws/amazon-vpc-cni-k8s/test/agent,v0.0.0-20260925235124-c3eccbcbd5ce
2026-09-25T23:57:39.076012Z,github.com/octelium/octelium/cluster/nodeinit,v0.0.0-20260925162252-f398e31a76a8
2026-09-25T23:57:42.641096Z,github.com/envoyproxy/envoy/test/extensions/dynamic_modules/test_data/go,v0.0.0-20260925234821-d28c334943a5
2026-09-25T23:57:47.07982Z,github.com/doudou-start/airgate-sdk,v0.0.0-20260423130428-ec34c58894e1
2026-09-25T23:57:47.140229Z,github.com/teamtinvio/jaz-ai,v5.74.1+incompatible
2026-09-25T23:57:48.522878Z,github.com/azure/sdk,v0.0.0-20260925233614-f5c337f26985
2026-09-25T23:57:54.433811Z,github.com/SplitStackServer/splitstack-grpc-api,v0.0.0-20251204182401-72937f3b0920
2026-09-25T23:57:55.693955Z,github.com/MANTRA-CHAIN/cosmos-sdk,v0.53.4-mantra
2026-09-25T23:57:57.406588Z,github.com/belaban/JGroups,v0.0.0-20260924091400-496346519fef
2026-09-25T23:57:58.830928Z,github.com/Splizard/imgui,v0.0.0-20210911035901-0232dde6a04f
2026-09-25T23:58:02.10636Z,github.com/mozilla/crlite,v0.0.0-20221005190314-42eec430b6ed
2026-09-25T23:58:06.923356Z,github.com/aws/amazon-vpc-cni-k8s,v0.0.0-20260925235124-c3eccbcbd5ce
2026-09-25T23:58:07.336362Z,github.com/cogos-dev/cogos/sdk,v0.0.0-20260925144103-efa69d900cd1
2026-09-25T23:58:12.779088Z,github.com/kurenaif/kurenaifctf,v0.0.0-20260401061143-2c83a34cd955
2026-09-25T23:58:15.016613Z,github.com/Splode/pomotroid,v1.2.1-0.20260318031712-6a9ce651b44f
2026-09-25T23:58:17.007892Z,github.com/splkm97/ONUWF,v0.0.0-20210604055257-d344730b3794
2026-09-25T23:58:24.897602Z,github.com/belav/csharpier,v0.0.0-20260925203801-4da7d6beb271
2026-09-25T23:58:30.772275Z,github.com/Splunk/splunk-connect-for-snmp,v0.0.0-20251003123921-ae117d639661
2026-09-25T23:58:31.471655Z,github.com/10sectw/10sectw.github.io,v0.0.0-20210307154655-19d1b1038dab
2026-09-25T23:58:51.662892Z,github.com/spmedia/Crypto-Scam-and-Crypto-Phishing-Threat-Intel-Feed,v0.0.0-20250617130058-0ed6bf24cd1b
2026-09-25T23:58:56.234992Z,github.com/BelfrySCAD/BOSL2,v2.0.760+incompatible
2026-09-25T23:59:06.228969Z,github.com/Aide-family/Magicbox,v0.0.1
2026-09-25T23:59:24.038333Z,github.com/Spomky-Labs/otphp,v0.0.0-20260606234124-877683d6352b
2026-09-25T23:59:24.613013Z,github.com/Spomky-Labs/cbor-php,v0.0.0-20260401121520-dd6eb84e6d92
2026-09-25T23:59:25.277365Z,github.com/spinnakermanchester/spinnmachine,v0.0.0-20260925124131-69b2c5fce746
2026-09-25T23:59:26.536273Z,github.com/sonarr/sonarr,v0.0.0-20260925231447-1580ff87c143
2026-09-25T23:59:27.894082Z,github.com/spondanai/AiGameSave,v0.0.0-20260429085617-76d04e685387
2026-09-25T23:59:29.863609Z,github.com/spoNge369/ldap,v0.0.0-20220924044144-91eb9f07f0b7
2026-09-25T23:59:29.980468Z,github.com/spondanai/FileStreamKit,v0.1.3-0.20251015030648-8145fd7748e6
2026-09-25T23:59:33.500628Z,github.com/SpongePowered/Configurate,v0.0.0-20230102205848-f3a2441f6c5f
2026-09-25T23:59:41.385009Z,github.com/SpongePowered/Mixin,v0.0.0-20211104203303-1e1aa7fb52de
2026-09-25T23:59:47.683638Z,github.com/sawmills/opentelemetry-collector-contrib/exporter/loadbalancingexporter,v0.149.0-sawmills.54.0.20260923061811-f3319c2bd3ec
2026-09-25T23:59:51.409021Z,github.com/SpongePowered/SpongeForge,v4.0.0+incompatible
2026-09-25T23:59:51.64514Z,github.com/comunhq/render,v0.1.3
2026-09-25T23:59:52.44427Z,github.com/SpongePowered/SpongeCommon,v11.0.0+incompatible
2026-09-25T23:59:56.812315Z,github.com/SpongePowered/SpongeHome,v0.0.0-20161003150714-248b564a1cf6
2026-09-26T00:00:05.220808Z,github.com/spoonwep/PayPal-Go-SDK,v1.1.5-0.20190519041119-7cb93b74966e
2026-09-26T00:00:06.555784Z,github.com/SponsorPay/aerospike-client-go,v1.39.1-0.20220518165952-b936c147db0d
2026-09-26T00:00:07.738021Z,github.com/SporeFramework/spore,v0.0.0-20210305214016-79ffc90233f5
2026-09-26T00:00:15.812251Z,github.com/9swampy/react-google-recaptcha,v3.2.0-rc6+incompatible
2026-09-26T00:00:16.837225Z,github.com/tangcent/apilot/api-collector,v0.0.0-20260925133653-3f2e23101e3c
2026-09-26T00:00:17.775227Z,github.com/ballerina-platform/module-ballerina-http,v2.15.9+incompatible
2026-09-26T00:00:20.824198Z,github.1485827954.workers.dev/digitalocean/doctl,v1.175.0
2026-09-26T00:00:24.263129Z,github.com/camilbinas/gude-agents/agent/metrics/otel,v0.83.2
2026-09-26T00:00:24.84453Z,github.com/Spot-Canvas/ledger,v0.4.1-0.20260302154033-c47751be37d2
2026-09-26T00:00:26.617238Z,github.com/belfryscad/bosl2,v2.0.760+incompatible
2026-09-26T00:00:26.776226Z,github.com/splunk/splunk-connect-for-snmp,v1.18.0-beta.4
2026-09-26T00:00:28.444914Z,github.com/spotbye/SpotiFLAC,v0.0.0-20260426003340-0093df6016a1
2026-09-26T00:00:30.018764Z,github.com/skosovsky/prompty/remoteregistry/git,v0.0.0-20260302054913-346f42d39d18
2026-09-26T00:00:35.540513Z,github.com/dfcreative/svg-path-sdf,v0.0.0-20250305042405-f33a8e1766f3
2026-09-26T00:00:35.853341Z,github.com/backstage/backstage,v1.50.7
2026-09-26T00:00:38.661244Z,github.com/Eastwesser/event-horizon/services/inventory,v0.0.0-20260925230307-0e4bedbb7ded
2026-09-26T00:00:40.442475Z,github.com/spotiflacapp/SpotiFLAC-Mobile,v4.9.6-0.20260901082513-a0aa99f24df8+incompatible
2026-09-26T00:00:42.142864Z,github.com/spotiflacapp/SpotiFLAC-Mobile/go_backend,v0.0.0-20260901082513-a0aa99f24df8
2026-09-26T00:00:44.449444Z,github.com/SpotIM/elastic,v0.0.0-20201012164228-6c0e0855127c
2026-09-26T00:00:48.026888Z,github.com/JuliaLang/julia,v1.13.1
2026-09-26T00:00:56.564692Z,github.com/vmware-tanzu/cartographer-conventions/samples/spring-convention-server,v0.0.0-20260922141629-8d7750526511
2026-09-26T00:00:57.590055Z,github.com/benpate/hannibal,v0.37.0
2026-09-26T00:01:02.070633Z,github.com/wtf-leetcode-team/daily-lc,v0.0.0-20260925201028-a0d52b5bf3a9
2026-09-26T00:01:03.458071Z,github.com/sebiee/frp,v0.71.1-0.20260925221814-c74265a6eba0
2026-09-26T00:01:05.201616Z,github.com/KirkDiggler/rpg-toolkit/examples/perception,v0.0.0-20260925234858-41bf159b270f
2026-09-26T00:01:05.885254Z,go.acuvity.ai/bahamut,v0.0.0-20260925165512-4346917b0c2d
2026-09-26T00:01:06.499252Z,github.com/KirkDiggler/rpg-toolkit,v0.0.0-20260925234858-41bf159b270f
2026-09-26T00:01:06.942472Z,github.com/sonarsource/sonar-plugin-api,v0.0.0-20260923085120-61438fd6083a
2026-09-26T00:01:11.277424Z,github.com/Hashicorp/terraform,v1.16.4
2026-09-26T00:01:22.579899Z,github.com/skosovsky/prompty,v0.0.0-20260302054913-346f42d39d18
2026-09-26T00:01:23.44081Z,github.com/njbrake/agent-of-empires,v1.17.2
2026-09-26T00:01:32.073613Z,github.com/benbalter/benbalter.github.com,v0.0.0-20260925150117-1a2ac95f7a88
2026-09-26T00:01:33.80079Z,github.com/pulumi/registry,v0.0.0-20260925234907-53066c08fb0f
2026-09-26T00:01:36.204837Z,github.com/spineeventengine/core-java,v1.7.1-0.20260924123311-ea3067b13793
2026-09-26T00:01:38.129516Z,github.com/laoshanxi/app-mesh,v0.0.0-20260925234649-cb38bd386444
2026-09-26T00:02:05.291619Z,gopkg.in/gin-contrib/cors.v1,v1.0.0-20180828005559-6653abe07894
2026-09-26T00:02:07.733789Z,github.com/spinanico/einvoice,v0.2.5-0.20260617085705-9b57adebcf8b
2026-09-26T00:02:19.740603Z,github.com/benbrandt/text-splitter,v0.33.0
2026-09-26T00:02:20.108686Z,github.com/spring-ai-alibaba/DataAgent,v0.0.0-20251230033952-04a66a983c5c
2026-09-26T00:02:25.757213Z,github.com/openshift-online/kube-applier-gcp,v0.0.0-20260925164728-1a75ecd8a8a8
2026-09-26T00:02:28.486102Z,github.com/go-vikunja/vikunja,v1.1.1-0.20260924160612-124dcc993a92
2026-09-26T00:02:30.476902Z,github.com/Sprazuto/project-de/api,v0.0.0-20251109111755-aabb4eda024e
2026-09-26T00:02:48.526544Z,github.com/eslint/json,v0.0.0-20260925152824-c6af8f667d3d
2026-09-26T00:02:55.1784Z,github.com/tangcent/apilot,v0.0.0-20260925133653-3f2e23101e3c
2026-09-26T00:03:27.815588Z,github.com/Templum/rabbitmq-connector,v1.0.10-0.20250625115849-f4403c0f09be
2026-09-26T00:03:34.965591Z,github.com/julialang/julia,v1.13.1
2026-09-26T00:03:45.27664Z,github.com/apis-guru/awesome-openapi3,v0.0.0-20260926000228-0e0e95a6314c
2026-09-26T00:03:46.055346Z,github.com/spotiflacapp/spotiflac-mobile,v5.0.0+incompatible
2026-09-26T00:03:50.238573Z,github.com/azure/taugrid,v0.0.0-20260925093725-c54cc786e287
2026-09-26T00:03:52.181335Z,github.com/SpruceWillis/nvidia-finder,v0.0.0-20201116054742-a92e0a79f6f3
2026-09-26T00:03:53.40203Z,github.com/brimdata/zed,v0.0.0-20210304020811-8fcbfbc2841a
2026-09-26T00:04:02.937265Z,github.com/SPSOAFM-IT18/dmp-plant-hub,v0.0.0-20220113230141-122044c39761
2026-09-26T00:04:07.095745Z,github.com/sps014/FFmpegBlazor,v0.0.0-20260114165042-4c49685524e6
2026-09-26T00:04:16.566692Z,buf.build/gen/go/ticctech/case/protocolbuffers/go,v1.36.12-20260926000120-9b1fe0727a72.2
2026-09-26T00:04:19.266078Z,github.com/SPSOAFM-IT18/dmp-plant-hub/server,v0.0.0-20220303172731-c5cb533f0675
2026-09-26T00:04:21.535325Z,github.com/unikorn-cloud/identity,v1.20.0-rc1.0.20260925162014-f1c685401cf7
2026-09-26T00:04:23.872835Z,github.com/templum/rabbitmq-connector,v1.0.10-0.20250625115849-f4403c0f09be
2026-09-26T00:04:32.437205Z,github.com/kterui9019/n4n,v0.0.0-20260926000416-4a6ede6b7c67
2026-09-26T00:04:42.103437Z,github.com/borisyankov/definitelytyped,v0.0.0-20260925220214-e57d35d28468
2026-09-26T00:04:46.39227Z,github.com/onebusaway/maglev,v0.0.0-20260925222232-aa38b2077f61
2026-09-26T00:04:49.275011Z,github.com/spurious/SDL-mirror,v0.0.0-20201204234728-70dc36884a0f
2026-09-26T00:05:11.502763Z,github.com/ocicl/ocicl,v2.20.0+incompatible
2026-09-26T00:05:12.411539Z,github.com/nickpell/celery,v4.1.2-0.20190517210415-dc7253614fd8+incompatible
2026-09-26T00:05:12.864613Z,github.com/Tianyicui/pack,v0.0.0-20120508041012-cf599547849f
2026-09-26T00:05:23.978283Z,github.com/Roosephu/project-euler,v0.0.0-20180526203711-a8114812ff7e
2026-09-26T00:05:31.12478Z,github.com/LerianStudio/lib-observability/v4,v4.6.1
2026-09-26T00:05:37.67576Z,github.com/ethicalml/awesome-artificial-intelligence-guidelines,v0.0.0-20260923165932-6aba875a10bb
2026-09-26T00:05:44.028984Z,github.com/VictoriaMetrics/VictoriaMetrics,v1.152.1-0.20260925133939-3acd30be3427
2026-09-26T00:05:49.311141Z,github.com/ninech/apis,v0.0.0-20260925113717-727077ce3da3
2026-09-26T00:05:50.322186Z,github.com/agentrq/agentrq,v0.8.1
2026-09-26T00:05:51.980469Z,github.com/prometheus/node_exporter,v1.12.1-0.20260925131509-60ce437b9c73
2026-09-26T00:05:56.030502Z,github.com/lerianstudio/lib-observability/v4,v4.6.1
2026-09-26T00:06:05.161144Z,github.com/hwoongkang/react-konva,v16.8.6+incompatible
2026-09-26T00:06:14.65972Z,github.com/charles-wangkai/codeforces,v0.0.0-20260925001837-c13bcdaae361
2026-09-26T00:06:23.002947Z,github.com/jorgev92/codeforces,v0.0.0-20260925232714-c0ea805053d5
2026-09-26T00:06:25.61026Z,github.com/mazen-4/codeforces-performance-analyzer,v0.0.0-20260922173341-fd250a5db88c
2026-09-26T00:06:31.17881Z,github.com/rlatjwls7882/codeforces,v0.0.0-20260925180124-43f403794f3f
2026-09-26T00:06:43.220092Z,github.com/Rezagh/algorithms,v0.0.0-20260213011159-ebf389ebcc7c
2026-09-26T00:06:45.870763Z,github.com/kirkdiggler/rpg-toolkit/examples/perception,v0.0.0-20260925234858-41bf159b270f
2026-09-26T00:06:52.252071Z,github.com/alh477/demod-communication-framework/go,v0.0.0-20260925062720-99baf3f49e0f
2026-09-26T00:07:08.795109Z,github.com/frathe/gav1d,v0.2.5
2026-09-26T00:07:12.532365Z,github.com/benpate/sherlock,v0.17.0
2026-09-26T00:07:20.740504Z,github.com/onelittlenightmusic/MyWant,v0.17.4
2026-09-26T00:07:22.074232Z,github.com/victoriametrics/victoriametrics,v1.152.1-0.20260925133939-3acd30be3427
2026-09-26T00:07:31.173332Z,github.com/kirkdiggler/rpg-toolkit,v0.0.0-20260925234858-41bf159b270f
2026-09-26T00:07:32.717883Z,github.com/onelittlenightmusic/mywant,v0.17.4
2026-09-26T00:07:34.477061Z,github.com/palantir/witchcraft-api,v0.0.0-20260925235209-6f1efec941cd
2026-09-26T00:07:34.797544Z,github.com/seaweedfs/seaweedfs,v0.0.0-20260926000039-2f6c23723822
2026-09-26T00:07:34.856216Z,github.com/mike-ward/go-map,v0.16.0
2026-09-26T00:07:35.1425Z,github.com/equal-vote/bettervoting,v0.0.0-20260925191126-fe6050eca795
2026-09-26T00:07:38.786423Z,github.com/mendsec/vp8,v0.0.0-20260925215418-e9950ee4a30d
2026-09-26T00:07:49.674Z,github.com/onelittlenightmusic/gochain,v0.17.4
2026-09-26T00:07:56.67808Z,github.com/northwood-labs/cli-helpers,v0.0.0-20260925231501-f34de58ce24d
2026-09-26T00:07:59.616279Z,github.com/hazyhaar/codec55,v0.0.0-20260922202734-4ec74002009c
2026-09-26T00:07:59.927505Z,github.com/Nigel2392/go-signals,v1.1.9
2026-09-26T00:08:05.790647Z,github.com/evictedcucumber/packwiz,v0.0.0-20260922213502-b479bcd061b4
2026-09-26T00:08:08.592388Z,github.com/benjamimgois/goverlay,v0.0.0-20260925005605-4be655445338
2026-09-26T00:08:10.317369Z,github.com/nigel2392/go-signals,v1.1.9
2026-09-26T00:08:10.783848Z,github.com/spycat55/BitSeal_Protocol,v0.2.1-0.20250908100946-d60fbc44d0f3
2026-09-26T00:08:16.738633Z,github.com/SpyglassMC/vanilla-mcdoc,v0.0.0-20260915194529-55c610da6a94
2026-09-26T00:08:16.984985Z,github.com/palantir/dialogue,v0.0.0-20260925235353-db6923a17123
2026-09-26T00:08:17.342454Z,github.com/palantir/conjure,v0.0.0-20260925235309-bfd0fdd12c1b
2026-09-26T00:08:19.682899Z,github.com/Spynacz/deej,v0.0.0-20231011193557-ab1a53a776a5
2026-09-26T00:08:27.66816Z,github.com/fortesinformatica/fortesreport-ce,v0.0.0-20260922173454-888e387faca5
2026-09-26T00:08:30.706272Z,github.com/thetestcoder/caddy-db-sites-transport,v0.0.0-20260925235244-4f0e18fb7782
2026-09-26T00:08:31.183287Z,github.com/didarul-codes/codeforces-companion,v2.0.2-0.20260925154141-31db95585e45+incompatible
2026-09-26T00:08:31.95567Z,github.com/benjamincburns/websockproxy,v0.1.0
2026-09-26T00:08:36.469388Z,github.com/benjaminchristie/reader.bchr.xyz,v0.0.0-20260924022319-7c787853a691
2026-09-26T00:08:39.005742Z,github.com/benjamin-davies/benjamin-davies.github.io,v0.0.0-20260925215124-315eb26e050f
2026-09-26T00:08:41.520761Z,github.com/manhhomienbienthuy/codeforces,v0.0.0-20260924011932-b1fc76b0f277
2026-09-26T00:08:42.16735Z,github.com/kushalagrawal176/codeforces-spark,v0.0.0-20260925132555-42de10fb6ac1
2026-09-26T00:08:46.081986Z,github.com/nilanshucodes/codeforces-rating-cli,v1.0.1-0.20260516044942-566b32af0105
2026-09-26T00:08:46.942891Z,github.com/frathe/h265,v0.2.2
2026-09-26T00:09:08.696957Z,github.com/sailfishos-mirror/librsvg,v0.0.0-20260925221732-518ce147f6ed
2026-09-26T00:09:15.118163Z,github.com/sametbrr/dotnet-api-mcp,v2.3.1+incompatible
2026-09-26T00:09:20.542757Z,github.com/janmasarik/resolvers,v0.0.0-20260925230034-cbdb3c7dee3f
2026-09-26T00:09:51.546064Z,github.com/coredns/coredns,v1.14.8-0.20260924000202-95484f76edd9
2026-09-26T00:09:59.170948Z,github.com/GoogleCloudPlatform/compute-image-tools/go/e2e_test_utils,v0.0.0-20260925231054-82321032beb8
2026-09-26T00:10:11.36795Z,github.com/binance/binance-connector-go/clients/derivativestradingportfoliomargin,v1.18.1
2026-09-26T00:10:20.695248Z,github.com/gonum/matrix,v0.0.0-20160226012302-c59f9ad218bb
2026-09-26T00:10:22.998521Z,github.com/stella/stella,v0.9.38
2026-09-26T00:10:31.869763Z,github.com/seaweedfs/seaweedfs/test/kafka,v0.0.0-20260926000039-2f6c23723822
2026-09-26T00:11:04.1551Z,github.com/xeeynamo/sotn-decomp/tools/sotn-assets,v0.0.0-20260925235625-5279c8403cfe
2026-09-26T00:11:11.238082Z,github.com/grame-cncm/faust,v0.0.0-20260925151706-74daa272658c
2026-09-26T00:11:16.361541Z,github.com/wenzhixin/bootstrap-table,v0.0.0-20260926000042-d91c36a6a19d
2026-09-26T00:11:24.693564Z,github.com/sqlpage/SQLPage,v0.35.2-0.20250525233048-61677ab5b7d8
2026-09-26T00:11:25.84493Z,github.com/defilantech/LLMKube,v0.9.30
2026-09-26T00:11:30.878343Z,github.com/SQLMEsh/sqlmesh,v0.236.3-0.20260909012944-c0ae2db9bbd1
2026-09-26T00:11:37.72707Z,gitlab.com/freedesktop-sdk/mirrors/gnome/librsvg,v0.0.0-20260925221732-518ce147f6ed
2026-09-26T00:11:38.414998Z,github.com/TheJambo/awesome-testing,v0.0.0-20260925204443-95140a8950d2
2026-09-26T00:11:46.303073Z,github.com/fini-net/fini-coredns-example,v0.0.0-20260925172733-9732f8e0f146
2026-09-26T00:11:49.702157Z,github.com/palantir/conjure-java-runtime,v0.0.0-20260925233229-2bfbbdabcd01
2026-09-26T00:11:53.386755Z,github.com/sdr-enthusiasts/plane-alert-db,v0.0.0-20260923093431-f7b46dbdeb29
2026-09-26T00:11:58.079162Z,github.com/dernate/gopcxmlda,v1.3.0
2026-09-26T00:11:59.918555Z,github.com/frida/frida-clr,v0.0.0-20260925111542-491e3928a563
2026-09-26T00:12:00.413506Z,github.com/inaridiy/webforai,v1.0.1
2026-09-26T00:12:01.443298Z,github.com/SquadcastHub/awesome-sre-tools,v0.0.0-20230312031744-bc303c5b48a4
2026-09-26T00:12:05.367886Z,github.com/Squadrick/shadesmar,v0.0.0-20220729064424-748485a3df15
2026-09-26T00:12:06.181404Z,github.com/Squadrick/summarydb,v0.0.0-20210413173006-1bcf5fc8d0b9
2026-09-26T00:12:07.128118Z,github.com/BennyThadikaran/BseIndiaApi,v3.3.3+incompatible
2026-09-26T00:12:08.123042Z,github.com/xeeynamo/sotn-decomp,v0.0.0-20260925235625-5279c8403cfe
2026-09-26T00:12:11.190877Z,github.com/ushineko/fynedesygn,v0.1.45
2026-09-26T00:12:14.834894Z,github.com/xeeynamo/sotn-decomp/tools/sotn-disk,v0.0.0-20260925235625-5279c8403cfe
2026-09-26T00:12:14.92911Z,github.com/yangseungwon/polis-korea,v0.0.0-20260926001002-cc5c014bc1bf
2026-09-26T00:12:15.291176Z,github.com/xeeynamo/sotn-decomp/tools/gfxsotn,v0.0.0-20260925235625-5279c8403cfe
2026-09-26T00:12:16.358243Z,github.com/laxcorp-research/project-raven,v2.5.0+incompatible
2026-09-26T00:12:24.812997Z,github.com/cloudfoundry/garden-runc-release,v1.100.0
2026-09-26T00:12:26.327697Z,github.com/bennythadikaran/bseindiaapi,v3.3.3+incompatible
2026-09-26T00:12:27.232236Z,github.com/Squalr/Squalr,v0.0.0-20260103011049-a83929efc82e
2026-09-26T00:12:28.02376Z,github.com/square/PonyDebugger,v0.1.0-alpha1.0.20120901062533-c669119c9e00
2026-09-26T00:12:33.265861Z,github.com/square/Valet,v0.0.0-20260220153013-246baf6be3f9
2026-09-26T00:12:39.421131Z,github.com/apache/pulsar,v0.0.0-20260925235536-963830c223a2
2026-09-26T00:12:41.684529Z,github.com/Cortexproject/Cortex,v1.14.1
2026-09-26T00:12:46.613915Z,github.com/Squeakalus/discord-webhooks,v0.0.0-20210607072550-52349c0251bb
2026-09-26T00:12:50.379799Z,mygithub.libinneed.workers.dev/blinklabs-io/dingo,v0.73.1
2026-09-26T00:12:58.062193Z,github.com/SquidDev-CC/copy-cat,v0.0.0-20251109132721-5c6ffeab94fb
2026-09-26T00:12:58.240743Z,github.com/squidKid-deluxe/QTradeX-Algo-Trading-SDK,v0.0.0-20260624140416-5acc7fcbeaf0
2026-09-26T00:12:59.610563Z,github.com/algorand/go-algorand-sdk/v2,v2.12.1-0.20260923174408-895827468441
2026-09-26T00:13:01.032768Z,github.com/benoitpetit/signal-sdk,v0.0.0-20260925233008-31cacb36c05b
2026-09-26T00:13:04.764661Z,github.com/Squidwa2d/chat-room,v0.0.0-20260308160659-ee57a7e4efed
2026-09-26T00:13:05.49967Z,github.com/Squidex/squidex,v2.2.2-0.20241220212322-eca4f5e8c001+incompatible
2026-09-26T00:13:14.560979Z,github.com/pterm/pterm,v0.5.1-0.20201013124249-a1ba5c2c13b1
2026-09-26T00:13:21.919409Z,github.com/squizlabs/PHP_CodeSniffer,v0.0.0-20180726234718-628a48178056
2026-09-26T00:13:27.560168Z,github.com/sQVe/grove,v1.11.1-0.20260908112512-1de79d35408b
2026-09-26T00:13:35.625688Z,github.com/sanity-io/client,v8.7.0+incompatible
2026-09-26T00:13:35.719008Z,github.com/APIs-guru/awesome-openapi3,v0.0.0-20260926000228-0e0e95a6314c
2026-09-26T00:13:37.99435Z,github.com/AnomalyCo/opencode,v2.0.18+incompatible
2026-09-26T00:13:44.381015Z,github.com/Srar/govaluate,v1.5.1-0.20200902090326-cc796b462f7c
2026-09-26T00:13:46.729799Z,github.com/opendefender/openrisk/backend,v0.0.0-20260925112556-e1aafd53be8f
2026-09-26T00:13:54.456193Z,github.com/srbhr/Resume-Matcher,v0.1.1-alpha.0.20250609003653-efbc07855d97
2026-09-26T00:14:05.008918Z,github.com/Eastwesser/event-horizon/services/shop/proto,v0.0.0-20260925230307-0e4bedbb7ded
2026-09-26T00:14:06.105467Z,github.com/Sreejay-Reddy/Odyssey,v0.0.0-20260821204811-4e52ae379e1e
2026-09-26T00:14:10.119835Z,github.com/xunit/xunit,v0.0.0-20260925172112-3c5976ff1a2e
2026-09-26T00:14:12.23316Z,github.com/barghest-ngo/mesh,v0.0.0-20260922152910-1b49c3362874
2026-09-26T00:14:16.292565Z,github.com/Sreejay-Reddy/Odyssey/odyssey-go,v0.0.4
2026-09-26T00:14:21.429653Z,github.com/Eastwesser/event-horizon/services/billing/proto,v0.0.0-20260925230307-0e4bedbb7ded
2026-09-26T00:14:38.391732Z,github.com/SRI-CSL/libpoly,v0.2.2-0.20260526090930-c342ff1ad2f0
2026-09-26T00:14:46.614374Z,github.com/thejambo/awesome-testing,v0.0.0-20260925204443-95140a8950d2
2026-09-26T00:14:46.689725Z,github.com/bytedance/g3,v0.0.0-20260926001031-5a487bb6a0ee
2026-09-26T00:14:49.060042Z,github.com/SRI-CSL/PVS,v0.0.0-20250618184104-70a3758d9b6f
2026-09-26T00:14:49.969306Z,github.com/pypa/manylinux,v0.0.0-20260925201513-578a170d0c2e
2026-09-26T00:14:56.296769Z,github.com/anomalyco/opencode,v2.0.18+incompatible
2026-09-26T00:14:57.595142Z,github.com/antfu-collective/install-pkg,v2.1.0+incompatible
2026-09-26T00:15:20.805925Z,jihulab.com/linksaas/proto-gen-go,v0.0.0-20231110034459-fc57396ee344
2026-09-26T00:15:30.398436Z,github.com/bentley/rgbds,v1.0.4
2026-09-26T00:15:51.38352Z,github.com/SRI-CSL/yices2,v0.0.0-20240229040029-553897f5f339
2026-09-26T00:15:51.539107Z,github.com/srideep-banerjee/Advent-of-Code,v0.0.0-20231127060349-f034e5c4e857
2026-09-26T00:16:00.101653Z,github.com/kjkrol/gokg,v1.9.0
2026-09-26T00:16:23.271217Z,github.com/sriganeshres/workhub-pro/Backend,v0.0.0-20240317001522-58ba92732fe9
2026-09-26T00:16:25.310779Z,github.com/zachomedia/go-bdf,v0.0.0-20200629145524-fbe3dd96d03e
2026-09-26T00:16:32.21825Z,github.com/srikarjy/workflow-Engine,v0.0.0-20260815083628-51752d0289d2
2026-09-26T00:16:41.157355Z,github.com/somleng/somleng,v0.0.0-20260925233632-196429173467
2026-09-26T00:16:44.164663Z,github.com/api-platform/core,v5.0.1+incompatible
2026-09-26T00:16:48.40658Z,github.com/jamesbraid/unifi-emu,v0.5.6-0.20260914061929-a27a7d1dab38
2026-09-26T00:16:57.247216Z,github.com/tylerhelmuth/opentelemetry-collector/receiver/otlpreceiver,v0.0.0-20260924183631-3a2ae66dedac
2026-09-26T00:16:58.878793Z,github.com/srinehad5/AtCoder-contests,v0.0.0-20260907044918-daf5e6b1fb00
2026-09-26T00:17:00.813347Z,github.com/squidex/squidex,v2.2.2-0.20260921152004-19f14e80590b+incompatible
2026-09-26T00:17:02.707566Z,github.com/knu/ruby-domain_name,v0.6.20260921
2026-09-26T00:17:03.14194Z,github.com/config-syncer/config-syncer,v0.15.5
2026-09-26T00:17:10.969514Z,github.com/doorkeeper-gem/doorkeeper,v5.9.9+incompatible
2026-09-26T00:17:21.222498Z,github.com/SrivathsanNayak/ethical-hacking-notes,v0.0.0-20260822134305-8e3c54b71921
2026-09-26T00:17:21.939219Z,github.com/srjchsv/GoSyncFolders,v1.2.1-0.20220812213938-dc0915677fd3
2026-09-26T00:17:23.353784Z,github.com/sreejay-reddy/odyssey/odyssey-go,v0.0.52-0.20260924182316-127409d79127
2026-09-26T00:17:25.504301Z,github.com/sqve/grove,v1.12.1-0.20260925123109-b95f6a5a6cd0
2026-09-26T00:17:25.552662Z,github.com/bep/bep,v0.0.0-20260922054007-ce8bcdeeff50
2026-09-26T00:17:27.517938Z,github.com/shogo82148/actions-cfn-lint,v4.80.1+incompatible
2026-09-26T00:17:29.989802Z,github.com/srkdongare/AppByNic,v0.0.0-20220302174347-a5e3599d1af9
2026-09-26T00:17:30.698801Z,github.com/srjn45/FileDBv2,v0.3.1-0.20260703210401-566e51f791ef
2026-09-26T00:17:38.56553Z,github.com/srlemon/idSDK,v1.0.2-0.20220318040806-5f66ced9f563
2026-09-26T00:17:46.547346Z,github.com/SrS2225a/custom_uploader,v0.0.0-20260106063020-198bf44d1174
2026-09-26T00:17:58.727786Z,github.com/hathach/tinyusb,v0.0.0-20260925163857-d09de30223f3
2026-09-26T00:18:01.117651Z,github.com/pulumi/Pulumi/pkg/v3,v3.265.0
2026-09-26T00:18:02.562666Z,github.com/beppler/sproxy,v1.0.0
2026-09-26T00:18:18.977576Z,github.com/frappe/press,v0.137.0
2026-09-26T00:18:19.043735Z,github.com/ANmol1696/lens,v0.1.1-0.20230705212610-c00628a886a0
2026-09-26T00:18:20.765026Z,github.com/srsran/srsRAN,v0.0.0-20251022075935-1fab3df863f6
2026-09-26T00:18:23.002891Z,github.com/SRwasabi/ACO_att,v0.0.0-20251121200121-e28477f05281
2026-09-26T00:18:23.371097Z,github.com/rcgordon/sdl,v0.0.0-20260925230342-1d8262218f4d
2026-09-26T00:18:34.890967Z,github.com/felixge/node-tracy,v0.0.2
2026-09-26T00:18:45.085437Z,github.com/XIU2/TrackersListCollection,v0.0.0-20260926001715-b10a3e0e0807
2026-09-26T00:19:18.091285Z,chezmoi.io/chezmoi/v2,v2.52.3-0.20260925195405-57eb0f7e5572
2026-09-26T00:19:22.32624Z,github.com/wealdtech/go-ens,v0.0.0-20190307160056-43eefda25b12
2026-09-26T00:19:23.818045Z,github.com/SSENSE/vue-carousel,v0.17.1-0.20190317152429-1b094c43f36f
2026-09-26T00:19:26.227196Z,github.com/wealdtech/go-erc1820,v0.0.0-20190307160016-7f6cc8324233
2026-09-26T00:19:33.529466Z,github.com/songmu/rcpr,v1.21.1-0.20260924163944-6908e094c427
2026-09-26T00:19:33.949414Z,github.com/opencharly/plugin-kube/candy/plugin-kube,v0.2026268.2341
2026-09-26T00:19:34.177034Z,github.com/opencharly/plugin-egress/candy/plugin-egress,v0.2026269.4
2026-09-26T00:19:42.590756Z,github.com/dangduoc08/gooh,v0.0.0-20260925173133-13242d443476
2026-09-26T00:19:44.679789Z,github.com/sSelmann/celestia-core,v1.54.0-tm-v0.38.17.0.20260323123032-bf31a141a4b6
2026-09-26T00:19:49.912973Z,github.com/yebiguo/proofrun,v0.3.1-0.20260830163028-9ff6aa9b6ad3
2026-09-26T00:19:54.048044Z,github.com/SShadowS/claude-code-lsps/al-language-server-go,v0.0.0-20260910214944-f1b97c8cd5fb
