first_seen_at,module,version
2026-10-01T01:20:11.32734Z,github.com/asford/git-machete,v1.0.1
2026-10-01T01:20:11.666325Z,github.com/dwavesystems/dimod,v0.0.0-20210426184717-8bb03b36b866
2026-10-01T01:20:12.983806Z,github.com/stackexchange/dnscontrol/v5,v5.3.0
2026-10-01T01:20:15.128708Z,github.com/kangcifong/serverless-plugin-aws-contributor-insights,v0.0.0-20200602123341-a25ce1fdccf2
2026-10-01T01:20:15.602108Z,github.com/kanzwafir/request-tea-testnet-apporval,v0.0.0-20240322172329-762bd7750840
2026-10-01T01:20:16.615601Z,github.com/whiskeyjimbo/bento,v0.4.0
2026-10-01T01:20:17.69377Z,github.com/mattermost/mattermost-plugin-agents/v2,v2.9.0
2026-10-01T01:20:17.944631Z,github.com/pawellipski/git-machete,v3.5.0+incompatible
2026-10-01T01:20:21.567242Z,github.com/kauelima21/serverless-logs-insights,v0.0.0-20260403223114-188540a7128a
2026-10-01T01:20:21.770701Z,github.com/kdoh/insightful,v0.0.0-20160611041548-a5c19bc1f769
2026-10-01T01:20:23.397172Z,github.com/PawelLipski/git-machete,v3.2.0+incompatible
2026-10-01T01:20:24.098797Z,github.com/kdoh/insightful-cli,v0.0.0-20160205182201-3a1acd306843
2026-10-01T01:20:25.882797Z,github.com/patrickleet/upjet/v2,v2.5.1
2026-10-01T01:20:28.008612Z,buf.build/gen/go/gzorm/core/grpc-ecosystem/gateway/v2,v2.31.0-20240826094418-04d400c30b7c.1
2026-10-01T01:20:29.932342Z,github.com/McKean/aiquokka,v0.0.0-20260930125929-a6b71fdb8497
2026-10-01T01:20:34.281756Z,github.com/dlclark/regexp2/v2,v2.8.1
2026-10-01T01:20:37.141314Z,github.com/kirvlasenkov/subreddit-insights,v0.0.0-20260202230821-414480a6bcb6
2026-10-01T01:20:37.676505Z,github.com/kingtherion/legionswap-sdk-testnet,v0.0.0-20210914070909-493d60943f81
2026-10-01T01:20:37.975506Z,github.com/kiuusai/pls-bitcoin-wasm,v0.4.1
2026-10-01T01:20:39.675434Z,github.com/klasnikova/klasnikova-tea-testnet,v0.0.0-20240307160318-fea475e54119
2026-10-01T01:20:40.603123Z,github.com/klasnikova/sasha-tea-testnet,v0.0.0-20240501040342-96448bfd4774
2026-10-01T01:20:40.830341Z,github.com/klasnikova/misha-tea-testnet,v0.0.0-20240307172129-c77402637f5d
2026-10-01T01:20:44.064052Z,github.com/dreampuf/mermaid.go,v0.4.1
2026-10-01T01:20:44.340924Z,github.com/patrickleet/crossplane-tools,v0.0.0-20260719180100-659f1dc036c5
2026-10-01T01:20:46.198114Z,github.com/neomantra/sqlittle,v0.0.0-20261001012037-12524c3388ec
2026-10-01T01:20:49.986889Z,github.com/kleros/contract-insights-snap,v1.4.1
2026-10-01T01:20:50.049677Z,github.com/dodopayments/dualmark,v0.11.0
2026-10-01T01:20:50.165185Z,github.com/kmees/storybook-addon-application-insights,v0.0.0-20181206182923-fdfb90a388e1
2026-10-01T01:20:51.669713Z,github.com/klemensms/mcp-consultant-tools,v34.0.0+incompatible
2026-10-01T01:20:53.48317Z,github.com/koishijs/webui,v0.0.0-20260627075730-ec7b48495643
2026-10-01T01:20:55.987276Z,github.1485827954.workers.dev/opencontainers/runc,v1.5.2
2026-10-01T01:20:55.99265Z,github.com/konstantinzolotarev/machinepack-googleapispagespeedinsights,v0.0.0-20150604011927-84ab66dd9fe8
2026-10-01T01:20:56.222024Z,github.com/modelcontextprotocol/go-sdk/examples/server/rate-limiting,v0.0.0-20260930172022-9ceba26f811a
2026-10-01T01:20:59.571192Z,github.com/nexaai/nexa-sdk,v0.7.2-alpha.1
2026-10-01T01:21:01.322339Z,github.com/NexaAI/nexa-sdk,v0.7.2-alpha.1
2026-10-01T01:21:03.046201Z,github.com/ktym4a/astro-page-insight,v0.0.0-20251008015643-f71b0f03ebe6
2026-10-01T01:21:04.329884Z,github.com/kunkunsh/kunkun-ext-ossinsight,v0.0.0-20250207054046-656ebfa814f7
2026-10-01T01:21:06.665869Z,github.com/labelinsight/redux-module,v0.0.9
2026-10-01T01:21:07.709658Z,github.com/laioutr/app-vercel-speed-insights,v0.1.6
2026-10-01T01:21:08.256981Z,github.com/johnhidey/angular-appinsights,v0.0.5-0.20260826010615-746e43bb2eeb
2026-10-01T01:21:08.352829Z,github.com/jxnblk/avatar,v1.4.2-0.20190421211034-4bd8b21ae617
2026-10-01T01:21:08.569294Z,github.com/jeverduzco/applicationinsightsfornuxt,v1.4.3-0.20200903133425-9c86dc52e34a
2026-10-01T01:21:11.413546Z,github.com/segasai/astrolibpy,v0.0.0-20260728020655-66257353e661
2026-10-01T01:21:11.765235Z,github.com/inmean/insight-kh-ui,v0.4.1-0.20171023024933-827ca426f667
2026-10-01T01:21:11.817833Z,github.com/ia319/v2er-insight,v1.2.0
2026-10-01T01:21:12.272286Z,github.com/huang-julien/nuxt-applicationinsights,v1.0.3-0.20260817065905-11c7c39491ed
2026-10-01T01:21:12.914066Z,github.com/jxnblk/blk,v1.1.0
2026-10-01T01:21:13.655271Z,github.com/33cn/chain33,v1.68.2-0.20240117085747-176df2a3819a
2026-10-01T01:21:13.684288Z,github.com/ibnufals/tea-testnet,v0.0.0-20240301124803-9f64f02add6d
2026-10-01T01:21:14.025458Z,github.com/jaylim/insight-unihash-api,v0.4.4-0.20180604123225-dc47c8939c01
2026-10-01T01:21:14.075438Z,github.com/insightphp/insight,v0.5.1-0.20221019130534-71119d1d2655
2026-10-01T01:21:14.471192Z,github.com/jaylim/insight-unihash-ui,v0.4.1-0.20180613095615-002d1c9c45af
2026-10-01T01:21:15.262182Z,github.com/mckean/aiquokka,v0.0.0-20260930125929-a6b71fdb8497
2026-10-01T01:21:16.183618Z,github.com/laviro/foreman-insights,v0.0.0-20200325081635-15928bf5f1c8
2026-10-01T01:21:16.420349Z,github.com/lavanyasb16/delpinsight-all-components,v0.0.0-20220923191107-9b803da04a3d
2026-10-01T01:21:16.5352Z,buf.build/gen/go/minor/unity-customer-ds/grpc-ecosystem/gateway/v2,v2.31.0-20240318022115-f81a4d2596d8.1
2026-10-01T01:21:16.947339Z,github.com/Ben2pc/auriga-cli,v1.42.2-0.20260928143824-ba38a68d9c2b
2026-10-01T01:21:17.34494Z,github.com/inmean/insight-kh-api,v0.4.4-0.20171023025042-fe8fbb2d9a7a
2026-10-01T01:21:17.536816Z,github.com/lostisland/go-sawyer,v0.0.0-20131015202645-9c566513cf8b
2026-10-01T01:21:18.06892Z,github.com/georgeosddev/appinsightsdetective,v1.0.1-0.20250924105845-50bd294dda82
2026-10-01T01:21:18.677559Z,github.com/learning-vue3/hello-lib,v0.0.0-20221009082043-033a70c92037
2026-10-01T01:21:19.491795Z,github.com/JRL-umi3218/state-observation,v1.7.2
2026-10-01T01:21:22.174706Z,github.com/leetdavid/leetdavid-theme,v0.0.0-20250411091502-2ae1505da257
2026-10-01T01:21:22.446818Z,github.com/jerrywdlee/harness-insight,v0.4.3-0.20260505171459-d2d5dcdd353f
2026-10-01T01:21:23.514432Z,github.com/kaaax0815/github-insights-cli,v1.0.4-0.20211027172248-f254bc39ff37
2026-10-01T01:21:25.009267Z,github.com/lensdegen/Tea-Testnet-by-LensDegen,v0.0.0-20240311092644-bd33485b6c9d
2026-10-01T01:21:25.176216Z,github.com/instancelabs/cdk-insights-rules,v0.6.2-0.20260921112437-b790915a7b51
2026-10-01T01:21:25.864093Z,github.com/jerrywdlee/Harness-Insight,v0.4.3-0.20260505171459-d2d5dcdd353f
2026-10-01T01:21:27.648634Z,github.com/jelleklaver/react-linkedin-insight,v0.1.3-0.20220623213935-c64b4ba14665
2026-10-01T01:21:27.767175Z,github.com/huang-julien/nitro-applicationinsights,v1.2.2-0.20260914085908-165ab1187385
2026-10-01T01:21:28.955623Z,github.com/WhiteKiwi/pushman-cli,v0.3.1-0.20260928021046-a2e62d62cae8
2026-10-01T01:21:31.350024Z,github.com/whitekiwi/pushman-cli,v0.3.1-0.20260928021046-a2e62d62cae8
2026-10-01T01:21:33.268375Z,github.com/liangxin199045/code-analysis-ts,v1.1.4
2026-10-01T01:21:33.55053Z,github.com/idearium/idearium-lib,v3.0.1-0.20260421015322-e69120ee5e9a+incompatible
2026-10-01T01:21:34.251918Z,github.com/letthem/backstage-plugin-cost-insights,v0.0.0-20260305074521-9110aeb6cccf
2026-10-01T01:21:35.21033Z,github.com/AdguardTeam/AdguardHome,v1.0.0-b.1
2026-10-01T01:21:42.50276Z,github.com/lignertys/reddit-insights-mcp,v0.0.0-20260129023042-6c5204ba0ea4
2026-10-01T01:21:44.055149Z,github.com/lignertys/reddit-insights-js,v0.0.0-20251224064007-1d9257b8d937
2026-10-01T01:21:44.71945Z,github.com/Steakenthusiast/My-CTF-Challenges,v0.0.0-20260924175717-ea6e23ed8cae
2026-10-01T01:21:45.418628Z,github.com/wo55555/OptiPiston,v0.1.2-mc26.50
2026-10-01T01:21:45.827052Z,github.com/lightbasenl/lbu,v0.27.0
2026-10-01T01:21:46.684844Z,github.com/lijunle/ApplicationInsights-Expo,v0.0.0-20171226184458-4db75f73f8cf
2026-10-01T01:21:48.139766Z,github.com/lipcoin/insight-lip-api,v0.0.0-20171217214305-75523f875e64
2026-10-01T01:21:50.377883Z,github.com/liria24/insight-ts,v0.0.1-alpha.1
2026-10-01T01:21:53.557222Z,github.com/litecoin-project/insight-lite-ui,v0.4.0
2026-10-01T01:21:53.561233Z,github.com/litecoin-project/insight-lite-api,v0.4.3
2026-10-01T01:21:56.905974Z,github.com/liuxy0551/eslint-config-dt-insight-test,v0.0.19
2026-10-01T01:22:03.811054Z,github.com/lonely-lockley/archinsight,v0.0.0-20260926092407-6a9e45aef1dc
2026-10-01T01:22:06.659749Z,github.com/lpbird/codex-insights,v0.0.0-20260803050505-2cd165936e61
2026-10-01T01:22:09.215232Z,github.com/yi-nology/go-git-platform,v0.67.0
2026-10-01T01:22:11.591026Z,github.com/luiselizondo/winston-insightops,v0.0.0-20200624233859-f3e152a7b4eb
2026-10-01T01:22:12.95622Z,github.com/uninett/argus,v1.26.0
2026-10-01T01:22:13.110226Z,github.com/Baseflow/traefik-rpthandler,v0.1.6-rc.1
2026-10-01T01:22:17.925157Z,github.com/ben2pc/auriga-cli,v1.42.2-0.20260928143824-ba38a68d9c2b
2026-10-01T01:22:18.129732Z,github.com/maat-tools/maat,v0.5.0
2026-10-01T01:22:20.952107Z,github.com/CosMWAsm/wasmd,v0.60.9
2026-10-01T01:22:21.077395Z,github.com/perkeep/perkeep,v0.0.0-20260930225512-e75a542d4ab6
2026-10-01T01:22:24.514809Z,github.com/mainnet-pat/json-bigint,v0.0.0-20260127091056-770894ebd290
2026-10-01T01:22:25.443797Z,github.com/makaka9691/eth-insights-collector,v0.0.0-20240312061207-bfd8c464db77
2026-10-01T01:22:27.379665Z,github.com/manishrasrani/microsoft-applicationinsights-angular5,v0.0.0-20190321144110-a87f8031e91e
2026-10-01T01:22:27.495201Z,github.com/wo55555/optipiston,v0.1.2-mc26.50
2026-10-01T01:22:27.971594Z,github.com/jrl-umi3218/state-observation,v1.7.2
2026-10-01T01:22:29.70336Z,github.com/mapan0424/deepseek-harness-plugins,v0.1.0
2026-10-01T01:22:29.899411Z,github.com/outlitai/outlit-sdk,v0.0.0-20260930030649-79520f60f834
2026-10-01T01:22:33.84749Z,github.com/mayswind/ezbookkeeping,v1.4.1-0.20260425170827-1d5102a01521
2026-10-01T01:22:36.690128Z,github.com/fivetran/dbt_ad_reporting,v1.0.1
2026-10-01T01:22:36.809674Z,github.com/baseflow/traefik-rpthandler,v0.1.6-rc.1
2026-10-01T01:22:41.905922Z,github.com/markselby/node-postgres-insights,v0.0.0-20130607042822-88411b9b009b
2026-10-01T01:22:42.256754Z,github.com/masjhon/blaxckyteatestnet,v0.0.0-20240308103023-714da902e10b
2026-10-01T01:22:42.61484Z,github.com/martijnhoogendoorn/applicationinsights-telemetryfilter,v0.0.0-20231020090427-2835ebf8dc40
2026-10-01T01:22:43.06948Z,github.com/martinetlee/godmode-in-testnet,v0.1.6
2026-10-01T01:22:44.086899Z,github.com/jsumners/fastify-cookie,v4.0.0+incompatible
2026-10-01T01:22:46.194525Z,github.com/matheusjkl1/codebase-insight,v1.1.3
2026-10-01T01:22:56.462074Z,github.com/Eslint/css,v0.0.0-20260929165535-2bf2350be041
2026-10-01T01:22:58.32906Z,github.com/TESTEM/tesTem,v0.0.52
2026-10-01T01:22:59.251666Z,github.com/crossplane-contrib/provider-gitlab/tools,v0.0.0-20260701085655-f4b962bb710b
2026-10-01T01:23:01.09467Z,github.com/max-stoddard/agentic-insights,v0.2.3
2026-10-01T01:23:01.987974Z,github.com/maxAnii/get-repo-insights,v0.0.0-20250302080102-fe3148a4225c
2026-10-01T01:23:02.17086Z,github.com/maxorlando88/raflesiatea28,v0.0.0-20240320055422-466d58b1d17b
2026-10-01T01:23:03.103892Z,github.com/maximousblk/maximousblk,v0.0.0-20260722014307-e059a4875e19
2026-10-01T01:23:05.103822Z,github.com/apollographql/apollo-cli,v0.18.0
2026-10-01T01:23:08.036493Z,github.com/subtirelumihail/react-fullpage,v0.0.0-20181004122018-db07034dd6cb
2026-10-01T01:23:09.548824Z,github.com/fivetran/dbt_shopify,v0.2.0
2026-10-01T01:23:10.054329Z,github.com/mcpinsight/mcpinsight,v0.0.0-20260420140130-5c05aa211bb9
2026-10-01T01:23:13.589156Z,github.com/mdexSwap/bsc-sdk,v0.0.0-20220426090152-b711590dc5cf
2026-10-01T01:23:13.804021Z,github.com/mcarvin8/sf-git-ai-meta-insights,v5.4.0+incompatible
2026-10-01T01:23:13.861605Z,github.com/medg96/tea-testnet,v0.0.0-20240316175555-dfe4f16f6806
2026-10-01T01:23:16.088582Z,github.com/AabyssZG/SpringBoot-Scan,v0.0.0-20251109145752-53d98ed4178f
2026-10-01T01:23:18.969877Z,github.com/melagiri/code-insights,v4.11.0+incompatible
2026-10-01T01:23:22.566064Z,github.com/i-like-robots/react-tags,v6.2.0+incompatible
2026-10-01T01:23:23.489152Z,github.com/AabyssZG/springboot-scan,v0.0.0-20251109145752-53d98ed4178f
2026-10-01T01:23:24.620158Z,github.com/kaaax0815/github-insights,v1.1.0
2026-10-01T01:23:25.572454Z,github.com/hhtong/dimod,v0.0.0-20200716180508-d697266e41f2
2026-10-01T01:23:26.339114Z,github.com/kachkaev/repo-insighter,v0.16.0
2026-10-01T01:23:30.057563Z,github.com/mi-examples/cs-helper,v0.11.0
2026-10-01T01:23:30.072247Z,github.com/mi-examples/ca-analytics,v0.3.0
2026-10-01T01:23:30.748954Z,github.com/mi-examples/create-pp-dev,v1.1.5
2026-10-01T01:23:31.178282Z,github.com/mi-examples/pp-error-handler,v0.1.1
2026-10-01T01:23:32.420254Z,github.com/mi-examples/qa-ai-rules,v1.2.1
2026-10-01T01:23:32.45732Z,github.com/sfomuseum/go-template,v1.12.0
2026-10-01T01:23:36.285808Z,github.com/mi-examples/pp-dev,v1.4.3
2026-10-01T01:23:36.6557Z,github.com/jgravelle/jcodemunch-mcp,v1.108.320
2026-10-01T01:23:38.077563Z,github.com/codemirror/codemirror,v0.0.0-20181221103607-1bf82e3e2e3c
2026-10-01T01:23:39.259029Z,github.com/microsoft/ApplicationInsights-node.js,v0.17.2
2026-10-01T01:23:40.314249Z,github.com/michaelxfy27/teaxfy-testnet,v0.0.0-20240313101442-e167b5076f47
2026-10-01T01:23:41.402768Z,github.com/qt/qttranslations,v5.1.0-rc2+incompatible
2026-10-01T01:23:41.467213Z,github.com/microsoft/FeatureManagement-JavaScript,v0.0.0-20260911062646-a5b4f0e6237e
2026-10-01T01:23:41.754695Z,github.com/i-like-robots/react-tag-autocomplete,v7.5.1+incompatible
2026-10-01T01:23:43.181644Z,github.com/nomi-sec/POC-in-GitHub,v0.0.0-20260930194558-76e78e90f073
2026-10-01T01:23:45.690394Z,github.com/dead-horse/koa-render,v5.1.0+incompatible
2026-10-01T01:23:46.286134Z,github.com/microsoft/applicationinsights-angularplugin-js,v0.0.0-20260921185000-be7ce052b11f
2026-10-01T01:23:46.557022Z,github.com/getlantern/replica,v0.6.1-0.20211020081401-5c51375e95fb
2026-10-01T01:23:47.163527Z,github.com/BobTheShoplifter/Spring4Shell-POC,v0.0.0-20221109154606-f856cf519af5
2026-10-01T01:23:50.209849Z,github.com/queckezz/koa-render,v8.0.0+incompatible
2026-10-01T01:23:50.531228Z,github.com/microsoft/applicationinsights-react-native,v0.0.0-20260910010524-e8c4b337868d
2026-10-01T01:23:52.305738Z,github.com/landgrey/SpringBootVulExploit,v0.0.0-20210310130317-0fdbb4409fc0
2026-10-01T01:23:52.527953Z,github.com/microsoft/docusaurus-plugin-application-insights,v4.0.1+incompatible
2026-10-01T01:23:56.110046Z,github.com/aetheryx/runtypes,v2.0.3+incompatible
2026-10-01T01:23:57.19774Z,github.com/microsoft/docusaurus-plugins,v4.0.0+incompatible
2026-10-01T01:23:57.908931Z,github.com/space-wizards/netserialIzer,v0.0.0-20190929094710-0b0b5c782a2d
2026-10-01T01:24:01.440082Z,github.com/miguelzakharia/aurelia-application-insights,v1.2.0
2026-10-01T01:24:02.881629Z,github.com/bellert/dimod,v0.0.0-20180602211401-e1d3f87fd607
2026-10-01T01:24:06.044845Z,github.com/mineclover/archi-adr-releases,v0.0.0-20260904024438-f81f2f030f0a
2026-10-01T01:24:09.198823Z,github.com/misagaming1437/youtube-testnet,v0.0.0-20240628145602-ef4b5027a104
2026-10-01T01:24:11.786048Z,github.com/mirutee/devinsight-api,v0.0.0-20260408032745-b875f0b3403b
2026-10-01T01:24:12.314197Z,github.com/oneklc/dimod,v0.1.2
2026-10-01T01:24:12.597158Z,github.com/mizukoshi-yuki/appinsights-rest,v0.0.0-20260406213735-d56edc2b718e
2026-10-01T01:24:21.682178Z,github.com/SBT/SBT,v0.13.1-RC2
2026-10-01T01:24:23.576146Z,github.com/monatr/insight-monacore,v0.0.0-20150119050738-15f01d76f055
2026-10-01T01:24:24.686579Z,github.com/monatr/insight-monacore-api,v0.1.7
2026-10-01T01:24:26.318855Z,github.com/monk3ymonk/teatestnetnew,v0.0.0-20240314164810-62c3a4683dfe
2026-10-01T01:24:26.661834Z,github.com/mohsinonxrm/dataverse-sdk-typescript,v0.0.0-20260211033519-f45e6fd7ba71
2026-10-01T01:24:27.107902Z,github.com/wicg/connection-allowlists,v0.0.0-20260927194928-fb9080d67b3b
2026-10-01T01:24:29.121488Z,github.com/itsems/vue-json-excel,v0.0.0-20220113071955-76ecf01f5783
2026-10-01T01:24:30.753725Z,github.com/rpcsx/rpcsx,v0.0.0-20260114195411-b41e09a04754
2026-10-01T01:24:32.196781Z,github.com/queckezz/koa-views,v8.0.0+incompatible
2026-10-01T01:24:32.741904Z,github.com/montyanderson/insight-client,v0.1.0
2026-10-01T01:24:33.543278Z,github.com/mosesadamson01/Tea-testnet,v0.0.0-20250825145021-bf339c204ada
2026-10-01T01:24:36.63542Z,github.com/mouaad55/houdatesttea,v0.0.0-20240311000246-02706da24299
2026-10-01T01:24:37.883742Z,github.com/mouaad55/taltfraout,v0.0.0-20240311150519-dfa6e9fbaa57
2026-10-01T01:24:38.632996Z,github.com/elsharaky/goform,v0.1.1
2026-10-01T01:24:40.726983Z,github.com/elastic/ecs/scripts,v0.0.0-20220301214538-9e18a26c47b6
2026-10-01T01:24:40.993584Z,github.com/wicg/urlpattern,v0.0.0-20260923065431-013d9aac26d0
2026-10-01T01:24:41.042596Z,github.com/elsharaky/anyform,v0.1.1
2026-10-01T01:24:43.669832Z,github.com/wichert/pyrad,v0.0.0-20260927190225-6d9b0266955f
2026-10-01T01:24:51.529762Z,github.com/muhammadnizami/node-red-contrib-azure-application-insights,v0.0.0-20230406112827-d90e4e3cc134
2026-10-01T01:24:53.299293Z,github.com/kenkoooo/dimod,v0.0.0-20170926144832-7308fd07605f
2026-10-01T01:24:53.4121Z,github.com/mxcoppell/pixinsight-connector,v2.5.0+incompatible
2026-10-01T01:24:53.879494Z,github.com/wickedsoftworks/evermind,v0.0.0-20260922174855-b3d9fe2986e8
2026-10-01T01:24:55.998808Z,github.com/mage2sk/module-low-stock-notification,v1.1.0
2026-10-01T01:24:56.894567Z,buf.build/gen/go/unionai/protoc-gen-swagger/grpc-ecosystem/gateway/v2,v2.31.0-20220603190404-fd9d94dc4815.1
2026-10-01T01:24:57.007333Z,buf.build/gen/go/dolp/assist/grpc-ecosystem/gateway/v2,v2.31.0-20250520070248-7ba78eb13b5e.1
2026-10-01T01:24:59.763396Z,github.com/fairmint/ocp-canton-sdk,v0.8.20
2026-10-01T01:25:00.735688Z,github.com/mrclrchtr/supi,v7.4.0+incompatible
2026-10-01T01:25:03.410531Z,github.com/spinframework/spin,v4.2.1+incompatible
2026-10-01T01:25:04.235523Z,github.com/n8n-code/n8n-nodes-amazonaws-application-insights,v1.0.1
2026-10-01T01:25:04.421099Z,github.com/n8n-code/n8n-nodes-azure-applicationinsights-analyticsitems-api,v1.0.0
2026-10-01T01:25:04.571875Z,github.com/n8n-code/n8n-nodes-azure-applicationinsights-aioperations-api,v1.0.0
2026-10-01T01:25:04.741788Z,github.com/n0b0dyCN/redis-rogue-server,v0.0.0-20221013032951-d60f03d62a5e
2026-10-01T01:25:05.821553Z,github.com/n8n-code/n8n-nodes-azure-applicationinsights-componentannotations-api,v1.0.0
2026-10-01T01:25:10.920445Z,github.com/n8n-code/n8n-nodes-azure-applicationinsights-componentapikeys-api,v1.0.0
2026-10-01T01:25:13.273332Z,github.com/n8n-code/n8n-nodes-azure-applicationinsights-componentcontinuousexport-api,v1.0.0
2026-10-01T01:25:13.581308Z,github.com/n8n-code/n8n-nodes-azure-applicationinsights-componentproactivedetection-api,v1.0.0
2026-10-01T01:25:13.616652Z,github.com/n8n-code/n8n-nodes-azure-applicationinsights-componentfeaturesandpricing-api,v1.0.0
2026-10-01T01:25:13.908024Z,github.com/sbt/sbt,v2.1.0-M2+incompatible
2026-10-01T01:25:14.039674Z,github.com/n8n-code/n8n-nodes-azure-applicationinsights-components-api,v1.0.0
2026-10-01T01:25:18.900053Z,github.com/n8n-code/n8n-nodes-azure-applicationinsights-componentworkitemconfigs-api,v1.0.2
2026-10-01T01:25:19.258849Z,github.com/VictoriaMetrics/victoriametrics,v1.153.0
2026-10-01T01:25:24.02976Z,github.com/n8n-code/n8n-nodes-azure-applicationinsights-favorites-api,v1.0.0
2026-10-01T01:25:24.136052Z,github.com/n8n-code/n8n-nodes-azure-applicationinsights-querypackqueries-api,v1.0.0
2026-10-01T01:25:24.264701Z,github.com/n8n-code/n8n-nodes-azure-applicationinsights-querypacks-api,v1.0.0
2026-10-01T01:25:25.066394Z,github.com/n8n-code/n8n-nodes-azure-applicationinsights-easubscriptionmigration-api,v1.0.2
2026-10-01T01:25:25.980465Z,github.com/hawkff/pdf-squeezer,v0.1.0
2026-10-01T01:25:26.471309Z,github.com/open-amt-cloud-toolkit/rps,v2.40.1+incompatible
2026-10-01T01:25:26.700103Z,github.com/mrktsm/drjava,v0.0.0-20250830032023-46e5b6e9024c
2026-10-01T01:25:29.03547Z,github.com/n8n-code/n8n-nodes-azure-applicationinsights-swagger,v1.0.0
2026-10-01T01:25:29.40209Z,github.com/c9s/bbgo,v1.50.2-0.20230704140731-42eddcf5ffd5
2026-10-01T01:25:31.076445Z,github.com/clawdbot/clawdhub,v0.24.0
2026-10-01T01:25:33.139817Z,github.com/n8n-code/n8n-nodes-azure-applicationinsights-webtestlocations-api,v1.0.0
2026-10-01T01:25:33.458896Z,github.com/Caddyserver/Certmagic,v0.25.5
2026-10-01T01:25:34.151638Z,github.com/VortexNYC/veil,v0.0.0-20261001004316-de4ba6a684c8
2026-10-01T01:25:34.159491Z,github.com/n8n-code/n8n-nodes-azure-applicationinsights-webtests-api,v1.0.0
2026-10-01T01:25:34.378234Z,github.com/n8n-code/n8n-nodes-azure-applicationinsights-workbooks-api,v1.0.0
2026-10-01T01:25:34.415671Z,github.com/n8n-code/n8n-nodes-azure-applicationinsights-workbookoperations-api,v1.0.0
2026-10-01T01:25:38.894608Z,github.com/n8n-code/n8n-nodes-azure-azsadmin-infrastructureinsights,v1.0.0
2026-10-01T01:25:40.747857Z,github.com/n8n-code/n8n-nodes-azure-applicationinsights-workbooktemplates-api,v1.0.0
2026-10-01T01:25:41.876733Z,github.com/latebit-io/demarkus/server,v0.50.0
2026-10-01T01:25:43.648071Z,github.com/n8n-code/n8n-nodes-azure-customer-insights,v1.0.1
2026-10-01T01:25:43.68327Z,github.com/n8n-code/n8n-nodes-azure-hdinsight-applications,v1.0.1
2026-10-01T01:25:45.379024Z,github.com/n8n-code/n8n-nodes-azure-hdinsight-capabilities,v1.0.1
2026-10-01T01:25:46.084322Z,github.com/n8n-code/n8n-nodes-azure-hdinsight-cluster,v1.0.1
2026-10-01T01:25:47.908717Z,github.com/opensuse/grub2,v0.0.0-20220823103002-89a009d1a41e
2026-10-01T01:25:51.092614Z,github.com/n8n-code/n8n-nodes-azure-hdinsight-configurations,v1.0.1
2026-10-01T01:25:51.694609Z,github.com/gogf/gf/cmd/gf/v2,v2.9.3-rc3.0.20260820105207-c8bdbb77fae2
2026-10-01T01:25:53.57578Z,github.com/n8n-code/n8n-nodes-azure-hdinsight-extensions,v1.0.1
2026-10-01T01:25:53.893252Z,github.com/n8n-code/n8n-nodes-azure-hdinsight-locations,v1.0.1
2026-10-01T01:25:53.983856Z,github.com/n8n-code/n8n-nodes-azure-hdinsight-job,v1.0.1
2026-10-01T01:25:58.491371Z,github.com/liuhuanyong/chinesenlpcorpus,v0.0.0-20181216054548-f40630e6879c
2026-10-01T01:25:58.54376Z,github.com/liuhuanyong/textgrapher,v0.0.0-20181006132953-654613cc2fea
2026-10-01T01:25:58.638246Z,github.com/n8n-code/n8n-nodes-azure-hdinsight-operations,v1.0.1
2026-10-01T01:25:59.564454Z,github.com/n8n-code/n8n-nodes-azure-hdinsight-scriptactions,v1.0.1
2026-10-01T01:26:00.620932Z,github.com/cluebenchmark/simclue,v0.0.0-20221011032218-96bdefe6dedd
2026-10-01T01:26:03.568464Z,github.com/n8n-code/n8n-nodes-azure-monitor-vminsightsonboarding-api,v1.0.0
2026-10-01T01:26:04.035074Z,github.com/n8n-code/n8n-nodes-azure-mysql-queryperformanceinsights,v1.0.0
2026-10-01T01:26:04.374525Z,github.com/n8n-code/n8n-nodes-azure-operationalinsights-clusters,v1.0.0
2026-10-01T01:26:04.411597Z,github.com/n8n-code/n8n-nodes-azure-mariadb-queryperformanceinsights,v1.0.1
2026-10-01T01:26:04.520049Z,github.com/WiebeCnossen/gnarl,v3.0.0+incompatible
2026-10-01T01:26:05.638986Z,github.com/kran/dba,v0.15.1
2026-10-01T01:26:09.114503Z,github.com/n8n-code/n8n-nodes-azure-operationalinsights-swagger,v1.0.0
2026-10-01T01:26:09.511782Z,github.com/n8n-code/n8n-nodes-azure-operationalinsights-operationalinsights,v1.0.0
2026-10-01T01:26:13.850264Z,github.com/n8n-code/n8n-nodes-azure-timeseriesinsights,v1.0.0
2026-10-01T01:26:13.971944Z,github.com/n8n-code/n8n-nodes-nexmo-number-insight,v1.0.1
2026-10-01T01:26:16.452301Z,github.com/n8n-code/n8n-nodes-twilio-insights-v1,v1.0.0
2026-10-01T01:26:22.545709Z,github.com/nampham1508/tea-testnet-1508,v0.0.0-20240414162737-a290403cd095
2026-10-01T01:26:22.72769Z,github.com/namayasai/backstage-jev-operations-support,v0.4.0
2026-10-01T01:26:23.121267Z,github.com/Labs64/GuideChimp,v0.0.0-20260928071511-df863c4c5eb2
2026-10-01T01:26:25.205707Z,github.com/namtony33/namhandikii,v0.0.0-20240324022459-44b900569a4a
2026-10-01T01:26:27.29808Z,github.com/nathanlentz/pino-applicationinsights-transport,v1.0.3
2026-10-01T01:26:35.659244Z,github.com/nekaartajaya/wallet-validator,v0.0.0-20231218135001-083d33a5273e
2026-10-01T01:26:37.882375Z,github.com/camilbinas/gude-agents/agent/ratelimit/redis,v1.1.0
2026-10-01T01:26:39.396601Z,github.com/Wigata-Intech/w-tools,v0.0.0-20260928023424-ff079cbae4e9
2026-10-01T01:26:41.296684Z,github.com/ngworker/lumberjack-applicationinsights-driver,v1.0.2
2026-10-01T01:26:42.120439Z,github.com/camilbinas/gude-agents/agent/provider/vllm,v1.1.0
2026-10-01T01:26:43.570884Z,github.com/nicholasxdavis/dep-insight,v0.0.0-20260715022221-e467cbeec9de
2026-10-01T01:26:43.954444Z,github.com/leadpingai/leadping-go,v1.0.69
2026-10-01T01:26:44.006552Z,github.com/nicola/interplanetary-paths,v0.0.0-20160407054940-9d5271d8b6f1
2026-10-01T01:26:44.011952Z,github.com/nickp10/mcubed-lineup-insight-data,v0.0.0-20200602222432-4ea3e55f7821
2026-10-01T01:26:44.675732Z,github.com/alan-turing-institute/pixelflow,v0.0.0-20240502164148-1048786c93eb
2026-10-01T01:26:45.490186Z,github.com/nickp10/mcubed-lineup-insight-server,v0.0.0-20200529214324-051f4c36518b
2026-10-01T01:26:46.700419Z,github.com/ninetailed-inc/experience.js,v0.0.0-20260916101458-cf93f506de2d
2026-10-01T01:26:49.487271Z,github.com/nicks/closure-compiler,v0.0.0-20170114011401-72c88ff7e9e8
2026-10-01T01:26:50.905962Z,github.com/geekbyter/geektls,v0.1.8
2026-10-01T01:26:51.995605Z,github.com/camilbinas/gude-agents/agent/conversation/sqlite,v1.1.0
2026-10-01T01:26:54.194693Z,github.com/ninjapiratica/application-insights-async-storage,v0.1.5
2026-10-01T01:26:55.582541Z,github.com/Wighawag/mandalas,v0.0.0-20260930195542-fca62db231a8
2026-10-01T01:26:56.653267Z,github.com/nodepam/tea-testnetku,v0.0.0-20240315133408-11b652b14e6e
2026-10-01T01:26:57.462412Z,github.com/wighawag/bleeps,v0.0.0-20260930195522-039c96728ca0
2026-10-01T01:27:01.720013Z,github.com/nonso7/HNG_3_CLI,v0.1.0
2026-10-01T01:27:03.504283Z,github.com/nomanaliakram321/react-native-bundle-insights,v0.0.0-20260119060802-ea85d0196948
2026-10-01T01:27:04.102653Z,github.com/gogf/gf/contrib/config/apollo/v2,v2.10.3-0.20260820105207-c8bdbb77fae2
2026-10-01T01:27:04.39744Z,github.com/nosdav/testnet,v0.0.0-20231126170401-eb11b28f11c7
2026-10-01T01:27:08.663093Z,github.com/arize-ai/client_js,v1.30.1
2026-10-01T01:27:13.195356Z,github.com/gogf/gf/contrib/config/consul/v2,v2.10.3-0.20260820105207-c8bdbb77fae2
2026-10-01T01:27:13.536456Z,github.com/nsw-health-pathology/af-app-insights,v0.0.0-20240626010333-e85507c9f901
2026-10-01T01:27:14.395105Z,github.com/wiebecnossen/gnarl,v3.0.0+incompatible
2026-10-01T01:27:15.281444Z,github.com/nurfarid/zona-testnet,v0.0.0-20240317122008-0a2ee12a1dcd
2026-10-01T01:27:15.810368Z,github.com/nurfarid/Dicoding-Submission-Web-Pemula,v0.0.0-20240910140439-934188ad16a3
2026-10-01T01:27:16.412674Z,github.com/nurfarid/zona-testnet1,v0.0.0-20250509230104-20b06cc1b434
2026-10-01T01:27:19.423986Z,github.com/nuxt-community/applicationinsights-module,v2.0.10+incompatible
2026-10-01T01:27:19.655106Z,github.com/liuhuanyong/chineseembedding,v0.0.0-20181215051512-485fca7c58dc
2026-10-01T01:27:20.523707Z,github.com/nonso7/hng_3_cli,v0.1.0
2026-10-01T01:27:23.453027Z,github.com/obbbeh/testnet_sicantik,v0.0.0-20240318060941-a7ce0a3e133a
2026-10-01T01:27:24.398493Z,github.com/gorpipe/gor,v5.12.0+incompatible
2026-10-01T01:27:24.689508Z,github.com/gogf/gf/contrib/config/kubecm/v2,v2.10.3-0.20260820105207-c8bdbb77fae2
2026-10-01T01:27:27.909021Z,github.com/oeph/bbs-code-insights,v0.0.2
2026-10-01T01:27:28.547598Z,github.com/oeph/eslint-code-insights,v0.0.0-20210523172157-5c28fe1403ca
2026-10-01T01:27:29.753927Z,github.com/Tim-Butterfield/aimesh/meshcore,v0.0.0-20260915033518-0328b99396e6
2026-10-01T01:27:30.033174Z,github.com/okigblk/okigblktea,v0.0.0-20240309151514-95f096146806
2026-10-01T01:27:30.132909Z,github.com/wikerx/payment-gateway-go-sdk,v0.0.0-20260928094421-5fbd743221c4
2026-10-01T01:27:32.025989Z,github.com/elastic/ecs,v0.0.0-20220105204723-5d9de8b433dd
2026-10-01T01:27:34.411545Z,github.com/johnhyeon/stocklens-mcp,v1.3.3
2026-10-01T01:27:35.486585Z,github.com/gogf/gf/contrib/config/nacos/v2,v2.10.3-0.20260820105207-c8bdbb77fae2
2026-10-01T01:27:37.412006Z,github.com/omaxel/angular-ms-app-insights,v1.0.2
2026-10-01T01:27:37.562124Z,github.com/olano-ai/mcp-singapore,v0.4.1
2026-10-01T01:27:39.541677Z,github.com/ondefy/zyfi-snaps,v0.0.0-20241023121321-7bd5c7184870
2026-10-01T01:27:39.562097Z,github.com/0xsl1m/cerebrus-pulse-mcp,v0.5.2
2026-10-01T01:27:40.37333Z,github.com/onix-project/insight-onix-api,v0.4.3
2026-10-01T01:27:43.080932Z,github.com/gravitational/shared-workflows/libs,v0.1.9-0.20260929103354-a1fe17d076fa
2026-10-01T01:27:44.612941Z,github.com/openadmet/openadmet_toolkit,v0.0.0-20250724175237-43ef919f8cd5
2026-10-01T01:27:47.57115Z,github.com/openage/insight-client,v0.0.0-20210307204819-4b0473aeac49
2026-10-01T01:27:47.933202Z,github.com/Infisical/ch-go,v0.1.0
2026-10-01T01:27:48.709893Z,github.com/openage/logger-insight,v0.0.0-20200917035506-023c1e88fa81
2026-10-01T01:27:50.48274Z,github.com/openinsights/openinsights,v0.2.1
2026-10-01T01:27:50.927285Z,github.com/gogf/gf/contrib/config/polaris/v2,v2.10.3-0.20260820105207-c8bdbb77fae2
2026-10-01T01:27:55.005142Z,github.com/capcom6/android-sms-gateway,v1.77.1
2026-10-01T01:27:56.047826Z,github.com/Tim-Butterfield/aimesh,v0.2.0
2026-10-01T01:27:56.842729Z,github.com/azure/azure-sdk-for-go/eng/tools/testdata/scenarioe/foo/stage,v0.0.0-20261001011540-8961147955bc
2026-10-01T01:28:01.66412Z,github.com/gogf/gf/contrib/drivers/clickhouse/v2,v2.10.3-0.20260820105207-c8bdbb77fae2
2026-10-01T01:28:01.877402Z,github.com/jmeas/backbone.radio,v2.0.0+incompatible
2026-10-01T01:28:04.768198Z,github.com/wikimedia/analytics-wikistats2,v0.0.0-20260924120702-5778e96e905e
2026-10-01T01:28:06.371346Z,github.com/cumulusrpg/atmos,v0.5.0
2026-10-01T01:28:07.879347Z,github.com/wikimedia/blubber,v1.9.0
2026-10-01T01:28:09.856006Z,github.com/wikimedia-gadgets/twinkle-core,v0.0.0-20260924120550-0a46b07ad406
2026-10-01T01:28:09.94283Z,github.com/ossintel/ossintel,v0.0.0-20260723180812-f81703ace69b
2026-10-01T01:28:10.227665Z,github.com/boschglobal/dse.sdp/graph,v0.0.0-20260928230737-2418050fce86
2026-10-01T01:28:10.352899Z,github.com/gogf/gf/contrib/drivers/dm/v2,v2.10.3-0.20260820105207-c8bdbb77fae2
2026-10-01T01:28:11.610138Z,github.com/ortha-source/ortha-cms,v0.7.0
2026-10-01T01:28:11.680934Z,github.com/outshift-open/insight-module-for-agentic-systems,v0.1.5
2026-10-01T01:28:12.30791Z,github.com/gatsby-uc/plugins,v1.2.0
2026-10-01T01:28:13.120757Z,github.com/over-punch/sanity-visitor-insights,v0.0.0-20260930202651-0468e9cfb72f
2026-10-01T01:28:13.509127Z,github.com/outshift-open/insightClaw,v0.1.5
2026-10-01T01:28:14.091614Z,github.com/wikimedia/mediawiki-extensions-scribunto,v0.0.0-20260930050918-d5af9430f3a1
2026-10-01T01:28:15.034264Z,github.com/wikimedia/mediawiki-extensions-GlobalUsage,v0.0.0-20260930073717-178a3ba024cc
2026-10-01T01:28:19.393689Z,github.com/ovhemert/pino-applicationinsights,v2.1.0+incompatible
2026-10-01T01:28:20.995512Z,github.com/gogf/gf/contrib/drivers/gaussdb/v2,v2.10.3-0.20260820105207-c8bdbb77fae2
2026-10-01T01:28:21.89924Z,github.com/infisical/ch-go,v0.1.0
2026-10-01T01:28:23.412699Z,github.com/ovirena/testnetteafix,v0.0.0-20240311025434-92d9c934ef78
2026-10-01T01:28:26.329452Z,github.com/tim-butterfield/aimesh/meshcore,v0.0.0-20260915033248-4655ee6d2de6
2026-10-01T01:28:27.37082Z,github.com/dougn/python-plantuml,v0.0.0-20191209151935-bb5407e87aab
2026-10-01T01:28:27.435305Z,github.com/azure/azure-sdk-for-go/eng/tools/testdata/scenariof/foo/stage,v0.0.0-20261001011540-8961147955bc
2026-10-01T01:28:28.133372Z,github.com/tim-butterfield/aimesh,v0.2.0
2026-10-01T01:28:29.203628Z,github.com/losnoco/cog,v0.0.0-20261001012256-eb17943d3694
2026-10-01T01:28:30.991989Z,github.com/Wikimedia/mediawiki-extensions-WikimediaIncubator,v0.0.0-20260930115533-86ebde27ccab
2026-10-01T01:28:31.789008Z,github.com/gogf/gf/contrib/drivers/mariadb/v2,v2.10.3-0.20260820105207-c8bdbb77fae2
2026-10-01T01:28:40.326961Z,github.com/crossplane-contrib/provider-gitlab,v0.0.0-20260930124011-2caaf72a3c33
2026-10-01T01:28:41.326729Z,github.com/paschbaer/thinking-mcp,v0.0.0-20260920082901-b8c329d6c454
2026-10-01T01:28:42.646245Z,github.com/gogf/gf/contrib/drivers/mssql/v2,v2.10.3-0.20260820105207-c8bdbb77fae2
2026-10-01T01:28:47.171566Z,github.com/pegma-dev/logger-adapters,v0.1.3
2026-10-01T01:28:48.360651Z,github.com/tailscale/tb,v0.0.0-20261001012501-d3fd444012f2
2026-10-01T01:28:49.438424Z,github.com/personality-insights/input,v1.0.4
2026-10-01T01:28:49.623994Z,github.com/songzhibin97/gkit,v1.2.14-0.20260606031147-5996effc9273
2026-10-01T01:28:50.382464Z,github.com/pfoundation/ocInsights,v26.9.0+incompatible
2026-10-01T01:28:54.017748Z,github.com/phbernard/nextjs-linkedIn-insight-tag,v0.0.0-20240219091653-21919dfe712a
2026-10-01T01:28:55.799406Z,github.com/phaisaner/pancake-swap-sdk,v0.0.0-20211103101552-124c35091cb9
2026-10-01T01:28:56.262772Z,github.com/philip-hayden/wi-graphql-mcp-server,v0.2.4
2026-10-01T01:29:00.759944Z,github.com/GoogleCloudPlatform/golang-samples/pubsub,v0.0.0-20260930234343-8dde77ae8ff4
2026-10-01T01:29:01.149147Z,github.com/philips-labs/argus-panoptes,v0.0.0-20250701203952-d0c63df98870
2026-10-01T01:29:03.07394Z,github.com/phuctd9/tea-testnet,v0.0.0-20240312152447-33dc935b7391
2026-10-01T01:29:03.406593Z,github.com/go-appsec/interactsh-lite,v0.3.10
2026-10-01T01:29:04.263232Z,github.com/WikiMovimentoBrasil/quickstatements3,v0.0.0-20260924120549-2c4a6fcaff91
2026-10-01T01:29:07.273546Z,github.com/mulgadc/bluebottle,v1.21.1-0.20261001012726-c8e8261ae573
2026-10-01T01:29:07.275458Z,github.com/wikimedia/mediawiki-vendor,v0.0.0-20260930114503-340a7a95e98a
2026-10-01T01:29:10.760304Z,github.com/piranna/libblkid,v0.0.0-20170111143857-ffa38b43d824
2026-10-01T01:29:10.79831Z,github.com/pipeworx-io/mcp-pagespeed-insights,v0.0.0-20260926205611-f5997763c405
2026-10-01T01:29:12.099069Z,github.com/gogf/gf/contrib/drivers/oceanbase/v2,v2.10.3-0.20260820105207-c8bdbb77fae2
2026-10-01T01:29:12.205Z,github.com/pi-harness/pi-harness,v0.1.160
2026-10-01T01:29:13.427852Z,github.com/pirichain/api,v0.0.0-20250215233708-6d39187d73ad
2026-10-01T01:29:16.363251Z,github.com/playerony/indexeddb-fs,v0.0.0-20230328170312-42465ea52311
2026-10-01T01:29:20.141293Z,github.com/warren-bank/android-exoplayer-airplay-receiver,v3.15.0+incompatible
2026-10-01T01:29:20.432044Z,github.com/geekbyter/geektls/core,v0.1.8
2026-10-01T01:29:20.909187Z,github.com/pococrypto99/tea-testnet,v0.0.0-20240320152804-75c87378cce6
2026-10-01T01:29:22.251392Z,github.com/gogf/gf/contrib/drivers/oracle/v2,v2.10.3-0.20260820105207-c8bdbb77fae2
2026-10-01T01:29:27.009099Z,github.com/apereo/cas,v8.1.0-RC2.0.20261001002150-a9182097bf8a+incompatible
2026-10-01T01:29:27.939233Z,github.com/pooltogether/pool-tokenomics-testnet,v0.0.0-20220804165308-d4bea5f4be42
2026-10-01T01:29:30.554066Z,github.com/postgres-plugin/insights,v0.0.0-20171006092043-2d3b86cbf331
2026-10-01T01:29:32.348404Z,github.com/pooltogether/v4-testnet,v1.10.0
2026-10-01T01:29:33.343777Z,github.com/potcoin-dev/insight-pot-api,v0.0.0-20180401020136-9b57d05ea414
2026-10-01T01:29:33.599821Z,github.com/postman-cs/postman-insights-onboarding-action,v2.5.3+incompatible
2026-10-01T01:29:34.956029Z,github.com/outshift-open/insightclaw,v0.1.5
2026-10-01T01:29:36.073721Z,github.com/gogf/gf/contrib/drivers/pgsql/v2,v2.10.3-0.20260820105207-c8bdbb77fae2
2026-10-01T01:29:36.541524Z,github.com/potcoin-dev/insight-pot-ui,v0.2.2
2026-10-01T01:29:43.14016Z,github.com/pfoundation/ocinsights,v26.9.0+incompatible
2026-10-01T01:29:45.072311Z,github.com/prestonvanloon/angulartics-newrelic-insights,v0.0.0-20160422162355-3e4d2615e4a6
2026-10-01T01:29:47.64016Z,github.com/dmlc/dlpack,v0.0.0-20210701140105-277508879878
2026-10-01T01:29:50.125346Z,github.com/mozilla/bedrock,v0.0.0-20260930221746-81541a0fccb1
2026-10-01T01:29:56.116395Z,github.com/przemyslawpluta/node-youtube-dl,v1.12.1
2026-10-01T01:29:56.86741Z,github.com/psabeckis/finsights,v0.5.1
2026-10-01T01:29:58.347283Z,github.com/gogf/gf/contrib/drivers/sqlite/v2,v2.10.3-0.20260820105207-c8bdbb77fae2
2026-10-01T01:30:00.313308Z,github.com/puadde/tueatestnet,v0.0.0-20240315074933-934150ee0d8d
2026-10-01T01:30:03.826116Z,github.com/qixin-ai-data/dsh-qixin-insight-mcp-oauth,v1.1.0
2026-10-01T01:30:05.612981Z,github.com/qkqk/nuxt-better-application-insights,v0.1.3
2026-10-01T01:30:08.87926Z,github.com/qwfy5287/insight-pack,v0.0.0-20210603060442-caf0e17cc996
2026-10-01T01:30:09.190871Z,github.com/quantumpayments/testnet,v0.0.0-20160528120019-44bd6c09c73b
2026-10-01T01:30:10.501917Z,github.com/raffkazuki/refftestnet,v0.0.0-20240228154739-3390f94af0d2
2026-10-01T01:30:11.653851Z,github.com/eversend/eversend-node-sdk,v1.1.0
2026-10-01T01:30:12.476194Z,github.com/gogf/gf/contrib/drivers/sqlitecgo/v2,v2.10.3-0.20260820105207-c8bdbb77fae2
2026-10-01T01:30:13.241308Z,github.com/rafiasadana15/tea-testnet,v0.0.0-20240501085238-896557833185
2026-10-01T01:30:14.717424Z,github.com/rafiindistira/learning-nodejs-for-tea-testnet,v0.0.0-20240311140529-b275ca790890
2026-10-01T01:30:18.587783Z,github.com/raghavsrathi/playwright-insight-reporter,v0.0.0-20260521162234-5f129d9f2cf0
2026-10-01T01:30:19.694982Z,github.com/Umbriee/RobustToolbox-lambdanet-sectordawn,v0.0.0-20260222202348-9c4dd7a5e737
2026-10-01T01:30:19.965515Z,github.com/onnx/onnx,v0.0.0-20230504001424-a0d77f18516d
2026-10-01T01:30:22.728508Z,github.com/rahthakor/codex-insights,v0.0.1
2026-10-01T01:30:22.8717Z,github.com/rahul-ghimire-au6/error-insights,v0.0.0-20250226164458-cb1967f57ac5
2026-10-01T01:30:25.084236Z,github.com/gogf/gf/contrib/drivers/tidb/v2,v2.10.3-0.20260820105207-c8bdbb77fae2
2026-10-01T01:30:27.165934Z,github.com/rand0me/redux-appinsights-middleware,v2.0.0+incompatible
2026-10-01T01:30:28.799706Z,github.com/rapid7/r7insight_docker,v0.9.0
2026-10-01T01:30:28.808857Z,github.com/rapid7/r7insight_js,v1.1.2
2026-10-01T01:30:28.810408Z,github.com/trigger/trigger,v2.3.2+incompatible
2026-10-01T01:30:29.910545Z,github.com/rapid7/r7insight_node,v3.3.1+incompatible
2026-10-01T01:30:31.085019Z,github.com/watergodfurina/astrbot-golang,v0.0.0-20260928160104-1447dc5660a5
2026-10-01T01:30:31.715771Z,github.com/novifinancial/curve25519-dalek-fiat,v0.0.0-20211011230403-abf54e941f15
2026-10-01T01:30:34.508806Z,github.com/rapidrabbit76/OpenCodeInsights,v0.0.0-20260305164121-3b4155d98cb2
2026-10-01T01:30:43.008384Z,github.com/WillBooster/judge-utils,v4.2.6+incompatible
2026-10-01T01:30:43.306354Z,github.com/gogf/gf/contrib/metric/otelmetric/v2,v2.10.3-0.20260820105207-c8bdbb77fae2
2026-10-01T01:30:44.082961Z,github.com/unxed/vtinput,v0.1.10
2026-10-01T01:30:47.637501Z,github.com/reinteractive/rails-insight,v1.0.48
2026-10-01T01:30:47.837885Z,github.com/zsnero/yaria,v0.0.0-20260929205906-5f58c1514c7a
2026-10-01T01:30:49.632516Z,github.com/talordata/langchain-talordata,v0.0.0-20260721064920-9e47e842b49f
2026-10-01T01:30:51.762558Z,github.com/retrunv0id/tea-testnet-retrunvoid,v0.0.0-20250510101143-5bdba9874865
2026-10-01T01:30:54.369027Z,github.com/gogf/gf/contrib/nosql/redis/v2,v2.10.3-0.20260820105207-c8bdbb77fae2
2026-10-01T01:30:56.631937Z,github.com/redhat-developer/rhdh-plugins,v0.0.0-20260930162748-0436366ba67b
2026-10-01T01:30:57.189563Z,github.com/moodyhunter/MoodyAPI,v0.0.0-20261001010237-baf0131403eb
2026-10-01T01:30:57.469539Z,github.com/ricardoMogg/merkle-builder,v0.0.0-20240816233616-86a230831ce7
2026-10-01T01:30:58.906019Z,github.com/boschglobal/dse.sdp,v0.0.0-20260928230737-2418050fce86
2026-10-01T01:31:01.174051Z,github.com/ridomin/cordova-plugin-appinsights,v0.0.0-20160130065159-0a9eafd489b2
2026-10-01T01:31:04.030049Z,github.com/rizalsamian/tea-testnet,v0.0.0-20240315031811-630db3665a5a
2026-10-01T01:31:08.514862Z,github.com/microsoft/onnxruntime-extensions,v0.0.0-20221221145732-81e7799c6904
2026-10-01T01:31:09.471765Z,github.com/gogf/gf/contrib/registry/consul/v2,v2.10.3-0.20260820105207-c8bdbb77fae2
2026-10-01T01:31:10.442056Z,github.com/robert-waggott/XamarinInsightsDYSMUploadGruntPlugin,v0.0.0-20160222085702-23f43ba21999
2026-10-01T01:31:11.421467Z,github.com/rodrigoedamatsu/logger.js,v1.2.3
2026-10-01T01:31:14.865093Z,github.com/ronaldosilitonga/kasir-tea-testnet,v0.0.0-20240316200246-ec16da6a61cd
2026-10-01T01:31:14.896616Z,github.com/willemarcel/osmcha-django,v4.29.1+incompatible
2026-10-01T01:31:17.84473Z,github.com/rebasepro/rebase,v0.23.0
2026-10-01T01:31:18.830198Z,github.com/Tomtau/pest,v0.0.1
2026-10-01T01:31:18.83909Z,github.com/rosewestern/Rosewteatestnet,v0.0.0-20240311100658-baf7900644e3
2026-10-01T01:31:19.572602Z,github.com/rout-horizon/horizon-testnet-contracts-interface,v0.0.0-20231114133923-ff718f5c39ac
2026-10-01T01:31:19.592628Z,github.com/rout-horizon/horizon-testnet,v0.0.0-20240113125939-de2b8fae6f45
2026-10-01T01:31:22.067938Z,github.com/gogf/gf/contrib/registry/etcd/v2,v2.10.3-0.20260820105207-c8bdbb77fae2
2026-10-01T01:31:24.516115Z,github.com/yi-nology/git-platform-sdk,v0.67.0
2026-10-01T01:31:25.1406Z,github.com/royasmada456/roysm,v0.0.0-20240316053001-43d2043d3e9a
2026-10-01T01:31:25.375837Z,github.com/srivastavan/srivastavan,v0.0.0-20221015050459-80e1f5614069
2026-10-01T01:31:25.439527Z,github.com/aboutcode-org/vulnerablecode,v40.0.1+incompatible
2026-10-01T01:31:25.490382Z,github.com/srivastavan/personal-website,v0.0.0-20221114115521-d1229e36ed33
2026-10-01T01:31:29.905966Z,github.com/rsksmart/rsk-testnet-contract-metadata,v1.0.13
2026-10-01T01:31:30.559128Z,github.com/dunmatt/no-std-net,v0.2.3
2026-10-01T01:31:32.120563Z,github.com/ruban-s/linkedin-insight-tag,v0.0.0-20260519073009-2ed646db4bdc
2026-10-01T01:31:32.68432Z,github.com/ruliana/pi-insights,v0.0.0-20260505205943-ebb6758c2068
2026-10-01T01:31:34.112206Z,github.com/gogf/gf/contrib/registry/file/v2,v2.10.3-0.20260820105207-c8bdbb77fae2
2026-10-01T01:31:40.933646Z,github.com/s-innovations/si-appbuilder,v0.0.0-20170312215333-e8c9f6e5a32c
2026-10-01T01:31:41.741841Z,github.com/8-interactive/insightark-skills,v0.5.0
2026-10-01T01:31:42.279582Z,github.com/ryusui-hiro/vba-retrace,v0.1.0
2026-10-01T01:31:42.360214Z,github.com/willfarrell/1auth,v0.0.0-20260930023406-dd22a79d59ad
2026-10-01T01:31:43.589991Z,github.com/rancher/fleet/pkg/helmvalues,v0.0.0-20260902070804-b604ffa35ccb
2026-10-01T01:31:43.763028Z,github.com/gogf/gf/contrib/registry/nacos/v2,v2.10.3-0.20260820105207-c8bdbb77fae2
2026-10-01T01:31:44.217725Z,github.com/s1kabayan/sitea,v0.0.0-20240624094451-99e63fa087a8
2026-10-01T01:31:44.717267Z,github.com/s000ik/dependency-insight,v1.9.0
2026-10-01T01:31:47.500028Z,github.com/Abacus-Insights/serverless-plugin-typescript,v0.1.7
2026-10-01T01:31:48.014592Z,github.com/Alphaone1/templig,v0.1.0
2026-10-01T01:31:48.545793Z,github.com/ChainCoinUnlimited/insight-ui-chaincoin,v0.1.10
2026-10-01T01:31:49.852645Z,github.com/ryzwan29/tea-testnet,v0.0.0-20241107155906-93af6eaac12a
2026-10-01T01:31:50.528757Z,github.com/moby/moby/api,v1.54.2-0.20260415151208-caea5f77adfc
2026-10-01T01:31:50.648313Z,github.com/ChainCoinUnlimited/insight-api-chaincoin,v0.1.7
2026-10-01T01:31:53.142324Z,github.com/AdGuardTeam/AdGuardHome,v0.108.0-b.84.0.20260406021726-1d491ad0f339
2026-10-01T01:31:53.756781Z,github.com/sadi94787/teasweettestnet2,v0.0.0-20250510082825-162b581473be
2026-10-01T01:31:53.75957Z,github.com/gogf/gf/contrib/registry/polaris/v2,v2.10.3-0.20260820105207-c8bdbb77fae2
2026-10-01T01:31:53.802343Z,github.com/sadi94787/teasweettestnet1,v0.0.0-20250510082406-86f4f9c7b15d
2026-10-01T01:31:53.953658Z,github.com/sadi94787/teasweettestnet,v0.0.0-20250510083511-77662dc3b314
2026-10-01T01:31:57.809222Z,github.com/Open-Telemetry/opentelemetry-collector-contrib/exporter/kafkaexporter,v0.34.0
2026-10-01T01:32:00.615392Z,github.com/abacus-insights/serverless-plugin-typescript,v0.1.7
2026-10-01T01:32:02.03293Z,github.com/chaincoinunlimited/insight-ui-chaincoin,v0.1.10
2026-10-01T01:32:03.484162Z,github.com/willbooster/judge-utils,v4.2.6+incompatible
2026-10-01T01:32:04.365249Z,github.com/gogf/gf/contrib/registry/zookeeper/v2,v2.10.3-0.20260820105207-c8bdbb77fae2
2026-10-01T01:32:05.558606Z,github.com/salazarsebas/rtu-bindings,v0.0.0-20260812161337-86a928641bf8
2026-10-01T01:32:05.793051Z,github.com/salahmyn/mcp-phpinsights,v1.0.1
2026-10-01T01:32:06.270416Z,github.com/samooth/spaceswarm-testnet,v0.0.0-20250422092102-8066ca70db4d
2026-10-01T01:32:07.961651Z,github.com/feral-file/ffos-user/components/feral-sys-monitord,v0.0.0-20260930092116-75543feaf024
2026-10-01T01:32:07.978019Z,github.com/chaincoinunlimited/insight-api-chaincoin,v0.1.7
2026-10-01T01:32:10.397773Z,github.com/santhoshkumar7300/react-dev-insight,v0.0.0-20260224071912-4d6b647cd1a2
2026-10-01T01:32:11.841066Z,github.com/sarveshbhatnagar/insights-db,v0.3.2
2026-10-01T01:32:12.309776Z,github.com/gogf/gf/contrib/rpc/grpcx/v2,v2.10.3-0.20260820105207-c8bdbb77fae2
2026-10-01T01:32:13.046444Z,ergo.services/tools/argus,v0.3.1
2026-10-01T01:32:13.260726Z,github.com/sarweshero-infynd/insights-widget,v0.0.0-20260623060345-e6146ef4ec9d
2026-10-01T01:32:18.999444Z,github.com/Akord-com/akord-explorer-api,v1.0.2
2026-10-01T01:32:19.988067Z,github.com/sazzy4o/applicationinsights-cloudflareworkers,v0.0.0-20240717014945-609b12dffca4
2026-10-01T01:32:20.788227Z,github.com/schafer14/potential-octo-archer,v1.0.5
2026-10-01T01:32:20.917381Z,github.com/Uninett/Argus,v1.22.0
2026-10-01T01:32:21.676408Z,github.com/sbordeyne/backstage-plugins,v0.0.0-20260919191615-187dfae9a0d9
2026-10-01T01:32:23.201888Z,github.com/wavelens/gradient,v1.4.0
2026-10-01T01:32:23.530771Z,github.com/schatziebegh/webinsight,v0.0.0-20240501143954-858103e2735e
2026-10-01T01:32:23.647767Z,github.com/gogf/gf/contrib/sdk/httpclient/v2,v2.10.3-0.20260820105207-c8bdbb77fae2
2026-10-01T01:32:29.226579Z,github.com/AlexanderYW/adonis-logger-azure-application-insights,v5.0.1+incompatible
2026-10-01T01:32:32.225897Z,github.com/gogf/gf/contrib/trace/otlpgrpc/v2,v2.10.3-0.20260820105207-c8bdbb77fae2
2026-10-01T01:32:36.079747Z,github.com/sdetflow/sdetflow,v0.2.0
2026-10-01T01:32:37.778563Z,github.com/seb-oss/Spark-packages,v0.0.0-20260918110927-3e4b35f4e2bb
2026-10-01T01:32:38.71486Z,github.com/AlphaWong/insightops-client,v0.0.1
2026-10-01T01:32:39.468745Z,github.com/Crowndev/insight-api-crown,v0.1.2
2026-10-01T01:32:41.187554Z,github.com/seinsights/CMS,v0.0.0-20240422042831-561cb28ae817
2026-10-01T01:32:41.774566Z,github.com/seijin88/tea-testnet,v0.0.0-20240318201600-39463c6f93ec
2026-10-01T01:32:42.054536Z,github.com/Crowndev/insight-ui-crown,v0.2.5
2026-10-01T01:32:45.339236Z,github.com/gogf/gf/contrib/trace/otlphttp/v2,v2.10.3-0.20260820105207-c8bdbb77fae2
2026-10-01T01:32:50.449193Z,github.com/shanebui94/teaprotocoltesnet,v0.0.0-20240528151125-920f81fcdc10
2026-10-01T01:32:51.930485Z,github.com/shashwatraajsingh/repo-insights,v0.0.0-20250912041142-4a93a18d69cf
2026-10-01T01:32:53.096843Z,github.com/shellicar/ecosystem,v0.0.0-20260916053954-e951962f7ff7
2026-10-01T01:32:54.500539Z,mygithub.libinneed.workers.dev/stackitcloud/stackit-cert-manager-webhook,v1.0.0-rc.2
2026-10-01T01:32:54.863348Z,github.com/shellicar/pino-applicationinsights-transport,v0.0.0-20240928153127-aecfe5dc8073
2026-10-01T01:32:59.772209Z,github.com/Uniswap/Uniswap-v3-periphery,v1.0.0-beta.23
2026-10-01T01:33:01.322086Z,github.com/shivsambhare/strapi-plugin-insights,v0.0.0-20260725070135-e484964aed52
2026-10-01T01:33:01.864436Z,github.com/gemmology-dev/mineral-database,v1.0.0
2026-10-01T01:33:04.437745Z,github.com/sholaah/tea-testnet,v0.0.0-20240316062020-8e18aa784e60
2026-10-01T01:33:04.501217Z,github.com/shwetasabne/pagespeed-insights,v0.0.0-20160913024607-c8bc9beed9d2
2026-10-01T01:33:04.676236Z,github.com/googleapis/langchain-google-datastore-python,v0.1.0
2026-10-01T01:33:06.333305Z,github.com/shyamtala003/ip-insight,v0.0.0-20241223125712-ec462f1e0d01
2026-10-01T01:33:11.287032Z,github.com/williamh/pybugz,v0.0.0-20260925164756-30c474acdaeb
2026-10-01T01:33:12.685902Z,github.com/akord-com/akord-explorer-api,v1.0.2
2026-10-01T01:33:13.40904Z,github.com/un5eeny0t/cyber-write-up-fetcher,v0.0.0-20261001012924-d073fa1931ed
2026-10-01T01:33:16.872347Z,github.com/azkaban/azkaban,v0.0.0-20210317190152-9018fa2c4afb
2026-10-01T01:33:17.250796Z,github.com/sidanmor/javascript-insights,v0.0.0-20180317084210-01ee6c7ff4a7
2026-10-01T01:33:18.228471Z,github.com/siddhesh-shetye/insights,v0.0.0-20251022164404-0a3ff12595e0
2026-10-01T01:33:19.643888Z,github.com/sidtheone/insightsloop,v0.10.0-beta
2026-10-01T01:33:20.737083Z,github.com/crowndev/insight-ui-crown,v0.2.5
2026-10-01T01:33:20.94974Z,github.com/alphawong/insightops-client,v0.1.8
2026-10-01T01:33:21.409834Z,github.com/crowndev/insight-api-crown,v0.1.2
2026-10-01T01:33:23.115898Z,github.com/tomtau/pest,v2.0.1-derive+incompatible
2026-10-01T01:33:23.260621Z,github.com/hotdata-dev/hotdata-langchain,v0.1.0
2026-10-01T01:33:23.459176Z,github.com/sifbuilder/eodoes,v0.0.0-20200920203611-74fe290c3b17
2026-10-01T01:33:27.586646Z,github.com/MichaelHdesigns/insight-api,v0.1.7
2026-10-01T01:33:33.104813Z,github.com/sitestnet/kobok,v0.0.0-20240317125736-4bb30247e4b9
2026-10-01T01:33:33.15275Z,github.com/sintabere/Tea-testnet,v0.0.0-20240307092544-435595b541b9
2026-10-01T01:33:33.638468Z,github.com/sitestnet/joys,v0.0.0-20240315154502-9b46e7225037
2026-10-01T01:33:34.252657Z,github.com/Azure/react-appinsights,v1.0.0
2026-10-01T01:33:35.058307Z,github.com/typicode/eslint-config,v0.1.1
2026-10-01T01:33:36.176533Z,github.com/powerhouse-inc/powerhouse,v6.2.3-dev.16+incompatible
2026-10-01T01:33:39.263413Z,github.com/michaelhdesigns/insight-api,v0.1.7
2026-10-01T01:33:39.560102Z,github.com/weld/core,v0.0.0-20260930072920-12f4cbe63999
2026-10-01T01:33:40.058252Z,github.com/skrylnikov/z-torrent,v0.0.0-20260718182654-6ab07c5a792f
2026-10-01T01:33:42.51691Z,github.com/Uniswap/Uniswap-v3-core,v1.0.0-beta.10
2026-10-01T01:33:45.6273Z,github.com/BunsDev/CoinGecko-API,v1.0.0
2026-10-01T01:33:46.611874Z,github.com/vivekchand/clawmetry,v0.12.899
2026-10-01T01:33:46.996297Z,github.com/waku-org/nwaku,v0.39.0-rc.3
2026-10-01T01:33:47.036904Z,github.com/smeijer/git-insight,v0.0.0-20240709214721-626a359597b3
2026-10-01T01:33:47.65802Z,github.com/smonier/page-insights,v0.0.0-20260831170029-c1001b504ad8
2026-10-01T01:33:48.036056Z,github.com/streamplace/streamplace,v0.12.1
2026-10-01T01:33:49.423396Z,github.com/Databus23/helm-diff/v3,v3.8.0
2026-10-01T01:33:53.59582Z,github.com/kingsdigitallab/DataPortalExplorer,v0.1.0
2026-10-01T01:33:55.151326Z,github.com/sodik4455/proyektestnet,v0.0.0-20240311082204-cc6785d002be
2026-10-01T01:33:55.558541Z,github.com/RaptureCore/insight-api-rapture,v0.1.7
2026-10-01T01:33:56.200081Z,github.com/CHAOS-ApS/portalclient,v3.0.1+incompatible
2026-10-01T01:34:00.731968Z,github.com/Openwall/john,v0.0.0-20260930094309-302f52709321
2026-10-01T01:34:02.170109Z,github.com/RaptureCore/insight-ui-rapture,v0.1.10
2026-10-01T01:34:02.368176Z,github.com/CMeeg/pino-appinsights-transport,v0.1.0
2026-10-01T01:34:03.619216Z,github.com/williamngan/pts-react-example,v0.0.0-20260928065940-800be3b7873e
2026-10-01T01:34:04.053479Z,github.com/someone-in-texas/Stellar-Agent,v0.6.0
2026-10-01T01:34:04.542039Z,github.com/soumydip/ucoder_insight_core,v0.0.0-20260728094215-d72061ac1daf
2026-10-01T01:34:06.417258Z,github.com/spacemeshos/local-testnet,v1.1.23
2026-10-01T01:34:06.910875Z,github.com/Koopjs/FeatureSErver,v2.3.7+incompatible
2026-10-01T01:34:07.66454Z,github.com/specmatic/specmatic-insights-github-build-reporter,v1.1.3
2026-10-01T01:34:11.014453Z,github.com/kubernetes/release,v0.0.0-20260930055236-38b25716f4ac
2026-10-01T01:34:11.090256Z,gopkg.in/open-amt-cloud-toolkit/rpc-go.v2,v2.48.4
2026-10-01T01:34:11.176237Z,github.com/srivastavaj/srivastavaj,v0.0.0-20230806113004-c26328e74860
2026-10-01T01:34:12.660009Z,github.com/sseaman/skillvc-voiceinsights,v0.0.0-20161212014633-f21fa2e5e33f
2026-10-01T01:34:15.015621Z,github.com/Open-Telemetry/opentelemetry-collector,v0.2.0
2026-10-01T01:34:20.786925Z,github.com/libp2p/js-libp2p-pubsub,v6.0.0+incompatible
2026-10-01T01:34:21.070187Z,github.com/losnoco/Cog,v0.0.0-20261001012256-eb17943d3694
2026-10-01T01:34:24.018494Z,github.com/straatdotco/create-react-app,v1.1.4
2026-10-01T01:34:24.397536Z,github.com/starosdev/scrutiny,v1.76.3
2026-10-01T01:34:24.87163Z,github.com/WilliamSampaio/cerne-cli,v0.13.0
2026-10-01T01:34:26.969687Z,charm.land/x/colors,v0.0.0-20260927004216-9c77d672503d
2026-10-01T01:34:28.172085Z,github.com/sukrucildirr/tea-oss-testnet,v0.0.0-20240228124946-d3eab9e0bd04
2026-10-01T01:34:32.325815Z,github.com/sumcoinlabs/insight-sum-api,v0.4.3
2026-10-01T01:34:32.853733Z,github.com/stellar/js-stellar-sdk,v17.2.1+incompatible
2026-10-01T01:34:37.209623Z,github.com/sumcoinlabs/insight-sum-ui,v0.4.0
2026-10-01T01:34:37.407326Z,github.com/Koopjs/winnow,v1.5.2
2026-10-01T01:34:39.681011Z,github.com/CartoDB/deep-insights.js,v0.2.2
2026-10-01T01:34:42.920492Z,github.com/surajnarwade/tech-insights-mcp-actions-backend,v0.1.0
2026-10-01T01:34:47.511267Z,github.com/sushiswap/sushiswap-sdk,v3.0.2+incompatible
2026-10-01T01:34:49.661016Z,github.com/tarlepp/angular-ngrx-frontend,v0.0.0-20260930123841-057c4d1b5b19
2026-10-01T01:34:54.808166Z,github.com/kingsdigitallab/dataportalexplorer,v0.1.11
2026-10-01T01:34:55.096151Z,github.com/rapturecore/insight-api-rapture,v0.1.7
2026-10-01T01:34:55.183045Z,github.com/chaos-aps/portalclient,v3.0.1+incompatible
2026-10-01T01:34:56.090074Z,github.com/bunsdev/coingecko-api,v1.0.0
2026-10-01T01:34:58.335029Z,github.com/dolfly/rclone,v1.68.2
2026-10-01T01:34:58.681536Z,github.com/tabhisar/searchservices-cluster-insights-commons,v0.0.0-20250806130930-cc3d913f0a3d
2026-10-01T01:35:01.68208Z,github.com/t4f1n/Tea-Testnet1,v0.0.0-20240319143649-7529c4d975e4
2026-10-01T01:35:03.220362Z,charm.land/x/exp/charmtone,v0.1.0
2026-10-01T01:35:03.278871Z,github.com/rapturecore/insight-ui-rapture,v0.2.5
2026-10-01T01:35:03.662408Z,github.com/cmeeg/pino-appinsights-transport,v0.1.0
2026-10-01T01:35:03.781434Z,github.com/tamilvasan/angularjs-application-insights-v2,v0.0.0-20220628035922-374771bb3848
2026-10-01T01:35:04.589592Z,github.com/tamilvasan/angular-application-insights-v2,v0.0.0-20190919073339-4d529ed83436
2026-10-01T01:35:04.709264Z,github.com/someone-in-texas/stellar-agent,v0.6.0
2026-10-01T01:35:11.367672Z,github.com/taufikalmahdi87/sukatestnet1,v0.0.0-20240326114113-bf9996bfb99b
2026-10-01T01:35:11.774238Z,github.com/taufikalmahdi87/sukatestnet,v0.0.0-20240322191024-dbdb62615a3b
2026-10-01T01:35:12.635097Z,github.com/williamsampaio/cerne-cli,v0.13.0
2026-10-01T01:35:13.045282Z,github.com/tealcoin-project/insight-tealcoin-api,v0.4.3
2026-10-01T01:35:15.052312Z,github.com/tealcoin-project/insight-tealcoin-ui,v0.4.0
2026-10-01T01:35:16.392023Z,github.com/ChaliceForAuri/auri,v0.1.1
2026-10-01T01:35:18.001825Z,github.com/techfever-soft/labinsight,v0.1.1
2026-10-01T01:35:18.922289Z,github.com/cartodb/deep-insights.js,v0.2.2
2026-10-01T01:35:22.280135Z,charm.land/x/exp/higherorder,v0.0.0-20260927004216-9c77d672503d
2026-10-01T01:35:23.133451Z,github.com/Josiahwitt/ensure,v0.1.0
2026-10-01T01:35:23.363413Z,github.com/tenacl/naver-shopping-insight-mcp,v0.0.0-20250407064452-cb99ad7f21be
2026-10-01T01:35:23.705574Z,github.com/teman-data/n8n-nodes-teman-insight,v0.0.0-20260204140531-18a1591da780
2026-10-01T01:35:24.710522Z,github.com/hexojs/hexo-browsersync,v0.0.0-20231231061939-56178f1a8906
2026-10-01T01:35:26.691287Z,github.com/microsoft/GSL,v0.0.0-20220128232259-a3534567187d
2026-10-01T01:35:33.887794Z,github.com/testnethunter/tea-testnethunter,v0.0.0-20240607143051-78423a860fab
2026-10-01T01:35:34.562838Z,github.com/WillianFuks/tfcausalimpact,v0.0.19
2026-10-01T01:35:35.296661Z,github.com/chaliceforauri/auri,v0.1.1
2026-10-01T01:35:36.039673Z,github.com/thebuilderdesign/tea-testnet-builderdesign,v0.0.0-20240319174858-09e90f5e1e8b
2026-10-01T01:35:36.673868Z,github.com/theinfyark/ai-cost-insight,v1.0.0
2026-10-01T01:35:38.793587Z,github.com/pauldotsh/go-evil/ransomware,v0.0.0-20220504090434-e36989c37ea8
2026-10-01T01:35:39.524014Z,github.com/the1sky/pagetimeline,v0.0.0-20141223054812-d334d3131bbe
2026-10-01T01:35:43.657655Z,github.com/willianfuks/tfcausalimpact,v0.0.19
2026-10-01T01:35:43.837779Z,github.com/thenhthang/teatestnet2,v0.0.0-20240324073352-bac4de16720e
2026-10-01T01:35:44.143795Z,github.com/theofilis/merkle-tree,v1.0.18
2026-10-01T01:35:51.055912Z,github.com/tigatest/tilutest,v0.0.0-20240327030746-a27acc9b717c
2026-10-01T01:35:51.880045Z,github.com/tigatestnet/polymer-template-tigatest,v0.0.0-20240322171633-5278e9e8426f
2026-10-01T01:35:54.785906Z,github.com/thorswap/SwapKit,v0.0.0-20251202065537-d6b21ba91c5d
2026-10-01T01:35:55.449833Z,github.com/tim-hilde/opencode-insights,v1.4.1
2026-10-01T01:35:56.533022Z,github.com/tinyanvil/testnet-tools-cli,v0.0.0-20191019011213-6a1d9d3d2e5f
2026-10-01T01:35:59.264285Z,github.com/pybind/pybind11,v0.0.0-20221031184451-80dc998efced
2026-10-01T01:35:59.907811Z,github.com/CheckPointSW/mcp-servers,v0.0.1
2026-10-01T01:36:05.629477Z,github.com/tmttn/gatsby-plugin-linkedin-insight,v4.0.0+incompatible
2026-10-01T01:36:05.694216Z,github.com/tkana-dev/subagent-insights,v0.2.1
2026-10-01T01:36:06.648666Z,github.com/toanpd/insight-api,v0.2.10
2026-10-01T01:36:10.923876Z,github.com/KipData/KiteSQL,v0.0.0-20260927073059-83ceb09f1726
2026-10-01T01:36:12.472295Z,github.com/tkhq/sdk,v2026.9.4+incompatible
2026-10-01T01:36:16.994736Z,github.com/topal99/jagung01,v0.0.0-20240315084228-b08e5e5bb74a
2026-10-01T01:36:17.727914Z,github.com/open-telemetry/opentelemetry-go/exporters/prometheus,v0.68.1-0.20260930091205-16b1798b61d9
2026-10-01T01:36:21.728713Z,github.com/tradle/testnet-charger,v0.0.0-20150329233816-6b7cb311f343
2026-10-01T01:36:22.889541Z,github.com/trevdso/react-insight-overlay,v0.0.0-20260416152159-a43a09a6779d
2026-10-01T01:36:25.321444Z,github.com/bterlson/test262-harness,v1.0.0
2026-10-01T01:36:30.47978Z,github.com/trinity-insight/generate-bigquery-schema,v0.0.0-20220823170106-34ee25488df7
2026-10-01T01:36:34.108922Z,github.com/trzyhard/dramis,v0.0.0-20240525171819-5ec7b71a3978
2026-10-01T01:36:36.984761Z,github.com/tsnaketech/n8n-nodes-frappe-insights,v0.0.0-20260809180352-e2e5dd7da26e
2026-10-01T01:36:38.893524Z,github.com/tsedio/logger,v8.0.5+incompatible
2026-10-01T01:36:45.711545Z,github.com/tyGavinZJU/MD5-JS,v0.0.0-20210107071943-2df3986e9c61
2026-10-01T01:36:48.886196Z,github.com/willnguyen1312/zoom-image,v0.0.0-20260926043729-a569b758c590
2026-10-01T01:36:49.938368Z,github.com/checkpointsw/mcp-servers,v0.0.1
2026-10-01T01:36:50.380279Z,github.com/uni-toolkit/uni-toolkit,v0.4.3
2026-10-01T01:36:50.827857Z,github.com/uncazzy/repo-insights,v0.0.0-20260222010030-c54eac51e80f
2026-10-01T01:37:01.08145Z,github.com/universepy99/tea-Test-Net,v0.0.0-20240311152206-a4cbb45f9c76
2026-10-01T01:37:03.416555Z,github.com/urayoru113/opencode-insight,v0.1.7
2026-10-01T01:37:05.997752Z,github.com/utulf34e/niconi-testnet,v0.0.0-20240311111840-ac23fcef657a
2026-10-01T01:37:06.595713Z,github.com/urmzd/github-insights,v3.11.0+incompatible
2026-10-01T01:37:09.220555Z,github.com/gopuff/appinsights-logger,v0.3.0
2026-10-01T01:37:11.331344Z,github.com/ariel-biton-sharecare/connect-session-knex,v1.7.0
2026-10-01T01:37:12.89972Z,github.com/fstepho/insightcode-cli,v0.1.0
2026-10-01T01:37:13.922845Z,github.com/vajahath/mocha-insights-reporter,v0.0.0-20170630111423-36a31c957807
2026-10-01T01:37:15.317287Z,github.com/eli0shin/applicationinsights-node.js,v0.15.7
2026-10-01T01:37:15.500167Z,github.com/garlicoin-project/insight-grlc-api,v0.1.10
2026-10-01T01:37:15.81417Z,github.com/garlicoin-project/insight-grlc-ui,v0.1.10
2026-10-01T01:37:15.87942Z,github.com/anonymousbitcoin/insight-ui-anon,v0.1.10
2026-10-01T01:37:16.106313Z,github.com/geek-fun/serverlessinsight,v0.6.13
2026-10-01T01:37:16.504961Z,github.com/guldenchain/insight-gulden-api,v0.2.1
2026-10-01T01:37:16.573081Z,github.com/guillaumemorin/npm-insights,v1.0.5
2026-10-01T01:37:18.035079Z,github.com/guerrato/insightmaker,v2.0.1+incompatible
2026-10-01T01:37:19.200151Z,github.com/googleapis/nodejs-compute,v2.4.1+incompatible
2026-10-01T01:37:20.685484Z,github.com/vercel/speed-insights,v2.0.0+incompatible
2026-10-01T01:37:21.414807Z,github.com/verydia-ai/verydia,v0.0.0-20251203160319-b8b7a9bdf086
2026-10-01T01:37:24.065102Z,github.com/viacoin/insight-via-api,v0.0.0-20180128191148-a8bd92dea505
2026-10-01T01:37:24.387099Z,github.com/hanzoai/insights-js,v1.13.9
2026-10-01T01:37:25.74695Z,github.com/guldenchain/insight-gulden-ui,v0.2.2
2026-10-01T01:37:26.707122Z,github.com/gwsbhqt/dsh-insight,v0.1.0
2026-10-01T01:37:27.125113Z,github.com/hinedy/commit-insights,v0.1.3
2026-10-01T01:37:27.201003Z,github.com/Ohler55/ojg,v1.18.3
2026-10-01T01:37:31.785409Z,github.com/huang-julien/applicationinsights-esm,v0.0.4
2026-10-01T01:37:32.213357Z,github.com/vjekoslavradosevic/Cardano-testnet-tim1,v0.0.0-20221217185600-eba80d232554
2026-10-01T01:37:34.382384Z,github.com/DTStack/ant-design-dtinsight-theme,v1.0.1
2026-10-01T01:37:36.318474Z,github.com/ice5kysl/dsh-insights-kit,v0.3.3
2026-10-01T01:37:36.642423Z,github.com/wahyuku124/cobatestnet,v0.0.0-20240318114938-6a115f6bb796
2026-10-01T01:37:39.969091Z,github.com/Hans-Wurst-21/ioBroker.mempool-space,v0.0.3
2026-10-01T01:37:40.083982Z,github.com/Vegaprotocol/decimal,v1.2.1-0.20210705145732-aaa563729a0a
2026-10-01T01:37:40.145345Z,github.com/bazel-contrib/rules_dotnet,v0.8.0
2026-10-01T01:37:40.293243Z,github.com/wbuchwalter/redux-appinsights,v0.0.0-20160617153617-ab7a93ade6d2
2026-10-01T01:37:40.484075Z,github.com/AlphaOne1/templig,v0.10.2-0.20260903144634-d084833bac11
2026-10-01T01:37:40.515762Z,github.com/ValerySidorin/shclog,v0.0.0-20240317195401-89f4174bdeff
2026-10-01T01:37:40.666285Z,github.com/utsavs26/pysnippets,v0.0.0-20241107154141-85fad949fcc1
2026-10-01T01:37:40.678734Z,github.com/forestrie/canopy,v0.1.3
2026-10-01T01:37:40.690661Z,github.com/aaossa/vbpr-pytorch,v0.0.0-20230207210617-e07c4214a8f2
2026-10-01T01:37:41.210323Z,github.com/foyer-inc/insight-sdk,v1.0.3
2026-10-01T01:37:41.754008Z,github.com/windham-high-school/cubeserver,v1.7.3-0.20231012030419-06574bb749cb
2026-10-01T01:37:41.787244Z,github.com/uniswap/uniswap-v3-core,v1.0.1-0.20260430161848-d0831dc6b8a3
2026-10-01T01:37:42.91728Z,github.com/evilbit-labs/opndossier,v1.7.4-0.20260928125900-4fd59c571089
2026-10-01T01:37:43.925787Z,github.com/webb-tools/protocol-solidity,v1.0.0
2026-10-01T01:37:44.529845Z,github.com/webbunny96/BunnyTestNet,v0.0.0-20240412085821-ff44e2d68183
2026-10-01T01:37:44.940558Z,github.com/felan-ai/felan,v0.1.0-alpha.0
2026-10-01T01:37:45.092725Z,github.com/hangxie/rapidgo,v0.2.1
2026-10-01T01:37:45.1004Z,github.com/llambda/connect-session-knex,v1.0.16
2026-10-01T01:37:45.464489Z,github.com/webmaxru/cookieless-insights,v0.1.2
2026-10-01T01:37:46.04547Z,charm.land/pi-hyper-provider,v0.2.0
2026-10-01T01:37:46.131675Z,github.com/luminati-io/langchain-brightdata,v0.1.4
2026-10-01T01:37:48.23262Z,github.com/enucatl/gluon,v0.0.0-20260930230649-a2f070f4e718
2026-10-01T01:37:50.220392Z,github.com/fredericrous/amont,v1.46.0
2026-10-01T01:37:51.066402Z,github.com/wenjiudaijiugui/pi-cache-insight,v0.0.0-20260824153308-209701521539
2026-10-01T01:37:51.920466Z,github.com/creativedeveloper-net/npm-package-example,v1.1.1
2026-10-01T01:37:54.252003Z,github.com/mikepb/sage,v0.2.3
2026-10-01T01:37:54.440229Z,github.com/cosformula/codex-session-insights,v0.3.0
2026-10-01T01:37:54.723984Z,github.com/well-insight/well-insight-ui,v0.4.0
2026-10-01T01:37:55.111671Z,github.com/ApeCodeAI/finsight,v0.1.1-0.20260602155949-dcd52a3a0864
2026-10-01T01:37:58.740521Z,github.com/imchuncai/umem-cache-client-go,v0.0.0-20260928055358-31969dc5ff0d
2026-10-01T01:37:59.170344Z,github.com/wizforge/wizinsight,v0.0.0-20250803121155-9113aa473d17
2026-10-01T01:38:00.401402Z,github.com/dagonmetric/ng-log-applicationinsights,v2.4.1+incompatible
2026-10-01T01:38:00.518893Z,github.com/wizsolucoes/app-insights-analyzer,v0.0.0-20201223174538-6a8f331b9323
2026-10-01T01:38:00.656768Z,github.com/withtally/merkle-tree,v0.0.0-20231218144427-05ecd3c20206
2026-10-01T01:38:00.770311Z,github.com/willmorgan/winston-azure-application-insights,v4.0.0+incompatible
2026-10-01T01:38:01.804951Z,github.com/bmshin94/gograph,v1.4.55
2026-10-01T01:38:02.310925Z,github.com/maruel/wmao,v0.13.2
2026-10-01T01:38:02.34962Z,github.com/Public-apis/Public-apis,v0.0.0-20260928212130-8939d468fa45
2026-10-01T01:38:02.416617Z,github.com/wizsolucoes/ng-application-insights,v0.0.0-20230804183002-e9ade9c05091
2026-10-01T01:38:02.546606Z,github.com/aphory/insight-api,v0.1.7
2026-10-01T01:38:02.783733Z,github.com/darranshepherd/angulartics-application-insights,v0.0.1
2026-10-01T01:38:05.529676Z,github.com/doggy8088/TokenUsageInsights,v0.2.2
2026-10-01T01:38:06.774984Z,github.com/astroport-fi/astroport-core,v5.14.1+incompatible
2026-10-01T01:38:09.346556Z,github.com/wgtunnel/desktop,v2.2.0+incompatible
2026-10-01T01:38:09.369924Z,github.com/wooo-jin/clinsight,v0.0.0-20260317044238-ea4499e20e68
2026-10-01T01:38:09.798443Z,github.com/darron1217/react-native-background-geolocation,v0.5.2
2026-10-01T01:38:11.113749Z,github.com/DTStack/dt-utils,v1.0.0
2026-10-01T01:38:11.464728Z,github.com/xaviervia/react-dream,v0.5.1
2026-10-01T01:38:12.708062Z,github.com/duyanta123/dsh-data-insight,v0.1.4
2026-10-01T01:38:13.10821Z,github.com/duyanta123/dsh-refactor-insight,v0.1.0
2026-10-01T01:38:14.37901Z,github.com/xcymm3/Tres-Insight,v0.2.0
2026-10-01T01:38:17.63328Z,github.com/xingzhen199186/dsh-insight-tree,v0.1.2
2026-10-01T01:38:19.196937Z,github.com/Run-llama/llama_index,v0.5.8
2026-10-01T01:38:19.744049Z,github.com/ipfs-shipyard/simple-peer,v4.2.1+incompatible
2026-10-01T01:38:20.458402Z,github.com/frenck/spook,v5.7.0+incompatible
2026-10-01T01:38:20.491004Z,github.com/elvismdev/wemo-insight-auto,v1.2.6
2026-10-01T01:38:20.610761Z,github.com/elimity-com/insights-client-js,v1.0.0-alpha.0
2026-10-01T01:38:20.808347Z,github.com/eli0shin/ApplicationInsights-node.js,v0.17.0
2026-10-01T01:38:22.614273Z,github.com/xnodeer/tea-testnet-project,v0.0.0-20240310154419-61774ba88f81
2026-10-01T01:38:23.233954Z,github.com/xyfir/illuminsight-cookbook,v0.0.0-20190710014747-fd939e23229c
2026-10-01T01:38:23.395413Z,github.com/elviass/dsh-cost-insights,v1.0.0
2026-10-01T01:38:23.795499Z,github.com/yanni4night/insight,v0.1.2
2026-10-01T01:38:24.283133Z,github.com/ember-insights/ember-insights,v0.1.0
2026-10-01T01:38:24.299918Z,github.com/yahav10/claude-code-dashboard,v0.1.0
2026-10-01T01:38:25.807112Z,github.com/yahav10/claude-insights,v1.2.0
2026-10-01T01:38:26.976826Z,github.com/etechsolutions/winston-azure-application-insights,v1.3.0
2026-10-01T01:38:28.197158Z,github.com/aphory/insight-ui,v0.1.10
2026-10-01T01:38:28.366805Z,github.com/expnn/opencode-insight,v0.1.4
2026-10-01T01:38:28.875588Z,github.com/doggy8088/tokenusageinsights,v0.1.4
2026-10-01T01:38:30.929747Z,github.com/Devtools-Html/perf.html,v0.0.0-20260930235053-e3069dc8bf60
2026-10-01T01:38:31.571442Z,github.com/fastly/open-insights-provider-fastly,v0.1.1
2026-10-01T01:38:31.794113Z,github.com/fastly/insights.js,v2.0.3-2+incompatible
2026-10-01T01:38:32.03139Z,github.com/compasjs/compas,v0.0.40
2026-10-01T01:38:32.645957Z,github.com/coinshaz/insight-united-ui,v0.1.10
2026-10-01T01:38:33.119379Z,github.com/coinshaz/insight-united-api,v0.4.0
2026-10-01T01:38:34.728734Z,github.com/fannheyward/coc-rust-analyzer,v0.0.0-20261001011628-3a898ba171e3
2026-10-01T01:38:35.281172Z,github.com/ygncode/pi-insights,v0.0.0-20260828191500-efe137cb1871
2026-10-01T01:38:37.898905Z,github.com/you21979/munin-insight,v0.0.0-20160927131426-1b4b466730a1
2026-10-01T01:38:38.482514Z,github.com/nevermined-io/metadata-driver-filecoin,v0.1.0
2026-10-01T01:38:38.976797Z,github.com/beowulf-foundation/beowulf-js,v0.0.1
2026-10-01T01:38:41.579207Z,github.com/youhoucmoa/tea_protocol_testnet,v0.0.0-20240508222439-9741f1925fa6
2026-10-01T01:38:42.425033Z,github.com/bitwebs/testnet,v1.0.0
2026-10-01T01:38:42.985249Z,github.com/blockai/testnet-faucet,v1.0.3
2026-10-01T01:38:43.723806Z,github.com/you21979/node-insight-cli,v0.0.0-20170313112551-69e358331b85
2026-10-01T01:38:44.918994Z,github.com/cloudinsight/eslint-config-cloudinsight,v1.0.0
2026-10-01T01:38:48.429402Z,github.com/christroutner/bb2insight,v1.0.1
2026-10-01T01:38:50.117456Z,github.com/bcProFoundation/bitcore,v5.0.0-beta.18+incompatible
2026-10-01T01:38:51.093222Z,github.com/chainswarm/chain-insights,v0.33.1
2026-10-01T01:38:51.352344Z,github.com/TrapTitech/traQ_S-UI,v3.8.4+incompatible
2026-10-01T01:38:51.903812Z,github.com/karailiev/vue-upload-component,v0.1.4
2026-10-01T01:38:52.231429Z,github.com/cephalization/phoenix-insight,v0.1.0
2026-10-01T01:38:53.576051Z,github.com/zachleat/performance-leaderboard-pagespeed-insights,v9.6.7+incompatible
2026-10-01T01:38:54.788459Z,github.com/zerodep/pino-applicationinsights,v2.1.0+incompatible
2026-10-01T01:38:55.563703Z,github.com/cbsinteractive/openinsights,v5.0.1+incompatible
2026-10-01T01:38:56.802107Z,github.com/cbinsights/form-design-system,v1.7.0
2026-10-01T01:38:57.190464Z,github.com/abhinandan-kushwaha/react-native-gifted-charts,v1.4.79
2026-10-01T01:38:58.088545Z,github.com/zhieaura/tea-testnet-oss,v0.0.0-20240320215645-6d048d05b9fd
2026-10-01T01:38:59.702777Z,github.com/zirkelc/serverless-cloudwatch-logs-insights,v1.0.2
2026-10-01T01:39:01.608299Z,github.com/devtools-html/perf.html,v0.0.0-20260930235053-e3069dc8bf60
2026-10-01T01:39:03.543805Z,github.com/WoeOm/bitcore-mnemonic-react-native,v0.9.0
2026-10-01T01:39:03.572506Z,github.com/Wuzado/insight-tux-ui,v0.1.12
2026-10-01T01:39:04.685534Z,github.com/zinwave/zinsight,v1.2.0
2026-10-01T01:39:09.251522Z,github.com/zooshgroup/bitbucket-tools,v0.0.0-20241211103719-96cd306caa21
2026-10-01T01:39:09.271054Z,github.com/dynatrace-extensions/dynatrace-extensions-vscode,v2.3.0+incompatible
2026-10-01T01:39:09.330116Z,github.com/ErikKassubek/CoBuFi-Go/advocate,v0.0.0-20260930201257-f5b3d53525a6
2026-10-01T01:39:09.503824Z,github.com/aaronpowell/apollo-graphql-appinsights,v0.1.1
2026-10-01T01:39:10.018546Z,github.com/WendellXY/langcodec,v0.14.0
2026-10-01T01:39:10.797112Z,github.com/acccccccb/color-insight,v1.0.6
2026-10-01T01:39:12.314537Z,github.com/zovust/zotea-testnet,v0.0.0-20240319215525-7924078dd310
2026-10-01T01:39:15.705217Z,github.com/facebookincubator/fbjni,v0.8.0
2026-10-01T01:39:15.838168Z,github.com/wuzado/insight-tux-ui,v0.1.10
2026-10-01T01:39:17.126665Z,github.com/agentinsight/agentinsight-sdk-ts,v0.1.2
2026-10-01T01:39:18.95512Z,github.com/vladimirrybalko/angular-applicationinsights,v0.2.8
2026-10-01T01:39:21.968862Z,github.com/wendellxy/langcodec,v0.14.0
2026-10-01T01:39:22.397713Z,github.com/parallelworks/hopper,v0.1.2
2026-10-01T01:39:22.629314Z,github.com/DibbayajyotiRoy/AHTML,v0.1.1
2026-10-01T01:39:23.299937Z,github.com/tangle-network/webb.js,v0.1.5
2026-10-01T01:39:23.481254Z,github.com/algolia/search-insights.js,v1.8.0
2026-10-01T01:39:28.310899Z,github.com/NimbleMarkets/flint-ntcharts,v0.1.0
2026-10-01T01:39:28.360779Z,github.com/azukiapp/insight-keen-io,v0.1.3
2026-10-01T01:39:28.694215Z,github.com/blogfoster/hapi-good-insightops,v0.1.0
2026-10-01T01:39:29.829648Z,github.com/b-my/insight-surveys,v1.0.0
2026-10-01T01:39:30.98207Z,github.com/aws-samples/cdk-eks-container-insight,v0.0.0
2026-10-01T01:39:33.48337Z,github.com/arjunkomath/openinsight,v0.12.0
2026-10-01T01:39:35.251386Z,github.com/auaustria/claude-session-insights,v0.1.0
2026-10-01T01:39:38.171837Z,github.com/vtl1618/plainsight,v0.2.1
2026-10-01T01:39:38.832337Z,github.com/RedHatInsights/ccx-notification-writer,v0.0.0-20261001012610-92a706010232
2026-10-01T01:39:39.146928Z,github.com/gartnera/lite-sandbox,v0.20.0
2026-10-01T01:39:39.253243Z,github.com/github/gh-aw-actions,v0.90.1
2026-10-01T01:39:39.74129Z,github.com/apograph-source/apograph-cms,v0.2.0
2026-10-01T01:39:39.946057Z,github.com/aurora-is-near/rainbow-bridge-client,v1.0.0
2026-10-01T01:39:41.80351Z,github.com/zkochan/symlink-dir,v10.0.3+incompatible
2026-10-01T01:39:42.152322Z,github.com/pulp-platform/PeakRDL-rawheader,v0.1.0
2026-10-01T01:39:44.149085Z,github.com/CheckMarx/kics/v2,v2.1.2
2026-10-01T01:39:45.966439Z,github.com/alexrudloff/wopr,v0.2.1
2026-10-01T01:39:45.99488Z,github.com/yasyf/cc-present,v0.35.1
2026-10-01T01:39:50.323214Z,github.com/getsentry/warden,v0.51.0
2026-10-01T01:39:51.725982Z,github.com/Weaxs/stock-analysis-plugin,v0.2.3
2026-10-01T01:40:03.686075Z,github.com/sweetalert2/eslint-config,v1.3.4
2026-10-01T01:40:08.673639Z,github.com/alteryx/evalml,v0.77.1-0.20230622192736-f1a6197ab0ef
2026-10-01T01:40:12.669646Z,github.com/casinocoin/csc-insight-api-v0.2,v0.1.7
2026-10-01T01:40:13.090797Z,github.com/dtstack/dt-utils,v1.0.0
2026-10-01T01:40:14.838689Z,github.com/quentinblampey/spatialdata_xenium_explorer,v0.1.0
2026-10-01T01:40:15.271911Z,github.com/utdnebula/nebula-api/api,v0.0.0-20260930012625-d138d0e57fc2
2026-10-01T01:40:16.48186Z,github.com/octalide/blit,v0.9.0
2026-10-01T01:40:20.81028Z,github.com/utdnebula/nebula-api,v1.2.1-0.20260930012625-d138d0e57fc2
2026-10-01T01:40:21.672534Z,github.com/dtstack/ant-design-dtinsight-theme,v1.0.1
2026-10-01T01:40:28.559441Z,go.chromium.org/chromiumos/platform/dev-util,v0.0.0-20260930215015-fb425a93dea9
2026-10-01T01:40:30.534264Z,github.com/wingedsheep/lazyhttp,v0.25.0
2026-10-01T01:40:31.696425Z,github.com/Godoy/hubot-facebook-insights,v0.1.0
2026-10-01T01:40:31.950089Z,github.com/VirologyCharite/prseq,v0.0.1
2026-10-01T01:40:34.825524Z,github.com/xcymm3/tres-insight,v0.2.0
2026-10-01T01:40:36.538706Z,github.com/dibbayajyotiroy/ahtml,v0.1.1
2026-10-01T01:40:39.888842Z,github.com/google/googletest,v1.14.1-0.20260930133045-bc548fd273c7
2026-10-01T01:40:40.848546Z,github.com/codeledgerECF/codeledger,v0.7.9
2026-10-01T01:40:43.935836Z,github.com/GoogleCloudPlatform/invoice-insights,v1.0.1
2026-10-01T01:40:44.925426Z,github.com/Koenkk/zigbee-herdsman-converters,v26.114.0+incompatible
2026-10-01T01:40:45.882475Z,github.com/nimblemarkets/flint-ntcharts,v0.1.0
2026-10-01T01:40:49.881128Z,github.com/GreenLv/dsh-session-insights,v0.1.0
2026-10-01T01:40:51.892834Z,github.com/pulp-platform/peakrdl-rawheader,v0.1.0
2026-10-01T01:41:01.004657Z,github.com/datadog/datadog-agent/internal/tools/gotest-custom,v0.0.0-20261001013500-ef8814462c37
2026-10-01T01:41:03.462348Z,github.com/siteauditor/data-universe-miner-doctor,v0.1.0
2026-10-01T01:41:06.079122Z,github.com/H-Finch-404/applicationinsights-cloudflareworkers,v0.0.1
2026-10-01T01:41:06.995787Z,github.com/sondrelg/asgi-idempotency-header,v0.1.1
2026-10-01T01:41:11.181987Z,github.com/stjude/proteinpaint,v2.215.0+incompatible
2026-10-01T01:41:17.358014Z,github.com/dashevo/insight-api-dash,v0.1.7
2026-10-01T01:41:17.913411Z,github.com/alvedder/html5-qrcode,v0.0.0-20230423142950-6a1dfd076c4c
2026-10-01T01:41:19.032772Z,github.com/HasanJahidul/git-insight-mcp,v0.1.0
2026-10-01T01:41:23.959624Z,github.com/adafruit/adabot,v0.0.0-20260809203124-7853b3b73d52
2026-10-01T01:41:28.072313Z,github.com/babarot/naminator,v0.2.5
2026-10-01T01:41:28.471091Z,github.com/OFfchainLabs/new-rollup-exploration,v0.0.2
2026-10-01T01:41:35.987213Z,github.com/autowarefoundation/autoware_utils,v0.0.0-20251230083401-8f3fb1c3815b
2026-10-01T01:41:36.32411Z,github.com/dinerocoin/insight-ui-dinero,v0.1.10
2026-10-01T01:41:39.239705Z,github.com/autowarefoundation/autoware_msgs,v0.0.0-20251027013545-588f00df3acc
2026-10-01T01:41:40.178942Z,github.com/IDinsight/standards,v0.1.0
2026-10-01T01:41:45.260864Z,github.com/systamental/cryptodatapy,v0.1.1
2026-10-01T01:41:46.809462Z,github.com/autowarefoundation/autoware_launch,v0.0.0-20261001012817-f8385426f767
2026-10-01T01:41:50.071733Z,github.com/fr0ster/mcp-abap-adt-auth-stores,v2.0.0+incompatible
2026-10-01T01:41:54.045756Z,github.com/fboldo/openscad-mcp-server,v0.0.0-20260924234020-66f7589867de
2026-10-01T01:41:55.981348Z,github.com/raspberrypifoundation/editor-ui,v0.41.2-0.20260928125345-12f1a434bcaf
2026-10-01T01:42:01.415748Z,github.com/thanhlq8-max/crypto-composite-market-data,v0.1.0
2026-10-01T01:42:06.397611Z,github.com/terrylica/gapless-crypto-data,v5.0.1+incompatible
2026-10-01T01:42:08.477367Z,github.com/rust-bitcoin/qa-assets,v0.0.0-20260930114050-a0fd90216a2e
2026-10-01T01:42:08.633625Z,github.com/VTL1618/plainsight,v0.3.0
2026-10-01T01:42:12.886804Z,github.com/KTH/kth-node-appinsights,v0.0.3
2026-10-01T01:42:16.286172Z,github.com/orbcorp/orb-go,v1.123.0
2026-10-01T01:42:17.400907Z,github.com/Uniswap/universal-router-sdk,v1.1.1
2026-10-01T01:42:19.598941Z,gopkg.d7z.net/middleware,v0.0.0-20260131134426-cea18952b028
2026-10-01T01:42:27.273623Z,github.com/webdevstudios/cmb2,v2.13.1+incompatible
2026-10-01T01:42:28.465543Z,github.com/Uniswap/router-sdk,v1.3.0
2026-10-01T01:42:28.684225Z,github.com/UniqueNetwork/unique-types-js,v0.3.0
2026-10-01T01:42:35.311096Z,github.com/Protonmail/go-crypto,v1.1.0-alpha.5.0.20240827111422-b5837fa4476e
2026-10-01T01:42:35.67321Z,github.com/LightningSw/TeamInsightX,v0.1.2
2026-10-01T01:42:36.024102Z,github.com/VladimirRybalko/angular-applicationinsights,v0.2.2
2026-10-01T01:42:36.37597Z,github.com/LeoFranklin015/AnonInsight-sdk,v1.0.0
2026-10-01T01:42:37.907708Z,github.com/CryptoHack/cryptohack-blog,v0.0.0-20260930072909-1b4fc95618e3
2026-10-01T01:42:40.951342Z,github.com/Vonage/vonage-node-sdk,v2.1.2+incompatible
2026-10-01T01:42:44.307991Z,github.com/uniquenetwork/unique-types-js,v0.3.0
2026-10-01T01:42:45.19637Z,github.com/uniswap/router-sdk,v1.0.0
2026-10-01T01:42:46.984594Z,github.com/codeledgerecf/codeledger,v0.7.9
2026-10-01T01:42:50.805859Z,github.com/alan-turing-institute/sqlsynthgen,v0.0.0-20231214102530-0b49effcf200
2026-10-01T01:42:51.350227Z,github.com/tychoish/bond,v0.0.0-20190522180555-d08240643c67
2026-10-01T01:42:51.557067Z,github.com/h-finch-404/applicationinsights-cloudflareworkers,v0.0.7-cleanup
2026-10-01T01:42:59.264599Z,github.com/idinsight/standards,v0.1.0
2026-10-01T01:43:14.006086Z,github.com/stripe/stripe-node,v22.7.0-alpha.5+incompatible
2026-10-01T01:43:17.970936Z,github.com/owncloud/gallery,v7.0.0+incompatible
2026-10-01T01:43:18.910018Z,github.com/Cap-of-tea/GDD,v1.0.0
2026-10-01T01:43:20.747814Z,github.com/LucaL6/claw-insights,v0.1.0
2026-10-01T01:43:28.477384Z,github.com/K0rdent/kcm,v1.12.0-rc1.0.20260930164003-f8521e6e7cb1
2026-10-01T01:43:28.823174Z,github.com/MaximBalaganskiy/application-insights-fetch-monitor,v1.0.0
2026-10-01T01:43:32.479188Z,github.com/fcash-wallet/fcash-insight-api,v0.1.7
2026-10-01T01:43:37.491683Z,github.com/airgap-it/beacon-sdk,v5.0.0-alpha.1+incompatible
2026-10-01T01:43:37.901799Z,github.com/geekcash/insight-api,v0.1.7
2026-10-01T01:43:38.223169Z,github.com/skyApm/go2sky-plugins,v0.5.0
2026-10-01T01:43:41.341868Z,github.com/MesosphereTech/open-insight,v0.1.0-alpha.1
2026-10-01T01:43:46.911096Z,github.com/wintersnowfall/dxvk,v3.1.1+incompatible
2026-10-01T01:43:54.535866Z,github.com/algolia/create-instantsearch-app,v6.1.0+incompatible
2026-10-01T01:43:55.501539Z,github.com/MetaMask/test-snaps,v0.0.1
2026-10-01T01:43:56.869633Z,github.com/t-brandt/exoplanet,v0.1.0
2026-10-01T01:44:04.179176Z,github.com/lightningsw/teaminsightx,v0.1.2
2026-10-01T01:44:06.432184Z,github.com/MichaelThielemann/kestrel,v5.0.0+incompatible
2026-10-01T01:44:14.066611Z,github.com/Microsoft/ApplicationInsights-node.js-native-metrics,v0.0.1
2026-10-01T01:44:14.486663Z,github.com/cap-of-tea/gdd,v1.0.0
2026-10-01T01:44:25.285034Z,github.com/mesospheretech/open-insight,v0.1.0-alpha.1
2026-10-01T01:44:29.729579Z,github.com/iobond/aib-insight-api,v0.1.7
2026-10-01T01:44:32.724629Z,github.com/metamask/test-snaps,v0.0.1
2026-10-01T01:44:43.832917Z,github.com/k0rdent/kcm,v1.12.0-rc1.0.20260930164003-f8521e6e7cb1
2026-10-01T01:44:45.795303Z,github.com/MikeHopcroft/insight-lib,v0.0.1
2026-10-01T01:44:47.521188Z,github.com/autowarefoundation/autoware_lanelet2_extension,v0.0.0-20260218044012-38b5af5ac812
2026-10-01T01:44:51.535607Z,github.com/autowarefoundation/autoware_cmake,v0.0.0-20251110074139-0e0794e034fe
2026-10-01T01:44:55.298238Z,github.com/autowarefoundation/managed_transform_buffer,v0.0.0-20260922073329-ae33f5b01ac8
2026-10-01T01:45:10.38313Z,github.com/danhey/exoplanet,v0.1.0
2026-10-01T01:45:13.150272Z,github.com/michaelthielemann/kestrel,v5.0.0+incompatible
2026-10-01T01:45:16.682097Z,buf.build/gen/go/neuralfin/services/grpc-ecosystem/gateway/v2,v2.31.0-20250508224316-d4d211b2a4e7.1
2026-10-01T01:45:17.582247Z,namespacelabs.dev/integrations/buildkit,v0.0.0-20260930225230-b8b7cb1d5dda
2026-10-01T01:45:18.490651Z,github.com/WirelessCar/nauth,v0.7.5
2026-10-01T01:45:19.433363Z,namespacelabs.dev/integrations/examples,v0.0.0-20260930225230-b8b7cb1d5dda
2026-10-01T01:45:22.528209Z,namespacelabs.dev/integrations/examples/buildandrun/testserver,v0.0.0-20260930225230-b8b7cb1d5dda
2026-10-01T01:45:31.40546Z,github.com/argon/node-http2,v2.5.2+incompatible
2026-10-01T01:45:41.959235Z,github.com/wirenboard/wb-mqtt-dali,v1.32.2
2026-10-01T01:45:44.179779Z,buf.build/gen/go/ava-labs/avalanche/grpc-ecosystem/gateway/v2,v2.31.0-20230116214941-63c3ab08951c.1
2026-10-01T01:45:45.569075Z,gitlab.torproject.org/robogg133/snowflake-with-logging-setting/v2,v2.4.2
2026-10-01T01:45:49.685466Z,github.com/AleoHQ/sdk,v0.2.0
2026-10-01T01:45:50.462777Z,namespacelabs.dev/integrations,v0.0.0-20260930225230-b8b7cb1d5dda
2026-10-01T01:45:51.752576Z,github.com/unilinq/durableq,v0.0.0-20260922004220-f16ac1012d1e
2026-10-01T01:46:07.27712Z,github.com/kubernetes-sigs/kustomize/api,v0.21.2
2026-10-01T01:46:21.072137Z,github.com/perpetualsoftware/pad,v0.17.0-rc.1
2026-10-01T01:46:22.623595Z,github.com/weaxs/stock-analysis-plugin,v0.2.3
2026-10-01T01:46:24.762902Z,github.com/iDvel/rime-ice,v0.0.0-20260925115049-3aea6d3694fb
2026-10-01T01:46:26.200286Z,github.com/ranaroussi/fix-yahoo-finance,v0.0.0-20260930203507-5cae563642b5
2026-10-01T01:46:30.421296Z,github.com/godoy/hubot-facebook-insights,v0.3.1
2026-10-01T01:46:30.738195Z,github.com/virologycharite/prseq,v0.0.37
2026-10-01T01:46:31.422444Z,github.com/googlecloudplatform/invoice-insights,v1.0.1
2026-10-01T01:46:32.404605Z,github.com/ryanshanghaitech/mrarbdcf,v0.0.0-20260930093527-e0e0e910857f
2026-10-01T01:46:39.84581Z,github.com/greenlv/dsh-session-insights,v0.1.0
2026-10-01T01:46:40.388377Z,github.com/diver-osint-ctf/geo_challenges,v0.0.0-20260518083446-c0b39d49e5c8
2026-10-01T01:46:40.670233Z,github.com/hasanjahidul/git-insight-mcp,v0.1.0
2026-10-01T01:46:44.632942Z,git.kwila.cloud/kwila/office-automations,v0.0.0-20261001013413-89c28dad9888
2026-10-01T01:46:48.57775Z,github.com/kth/kth-node-appinsights,v1.0.0
2026-10-01T01:46:49.632231Z,github.com/leofranklin015/anoninsight-sdk,v1.0.0
2026-10-01T01:46:49.75141Z,github.com/stripe/stripe-ruby,v19.7.0-alpha.5+incompatible
2026-10-01T01:47:01.117565Z,github.com/maximbalaganskiy/application-insights-fetch-monitor,v1.0.0
2026-10-01T01:47:01.998704Z,github.com/processhacker/processhacker,v0.0.0-20261001003524-d3a4b1b663ba
2026-10-01T01:47:02.426211Z,github.com/lucal6/claw-insights,v0.1.4
2026-10-01T01:47:04.9247Z,github.com/lima-vm/lima/v2,v2.2.1-0.20260728083819-439cba2b628e
2026-10-01T01:47:12.874976Z,github.com/RedHatInsights/insights-frontend-components,v1.0.0
2026-10-01T01:47:17.088323Z,github.com/aponysus/recourse/integrations/grpc,v1.3.0
2026-10-01T01:47:26.691957Z,github.com/iodefog/VipVideo,v0.0.0-20260929054559-cbdbc1994281
2026-10-01T01:47:32.198843Z,github.com/wise-vision/mcp_server_ros_2,v0.0.0-20260930140706-56ec53f41bf0
2026-10-01T01:47:34.911681Z,github.com/NautechSystems/nautilus_trader,v1.209.0
2026-10-01T01:47:40.523501Z,github.com/lopolopen/shoot,v0.8.1
2026-10-01T01:47:47.445515Z,github.com/wishmatic/character-namegen,v0.8.0
2026-10-01T01:47:53.4441Z,go.chromium.org/chromiumos/platform/dev-util/src/go.chromium.org/chromiumos/test,v0.0.0-20260930215015-fb425a93dea9
2026-10-01T01:48:00.054822Z,github.com/flimzy/testy,v0.0.0-20190521133342-95b386c3ece6
2026-10-01T01:48:10.433123Z,github.com/sommersoft/adabot,v0.0.0-20210619213013-a1a00ef8ea6d
2026-10-01T01:48:15.072649Z,github.com/kattni/adabot,v0.0.0-20220421203559-131849abfd62
2026-10-01T01:48:15.219932Z,github.com/tannewt/adabot,v0.0.0-20171231201355-3034659592be
2026-10-01T01:48:16.638551Z,github.com/makermelissa/adabot,v0.0.0-20260206212225-a5d0dcd5f700
2026-10-01T01:48:21.23817Z,github.com/aleohq/sdk,v0.2.0
2026-10-01T01:48:21.260219Z,github.com/wirelesscar/nauth,v0.7.5
2026-10-01T01:48:21.406561Z,github.com/maxbrunsfeld/counterfeiter/v6,v6.12.3-0.20260626194606-80e694153dcf
2026-10-01T01:48:25.350674Z,github.com/ossf/osv-schema/bindings/go,v0.0.0-20261001013203-65280faa676c
2026-10-01T01:48:33.217914Z,github.com/redhatinsights/insights-frontend-components,v1.0.0
2026-10-01T01:48:33.789186Z,github.com/SeedTactics/fms-insight,v12.0.0+incompatible
2026-10-01T01:48:45.808535Z,github.com/eolymp/h,v2.2.0+incompatible
2026-10-01T01:48:50.822038Z,github.com/seedtactics/fms-insight,v12.0.0+incompatible
2026-10-01T01:48:54.595602Z,github.com/linkbreakers-com/linkbreakers-go,v1.128.1
2026-10-01T01:48:56.806112Z,github.com/hlascelles/que-scheduler,v7.1.1+incompatible
2026-10-01T01:49:00.263367Z,github.com/jmelahman/agentic-kanban,v1.6.4
2026-10-01T01:49:17.967254Z,github.com/nusenu/nusenu.github.io,v0.0.0-20260509213806-c4d84957f03e
2026-10-01T01:49:20.094109Z,github.com/ossf/osv-schema,v0.0.0-20261001013203-65280faa676c
2026-10-01T01:49:29.306861Z,github.com/m-motawea/gSwitch,v0.0.0-20260925220706-e482b799b21e
2026-10-01T01:49:36.076202Z,github.com/hobbyquaker/homematic-manager,v3.0.0+incompatible
2026-10-01T01:49:42.857945Z,github.com/lookitsanewsana/claude-code.nvim,v0.0.0-20260729072555-1680b03805c3
2026-10-01T01:49:58.742344Z,github.com/googlecloudplatform/guest-test-infra,v0.0.0-20260930205252-9483e518fe6f
2026-10-01T01:50:01.526551Z,github.com/modelcontextprotocol/inspector,v0.0.0-20260930222303-ae865a19178d
2026-10-01T01:50:15.531189Z,github.com/fiducia-cloud/fiducia-interfaces/generated/go,v0.0.0-20261001003040-2b5f5bd37621
2026-10-01T01:50:20.270222Z,github.com/pontuslae/pathfinder,v0.0.0-20260211223143-1c075c05db3e
2026-10-01T01:50:23.376877Z,github.com/mojohaus/exec-maven-plugin,v0.0.0-20260929172148-45656b8ac9e5
2026-10-01T01:50:24.623248Z,github.com/nopnop2002/esp-idf-ssd1306,v0.0.0-20260925054908-fbf73ef39d37
2026-10-01T01:50:25.328258Z,github.com/pontuslaestadius/pathtracer,v0.0.0-20260211223143-1c075c05db3e
2026-10-01T01:50:36.211921Z,github.com/mitre/hdf-libs/hdf-converters/v3,v3.7.1-rc.1
2026-10-01T01:50:36.708746Z,github.com/mitre/hdf-libs,v3.7.1-rc.1+incompatible
2026-10-01T01:50:37.903308Z,github.com/urnetwork/connect/sctp,v0.0.0-20261001013017-8c76f5685827
2026-10-01T01:50:41.420894Z,github.com/iron-io/functions_go,v0.0.0-20161108231950-2942fd282d03
2026-10-01T01:50:48.908805Z,github.com/wkentaro/gdown,v6.4.1+incompatible
2026-10-01T01:50:54.644549Z,github.com/mitre/hdf-libs/hdf-schema/dist/go/v3,v3.7.1-rc.1
2026-10-01T01:50:57.328739Z,github.com/mitre/hdf-libs/hdf-validators/go/v3,v3.7.1-rc.1
2026-10-01T01:50:57.522935Z,github.com/mitre/hdf-libs/hdf-mappings/go/v3,v3.7.1-rc.1
2026-10-01T01:51:01.867595Z,github.com/mitre/hdf-libs/hdf-utilities/go/v3,v3.7.1-rc.1
2026-10-01T01:51:06.117222Z,github.com/cozystack/cozystack/api/apps/v1alpha1,v1.4.1-0.20260527122558-628ebce6531d
2026-10-01T01:51:06.466558Z,github.com/TarikHuber/rmw-shell,v1.6.2
2026-10-01T01:51:07.620567Z,github.com/26amitdethe/gyronet,v0.1.3
2026-10-01T01:51:08.262273Z,github.com/seissol/device,v0.0.0-20260929013426-fbd1a69c6251
2026-10-01T01:51:17.501561Z,github.com/Nautechsystems/nautilus_trader,v1.220.0
2026-10-01T01:51:21.127018Z,github.com/lcmscheid/gosnmpserver,v0.0.0-20260930191341-04a09ad9543c
2026-10-01T01:51:25.962326Z,github.com/cozystack/cozystack/packages/system/dashboard/images/token-proxy,v0.0.0-20260527122558-628ebce6531d
2026-10-01T01:51:26.547438Z,github.com/imboy-pub/imboy,v1.0.0-alpha.60
2026-10-01T01:51:28.116152Z,github.com/wkjarosz/hdrview,v3.0.2+incompatible
2026-10-01T01:51:28.210933Z,github.com/szaghi/flap,v2.4.0+incompatible
2026-10-01T01:51:29.65181Z,github.com/urnetwork/sdk,v0.0.0-20261001003452-ccb48da91735
2026-10-01T01:51:32.06189Z,github.com/synth-laboratories/synth-ai,v0.22.0
2026-10-01T01:51:41.806363Z,github.com/Azure/ARO-RP/pkg/api,v0.0.0-20261001013016-2ef0686be8b9
2026-10-01T01:51:41.915278Z,github.com/ikermy/AiR_Common,v1.60.1
2026-10-01T01:51:44.942008Z,github.com/bringyour/connect,v0.0.0-20261001013017-8c76f5685827
2026-10-01T01:51:51.608278Z,github.com/obukhovaa/opencode,v0.0.1
2026-10-01T01:51:53.934057Z,github.com/OkeyAmy/DRS/drs-verify,v0.0.0-20260724082242-bb407901fb2f
2026-10-01T01:51:54.922788Z,github.com/OkeyAmy/DRS,v0.1.1
2026-10-01T01:51:57.951168Z,github.com/Kesomannen/gale,v0.0.0-20260929181534-439990c97b54
2026-10-01T01:52:03.194864Z,github.com/ikermy/air_common,v1.60.1
2026-10-01T01:52:03.26163Z,github.com/zoriya/kyoo/transcoder,v0.0.0-20260930211515-12bf2b02bc90
2026-10-01T01:52:06.160236Z,github.com/okeyamy/drs,v0.1.1
2026-10-01T01:52:08.231552Z,github.com/tarikhuber/rmw-shell,v1.6.2
2026-10-01T01:52:21.103456Z,github.com/fiducia-cloud/fiducia-interfaces,v0.0.0-20261001003040-2b5f5bd37621
2026-10-01T01:52:22.351785Z,github.com/wnielson/rapidyenc,v0.0.0-20261001015057-f716c7eed3b8
2026-10-01T01:52:24.254422Z,github.com/tilt-dev/tilt,v0.37.8
2026-10-01T01:52:28.277291Z,github.com/cozystack/cozystack/packages/apps/kubernetes/images/kubevirt-csi-driver,v0.0.0-20260527122558-628ebce6531d
2026-10-01T01:52:30.392345Z,github.com/libpinyin/ibus-libpinyin,v1.16.6
2026-10-01T01:52:31.719948Z,github.com/avenirs-esr/avenirs-dsav,v0.1.330
2026-10-01T01:52:38.866105Z,github.com/mitre/hdf-libs/hdf-parsers/go/v3,v3.7.1-rc.1
2026-10-01T01:52:41.626974Z,github.com/michelnivard/gptstudio,v0.4.1-0.20260103181137-c6cb15258c5e
2026-10-01T01:52:47.952929Z,github.com/tackhq/tack,v1.1.4
2026-10-01T01:52:48.363725Z,github.com/zoriya/kyoo,v0.0.0-20260930211515-12bf2b02bc90
2026-10-01T01:52:57.590604Z,github.com/mitre/hdf-libs/hdf-schema/testhdf/go/v3,v3.7.1-rc.1
2026-10-01T01:52:58.458987Z,github.com/wladradchenko/wunjo.wladradchenko.ru,v0.0.0-20260925143102-34b6ecf17dac
2026-10-01T01:53:06.820731Z,github.com/luislard/admin,v0.6.2
2026-10-01T01:53:07.579083Z,github.com/add2cal/add-to-calendar-button,v3.3.0+incompatible
2026-10-01T01:53:10.829596Z,github.com/api-platform/admin,v4.0.9+incompatible
2026-10-01T01:53:11.688419Z,github.com/liujingfang1/kustomize,v1.0.1
2026-10-01T01:53:15.197665Z,github.com/isomorphic-git/isomorphic-git,v1.42.5
2026-10-01T01:53:23.854452Z,github.com/intentdriven/abcd,v0.12.0
2026-10-01T01:53:27.781337Z,github.com/RedHatInsights/javascript-clients,v1.0.43
2026-10-01T01:53:33.172198Z,github.com/lukasgeiter/mkdocs-awesome-nav,v3.3.0+incompatible
2026-10-01T01:53:37.422141Z,github.com/ganillagrace/vue-auth,v0.12.1
2026-10-01T01:53:38.817602Z,github.com/eclipse-zenoh/zenoh-plugin-dds,v0.0.0-20261001013259-68a4f3585471
2026-10-01T01:53:41.264832Z,github.com/zipstack/unstract,v0.192.3
2026-10-01T01:53:44.464247Z,github.com/candiddev/etcha,v0.0.0-20260930210820-06c8ef6d8586
2026-10-01T01:53:46.894237Z,github.com/konveyor/tackle2-addon-platform,v0.11.0
2026-10-01T01:53:50.680462Z,github.com/tinfoilsh/tinfoil-proxy,v0.3.0-rc.2
2026-10-01T01:53:56.345314Z,github.com/rwedge/featuretools,v0.23.0
2026-10-01T01:54:12.709991Z,github.com/Microsoft/gsl,v4.0.0+incompatible
2026-10-01T01:54:14.191303Z,github.com/FreshRSS/Extensions,v0.0.0-20260930193001-eab78707df21
2026-10-01T01:54:21.615436Z,github.com/cocomhub/sproxy/pkg/baidupcs,v0.22.1-0.20260930114004-423d7fcdf55e
2026-10-01T01:54:31.08409Z,github.com/Nf-core/rnaseq,v0.0.0-20260923125005-a1fcdddd3b82
2026-10-01T01:54:33.921013Z,webtyp.com/decoder,v0.3.0
2026-10-01T01:54:53.894507Z,github.com/ardatan/whatwg-node,v0.0.0-20260930215855-0d6f8e594a91
2026-10-01T01:55:06.714651Z,github.com/microsoft/terraform-provider-msgraph,v0.6.0
2026-10-01T01:55:43.390476Z,github.com/apoxy-dev/apoxy,v0.23.2-0.20261001015436-a1a4e6baf118
2026-10-01T01:55:59.305378Z,github.com/amaranth-lang/amaranth-soc,v0.0.0-20240628102044-f5d44534ed72
2026-10-01T01:56:06.280652Z,github.com/theonedev/onedev,v16.8.2+incompatible
2026-10-01T01:56:09.262695Z,github.com/ukplab/arxiv2026-prefertripplan,v0.0.0-20260924133801-d4b7f0cfd1d9
2026-10-01T01:56:16.58982Z,github.com/databricks/sdk-go/alerts,v0.0.1-dev.14
2026-10-01T01:56:21.902558Z,github.com/caasmo/restinpieces-sqlite-backup,v0.13.0
2026-10-01T01:56:32.820949Z,github.com/oca/l10n-japan,v0.0.0-20260925074858-f6956e6db807
2026-10-01T01:56:46.701369Z,github.com/fermyon/spin,v4.2.1+incompatible
2026-10-01T01:56:52.302225Z,github.com/chadmiller/opds-audiobookshelf,v0.0.0-20261001015010-9942cb9258a0
2026-10-01T01:57:09.196934Z,github.com/jrpersonal/streborn,v0.9.93
2026-10-01T01:57:12.21796Z,github.com/akvorado/akvorado,v1.11.6-0.20260930132800-c5a287c9229a
2026-10-01T01:57:21.481137Z,github.com/mesutoezdil/accel,v0.1.4
2026-10-01T01:57:35.481154Z,github.com/waifuvault/WaifuVault,v0.0.0-20260930213236-1604c6a64bc6
2026-10-01T01:57:39.80504Z,github.com/longtengz/vue-grid-layout,v0.0.0-20220304182244-103b3c108b3b
2026-10-01T01:57:41.29048Z,github.com/wodby/docker4wordpress,v0.0.0-20260928021840-529b0a09aae8
2026-10-01T01:57:41.786903Z,github.com/wodby/docker4php,v0.0.0-20260927180403-5e7e04b3ef45
2026-10-01T01:57:43.924039Z,github.com/wodby/php,v0.0.0-20260929021417-cc9142a3cf12
2026-10-01T01:57:44.497174Z,github.com/widgetti/vue-grid-layout,v0.0.0-20220519190158-12070c758d73
2026-10-01T01:58:00.500995Z,github.com/woderen1/xhtml-translator,v0.0.0-20260922112659-f9013a97f0fd
2026-10-01T01:58:02.380589Z,github.com/killakam3084/rss-curator,v0.57.0
2026-10-01T01:58:02.821201Z,github.com/amaranth-lang/amaranth,v0.5.1-0.20250304230708-cf4a29d3a29f
2026-10-01T01:58:04.782098Z,github.com/mike-ward/go-charts,v0.21.0
2026-10-01T01:58:07.267986Z,github.com/woett/lean-files,v0.0.0-20260930084654-0dd69298bc58
2026-10-01T01:58:11.290024Z,github.com/ukplab/scicoqa,v0.0.0-20260930074757-463162906459
2026-10-01T01:58:13.549464Z,github.com/jekuer/add-to-calendar-button,v3.3.0+incompatible
2026-10-01T01:58:23.105577Z,github.com/ca-risken/common/pkg/profiler,v0.0.0-20261001013423-a9267d1b806b
2026-10-01T01:58:23.19094Z,github.com/ca-risken/common/pkg/tracer,v0.0.0-20261001013423-a9267d1b806b
2026-10-01T01:58:23.617579Z,github.com/ByteCodeAlliance/wasmtime,v49.0.1+incompatible
2026-10-01T01:58:26.189735Z,github.com/ca-risken/common/pkg/logging,v0.0.0-20261001013423-a9267d1b806b
2026-10-01T01:58:29.659937Z,github.com/esnet/iperf,v0.0.0-20260930180014-49f21b478b1a
2026-10-01T01:58:33.821694Z,github.com/ca-risken/common/pkg/sqs,v0.0.0-20261001013423-a9267d1b806b
2026-10-01T01:58:44.437081Z,github.com/ca-risken/common/pkg/rpc,v0.0.0-20261001013423-a9267d1b806b
2026-10-01T01:58:44.610813Z,github.com/ca-risken/common/pkg/database,v0.0.0-20261001013423-a9267d1b806b
2026-10-01T01:58:44.774259Z,github.com/avamsi/ergo,v0.0.0-20260928104052-d4c02fd0fd53
2026-10-01T01:58:44.810002Z,github.com/dfuse-io/dgrpc,v0.0.0-20260929191947-99e20897ecc7
2026-10-01T01:58:46.883435Z,github.com/k0swe/ngx-kel-agent,v2.0.1+incompatible
2026-10-01T01:58:53.925079Z,buf.build/gen/go/envoyproxy/protoc-gen-validate/grpc-ecosystem/gateway/v2,v2.31.0-20240617172848-daf171c6cdb5.1
2026-10-01T01:58:54.849539Z,github.com/codfrm/cago,v0.0.0-20260926025905-604723c9e69d
2026-10-01T01:58:56.728264Z,github.com/aminalaee/sqladmin,v0.0.0-20230630080424-978cdd6587c7
2026-10-01T01:59:00.412691Z,github.com/DojoGenesis/gateway,v0.0.0-20260930203155-005a3ca2c2fe
2026-10-01T01:59:04.030454Z,github.com/creativecreature/sturdyc,v1.1.6
2026-10-01T01:59:05.086384Z,github.com/ca-risken/common/pkg/portscan,v0.0.0-20261001013423-a9267d1b806b
2026-10-01T01:59:06.874875Z,github.com/Polshkrev/gopolutils,v1.43.0
2026-10-01T01:59:14.376285Z,github.com/polshkrev/gopolutils,v1.43.0
2026-10-01T01:59:15.365765Z,github.com/DojoGenesis/gateway/disposition,v0.0.0-20260930203155-005a3ca2c2fe
2026-10-01T01:59:15.642846Z,github.com/Kpeewu/tissi-mah/pkg-test,v0.0.0-20260930170634-878d4b5cf5a0
2026-10-01T01:59:19.43546Z,github.com/DojoGenesis/gateway/tools,v0.0.0-20260930203155-005a3ca2c2fe
2026-10-01T01:59:33.737715Z,github.com/mike-ward/go-glyph,v1.26.1
2026-10-01T01:59:34.094188Z,github.com/ca-risken/common/pkg/grpc_client,v0.0.0-20261001013423-a9267d1b806b
2026-10-01T01:59:34.152666Z,github.com/ca-risken/common/pkg/cloudsploit,v0.0.0-20261001013423-a9267d1b806b
2026-10-01T01:59:35.284155Z,github.com/hashicorp/consul-k8s/version,v0.0.0-20260930213927-4dcdccfc95d2
2026-10-01T01:59:43.492669Z,github.com/ca-risken/common/pkg/dlp,v0.0.0-20261001013423-a9267d1b806b
2026-10-01T01:59:46.8354Z,github.com/apache/qpid-proton,v0.0.0-20261001003648-d793f97e4a2d
2026-10-01T01:59:48.175174Z,github.com/analogj/scrutiny,v0.9.5
2026-10-01T01:59:48.487408Z,github.com/lonegunmanb/terraform-awscc-schema,v1.104.0
2026-10-01T01:59:51.968855Z,github.com/renniepak/cspbypass,v0.0.0-20260930140707-0aa54659d11a
2026-10-01T01:59:52.675177Z,github.com/go-rvq/rvq,v0.0.0-20260930012934-89a410142f21
2026-10-01T01:59:52.885735Z,github.com/DojoGenesis/gateway/runtime/cas,v0.0.0-20260930203155-005a3ca2c2fe
2026-10-01T01:59:53.78272Z,github.com/DataDog/opentelemetry-examples/apps/game-of-life/go/pb,v0.0.0-20260930155605-5a6d3d73dc08
2026-10-01T01:59:54.01956Z,github.com/Dcleblanc/safeint,v0.0.0-20260512044043-72f0745e2609
2026-10-01T01:59:54.237456Z,github.com/YoshihikoAbe/fsdump,v0.1.0
2026-10-01T01:59:54.366232Z,github.com/Eastwesser/event-horizon/services/auth/proto,v0.0.0-20260930104004-1429b7f96fe6
2026-10-01T01:59:54.506045Z,github.com/Eastwesser/event-horizon/services/game/proto,v0.0.0-20260930104004-1429b7f96fe6
2026-10-01T01:59:55.077685Z,github.com/Eastwesser/event-horizon/services/leaderboard/proto,v0.0.0-20260930104004-1429b7f96fe6
2026-10-01T01:59:55.088252Z,github.com/esrrhs/go-engine,v0.0.0-20260930233438-3fc5f328afd7
2026-10-01T01:59:55.49578Z,github.com/YasserCR/galdor/memory/sqlite,v1.8.0
2026-10-01T01:59:55.600246Z,github.com/DojoGenesis/gateway/runtime/d1client,v0.0.0-20260930203155-005a3ca2c2fe
2026-10-01T01:59:55.8785Z,github.com/DojoGenesis/gateway/skill,v0.0.0-20260930203155-005a3ca2c2fe
2026-10-01T01:59:56.032011Z,github.com/saleel97/react-native-super-grid,v5.2.0+incompatible
2026-10-01T01:59:59.256224Z,github.com/ca-risken/common,v0.0.0-20261001013423-a9267d1b806b
2026-10-01T02:00:04.152347Z,github.com/ironcore-dev/metalnet,v0.3.18
2026-10-01T02:00:06.980004Z,github.com/avamsi/clifr,v0.0.0-20260928104108-cfb52a4f7c40
2026-10-01T02:00:07.223954Z,github.com/arkade-os/covclaimd,v0.0.1-rc.6
2026-10-01T02:00:13.800835Z,github.com/theleeeo/laika,v0.0.0-20260930151253-82a01afe2c63
2026-10-01T02:00:14.429192Z,github.com/MaxPuig/bitcore-lib-grlc,v0.1.0
2026-10-01T02:00:14.488083Z,github.com/the-protobuf-project/grpc-mcp-gateway,v1.7.3
2026-10-01T02:00:15.194209Z,github.com/openshift/managed-upgrade-operator,v0.0.0-20261001010841-f31984b7bb77
2026-10-01T02:00:15.949689Z,github.com/procyon-projects/procyon,v0.0.3
2026-10-01T02:00:19.325808Z,github.com/lonegunmanb/terraform-aws-schema/v6,v6.67.0
2026-10-01T02:00:20.201143Z,github.com/graphhopper/graphhopper,v0.0.0-20260930125342-44d82471ced1
2026-10-01T02:00:21.712674Z,github.com/yoshihikoabe/fsdump,v0.1.0
2026-10-01T02:00:22.232182Z,github.com/yassercr/galdor/memory/sqlite,v1.8.0
2026-10-01T02:00:23.75015Z,github.com/ca-risken/common/pkg/strings,v0.0.0-20261001013423-a9267d1b806b
2026-10-01T02:00:24.04438Z,github.com/byteweap/meta,v0.0.0-20260929091024-9f648050644c
2026-10-01T02:00:25.597042Z,github.com/byteweap/wukong,v0.0.0-20260929091024-9f648050644c
2026-10-01T02:00:25.726636Z,github.com/Azure/azure-sdk-for-go/sdk/resourcemanager/storagecache/armstoragecache/v4,v4.3.0
2026-10-01T02:00:26.799757Z,github.com/redhat-et/GKM/mcv,v0.0.0-20260930093022-beb39a3580a0
2026-10-01T02:00:28.822487Z,monks.co/pkg/llm,v0.0.28
2026-10-01T02:00:33.488775Z,github.com/gclkaze/evalang-globals,v1.0.2
2026-10-01T02:00:33.714546Z,github.com/ethpandaops/tracoor,v0.1.0
2026-10-01T02:00:34.441726Z,github.com/curioswitch/go-usegcp,v0.0.0-20260929060807-df34bf363f35
2026-10-01T02:00:35.647208Z,github.com/Pytorch/cpuinfo,v0.0.0-20260730173233-66ee79c038d7
2026-10-01T02:00:40.064834Z,pkg.jsn.cam/caddy-defender,v0.0.0-20260930063815-f32f8ea7f6ff
2026-10-01T02:00:43.197403Z,github.com/joeyloman/kubevirt-ip-helper,v0.9.3
2026-10-01T02:00:43.483148Z,github.com/lazyxu/kfs/storage/local,v0.0.0-20251205164841-306cc635b2da
2026-10-01T02:00:44.410279Z,github.com/lazyxu/kfs/dao,v0.0.0-20251205164841-306cc635b2da
2026-10-01T02:00:52.630213Z,github.com/woocommerce/grow,v0.0.0-20260930024846-ed3ecca173f8
2026-10-01T02:00:53.021228Z,github.com/theleeeo/laika/aggregation,v0.0.0-20260930151253-82a01afe2c63
2026-10-01T02:00:53.672524Z,github.com/petersonsalme/go-grpc-project/go-grpc-api-gateway,v0.0.0-20260929211021-660d84d27ff1
2026-10-01T02:00:54.829883Z,github.com/woocommerce/qit-cli,v0.0.0-20260930154434-a606f1ca4d98
2026-10-01T02:00:55.613248Z,github.com/ChampSIm/ChampSIm,v0.0.0-20260904220722-410cee62d9c4
2026-10-01T02:00:55.687554Z,github.com/mattn/longcat,v0.0.20
2026-10-01T02:00:58.182346Z,github.com/Jeric-x/SyncClipboard,v3.3.0+incompatible
2026-10-01T02:00:59.464768Z,github.com/senaranya/hl7,v0.0.0-20260927050331-c835807ea376
2026-10-01T02:01:01.52202Z,github.com/DRMACIVER/hypothesis,v6.168.3+incompatible
2026-10-01T02:01:03.880119Z,buf.build/gen/go/monime/commonapis/grpc-ecosystem/gateway/v2,v2.31.0-20260911112457-83e7377439d8.1
2026-10-01T02:01:04.386839Z,buf.build/gen/go/cosmos/gogo-proto/grpc-ecosystem/gateway/v2,v2.31.0-20240130113600-88ef6483f90f.1
2026-10-01T02:01:04.530259Z,go.chromium.org/tast,v0.0.0-20260930224605-92c17cfa96a7
2026-10-01T02:01:10.539978Z,github.com/woocoos/knockout-go/integration,v0.0.0-20260926163854-4639d2f955d9
2026-10-01T02:01:13.159689Z,github.com/ElfAstAhe/tiny-auth-service,v0.0.29
2026-10-01T02:01:13.547995Z,github.com/Kpeewu/tissi-mah/services/rating-service,v0.0.0-20260930170634-878d4b5cf5a0
2026-10-01T02:01:13.69957Z,github.com/Kpeewu/tissi-mah/services/email-service,v0.0.0-20260930170634-878d4b5cf5a0
2026-10-01T02:01:13.736606Z,github.com/Kpeewu/tissi-mah/services/user-service,v0.0.0-20260930170634-878d4b5cf5a0
2026-10-01T02:01:13.798715Z,github.com/Kpeewu/tissi-mah/services/booking-service,v0.0.0-20260930170634-878d4b5cf5a0
2026-10-01T02:01:13.839377Z,github.com/Kpeewu/tissi-mah/services/trips-service,v0.0.0-20260930170634-878d4b5cf5a0
2026-10-01T02:01:14.171233Z,github.com/Kpeewu/tissi-mah/services/file-service,v0.0.0-20260930170634-878d4b5cf5a0
2026-10-01T02:01:14.222053Z,github.com/Eastwesser/event-horizon/services/profile/proto,v0.0.0-20260930104004-1429b7f96fe6
2026-10-01T02:01:17.115713Z,github.com/Bugs5382/go-saga-orchestration,v0.7.0
2026-10-01T02:01:23.446281Z,github.com/Thiht/transactor/pgx,v0.0.0-20260930195228-2d871d921244
2026-10-01T02:01:23.688494Z,github.com/Melancholi/SimpleLoadBalancer/loadbalancer,v0.0.0-20260929194508-259c445ca75b
2026-10-01T02:01:24.011036Z,github.com/Thiht/transactor/sqlx,v0.0.0-20260930195228-2d871d921244
2026-10-01T02:01:25.051326Z,go.dagger.io/dagger,v0.21.10
2026-10-01T02:01:27.202304Z,github.com/Azure/azure-sdk-for-go/sdk/resourcemanager/resiliencemanagement/armresiliencemanagement,v0.2.0
2026-10-01T02:01:30.373719Z,github.com/SundaeSwap-finance/sundae-go-utils,v0.0.0-20260930174212-eb5269c41bea
2026-10-01T02:01:31.047181Z,github.com/maxpuig/bitcore-lib-grlc,v0.1.11
2026-10-01T02:01:33.486198Z,github.com/apoplexi24/gpandas,v0.6.0
2026-10-01T02:01:33.67356Z,github.com/antinvestor/common/audit,v0.0.0-20260929183313-7d3b164b4f7d
2026-10-01T02:01:34.620711Z,github.com/blinklabs-io/handshake-node/chaincfg/chainhash,v0.0.0-20260927121528-81eeb33b1b04
2026-10-01T02:01:34.739449Z,github.com/avct/user-agent-surfer,v0.3.1
2026-10-01T02:01:34.912073Z,github.com/YasserCR/galdor/memory/okf,v1.8.0
2026-10-01T02:01:37.853227Z,github.com/azure/azure-sdk-for-go/sdk/resourcemanager/storagecache/armstoragecache/v4,v4.3.0
2026-10-01T02:01:43.621795Z,github.com/giantswarm/observability-operator,v0.81.0
2026-10-01T02:01:43.918518Z,github.com/free5gc/n3iwf,v1.3.6
2026-10-01T02:01:44.080331Z,github.com/ffflorian/go-tools,v0.0.0-20260930183359-7c5a12eda292
2026-10-01T02:01:44.255597Z,github.com/digitalbitbox/bitbox02-api-go,v0.0.0-20260929100644-57c3dcf09f49
2026-10-01T02:01:44.666462Z,github.com/bugs5382/go-saga-orchestration,v0.7.0
2026-10-01T02:01:44.709116Z,github.com/flatgeobuf/flatgeobuf/src/go,v0.0.0-20260930213350-34e3de95381a
2026-10-01T02:01:45.116925Z,github.com/gizzahub/gzh-cli-git,v0.8.0
2026-10-01T02:01:45.191676Z,github.com/evstack/ev-node/execution/evm/test,v0.0.0-20260930133954-36b737652e82
2026-10-01T02:01:45.484336Z,github.com/elfastahe/tiny-auth-service,v0.0.29
2026-10-01T02:01:45.87723Z,github.com/littlekross/discordBot,v0.0.0-20260924030234-04f2893e4e42
2026-10-01T02:01:47.357892Z,github.com/compliance-framework/configuration-service,v0.19.0
2026-10-01T02:01:49.891697Z,github.com/cloud-barista/cm-honeybee/agent,v0.0.0-20260930163757-b47513a80ba1
2026-10-01T02:01:53.319525Z,github.com/jaxron/axonet/middleware/circuitbreaker,v0.0.0-20260925180104-b83c056acf14
2026-10-01T02:01:53.569383Z,github.com/iMohamedSheta/xqb,v0.9.0
2026-10-01T02:01:53.610878Z,github.com/iwahbe/pulumi-go-provider,v1.7.0
2026-10-01T02:01:53.967872Z,github.com/jaxron/axonet/middleware/singleflight,v0.0.0-20260925180104-b83c056acf14
2026-10-01T02:01:54.052453Z,github.com/yassercr/galdor/memory/okf,v1.8.0
2026-10-01T02:01:54.123451Z,github.com/hybridgroup/go-sayanything,v0.1.0
2026-10-01T02:01:54.36825Z,github.com/go-orz/orz/drivers/sqlite,v0.0.0-20260929025942-9157e2717ed6
2026-10-01T02:01:54.626136Z,github.com/initia-labs/core-indexer/pkg,v0.0.0-20260929062233-c4b185fa8321
2026-10-01T02:01:55.712Z,github.com/go-ruby-kramdown/kramdown,v0.0.0-20260923211616-5418072582bf
2026-10-01T02:01:55.810972Z,github.com/dracory/sessionstore,v1.19.1
2026-10-01T02:01:56.404981Z,github.com/azure/azure-sdk-for-go/sdk/resourcemanager/resiliencemanagement/armresiliencemanagement,v0.2.0
2026-10-01T02:02:03.839285Z,github.com/madfam-org/enclii/packages/otel-go,v0.0.0-20260930201543-46b990d749e6
2026-10-01T02:02:04.003677Z,github.com/memohai/twilight-ai,v0.7.1
2026-10-01T02:02:04.41835Z,github.com/litmuschaos/litmus-e2e,v0.0.0-20260930120711-fa9dbf68f5b3
2026-10-01T02:02:08.536887Z,github.com/woodser/monero-java,v0.8.58
2026-10-01T02:02:08.6043Z,github.com/luxfi/tui,v0.3.1
2026-10-01T02:02:12.784122Z,github.com/raumanzug/gr-set,v0.0.0-20260930030155-5b92d8e2587b
2026-10-01T02:02:12.931799Z,github.com/sikalabs/slr,v0.47.1
2026-10-01T02:02:13.014529Z,github.com/shiroyk/cloudcat,v0.0.0-20260922060112-945d9e0515bd
2026-10-01T02:02:23.188026Z,github.com/tsingsun/woocoo/cmd/woco,v0.0.0-20260929150339-d55ff22d0f19
2026-10-01T02:02:25.646004Z,github.com/ukama/ukama/systems/node/operation-monitor,v0.0.0-20260930194421-09cea967b876
2026-10-01T02:02:28.583388Z,github.com/ukama/ukama/systems/operation/manager,v0.0.0-20260930194421-09cea967b876
2026-10-01T02:02:31.555233Z,github.com/mvanhorn/printing-press-library/library/productivity/postmark,v0.0.0-20261001014007-9ebcc3f99787
2026-10-01T02:02:32.698227Z,gitlab.com/onikolas/ds,v0.0.0-20260930130029-aa80e0ebf66e
2026-10-01T02:02:33.047568Z,github.com/yogesh-prabu/fhttp,v0.6.13
2026-10-01T02:02:33.158096Z,github.com/GalacticaActual75/RTSPView,v1.0.40-beta.4
2026-10-01T02:02:36.974371Z,github.com/vitalvas/kasper,v0.25.0
2026-10-01T02:02:38.480181Z,github.com/thiht/transactor/pgx,v0.0.0-20260930195228-2d871d921244
2026-10-01T02:02:43.063401Z,github.com/digitalocean/terraform-provider-digitalocean,v1.23.1-0.20260521052800-c38b12c88574
2026-10-01T02:02:47.591783Z,gitlab.com/mr_vinkel/webhook-gateway/api,v0.0.0-20261001010541-a5dadc443289
2026-10-01T02:02:50.119408Z,github.com/test-network-function/cnf-certification-test,v0.0.0-20260930202306-40aa45a68f15
2026-10-01T02:02:50.16849Z,github.com/googlecloudplatform/guest-test-infra/container_images/registry-image-forked,v0.0.0-20260930205252-9483e518fe6f
2026-10-01T02:02:57.994663Z,github.com/casiez/oneeurofilter,v0.0.0-20260805080757-d78925584245
2026-10-01T02:02:58.099894Z,gitlab.com/krishnprakash/codeql-cli-binaries,v0.0.0-20250404000152-2409d4f34756
2026-10-01T02:02:59.141036Z,github.com/pauldotsh/go-evil,v0.0.0-20220504090434-e36989c37ea8
2026-10-01T02:02:59.570201Z,github.com/imohamedsheta/xqb,v0.9.0
2026-10-01T02:03:00.116432Z,github.com/galacticaactual75/rtspview,v1.0.40-beta.4
2026-10-01T02:03:07.285085Z,github.com/janssenproject/jans/terraform-provider-jans,v0.0.0-20260929172446-4e4e954284b9
2026-10-01T02:03:14.259196Z,github.com/eastwesser/event-horizon/services/game,v0.0.0-20260930104004-1429b7f96fe6
2026-10-01T02:03:44.717635Z,github.com/wooorm/remark,v0.0.0-20260927132139-1146b3a274fc
2026-10-01T02:04:19.369043Z,github.com/jeric-x/syncclipboard,v3.3.1-0.20260928102611-ad4af48aff83+incompatible
2026-10-01T02:04:44.434182Z,github.com/28allday/omagrab,v0.1.1
2026-10-01T02:04:54.580525Z,webtyp.com/agent,v0.10.0
2026-10-01T02:05:05.39784Z,github.com/dicksont/spectral,v0.0.0-20150706195011-eed51acd40af
2026-10-01T02:05:13.651079Z,github.com/pESt-pARsEr/peSt,v2.5.3+incompatible
2026-10-01T02:05:14.638628Z,github.com/ruxton07/chainhashing,v0.0.0-20240617153247-d98ad0e12087
2026-10-01T02:05:16.281802Z,github.com/andersinno/python-database-sanitizer,v1.1.1-0.20200402062236-66b714644191
2026-10-01T02:05:16.574842Z,github.com/redhat-et/GKM,v0.0.0-20260930093022-beb39a3580a0
2026-10-01T02:05:19.905227Z,github.com/wordplate/wordplate,v0.0.0-20260929060913-4b85a76f938b
2026-10-01T02:05:20.003013Z,github.com/0x4r45h/l2insights,v0.0.0-20250513123535-2713ed3036d6
2026-10-01T02:05:25.843336Z,github.com/wordpress-coding-standards/wordpress-coding-standards,v0.0.0-20260926190456-87988814d50a
2026-10-01T02:05:26.95856Z,github.com/2senyi-2/datainsight,v0.0.0-20240406101655-5a94249651b1
2026-10-01T02:05:35.56448Z,github.com/Eastwesser/event-horizon/services/auth,v0.0.0-20260930104004-1429b7f96fe6
2026-10-01T02:05:41.214119Z,github.com/b3scale/b3scale-operator,v1.0.6
2026-10-01T02:05:41.736765Z,github.com/Google/oss-rebuild,v0.0.0-20260930181940-86a6ee5c0e6e
2026-10-01T02:05:44.676348Z,github.com/Gta-reversed/gta-reversed-modern,v0.0.0-20260930175153-9e9444d7345c
2026-10-01T02:05:50.279308Z,github.com/hansdeweme/hdwcryptodata,v0.0.0-20260915144144-ea90702e6b76
2026-10-01T02:05:50.296603Z,github.com/anirbandutta22/git-insights-tool,v0.0.0-20260710215016-d2a7606d5929
2026-10-01T02:05:50.457493Z,github.com/lixqa/blockcypher,v0.0.0-20250820093826-c102c4f76f26
2026-10-01T02:05:51.656279Z,github.com/webassembly/wasi-libc,v0.0.0-20261001001939-165235bc467d
2026-10-01T02:05:52.341037Z,github.com/DataDog/opentelemetry-examples,v0.0.0-20260930155605-5a6d3d73dc08
2026-10-01T02:06:00.28602Z,github.com/authress-engineering/openapi-explorer,v0.0.0-20260720160605-bd1c64a69570
2026-10-01T02:06:03.767029Z,github.com/rpgcoin/insight-ui-rpg,v0.0.0-20190303101756-6e125517d286
2026-10-01T02:06:03.849772Z,github.com/biplo12/word-insight,v0.0.0-20230825180419-917cc4239401
2026-10-01T02:06:03.951688Z,github.com/blazeup-ai/pi-insights,v0.0.0-20260527141921-e0f5e4b1fcde
2026-10-01T02:06:12.650809Z,github.com/yuanran32/ElowenUI,v0.0.0-20260504160528-9a67276f6076
2026-10-01T02:06:14.634322Z,github.com/Eastwesser/event-horizon/services/leaderboard,v0.0.0-20260930104004-1429b7f96fe6
2026-10-01T02:06:16.076402Z,github.com/Leslie-SSS/seeWxapkg,v0.0.0-20260925080907-761e9dfb9725
2026-10-01T02:06:20.918458Z,github.com/DojoGenesis/gateway/apps,v0.0.0-20260930203155-005a3ca2c2fe
2026-10-01T02:06:22.371345Z,github.com/dimagog/direct2ledger,v0.0.0-20260930225604-bc2aa4b0d1db
2026-10-01T02:06:22.988213Z,github.com/Dimagog/direct2ledger,v0.0.0-20260930225604-bc2aa4b0d1db
2026-10-01T02:06:23.081466Z,github.com/workgena/active_admin_date_range_preset,v0.0.0-20260930131337-ff3fcfdcefe7
2026-10-01T02:06:23.149845Z,github.com/cap-go/capacitor-appinsights,v0.0.0-20260922171857-e1b672b9d08e
2026-10-01T02:06:23.371906Z,github.com/segwitb2x/b2x-insight-api,v0.0.0-20180306065207-2543e4353e6f
2026-10-01T02:06:26.851642Z,github.com/charlesstover/logs-insights-hash,v0.0.0-20210426004659-e49c9e86db67
2026-10-01T02:06:28.064187Z,github.com/segwitb2x/b2x-insight-ui,v0.0.0-20180307100646-95a7c90c3b42
2026-10-01T02:06:31.460785Z,github.com/DojoGenesis/gateway/mcp,v0.0.0-20260930203155-005a3ca2c2fe
2026-10-01T02:06:33.412939Z,github.com/workglow-dev/sec,v0.2.1
2026-10-01T02:06:37.234017Z,github.com/claven07/dsh-plugin-agent-insights,v0.0.0-20260908225843-241f7bb4a028
2026-10-01T02:06:37.663813Z,github.com/chinchilla-software-com/angularjs-application-insights-v2,v0.0.0-20210507065403-b8f99a497489
2026-10-01T02:06:39.343589Z,github.com/corporateshark/lightweightvk,v0.0.0-20261001013952-8f7a7e2470db
2026-10-01T02:06:39.915867Z,github.com/cryptohack/cryptohack-blog,v0.0.0-20260930072909-1b4fc95618e3
2026-10-01T02:06:40.080226Z,github.com/temporalio/cloud-cli,v0.2.0
2026-10-01T02:06:40.477489Z,github.com/juliageometry/meshes.jl,v0.59.3
2026-10-01T02:06:41.473906Z,github.com/kuopenx/pagehub,v0.3.1
2026-10-01T02:06:41.566862Z,github.com/DojoGenesis/gateway/memory,v0.0.0-20260930203155-005a3ca2c2fe
2026-10-01T02:06:44.068361Z,github.com/dtstack/create-molecule,v0.0.0-20230925031452-5c45b1d5e238
2026-10-01T02:06:47.21633Z,github.com/dishanrajapaksha/ng-app-insights,v0.0.0-20210405130441-1b7e5bae64e9
2026-10-01T02:06:48.750136Z,github.com/filetug/filetug,v0.4.0
2026-10-01T02:06:49.515442Z,github.com/auglyxu/iclient-javascript,v0.0.0-20231211081728-1004cb1a7a35
2026-10-01T02:06:49.722025Z,github.com/alecdwm-forks/webpack-extension-reloader,v1.1.4
2026-10-01T02:06:54.346478Z,github.com/DojoGenesis/gateway/orchestration,v0.0.0-20260930203155-005a3ca2c2fe
2026-10-01T02:06:54.553128Z,github.com/noahpryor/webpack-five-extension-reloader,v1.1.4
2026-10-01T02:06:55.144323Z,github.com/fathyv/angular-application-insights,v0.0.0-20180517034906-3867e4307d10
2026-10-01T02:06:55.193522Z,github.com/egistr/insight-loom,v0.0.0-20260804064226-38f82c2c793b
2026-10-01T02:06:55.842029Z,github.com/everinsight/everinsight,v0.0.0-20250129125426-827f6dd7d63c
2026-10-01T02:06:57.650981Z,github.com/emiya0306/express-api-explorer,v0.0.0-20171006082059-0ef3d66abf64
2026-10-01T02:06:58.705358Z,github.com/fariacool/request-insights,v0.0.0-20260930163907-d3a492c6891b
2026-10-01T02:06:59.292969Z,github.com/gainsight/px-react-native-sdk,v0.0.0-20260803110629-f93b497870f2
2026-10-01T02:07:00.953824Z,github.com/geofarl/commit-analyzer,v0.0.0-20260507121226-eb826f6fdcac
2026-10-01T02:07:01.715738Z,github.com/genmech/console-insights,v0.0.0-20250508062331-e59805d04e02
2026-10-01T02:07:05.301208Z,github.com/Workiva/ixbrl-viewer,v0.0.0-20261001015722-747ebd312ab1
2026-10-01T02:07:06.246632Z,github.com/DojoGenesis/gateway/provider,v0.0.0-20260930203155-005a3ca2c2fe
2026-10-01T02:07:10.398609Z,github.com/workos/emulate,v0.14.0
2026-10-01T02:07:11.227895Z,github.com/workos/authkit-nextjs,v4.4.0+incompatible
2026-10-01T02:07:12.40018Z,github.com/workos/cli,v0.23.0
2026-10-01T02:07:16.201644Z,github.com/DojoGenesis/gateway/server,v0.0.0-20260930203155-005a3ca2c2fe
2026-10-01T02:07:19.047312Z,github.com/gustavoamerico/ng-application-insights,v0.0.0-20241003135049-7f28cbcc933d
2026-10-01T02:07:19.243421Z,github.com/nVIDIA/go-nvml,v0.13.0-1
2026-10-01T02:07:19.452593Z,github.com/hamishclulee/internal-insights,v0.0.0-20200618054032-2c3a83697292
2026-10-01T02:07:21.869514Z,github.com/huakunshen/ossinsight-client,v0.0.0-20250204125812-330c0f4ec0f5
2026-10-01T02:07:22.522246Z,github.com/polydile/dile-components,v0.0.0-20260930182102-638a0f521905
2026-10-01T02:07:23.621374Z,github.com/igortoroshin/vite-plugin-ds-insights,v0.0.0-20260805152515-e6ed6f70dbcf
2026-10-01T02:07:33.188304Z,github.com/appleboy/CodeGpt,v1.8.0
2026-10-01T02:07:36.13788Z,github.com/RoseKhlifa/Image-Studio,v1.3.3
2026-10-01T02:07:41.673835Z,github.com/juancaicedo/tw-insights,v0.0.0-20180404171136-54637ade8eb7
2026-10-01T02:07:42.881875Z,github.com/kalonikolov/node-red-contrib-azure-application-insights,v0.0.0-20190204205920-75ae1d03ef13
2026-10-01T02:07:45.521699Z,github.com/liiift-studio/sanity-visitor-insights,v0.0.0-20260930202651-0468e9cfb72f
2026-10-01T02:07:46.457002Z,github.com/JRpersonal/streborn,v0.9.93
2026-10-01T02:07:50.304065Z,github.com/Intel/tinycbor,v0.5.2
2026-10-01T02:07:52.737332Z,github.com/Eastwesser/event-horizon/services/game,v0.0.0-20260930104004-1429b7f96fe6
2026-10-01T02:07:52.870752Z,github.com/worldbeater/Camelotia,v0.0.0-20260925053304-4e2f28896757
2026-10-01T02:07:53.188114Z,github.com/msopentech/cordova-plugin-appinsights,v0.0.0-20190812205449-b5887ab3f6c8
2026-10-01T02:07:54.560918Z,github.com/markpieszak/angular-application-insights,v0.0.0-20220316175205-af0c928c2caf
2026-10-01T02:07:56.734355Z,github.com/metamask/template-snap-monorepo,v0.0.0-20260122103023-d49e7e55c166
2026-10-01T02:07:56.810407Z,github.com/worldcoin/nucleus,v0.2.11
2026-10-01T02:07:59.95922Z,github.com/worldcoin/terraform-aws-nlb,v1.8.0
2026-10-01T02:08:01.522805Z,github.com/microsoft/applicationinsights-js-mezzurite,v0.0.0-20190315170618-242cc52faeaa
2026-10-01T02:08:03.055368Z,github.com/worldcoin/terraform-aws-eks,v11.4.0+incompatible
2026-10-01T02:08:07.121851Z,github.com/yasyf/cc-skills,v1.14.1
2026-10-01T02:08:07.63847Z,github.com/worldcoin/world-chain,v2.4.4+incompatible
2026-10-01T02:08:08.463668Z,github.com/sameergulati/competitive-programming,v0.0.0-20141215190550-32a9e046b416
2026-10-01T02:08:10.908964Z,github.com/microsoft/accessibility-insights-service,v0.0.0-20260917021747-a15492605225
2026-10-01T02:08:11.210686Z,github.com/pyvvo/funcd,v0.1.3
2026-10-01T02:08:11.369802Z,github.com/montoya/farcaster-insights,v0.0.0-20240403150946-e51a60a2b794
2026-10-01T02:08:11.380918Z,github.com/nexb/vulnerablecode.wiki,v0.0.0-20260318141547-ae1075cf7aff
2026-10-01T02:08:12.418898Z,github.com/montoya/insights-counter,v0.0.0-20230419033852-1593f8f7774e
2026-10-01T02:08:13.180023Z,github.com/mrrhodes/react-insights,v0.0.0-20170425103833-6939554b2b74
2026-10-01T02:08:13.19749Z,github.com/mzstar123/wallet-insights-cli,v0.0.0-20240312174859-d800888bb323
2026-10-01T02:08:13.659947Z,github.com/mzstar123/web3-wallet-insights,v0.0.0-20240312174856-a312a3dd510b
2026-10-01T02:08:13.926055Z,github.com/world-federation-of-advertisers/common-jvm,v0.157.0
2026-10-01T02:08:16.516961Z,huggingface.co/datasets/HuggingFaceFW/Fineweb-edu.git,v0.0.0-20250711201653-87f09149ef47
2026-10-01T02:08:21.286726Z,github.com/nerdygee/insight-utils,v0.0.0-20240311121117-c1e4cf806a93
2026-10-01T02:08:21.956465Z,github.com/rosekhlifa/image-studio,v1.3.3
2026-10-01T02:08:22.313494Z,github.com/adidia/latihantehtesnet,v0.0.0-20240317033840-c7c9d9f37228
2026-10-01T02:08:24.106611Z,github.com/patryk404/react-linkedin-insight-tag,v0.0.0-20201207072904-118dbeb4601d
2026-10-01T02:08:24.290622Z,github.com/ajinurhidayat7/lemon-tea,v0.0.0-20240311032335-5e9d360d0fff
2026-10-01T02:08:24.73542Z,github.com/popcornboom/dsh-insight-dock,v0.0.0-20260915235416-8bb29cf4f9b2
2026-10-01T02:08:25.605419Z,huggingface.co/datasets/HuggingFaceFW/fineweb.git,v0.0.0-20250711201653-9bb295ddab0e
2026-10-01T02:08:29.616076Z,github.com/pivotal/kpack,v0.0.6-0.20191113185210-6ddc88eadc73
2026-10-01T02:08:31.623682Z,github.com/polarisoffice/polarisaidatainsight,v0.0.0-20250917090052-1472c019f2e5
2026-10-01T02:08:31.946715Z,github.com/arkalone404/arkalone-tea-testnet,v0.0.0-20240310194029-3194a6508c81
2026-10-01T02:08:33.028256Z,github.com/posthog/hedgehog-mode,v0.0.0-20260915121022-c206d6aea0da
2026-10-01T02:08:33.473401Z,github.com/arkalone/arkalone47-fix-testnet,v0.0.0-20240413200917-7eeec5c65f74
2026-10-01T02:08:33.869771Z,github.com/arkalone404/yogyakarta-tea-testnet,v0.0.0-20240310233526-fa2f86d6044c
2026-10-01T02:08:35.550718Z,github.com/posthog/posthog-rrweb,v0.0.0-20260507135140-775e9ffefd43
2026-10-01T02:08:35.787528Z,github.com/arsat15/solid-tea-testnet,v0.0.0-20240629115556-33ee6858e4ba
2026-10-01T02:08:37.381218Z,github.com/artursharapov/spve,v0.0.0-20260919070017-728757c12ea6
2026-10-01T02:08:39.72878Z,github.com/prateek-wayne/backstage-plugins,v0.0.0-20250121052147-c56805d72d8c
2026-10-01T02:08:40.192755Z,github.com/pulse-insights/pi-react-native,v0.0.0-20250717021617-7b0000cae0df
2026-10-01T02:08:40.668528Z,github.com/solutionscloud/apidoc,v0.0.0-20181112211656-1ee25d886a5b
2026-10-01T02:08:44.601483Z,github.com/rust-bitcoin/rust-lightning,v0.0.0-20220913002754-4ae65e8f4f07
2026-10-01T02:08:58.493438Z,github.com/azoel23/hasuh,v0.0.0-20240506103741-bdd972e4c969
2026-10-01T02:08:58.991906Z,github.com/rajarsigit/pgbouncer-insights,v0.0.0-20260720180818-a2736ddc931f
2026-10-01T02:09:01.288412Z,github.com/redhatinsights/insights-node-auth,v0.0.0-20180423183320-5ec50a19135b
2026-10-01T02:09:05.547722Z,github.com/DojoGenesis/gateway/workflow,v0.0.0-20260930203155-005a3ca2c2fe
2026-10-01T02:09:07.005318Z,github.com/bitprophet/ssh,v1.7.14
2026-10-01T02:09:13.876657Z,github.com/bitgo/bitgowasm,v0.0.0-20260930151213-17abd2c18961
2026-10-01T02:09:14.910009Z,github.com/scarpxvenom/4rge,v0.0.0-20260903103917-1b9e20ba55b7
2026-10-01T02:09:15.129968Z,github.com/sandboxapps/sandbox-insights,v0.0.0-20170803221539-b10de17c9245
2026-10-01T02:09:15.939093Z,github.com/syeshare/dsh-typing-insight,v0.0.0-20260828025118-8436dca99f6a
2026-10-01T02:09:18.080428Z,github.com/woocoos/knockout-go,v0.0.0-20260926163854-4639d2f955d9
2026-10-01T02:09:19.139201Z,github.com/sapanmozammel/react-render-kit,v0.0.0-20260612172814-49cebde68c70
2026-10-01T02:09:22.305982Z,github.com/seqan/seqan3,v0.0.0-20260926165614-bcda17cadd93
2026-10-01T02:09:26.801608Z,github.com/devfuyg/how-to-do-tea123,v0.0.0-20240306065832-e1d044d19190
2026-10-01T02:09:28.263114Z,github.com/expertofcrypto/tea-testnet111,v0.0.0-20240421091335-c5be0d78fb46
2026-10-01T02:09:28.267527Z,github.com/fastering18/node-gblk,v0.0.0-20241218133355-187bb315025f
2026-10-01T02:09:28.807798Z,github.com/francesfaulkner/teatestnet,v0.0.0-20240511085015-ea81960fb695
2026-10-01T02:09:28.982852Z,github.com/sessionsight/sdks,v0.0.0-20260530123023-43980a01b024
2026-10-01T02:09:30.209141Z,github.com/fiku1/tea-testnet,v0.0.0-20240308040035-c0b3553f6635
2026-10-01T02:09:31.001681Z,github.com/horneydom/tea-first-testnet,v0.0.0-20240311183705-752369b01bf4
2026-10-01T02:09:32.00645Z,github.com/gravyswap/gravy-testnet-sdk,v0.0.0-20220304225728-9c6694b9949f
2026-10-01T02:09:33.561085Z,github.com/workiva/ixbrl-viewer,v0.0.0-20261001015722-747ebd312ab1
2026-10-01T02:09:33.569384Z,github.com/hydiu-y/tea-testnet-green,v0.0.0-20240506042332-7253d18a226f
2026-10-01T02:09:34.602577Z,github.com/palharez/react-native-qrcode,v0.2.3
2026-10-01T02:09:34.723009Z,github.com/husainiazzam/testnetteaazzam,v0.0.0-20240304082404-7393268ac6de
2026-10-01T02:09:34.979255Z,github.com/kkjlada/tea-kkjladatestnet,v0.0.0-20240419111136-e2869b51114e
2026-10-01T02:09:35.259847Z,github.com/fastering18/membuat-bahasa-pemrograman,v0.0.0-20210824013931-6e756c0d8f4b
2026-10-01T02:09:35.808716Z,github.com/jouzkaa/jouzkatestnet,v0.0.0-20240315124959-447fed766052
2026-10-01T02:09:37.332973Z,github.com/kujiraweb3/blackjack,v0.0.0-20240416104531-37423f3e9f50
2026-10-01T02:09:37.729998Z,github.com/limjulyer/tea-xyz-testnet,v0.0.0-20240305162742-3c7dcb5d601b
2026-10-01T02:09:37.818454Z,github.com/kimchiswap/merkle-distributor,v0.0.0-20201023120457-985836398f73
2026-10-01T02:09:38.25516Z,github.com/wormhole-foundation/wormhole/linters/rules/channelcheck,v0.0.0-20260930192207-b3a3ee19a7c4
2026-10-01T02:09:38.299542Z,github.com/wormhole-foundation/wormhole/linters,v0.0.0-20260930192207-b3a3ee19a7c4
2026-10-01T02:09:39.411217Z,github.com/lisagaswaki/tea-testnet-l,v0.0.0-20240309181501-3deffdd8cc37
2026-10-01T02:09:39.893746Z,github.com/liquidslabs/testnet_pancakeswap_v2_sdk,v0.0.0-20211219204848-0dbc58fc7b11
2026-10-01T02:09:42.363767Z,github.com/Thiht/transactor,v0.0.0-20260930195228-2d871d921244
2026-10-01T02:09:53.407425Z,github.com/lostmatcha/bless,v0.0.0-20240316120737-5fcc1a6a37c7
2026-10-01T02:09:53.547723Z,github.com/mahbim/tea-testnet,v0.0.0-20240311034708-5ef55582d1b8
2026-10-01T02:09:53.604451Z,github.com/softwarepioniere/ionic-application-insights,v0.0.0-20180419132130-a3e1450896db
2026-10-01T02:09:55.689922Z,github.com/mrcaaps/santorek,v0.0.0-20240504085611-79620fd535cf
2026-10-01T02:09:55.955619Z,github.com/arclops/bitcask,v0.0.0-20260912101125-cf120ea72ff3
2026-10-01T02:09:56.698882Z,github.com/newbie-ctrl1/stakingtea,v0.0.0-20240310100032-6af807d31476
2026-10-01T02:09:57.669381Z,github.com/szustydaniel/ngx-application-insights,v0.0.0-20250722073121-754faf233bda
2026-10-01T02:09:57.670242Z,github.com/onezee23/specify_pancakeswap_v2_sdk,v0.0.0-20210902171054-67baa25e37dc
2026-10-01T02:09:59.155645Z,github.com/the-codigo-hub/n8n-nodes-insightshub,v0.0.0-20260512164810-f3fb8a5386ee
2026-10-01T02:10:03.509958Z,github.com/hastekit/agent-sdk-go,v0.0.25-0.20260930163936-3c275a5b8881
2026-10-01T02:10:07.999293Z,github.com/rckystwn/cupangtestnet,v0.0.0-20240309165857-7594ab3ef0fd
2026-10-01T02:10:09.396902Z,github.com/ritzydevbox/sdk-core,v0.0.0-20240926223537-3dea5ea7b639
2026-10-01T02:10:09.561964Z,github.com/thodoristsampouris/claude-code-insights,v0.0.0-20260324115034-adb8e8069f0c
2026-10-01T02:10:11.635624Z,github.com/the-real-insight/in-concert,v0.0.0-20260818203410-66ed355148e9
2026-10-01T02:10:11.714052Z,github.com/roseanne244/rahmi-tea-project-testnet,v0.0.0-20240308024812-6acddab49236
2026-10-01T02:10:12.461577Z,github.com/ritzydevbox/universal-router-sdk,v0.0.0-20240926223740-b80d8621c4a0
2026-10-01T02:10:13.347837Z,github.com/ritzydevbox/smart-order-router,v0.0.0-20240928220433-96888a468b40
2026-10-01T02:10:17.004154Z,webtyp.com/agenteval,v0.2.5
2026-10-01T02:10:20.598076Z,github.com/PerpetualSoftware/pad,v0.17.0-rc.1
2026-10-01T02:10:22.33161Z,github.com/ryantoro/pdiperjuangan,v0.0.0-20240325161727-ec8524b024ba
2026-10-01T02:10:23.407587Z,github.com/trilonio/angular-application-insights,v0.0.0-20220316175205-af0c928c2caf
2026-10-01T02:10:25.476314Z,github.com/sputnikcap/project-crypto-dex-client-coding-testnet,v0.0.0-20240306055859-8a31e3caa4cb
2026-10-01T02:10:26.159995Z,github.com/DeusData/codebase-memory-mcp/pkg/go,v0.0.0-20260930202159-0f52d30c2964
2026-10-01T02:10:26.447654Z,github.com/simonferquel/containerd,v1.2.1-0.20190322102302-b7418cd313f9
2026-10-01T02:10:26.797429Z,github.com/shanescalder/merkle-meta,v0.0.0-20240612171356-6e627d5bd7fa
2026-10-01T02:10:26.923269Z,github.com/hyperledger-cacti/cacti/weaver/samples/fabric/simpleassetandinterop,v0.0.0-20260930110208-ba5c8750545b
2026-10-01T02:10:27.190474Z,github.com/spookyswapv3/sdks,v0.0.0-20241019014112-48e4aaa1476d
2026-10-01T02:10:27.766745Z,github.com/sputnikcap/project-crypto-dex-server-coding-testnet,v0.0.0-20240306055551-97c6bfd70dfb
2026-10-01T02:10:33.373169Z,github.com/thesoftnode/sbtc-payment-gateway,v0.0.0-20251014195643-2f7838ec037c
2026-10-01T02:10:34.037656Z,github.com/tychiwallet/ugf-testnet-js,v0.0.0-20260424131450-d0de92652fe9
2026-10-01T02:10:43.666076Z,github.com/voxfeed/gnip-insights,v0.0.0-20161024181936-cceedad9fce7
2026-10-01T02:10:45.040347Z,github.com/xogtanee/testnet-tea,v0.0.0-20240309022204-2c06d2dffcde
2026-10-01T02:10:45.300861Z,github.com/xvan122/teatestnetkenz,v0.0.0-20240419141505-ae2bd4745924
2026-10-01T02:10:46.356923Z,github.com/zg2017/dsh-plugin-insight-mode,v0.0.0-20260929223107-14fa51f2da18
2026-10-01T02:10:46.683345Z,github.com/whalecupl/ai-daily-insights-mcp,v0.0.0-20260914144820-89487381da96
2026-10-01T02:10:47.174939Z,github.com/zackaslana/zackaslana,v0.0.0-20240501141047-a1aa2741e712
2026-10-01T02:10:47.635777Z,github.com/zackymrf/testnetjack,v0.0.0-20240406075336-d33576754dd6
2026-10-01T02:10:48.272261Z,github.com/CubePathInc/cubecli,v1.9.0
2026-10-01T02:10:49.945387Z,github.com/zeiss/winston-appinsights-transport,v0.0.0-20210211115559-fe0730d10c64
2026-10-01T02:10:52.673477Z,github.com/danmestas/dagnats,v0.0.23
2026-10-01T02:10:57.678724Z,github.com/alfata17/tea-testnet,v0.0.0-20240311104433-d6d10b68db38
2026-10-01T02:10:58.174904Z,github.com/amatayaj/testnetamat,v0.0.0-20240423113016-4190a11f40ee
2026-10-01T02:10:58.899132Z,github.com/evstack/ev-node/execution/evm,v0.0.0-20260930133954-36b737652e82
2026-10-01T02:11:00.127226Z,github.com/tamito0201/promari-toolkit,v0.0.0-20260930231433-ff96fefca838
2026-10-01T02:11:03.758988Z,github.com/jancona/m17,v0.6.8
2026-10-01T02:11:10.36144Z,github.com/dhalbert/adabot,v0.0.0-20210323175052-a6c26692e55c
2026-10-01T02:11:10.942593Z,github.com/dherrada/adabot,v0.0.0-20210111195224-2d79bee4686e
2026-10-01T02:11:15.475531Z,github.com/kcp-dev/kubernetes/staging/src/k8s.io/sample-cli-plugin,v0.0.0-20241210173536-70835f6af5da
2026-10-01T02:11:17.050877Z,github.com/tekktrik/adabot,v0.0.0-20260320135423-7fbb93f66847
2026-10-01T02:11:19.14393Z,github.com/wouldgo/name-dot-com-updater,v0.1.1
2026-10-01T02:11:19.222122Z,github.com/flatgeobuf/flatgeobuf,v0.0.0-20260930213350-34e3de95381a
2026-10-01T02:11:20.099838Z,github.com/joeblew999/native,v0.1.16-0.20261001015633-2fbbf2d09e65
2026-10-01T02:11:21.471613Z,github.com/cayapata/testnet-tea-airdrop-cayapata,v0.0.0-20240317184047-ec0a3bc4e787
2026-10-01T02:11:27.50986Z,github.com/blinklabs-io/handshake-node,v0.0.0-20260927121528-81eeb33b1b04
2026-10-01T02:11:29.152177Z,github.com/wouterrutgers/fuzzy-search,v3.3.0+incompatible
2026-10-01T02:11:29.953984Z,github.com/wglab/doc-annovar,v0.0.0-20260925164455-294eb6c342ec
2026-10-01T02:11:45.183769Z,huggingface.co/datasets/SetFit/rte.git,v0.0.0-20220228124643-23f2a468b9bc
2026-10-01T02:11:47.531195Z,github.com/dheerajgits/insightrack-sdk,v0.0.0-20240917212200-e1d020f5f24b
2026-10-01T02:11:50.267884Z,github.com/dilukangelosl/merklelib,v0.0.0-20241209091520-26dd41f16e02
2026-10-01T02:11:50.325222Z,github.com/dwellerroughs/audit,v0.0.0-20240627110143-08ddc8cb2c1a
2026-10-01T02:11:50.911995Z,huggingface.co/datasets/aps/super_glue.git,v0.0.0-20250516031803-3de24cf8022e
2026-10-01T02:11:53.539044Z,github.com/elmatwofeb/tea-testnet-by-elma,v0.0.0-20240308195258-d857110a7af4
2026-10-01T02:12:02.248791Z,github.com/faridzullivan-dev/tea-testnet-tutorial-easy-,v0.0.0-20240309035952-fc39ea4660f9
2026-10-01T02:12:14.098814Z,github.com/wow-look-at-my/api-cli-spec,v0.0.0-20260930231958-5c812cc6aca5
2026-10-01T02:12:14.852003Z,github.com/hallosayael/testnet-sui-node-wave2,v0.0.0-20230128050506-503ac2942dac
2026-10-01T02:12:15.611805Z,github.com/hallosayael/testnet-taiko-node,v0.0.0-20230328023309-804155f3cc6c
2026-10-01T02:12:17.655138Z,github.com/wow-look-at-my/js-snippets,v0.0.0-20260921165006-60612d135a66
2026-10-01T02:12:19.201804Z,github.com/itwin/insights-client,v0.0.0-20260204002140-1f15209abcf0
2026-10-01T02:12:20.224954Z,github.com/kcp-dev/kubernetes/staging/src/k8s.io/sample-controller,v0.0.0-20241210173536-70835f6af5da
2026-10-01T02:12:23.30457Z,github.com/wow-look-at-my/slopfmt,v0.0.0-20261001011349-986ac4a1103a
2026-10-01T02:12:23.457296Z,github.com/cypress-io/cypress-documentation,v0.3.3
2026-10-01T02:12:25.748748Z,github.com/ignatiusck/teatestnet,v0.0.0-20240315185731-7208216bfa49
2026-10-01T02:12:25.811783Z,github.com/daqing/airway-im-sdk-go,v0.1.0
2026-10-01T02:12:26.816802Z,github.com/kaiachain/kaia,v1.0.4-0.20260713093928-733b1c9dd2ac
2026-10-01T02:12:26.969433Z,github.com/ikemtz/angularmonorepo,v0.0.0-20260922104648-5e281c1e04f1
2026-10-01T02:12:27.869932Z,github.com/tsingsun/woocoo,v0.0.0-20260929150339-d55ff22d0f19
2026-10-01T02:12:30.056689Z,github.com/ironic007/tea_testnet,v0.0.0-20240324105908-ddc05ae959f3
2026-10-01T02:12:31.320853Z,github.com/chelseabradbury/nisqa-go,v0.0.0-20260930193031-37d715888076
2026-10-01T02:12:31.423478Z,github.com/cloud-barista/cm-honeybee,v0.0.0-20260930163757-b47513a80ba1
2026-10-01T02:12:31.825228Z,github.com/imokokok/insight,v0.0.0-20260930191551-8951ff7a08ed
2026-10-01T02:12:36.49392Z,github.com/Eastwesser/event-horizon/services/profile,v0.0.0-20260930104004-1429b7f96fe6
2026-10-01T02:12:39.955265Z,github.com/arpsyndicate/cvemon,v0.0.0-20260930070054-daa9c4d29a3f
2026-10-01T02:12:42.370609Z,github.com/lwindolf/liferea,v2.0.2+incompatible
2026-10-01T02:12:47.218306Z,github.com/joffreyberrier/insights-module,v0.0.0-20200915105154-54eeec577441
2026-10-01T02:12:52.554564Z,sigs.k8s.io/kustomize/kyaml,v0.21.3-0.20260930131837-71372cf6323c
2026-10-01T02:12:55.554378Z,github.com/lensdegen/tea-testnet-by-lensdegen,v0.0.0-20240311092644-bd33485b6c9d
2026-10-01T02:12:56.48393Z,github.com/lijunle/applicationinsights-expo,v0.0.0-20171226184458-4db75f73f8cf
2026-10-01T02:13:02.689032Z,github.com/Melancholi/SimpleLoadBalancer,v0.0.0-20260929194508-259c445ca75b
2026-10-01T02:13:04.878859Z,github.com/maxanii/get-repo-insights,v0.0.0-20250302080102-fe3148a4225c
2026-10-01T02:13:07.217649Z,gitlab.com/mr_vinkel/webhook-gateway,v0.0.0-20261001010541-a5dadc443289
2026-10-01T02:13:09.761797Z,github.com/mdexswap/bsc-sdk,v0.0.0-20220426090152-b711590dc5cf
2026-10-01T02:13:10.123543Z,github.com/hypertf/nahcloud,v0.0.0-20261001014912-37eb925a48bd
2026-10-01T02:13:11.169531Z,github.com/aabysszg/springboot-scan,v0.0.0-20251109145752-53d98ed4178f
2026-10-01T02:13:12.422694Z,github.com/Clash-mini/clash.meta,v1.19.32
2026-10-01T02:13:26.782885Z,github.com/rust-cv/hnsw,v0.9.1
2026-10-01T02:13:30.129341Z,github.com/microsoft/featuremanagement-javascript,v0.0.0-20260911062646-a5b4f0e6237e
2026-10-01T02:13:31.706742Z,github.com/mosesadamson01/tea-testnet,v0.0.0-20250825145021-bf339c204ada
2026-10-01T02:13:32.117378Z,github.com/MonalFinbox/redash-mcp,v0.0.0-20260921172545-ef30d78a574c
2026-10-01T02:13:32.731949Z,github.com/bagisto/bagisto,v2.5.0-beta5.0.20260930080314-c5252cb2aa98+incompatible
2026-10-01T02:13:33.528774Z,github.com/bobtheshoplifter/spring4shell-poc,v0.0.0-20221109154606-f856cf519af5
2026-10-01T02:13:42.504654Z,github.com/chainwayxyz/citrea,v0.0.0-20250703220936-650ed94df167
2026-10-01T02:13:49.36931Z,github.com/labs64/guidechimp,v0.0.0-20260928071511-df863c4c5eb2
2026-10-01T02:13:50.272993Z,github.com/wigata-intech/w-tools,v0.0.0-20260928023424-ff079cbae4e9
2026-10-01T02:13:50.689011Z,github.com/wighawag/mandalas,v0.0.0-20260930195542-fca62db231a8
2026-10-01T02:13:53.891057Z,github.com/nurfarid/dicoding-submission-web-pemula,v0.0.0-20240910140439-934188ad16a3
2026-10-01T02:14:04.330325Z,github.com/wikimedia/mediawiki-extensions-wikimediaincubator,v0.0.0-20260930115533-86ebde27ccab
2026-10-01T02:14:04.382424Z,github.com/wikimedia/mediawiki-extensions-globalusage,v0.0.0-20260930073717-178a3ba024cc
2026-10-01T02:14:11.146263Z,github.com/wikimovimentobrasil/quickstatements3,v0.0.0-20260924120549-2c4a6fcaff91
2026-10-01T02:14:11.32435Z,github.com/phbernard/nextjs-linkedin-insight-tag,v0.0.0-20240219091653-21919dfe712a
2026-10-01T02:14:15.288909Z,github.com/wplapper/restic,v0.0.0-20260925200818-5127c4abf921
2026-10-01T02:14:20.677926Z,github.com/wp-media/rocket-lazyload-common,v3.0.21+incompatible
2026-10-01T02:14:25.178469Z,github.com/Pallets/werkzeug,v0.0.0-20260927190838-f7e37f0bf510
2026-10-01T02:14:31.575555Z,github.com/wpdevelopers/essential-addons-for-elementor-lite,v6.8.5+incompatible
2026-10-01T02:14:34.784806Z,github.com/Not-An-Aardvark/eslint-plugin-eslint-plugin,v4.0.3-0.20211208024414-ae68f6b2a593+incompatible
2026-10-01T02:14:35.660745Z,github.com/MetaCubeX/Clash.Meta,v1.19.32
2026-10-01T02:14:36.121136Z,github.com/unfocus/backstage2d,v0.0.0-20260930165504-3ba00c0cd6fb
2026-10-01T02:14:39.801144Z,github.com/initia-labs/core-indexer,v0.0.0-20260929062233-c4b185fa8321
2026-10-01T02:14:45.000937Z,github.com/we-promise/sure,v0.7.5-alpha.13
2026-10-01T02:14:58.233091Z,github.com/wpzoom/inspiro,v2.2.4+incompatible
2026-10-01T02:14:59.248617Z,github.com/dashpay/dash,v24.0.0-rc.2+incompatible
2026-10-01T02:15:21.621969Z,github.com/guyonroche/exceljs,v4.4.1+incompatible
2026-10-01T02:15:26.150221Z,github.com/guyonroche/promish,v5.1.1+incompatible
2026-10-01T02:15:29.3648Z,github.com/googleapis/nodejs-genai,v2.25.0+incompatible
2026-10-01T02:15:30.398936Z,github.com/contiki-ng/contiki-ng,v0.0.0-20260930142231-735e87c3e506
2026-10-01T02:15:35.667742Z,github.com/dicklesworthstone/destructive_command_guard,v0.15.2-0.20260930192838-6158ee79a1a0
2026-10-01T02:15:45.717725Z,github.com/go-vela/types,v0.6.1-0.20201217173446-eefaf3f327bf
2026-10-01T02:16:08.558013Z,github.com/Stardust-labs-mc/Terralith,v2.2.4+incompatible
2026-10-01T02:16:30.652349Z,github.com/trustbloc/edge-core,v0.1.4-0.20200807212407-bf5fbc6e4739
2026-10-01T02:16:31.523074Z,github.com/Cloudposse/atmos,v1.230.1
2026-10-01T02:16:32.489604Z,github.com/test-network-function/cnfcert-tests-verification,v0.0.0-20260930135532-3006f11097a8
2026-10-01T02:16:44.009656Z,gopkg.in/adafruit/adabot.v0,v0.0.0-20260809203124-7853b3b73d52
2026-10-01T02:17:09.452711Z,github.com/gabema/promise-ftp,v0.0.0-20170220143958-cd2492e627ae
2026-10-01T02:17:20.32937Z,github.com/ehmicky/set-error-message,v0.0.0-20260929152453-e3c06ea7d78b
2026-10-01T02:17:31.665038Z,github.com/shawtymarco/gophertunnel,v1.57.1-0.20261001021118-34adb6db9914
2026-10-01T02:17:35.51647Z,github.com/questdb/questdb,v0.0.0-20260930233523-f56e72425cfa
2026-10-01T02:17:36.513905Z,github.com/wri/gfw-tile-cache,v0.0.0-20260930195601-f082feeb0bb5
2026-10-01T02:17:44.630685Z,github.com/evaisse/the-great-analysis-challenge,v0.0.94
2026-10-01T02:17:49.316439Z,github.com/K-PHoen/grabana,v0.5.4
2026-10-01T02:17:52.810453Z,github.com/matthew-imaginary/ictf-uptime,v0.0.0-20261001014859-a8406ce03fb0
2026-10-01T02:18:02.503889Z,buf.build/gen/go/regulus/workspaces/grpc-ecosystem/gateway/v2,v2.31.0-20240521225937-5b09cef82c88.1
2026-10-01T02:18:13.101476Z,github.com/writekit/awesome-markdown,v0.0.0-20260929094647-a33cd19ba2c5
2026-10-01T02:18:14.639376Z,github.com/fifengine/fifengine,v0.0.0-20260930060715-26de7d30f9e5
2026-10-01T02:18:21.493907Z,github.com/txn2/mcp-trino,v1.6.0
2026-10-01T02:18:32.198817Z,github.com/writtendev/writ,v0.0.0-20260928124534-f0b4fdd6f6ca
2026-10-01T02:18:41.448734Z,github.com/kakashihatake324/tls-client,v0.0.0-20260930071958-52d867bcd0db
2026-10-01T02:18:45.295736Z,github.com/openshift/build-machinery-go,v0.0.0-20211221232219-d4aa007f5295
2026-10-01T02:19:13.702856Z,github.com/wroud/foundation,v0.0.0-20260928114757-10725f28a3aa
2026-10-01T02:19:16.190182Z,github.com/linuxfoundation/lfx-v2-mailing-list-service,v0.5.13
2026-10-01T02:19:16.214346Z,github.com/eastwesser/event-horizon/services/leaderboard/proto,v0.0.0-20260930104004-1429b7f96fe6
2026-10-01T02:19:19.536603Z,github.com/not-an-aardvark/eslint-plugin-eslint-plugin,v7.6.3-0.20260930172039-6d3e8e12e2fc+incompatible
2026-10-01T02:19:27.738125Z,github.com/smittix/intercept,v2.33.76+incompatible
2026-10-01T02:19:28.786813Z,github.com/juliaopt/jump.jl,v1.32.0
