first_seen_at,module,version
2026-10-09T11:19:06.807224Z,cloud.google.com/go/workloadmanager,v1.2.1-0.20261008195808-37f936ac9d69
2026-10-09T11:19:10.097259Z,github.com/simenb/eslint-glob-util,v2.10.0+incompatible
2026-10-09T11:19:11.939512Z,github.com/monotek/fluxcd-pkg/git,v0.0.0-20261009111053-073239ed3185
2026-10-09T11:19:20.534122Z,github.com/grafana/synthetic-monitoring-app,v1.64.0
2026-10-09T11:19:32.052198Z,github.com/rabbitmq/rabbitmq-jms-client,v3.9.1-0.20261006151654-e0d759d41543+incompatible
2026-10-09T11:19:33.273892Z,github.com/synchestra-io/specscore-cli,v0.55.0
2026-10-09T11:19:35.327452Z,github.com/liujitcn/kratos-kit/config,v0.0.40-0.20261009111717-70a2dc814fdd
2026-10-09T11:19:37.787712Z,github.com/sonarcommunity/sonar-python,v0.0.0-20261009084307-9942045417e1
2026-10-09T11:19:37.826498Z,github.com/PHPMailer/phpmailer,v7.1.2-0.20261006055239-55e2a9434f04+incompatible
2026-10-09T11:19:46.773384Z,github.com/lupuionut/problems,v0.0.0-20261008080939-f23cbedc8903
2026-10-09T11:19:49.633017Z,github.com/liujitcn/kratos-kit/transport/hptimer,v0.0.10-0.20261009111717-70a2dc814fdd
2026-10-09T11:19:57.047685Z,gitlab.com/gitlab-org/protos/gen/go/gitlab/infrastructure,v0.1.3
2026-10-09T11:20:09.795019Z,github.com/vaadin/vaadin-web-components,v25.3.1+incompatible
2026-10-09T11:20:10.873794Z,github.com/AdguardTeam/adguardHome,v1.0.0-b.1.0.20261008091636-8dedd3278542
2026-10-09T11:20:15.034533Z,github.com/k1loW/grpcstub,v0.1.1
2026-10-09T11:20:22.14702Z,github.com/ashutosh2308bhardwaj/agentsafe/mcp,v0.4.0
2026-10-09T11:20:41.50258Z,github.com/Nats-IO/nats-server/v2,v2.15.1
2026-10-09T11:20:42.198188Z,github.com/liujitcn/kratos-kit/metrics/prometheus,v0.0.7
2026-10-09T11:20:50.666126Z,github.com/azure/azure-sdk-for-go/sdk/resourcemanager/storagediscovery/armstoragediscovery,v1.1.0-beta.1
2026-10-09T11:20:51.478388Z,github.com/Quad4-Software/MeshChatX,v4.10.6+incompatible
2026-10-09T11:20:58.389873Z,github.com/abtris/hugo-netlify-autoupdater,v0.0.0-20261008211032-d4118645aece
2026-10-09T11:21:01.402999Z,github.com/Stenstromen/goipcalc,v0.0.0
2026-10-09T11:21:08.832929Z,github.com/Softmotions/ejdb,v2.0.61-0.20261004070330-7f5e7277c700+incompatible
2026-10-09T11:21:09.448668Z,github.com/SkaticNET/go-raknet,v1.15.2-0.20261009112046-184026fdb6e6
2026-10-09T11:21:11.120514Z,github.com/OpenRailAssociation/osrd,v1.3.1
2026-10-09T11:21:12.421558Z,github.com/liujitcn/kratos-kit/swagger-ui,v0.0.17
2026-10-09T11:21:16.075008Z,github.com/stackitcloud/stackit-sdk-go/services/modelserving,v0.13.3-0.20261009110800-56077e65da22
2026-10-09T11:21:20.861147Z,github.com/abubakar-sadiq001/projscan,v1.1.0
2026-10-09T11:21:21.349044Z,github.com/juanbzz/juan,v0.1.1-0.20251213223200-6aa62d9c4ed5
2026-10-09T11:21:34.155292Z,github.com/liujitcn/kratos-kit/transport/cron,v0.0.20
2026-10-09T11:21:35.01191Z,github.com/chanzuckerberg/aws-oidc,v0.39.1
2026-10-09T11:21:39.68788Z,github.com/callemall/material-ui,v9.5.0+incompatible
2026-10-09T11:21:39.834422Z,github.com/pEst-PARSeR/pest,v2.9.3+incompatible
2026-10-09T11:21:40.339824Z,github.com/PESt-PARseR/pest,v2.9.3+incompatible
2026-10-09T11:21:40.844862Z,git.zabbix.com/AP/plugin-support,v1.2.2-0.20261005105931-d556ba496f66
2026-10-09T11:21:43.705784Z,github.com/pEST-paRSEr/pest,v2.9.3+incompatible
2026-10-09T11:21:47.711661Z,github.com/Gsantomaggio/go-stream-client,v1.8.4-0.20261006112022-0038383f5510
2026-10-09T11:21:50.652214Z,github.com/Kubernetes-sigs/aws-ebs-csi-driver,v1.66.1
2026-10-09T11:21:52.273256Z,github.com/jyswee/oddsockets-go-sdk,v1.0.0
2026-10-09T11:21:52.5787Z,github.com/pest-Parser/peSt,v2.9.3+incompatible
2026-10-09T11:21:53.736653Z,github.com/Pest-Parser/peSt,v2.9.3+incompatible
2026-10-09T11:21:54.129675Z,github.com/whoozle/android-file-transfer-linux,v0.0.0-20261008132142-712dce6ea717
2026-10-09T11:21:54.863042Z,github.com/A3s-Lab/Code,v9.1.3-0.20261006074928-98fb3db9c049+incompatible
2026-10-09T11:21:55.860952Z,github.com/sirajudheenam/gorepo/ldapsearch,v0.0.0-20261008093347-ff4a1579ca35
2026-10-09T11:21:59.520289Z,github.com/FriendsOfShopware/shopware-cli,v0.18.6-0.20261006092322-f20f5ba1d9c7
2026-10-09T11:21:59.538742Z,github.com/veraPDF/veraPDF-apps,v1.25.51
2026-10-09T11:21:59.658988Z,github.com/yoimiya-kokomi/Miao-Yunzai,v0.0.0-20260901031109-40cc2103efba
2026-10-09T11:22:01.91729Z,github.com/monitoring-forge/check-lastlog,v0.0.20
2026-10-09T11:22:04.134711Z,github.com/veraPDF/veraPDF-validation,v1.27.28
2026-10-09T11:22:16.834021Z,github.com/blackdark/vc-belegapp,v1.1.2-0.20261009111222-ce3e8a75cb5d
2026-10-09T11:22:20.341409Z,github.com/BlackDark/vc-belegapp,v1.1.2-0.20261009111214-eedb8a0bcc3c
2026-10-09T11:22:35.107269Z,github.com/imunhatep/awslib,v0.11.0
2026-10-09T11:22:39.433672Z,github.com/TYPO3/typo3,v14.3.1-0.20261009103418-b1a79833d570+incompatible
2026-10-09T11:22:40.520977Z,github.com/nankedr/pig,v1.0.0
2026-10-09T11:22:40.939528Z,github.com/pEst-parSeR/pest,v2.9.3+incompatible
2026-10-09T11:22:40.991708Z,github.com/PEsT-PARSEr/pest,v2.9.3+incompatible
2026-10-09T11:22:41.449723Z,github.com/pesT-PaRSeR/pest,v2.9.3+incompatible
2026-10-09T11:22:42.531992Z,github.com/PesT-pARseR/pest,v2.9.3+incompatible
2026-10-09T11:22:42.960508Z,github.com/PEST-PaRSer/pest,v2.9.3+incompatible
2026-10-09T11:22:43.021299Z,github.com/PEST-pARsEr/pest,v2.9.3+incompatible
2026-10-09T11:22:43.587618Z,github.com/pest-PArSEr/pest,v2.9.3+incompatible
2026-10-09T11:22:43.685274Z,github.com/PeSt-PARsEr/pest,v2.9.3+incompatible
2026-10-09T11:22:43.744805Z,github.com/PEsT-PARseR/pest,v2.9.3+incompatible
2026-10-09T11:22:44.092578Z,github.com/pESt-PaRSer/pest,v2.9.3+incompatible
2026-10-09T11:22:44.138874Z,github.com/Pest-paRSER/pest,v2.9.3+incompatible
2026-10-09T11:22:44.181317Z,github.com/pest-PaRSeR/pest,v2.9.3+incompatible
2026-10-09T11:22:44.694163Z,github.com/PESt-ParsER/pest,v2.9.3+incompatible
2026-10-09T11:22:44.963208Z,github.com/typo3/typo3,v13.4.36+incompatible
2026-10-09T11:22:45.725442Z,github.com/pEst-pArSEr/pest,v2.9.4-0.20261009084354-7e779b775de4+incompatible
2026-10-09T11:22:47.27103Z,github.com/pEST-PARSEr/pest,v2.9.3+incompatible
2026-10-09T11:22:47.672248Z,github.com/Pest-PARsEr/pest,v2.9.3+incompatible
2026-10-09T11:22:47.901079Z,github.com/pesT-paRsER/pest,v2.9.3+incompatible
2026-10-09T11:22:48.239033Z,github.com/PeST-parsER/pest,v2.9.3+incompatible
2026-10-09T11:22:51.723412Z,github.com/paperman11/goim,v0.0.0-20261009100338-f2639c5dec33
2026-10-09T11:22:51.972455Z,github.com/pEsT-pARSer/pest,v2.9.4-0.20261009084354-7e779b775de4+incompatible
2026-10-09T11:22:55.680417Z,github.com/GerritCodeReview/gerrit,v3.15.0-rc0.0.20261009065721-1820128f06cf+incompatible
2026-10-09T11:22:56.357617Z,github.com/nRFCloud/flux-extension-controller,v0.2.2
2026-10-09T11:22:56.881598Z,github.com/grafana/ai-sdk/providers/azure,v0.0.0-20261009110806-79be97b02b9e
2026-10-09T11:22:57.461443Z,github.com/kaosagnt/docker-machine,v0.16.2-gitlab.58-t2d.29
2026-10-09T11:23:00.436589Z,github.com/sudiptadeb/amarit,v0.3.0
2026-10-09T11:23:03.470901Z,github.com/juliaintervals/intervalarithmetic.jl,v1.0.13-0.20261009071019-8453a776432f
2026-10-09T11:23:08.192978Z,github.com/voska/bambu,v0.2.1-0.20261009104906-e604550b3731
2026-10-09T11:23:14.68583Z,github.com/Toblerity/Shapely,v0.0.0-20261009074741-93c894ed95e0
2026-10-09T11:23:22.488317Z,github.com/abxy-labs/tripwire-server-go,v0.3.0
2026-10-09T11:23:28.037952Z,github.com/FastAPI/fastapi,v0.1.17-0.20261008122554-f5c6e9b4f9ca
2026-10-09T11:23:29.327905Z,github.com/Tylous/Sourcepoint,v1.3.2-0.20260929161323-1554cacfd62c
2026-10-09T11:23:29.70467Z,github.com/Fatal1ty/mashumaro,v3.13.2-0.20261002132626-c7c3d6610203+incompatible
2026-10-09T11:23:29.720309Z,github.com/abundant-ai/swe-marathon,v0.0.0-20260925042011-79a449af5235
2026-10-09T11:23:33.069493Z,github.com/liujitcn/kratos-kit/captcha,v0.0.25
2026-10-09T11:23:35.294772Z,github.com/SchwarzEM/ems_perl,v0.0.0-20261009025919-3af27e222b55
2026-10-09T11:23:35.963213Z,github.com/adguardTeam/AdGuardHome,v1.0.0-b.1.0.20261008091636-8dedd3278542
2026-10-09T11:23:38.43075Z,github.com/abundant-ai/long-horizon,v0.0.0-20260925042011-79a449af5235
2026-10-09T11:23:43.944406Z,github.com/pEsT-pArSeR/PeSt,v2.9.3+incompatible
2026-10-09T11:23:45.436533Z,github.com/openrailassociation/osrd,v1.3.1
2026-10-09T11:23:45.709377Z,github.com/sciml/nonlinearsolve.jl,v4.32.1-0.20261005050234-0055e314e78f+incompatible
2026-10-09T11:23:46.565849Z,github.com/PrimeIntellect-ai/Prime-RL,v0.9.1-0.20261009095324-88faa6dc22b9
2026-10-09T11:23:46.983585Z,github.com/3liz/proj4rs,v0.0.0-20261009110607-fa822a361996
2026-10-09T11:23:47.753012Z,github.com/scottrippey/SmartFormat.NET,v3.6.2-0.20261001062655-f84e0b89877f+incompatible
2026-10-09T11:23:48.08081Z,github.com/SciCatProject/scicat-backend-next,v5.2.2-0.20261008143625-1418acc3c009+incompatible
2026-10-09T11:23:55.684598Z,github.com/EasyPost/easypost-go/v5,v5.10.2-0.20261001165603-179074efb53b
2026-10-09T11:23:57.970827Z,github.com/asciimoo/hister,v0.20.1-0.20261009085336-fca22ad4b57f
2026-10-09T11:23:58.523013Z,github.com/gsantomaggio/go-stream-client,v1.8.4-0.20261006112022-0038383f5510
2026-10-09T11:24:05.580809Z,github.com/NimoTech/NimoOS-Link,v0.1.0-alpha1
2026-10-09T11:24:08.879751Z,github.com/czerwonk/junos_exporter,v0.17.4-0.20261006120644-f4283132624d
2026-10-09T11:24:11.49303Z,github.com/azure/azqr,v0.0.0-20261009084156-3ccbd659d78a
2026-10-09T11:24:11.644971Z,github.com/air-gapped/lessence,v0.8.2-0.20261005172659-c9a318a8726b
2026-10-09T11:24:15.71696Z,github.com/liujitcn/kratos-kit/transport/sse,v0.0.18-0.20261009111717-70a2dc814fdd
2026-10-09T11:24:16.684455Z,github.com/2Abendsegler/GClh,v0.10.16
2026-10-09T11:24:19.26925Z,github.com/sirajudheenam/gorepo/cli/cobra/basics,v0.0.0-20261008093347-ff4a1579ca35
2026-10-09T11:24:23.911687Z,github.com/sirajudheenam/gorepo/cli/cobra/basics/cmd,v0.0.0-20261008093347-ff4a1579ca35
2026-10-09T11:24:29.590237Z,github.com/palocortao/youtube-transcript-api-go,v0.0.0-20261009112200-cd02ddf0d27a
2026-10-09T11:24:31.046921Z,github.com/passcod/notify,v5.0.0-pre.7.0.20261005111330-e455a21ce5ca+incompatible
2026-10-09T11:24:34.97515Z,github.com/numtide/multigres-operator/tools/observer,v0.0.0-20261009011400-3fa0133481e6
2026-10-09T11:24:39.147016Z,github.com/seebom-labs/BOMHort,v0.7.2-0.20261008134255-37ad273d8375
2026-10-09T11:24:40.444465Z,github.com/alikhil/kubectl-find,v0.19.1-0.20261005170514-5a28965f522e
2026-10-09T11:24:44.244205Z,github.com/sirajudheenam/gorepo/map,v0.0.0-20261008093347-ff4a1579ca35
2026-10-09T11:24:46.044117Z,github.com/soulteary/warden,v0.3.2-0.20260120165547-c615b31ad426
2026-10-09T11:24:46.904684Z,github.com/PeST-pArSEr/Pest,v2.9.3+incompatible
2026-10-09T11:24:51.509684Z,github.com/SeitaBV/flexmeasures,v1.0.1-0.20261008194830-b8aa005a132f
2026-10-09T11:24:52.495358Z,github.com/peSt-pARser/PeSt,v2.9.3+incompatible
2026-10-09T11:25:08.074299Z,github.com/ozasuke/multi_fetch_fragments,v0.0.16
2026-10-09T11:25:20.26437Z,github.com/3ZsForInsomnia/vs-code-companion,v0.0.0-20251022200923-74fe65a32ff7
2026-10-09T11:25:20.354282Z,github.com/07akioni/naive-ui-nuxt-demo,v0.0.0-20240729100210-b1eaa79a751b
2026-10-09T11:25:20.739942Z,github.com/2004Scape/tree-sitter-runescript,v0.0.0-20241106184246-cf85bbd5da0c
2026-10-09T11:25:21.001991Z,github.com/2KAbhishek/nerdy.nvim,v0.0.0-20261002075636-313260b2dd20
2026-10-09T11:25:21.002466Z,github.com/7KiLL/copybara.nvim,v0.0.0-20260906140408-72b130d3bba4
2026-10-09T11:25:21.011668Z,github.com/0x-ximon/acario.nvim,v1.0.0
2026-10-09T11:25:21.030909Z,github.com/07akioni/nuxtjs-naive-ui,v0.0.0-20240505140844-94772793be43
2026-10-09T11:25:21.047611Z,github.com/4bb4/implot-rs,v0.6.0
2026-10-09T11:25:21.063422Z,github.com/2giosangmitom/nightfall.nvim,v0.0.0-20261005103733-80be654951c4
2026-10-09T11:25:21.122818Z,github.com/8bithemant/8bithemant,v0.0.0-20230302093620-e588b07dcc9d
2026-10-09T11:25:21.209264Z,github.com/quad4-software/meshchatx,v4.10.6+incompatible
2026-10-09T11:25:21.296846Z,github.com/3ZsForInsomnia/token-count.nvim,v0.0.0-20260606182903-b3896a915b65
2026-10-09T11:25:21.380232Z,github.com/07akioni/vueuc,v0.4.64
2026-10-09T11:25:21.4944Z,github.com/404pilo/aicommits.nvim,v0.0.0-20260801115054-38df0c3a4a1a
2026-10-09T11:25:21.499457Z,github.com/112RG/fastify-cloudflare-turnstile,v1.0.2
2026-10-09T11:25:21.541788Z,github.com/7086cmd/slidev-addon-tikzjax,v0.0.0-20250118135427-5daef3f6619b
2026-10-09T11:25:21.679179Z,github.com/2KAbhishek/seeker.nvim,v0.0.0-20260825074422-5aa8e1174b11
2026-10-09T11:25:21.78715Z,github.com/2KAbhishek/termim.nvim,v0.0.0-20251201002658-0bb39e30d2a1
2026-10-09T11:25:21.815239Z,github.com/43081j/eslint-plugin-wc,v2.1.0+incompatible
2026-10-09T11:25:21.959622Z,github.com/3ZsForInsomnia/pacer.nvim,v0.0.0-20260317011055-1d24ad7c3daf
2026-10-09T11:25:22.169025Z,github.com/3ZsForInsomnia/revman.nvim,v0.0.0-20260421151653-910d658f5879
2026-10-09T11:25:22.461242Z,github.com/AbhishekMaira10/AbhishekMaira10,v0.0.0-20200909193235-9d889cefe560
2026-10-09T11:25:22.474225Z,github.com/AIDungeon/AIDungeon,v0.0.0-20200207194608-591f318091f4
2026-10-09T11:25:22.567395Z,github.com/A1phaN/tsinghua-ereserves-lib-downloader,v0.0.0-20240223064604-e8a81dba5d89
2026-10-09T11:25:22.5735Z,github.com/1033020837/Bilibili,v0.0.0-20190302192548-f007faa10236
2026-10-09T11:25:22.684514Z,github.com/27medkamal/tmux-session-wizard,v1.0.0
2026-10-09T11:25:22.733577Z,github.com/0xble/dotagent.nvim,v0.5.0
2026-10-09T11:25:22.855808Z,github.com/A7Lavinraj/fyler.nvim,v2.0.0+incompatible
2026-10-09T11:25:23.080462Z,github.com/AckslD/muren.nvim,v0.0.0-20250209135154-fa18f2df80a5
2026-10-09T11:25:23.114282Z,github.com/134130/refined-github,v0.0.0-20260523081405-43f4fd541dc0
2026-10-09T11:25:23.200829Z,github.com/ActiveState/applib,v1.1.0
2026-10-09T11:25:23.239539Z,github.com/07akioni/vfonts,v0.0.3
2026-10-09T11:25:23.282659Z,github.com/54L1M/Oshen.nvim,v0.3.0
2026-10-09T11:25:23.41732Z,github.com/Adibla/fastify-shared-schema,v0.0.0-20230205174144-3c15456b1fc4
2026-10-09T11:25:23.620432Z,github.com/AdguardTeam/ExtendedCss,v2.2.1+incompatible
2026-10-09T11:25:23.664584Z,github.com/liujitcn/kratos-kit/auth/authz,v0.0.24-0.20261009105056-28dd392401b1
2026-10-09T11:25:23.71058Z,github.com/Aejkatappaja/sora,v1.9.0
2026-10-09T11:25:23.73797Z,github.com/AlbertBrand/slidev-addon-hls-player,v0.1.6
2026-10-09T11:25:23.775552Z,github.com/84634E1A607A/proxy_authing,v0.0.0-20250317062129-070b30fe55c2
2026-10-09T11:25:23.865662Z,github.com/07akioni/naive-ui-vite-ssr,v0.0.0-20210920134737-9b430e97ad09
2026-10-09T11:25:23.877313Z,github.com/Aejkatappaja/cendre,v1.18.0
2026-10-09T11:25:23.986931Z,github.com/3ZsForInsomnia/code-companion-picker,v0.0.0-20260324021936-70fad4e271bc
2026-10-09T11:25:23.987034Z,github.com/AlexMartinFR/AlexMartinFR,v0.0.0-20210902173005-5085cbfa24e7
2026-10-09T11:25:24.297216Z,github.com/52ABP/Documents,v0.0.0-20220106082734-053329b6cf7d
2026-10-09T11:25:24.43039Z,github.com/AdguardTeam/Scriptlets,v2.5.1+incompatible
2026-10-09T11:25:24.49234Z,github.com/ABSphreak/ABSphreak,v0.0.0-20260221180919-43484e9289db
2026-10-09T11:25:24.708007Z,github.com/84634E1A607A/InfoTsinghuaRSS,v0.0.0-20260113094259-9062480d2f49
2026-10-09T11:25:24.781571Z,github.com/AnXh3L0/blocklist,v0.0.0-20240711080543-a13662b6048a
2026-10-09T11:25:25.029033Z,github.com/AiursoftWeb/Tracer,v0.0.0-20261008000013-94743a115d72
2026-10-09T11:25:25.16095Z,github.com/Aloxaf/rbkcrack,v0.2.1
2026-10-09T11:25:25.277144Z,github.com/Allenyou1126/aki-ssg,v0.0.0-20260707085059-8b3d3748bc0e
2026-10-09T11:25:25.558753Z,github.com/AlexAltea/orbital,v0.0.0-20240304223837-cc408367da6a
2026-10-09T11:25:25.802666Z,github.com/Akmadan23/local-session.nvim,v0.0.0-20260126102828-da62f49066ab
2026-10-09T11:25:25.876882Z,github.com/Asmod4n/mruby-argon2,v0.0.0-20260902182146-a6575596d2eb
2026-10-09T11:25:25.947444Z,github.com/AndrewAmmerlaan/command-not-found-gentoo,v0.0.0-20260926172349-934f05af4f8b
2026-10-09T11:25:26.540869Z,github.com/Aloxaf/p7zip,v0.0.0-20181004132742-91932197bfe6
2026-10-09T11:25:26.895224Z,github.com/AnsonH/copy-python-path.nvim,v1.0.0
2026-10-09T11:25:26.934652Z,github.com/BEWINDOWEB/bwbscripts,v0.0.0-20201109142046-c3cd7f8be076
2026-10-09T11:25:27.032809Z,github.com/AOSC-Dev/oma,v1.27.9
2026-10-09T11:25:27.143409Z,github.com/Axot017/multiterm.nvim,v0.0.0-20250429051401-aa7d1f9f712a
2026-10-09T11:25:27.259267Z,github.com/Atinux/nuxt-auth-utils,v0.5.31
2026-10-09T11:25:27.373166Z,github.com/Beman/ntcts_iterator,v0.0.0-20121205021856-61a126abff8c
2026-10-09T11:25:27.686782Z,github.com/Beaglefoot/awk-language-server,v0.0.0-20241109200934-dcf8345f7770
2026-10-09T11:25:27.69497Z,github.com/AutoRecon/AutoRecon,v0.0.0-20251116082449-e7e98f60bdc5
2026-10-09T11:25:27.923364Z,github.com/AJenbo/phpantom_lsp,v0.0.0-20261009035541-adae3e8fc155
2026-10-09T11:25:27.960408Z,github.com/Atinux/content-wind,v1.1.2
2026-10-09T11:25:28.224077Z,github.com/BMatheas/highlightjs-cisco-cli,v0.0.0-20201220145834-035c0a1653da
2026-10-09T11:25:28.310829Z,github.com/Bioconductor/BiocStyle,v0.0.0-20260428123753-04201e5d965e
2026-10-09T11:25:28.554906Z,github.com/Berrysoft/ClassLibrary,v0.0.0-20190613033242-e1df59a54a94
2026-10-09T11:25:28.646672Z,github.com/Bekenn/range,v0.0.0-20140926084357-2f2f671c0efe
2026-10-09T11:25:28.791894Z,github.com/Bugs5382/node-hl7-server,v3.3.0+incompatible
2026-10-09T11:25:28.994738Z,github.com/BrunnerLivio/BrunnerLivio,v0.0.0-20260904080024-8d177c7f8ab9
2026-10-09T11:25:29.210973Z,github.com/Aveek-Saha/Aveek-Saha,v0.0.0-20221104213134-8456b6e27bac
2026-10-09T11:25:29.342661Z,github.com/BurntSushi/encoding_rs_io,v0.0.0-20260804124757-04268d951494
2026-10-09T11:25:29.35278Z,github.com/C9-LinkRs/C9-LinkRs,v0.0.0-20260508045220-60bebb23b124
2026-10-09T11:25:29.42704Z,github.com/CFiggers/janet-lsp,v0.0.13
2026-10-09T11:25:29.589419Z,github.com/BaizeAI/talks,v0.0.0-20260909064651-5ce7e28b8763
2026-10-09T11:25:29.734565Z,github.com/BRONZowl/codux.nvim,v1.0.3
2026-10-09T11:25:29.750028Z,github.com/Bugs5382/node-hl7-client,v3.2.0+incompatible
2026-10-09T11:25:29.902386Z,github.com/AxtMueller/Windows-Kernel-Explorer,v0.0.0-20251214044406-99e3d9ecbbd1
2026-10-09T11:25:29.929069Z,github.com/AnirudhG07/Typeinc,v1.0.3
2026-10-09T11:25:30.058578Z,github.com/liujitcn/kratos-kit/transport/mcp,v0.0.19-0.20261009111717-70a2dc814fdd
2026-10-09T11:25:30.274013Z,github.com/BenLorantfy/nestjs-zod,v5.5.0+incompatible
2026-10-09T11:25:30.351526Z,github.com/AngleHony/WKTools,v0.0.0-20250425134753-b0774db84fad
2026-10-09T11:25:30.494994Z,github.com/BibekBhusal0/tree-hierarchy.nvim,v0.0.0-20260110112924-63884585560e
2026-10-09T11:25:30.537637Z,github.com/AvencastF/slidev-theme-hep,v0.0.0-20240302130333-6d7ae8cb0028
2026-10-09T11:25:30.545142Z,github.com/Bugs5382/fastify-hl7,v4.0.2+incompatible
2026-10-09T11:25:30.723015Z,github.com/BirdeeHub/lze,v0.13.0
2026-10-09T11:25:30.81842Z,github.com/Ch4s3/iTerm2-Neutron,v0.0.0-20170718023631-58f5927aa441
2026-10-09T11:25:31.156973Z,github.com/Berrysoft/tunet-rust,v0.12.0
2026-10-09T11:25:31.736057Z,github.com/Briscoooe/fastify-evervault,v0.0.0-20240308194916-e4c5ded3bdb1
2026-10-09T11:25:31.869946Z,github.com/Beargruug/skipper.nvim,v2.1.0+incompatible
2026-10-09T11:25:31.876026Z,github.com/07akioni/naive-ui-vitepress-demo,v0.0.0-20240505134525-3343681d764a
2026-10-09T11:25:31.920212Z,github.com/BibekBhusal0/nvim-git-utils,v0.0.0-20260630141500-142cc6f0dd4e
2026-10-09T11:25:32.14025Z,github.com/CeVIO-User-Guide-Unofficial/CeVIO-AI,v0.0.0-20260620180139-42ec3ff4e2ff
2026-10-09T11:25:32.493392Z,github.com/Amansingh-afk/milli.nvim,v0.1.1
2026-10-09T11:25:32.876395Z,github.com/CavsZhouyou/Front-End-Interview-Notebook,v0.0.0-20221128040203-5678afc6be30
2026-10-09T11:25:32.880338Z,github.com/AnirudhG07/ntfyme,v0.0.2
2026-10-09T11:25:33.099336Z,github.com/BANKA2017/twitter-monitor,v0.0.0-20260720084353-dd8de94e3e28
2026-10-09T11:25:33.393379Z,github.com/CatalystDevOrg/Catalyst,v21.12.113+incompatible
2026-10-09T11:25:33.920338Z,github.com/burgrp/bleriot-sense/fw/v2,v2.0.1
2026-10-09T11:25:34.526516Z,cloud.google.com/go/cloudsecuritycompliance,v1.2.1-0.20261008195808-37f936ac9d69
2026-10-09T11:25:34.565149Z,github.com/Bhard27/Bhard27,v0.0.0-20241220093245-566c3517c2a6
2026-10-09T11:25:37.102744Z,github.com/Antiz96/arch-update,v4.4.3+incompatible
2026-10-09T11:25:37.109744Z,github.com/Bugs5382/fastify-rabbitmq,v3.4.1+incompatible
2026-10-09T11:25:37.251939Z,github.com/Berrysoft/TsinghuaNet,v4.6.87+incompatible
2026-10-09T11:25:39.643865Z,github.com/nimotech/nimoos-link,v0.1.0-alpha1
2026-10-09T11:25:39.829275Z,github.com/lmiccini/nova-operator,v0.0.0-20261008201413-c47db3f1bc4c
2026-10-09T11:25:44.18784Z,github.com/giantswarm/klaus-operator,v0.0.174-rc.5
2026-10-09T11:25:44.919866Z,github.com/FalkorDB/falkordb-go/v2,v2.1.1-0.20260912103518-3dd970ad0308
2026-10-09T11:25:53.071129Z,github.com/aws/aws-sdk-go-v2/service/partnercentralrevenuemeasurement,v1.6.3
2026-10-09T11:25:53.352915Z,github.com/alextanhongpin/core/sync/promise,v0.1.0
2026-10-09T11:25:59.956944Z,github.com/TYPO3/TYPO3,v14.3.8+incompatible
2026-10-09T11:26:13.460618Z,github.com/Vulsio/Goval-dictionary,v0.15.3
2026-10-09T11:26:18.387489Z,github.com/AdguardTeam/AdguardBrowserExtension,v5.2.80+incompatible
2026-10-09T11:26:26.562396Z,github.com/guettli/korphan,v0.0.14
2026-10-09T11:26:29.820317Z,github.com/bekenn/range,v0.0.0-20140926084357-2f2f671c0efe
2026-10-09T11:26:50.732693Z,github.com/WaylonWalker/markata-go,v0.13.1-0.20261009021533-990b92569a5e
2026-10-09T11:26:55.718603Z,github.com/CWood-sdf/pineapple,v0.0.0-20261008052316-4f0549ba6739
2026-10-09T11:26:58.675052Z,github.com/mars-base/cloudres,v1.6.3
2026-10-09T11:27:08.985518Z,github.com/Dmitry-Fedotov-Dev/xk6-sip,v0.4.1-0.20261004081513-99fe581fc778
2026-10-09T11:27:19.701754Z,github.com/johncch/axle,v0.33.1-0.20261009040050-589e28e9f7ac
2026-10-09T11:27:20.372331Z,github.com/trzsz/trzsz-ssh,v0.1.27-0.20261003041257-5f4ac4d9bb71
2026-10-09T11:27:20.801046Z,github.com/duckduckgo/tracker-radar-collector,v0.0.0-20261008081111-351474986dcd
2026-10-09T11:27:25.230843Z,github.com/Ashutosh2308Bhardwaj/agentsafe/mcp,v0.4.1-0.20261009112547-cb07a8cbe59a
2026-10-09T11:27:25.248608Z,github.com/dynatrace/dynatrace-operator,v1.10.0-rc.0.0.20261008081133-71929bcdcf6b
2026-10-09T11:27:27.312363Z,github.com/nchgroup/artifact-delivery-server,v0.3.0
2026-10-09T11:27:27.943847Z,github.com/mortont/axon_onnx,v0.2.0
2026-10-09T11:27:34.899147Z,github.com/ministryofjustice/opg-github-workflows,v3.19.20-lpal2494snykad.1+incompatible
2026-10-09T11:27:38.722692Z,github.com/leanprover/reference-manual,v4.35.0-rc4.0.20261008122009-349244b4dd2f+incompatible
2026-10-09T11:27:42.480583Z,github.com/terraform-ibm-modules/terraform-ibm-icd-rabbitmq,v4.1.0+incompatible
2026-10-09T11:27:53.073984Z,github.com/openrewrite/rewrite-migrate-java,v3.45.1-0.20261008094220-4544a581107c+incompatible
2026-10-09T11:27:53.69909Z,github.com/lelit/pglast,v0.0.0-20261004131503-f8b54eb7d123
2026-10-09T11:28:03.360218Z,seata.apache.org/seata-go/v2,v2.2.0-rc01
2026-10-09T11:28:08.221111Z,github.com/bytebase/dbhub,v1.5.0
2026-10-09T11:28:22.377831Z,github.com/viam-modules/frame-calibration,v0.0.0-20261002020918-5300d6564cb3
2026-10-09T11:28:27.791083Z,github.com/fintech-sdk/xero-go,v1.0.0
2026-10-09T11:28:39.389787Z,github.com/appsignal/rdkafka-ruby,v0.30.1-0.20261009091016-9406e41156fb
2026-10-09T11:28:48.444051Z,github.com/shopify/shopify-app-js,v1.0.0-rc5.0.20261008192144-9e452e502f87
2026-10-09T11:29:04.676346Z,github.com/k0sproject/bootloose,v0.9.7-0.20260728175847-5206b90387e6
2026-10-09T11:29:05.435Z,github.com/Snowflake-Labs/snowflake-cli,v3.29.0+incompatible
2026-10-09T11:29:08.310453Z,github.com/AlbertBrand/slidev-addon-tldraw,v0.5.1
2026-10-09T11:29:11.497437Z,github.com/telemac/connect-service-template,v0.1.1
2026-10-09T11:29:13.198859Z,github.com/SciML/PreallocationTools.jl,v1.7.2-0.20261002155600-bdeadad3483b
2026-10-09T11:29:14.313701Z,github.com/ReactWindows/react-native-windows,v0.27.0-rc.0.20260926175319-dac75b6e6564
2026-10-09T11:29:28.112634Z,github.com/Graylog2/graylog-project-cli,v0.0.0-20250227092042-7c0d09db3467
2026-10-09T11:29:28.217715Z,github.com/janearc/libtheme-css,v0.4.1
2026-10-09T11:29:30.136963Z,github.com/Azure/azure-sdk-for-go/sdk/resourcemanager/storagediscovery/armstoragediscovery,v1.1.0-beta.1.0.20261009110814-4cc9a399d134
2026-10-09T11:29:33.171564Z,github.com/aloglu/triage,v0.2.0
2026-10-09T11:29:33.27543Z,github.com/Kotlin/ktor,v0.0.0-20261009105908-4717dd5fe827
2026-10-09T11:29:35.137384Z,github.com/aejkatappaja/sora,v1.1.0
2026-10-09T11:29:38.640708Z,github.com/albertbrand/slidev-addon-hls-player,v0.1.5
2026-10-09T11:29:43.534588Z,github.com/birdeehub/lze,v0.11.7
2026-10-09T11:29:45.574729Z,github.com/elastic/otel-profiling-agent,v0.0.0-20240807064117-94ffe28afdae
2026-10-09T11:29:54.180211Z,github.com/natlabrockies/buildingmotif,v0.2.0-beta
2026-10-09T11:30:04.057829Z,cloud.google.com/go/video,v1.34.1-0.20261008195808-37f936ac9d69
2026-10-09T11:30:11.682569Z,github.com/112rg/fastify-cloudflare-turnstile,v1.0.2
2026-10-09T11:30:13.126766Z,github.com/aejkatappaja/cendre,v1.18.0
2026-10-09T11:30:14.645492Z,github.com/ansonh/copy-python-path.nvim,v1.0.0
2026-10-09T11:30:14.680946Z,github.com/aloxaf/rbkcrack,v0.2.1
2026-10-09T11:30:15.190056Z,github.com/activestate/applib,v1.1.0
2026-10-09T11:30:15.728629Z,github.com/a7lavinraj/fyler.nvim,v2.0.0+incompatible
2026-10-09T11:30:15.830203Z,github.com/atinux/content-wind,v1.1.2
2026-10-09T11:30:16.176566Z,github.com/54l1m/oshen.nvim,v0.3.0
2026-10-09T11:30:16.860577Z,github.com/atinux/nuxt-auth-utils,v0.5.31
2026-10-09T11:30:16.892286Z,github.com/anirudhg07/typeinc,v1.0.3
2026-10-09T11:30:17.300508Z,github.com/bronzowl/codux.nvim,v1.0.3
2026-10-09T11:30:17.54564Z,github.com/cfiggers/janet-lsp,v0.0.13
2026-10-09T11:30:18.797627Z,github.com/bugs5382/node-hl7-client,v3.2.0+incompatible
2026-10-09T11:30:18.97835Z,github.com/berrysoft/tunet-rust,v0.12.0
2026-10-09T11:30:19.103018Z,github.com/zerkereod/hashdom/agent,v0.0.0-20261009111537-e1cc4814bdeb
2026-10-09T11:30:19.46643Z,github.com/bugs5382/fastify-hl7,v4.0.2+incompatible
2026-10-09T11:30:21.019148Z,github.com/beargruug/skipper.nvim,v2.1.0+incompatible
2026-10-09T11:30:21.374905Z,github.com/benlorantfy/nestjs-zod,v5.5.0+incompatible
2026-10-09T11:30:23.423634Z,github.com/opendevicepartnership/patina,v16.0.1-0.20261008161501-f471b92d2b0e+incompatible
2026-10-09T11:30:23.531697Z,github.com/aosc-dev/oma,v1.28.0-rc.2
2026-10-09T11:30:24.969859Z,github.com/berrysoft/tsinghuanet,v1.3.16
2026-10-09T11:30:25.445038Z,github.com/catalystdevorg/catalyst,v2022.2.4-beta+incompatible
2026-10-09T11:30:26.091783Z,github.com/abe404/root_painter,v0.0.0-20261009105707-293c0395b4d3
2026-10-09T11:30:26.664055Z,github.com/bugs5382/fastify-rabbitmq,v3.4.1+incompatible
2026-10-09T11:30:27.091995Z,github.com/telegramdesktop/tdesktop,v7.3.0+incompatible
2026-10-09T11:30:28.017146Z,github.com/amansingh-afk/milli.nvim,v0.1.1
2026-10-09T11:30:29.868525Z,github.com/antiz96/arch-update,v4.4.3+incompatible
2026-10-09T11:30:32.335789Z,github.com/anirudhg07/ntfyme,v0.0.2
2026-10-09T11:30:37.990109Z,github.com/PEst-pArseR/pest,v2.9.3+incompatible
2026-10-09T11:30:38.42164Z,github.com/PEST-parSER/pest,v2.9.3+incompatible
2026-10-09T11:30:38.944302Z,github.com/PESt-ParseR/pest,v2.9.3+incompatible
2026-10-09T11:30:39.8162Z,github.com/nyaruka/mailroom,v1.0.8-0.20250122192202-a98c90eac3cc
2026-10-09T11:30:39.83996Z,github.com/peSt-PaRseR/pest,v2.9.3+incompatible
2026-10-09T11:30:40.330219Z,github.com/pesT-pArsER/pest,v2.9.3+incompatible
2026-10-09T11:30:41.323558Z,github.com/achwo/narr,v0.0.0-20260928074156-c6bd3205e44a
2026-10-09T11:30:45.100832Z,github.com/getlago/lago-go-clienT,v1.55.0
2026-10-09T11:30:46.149316Z,github.com/pEst-paRSER/pest,v2.9.3+incompatible
2026-10-09T11:30:46.480898Z,github.com/PeSt-parSEr/pest,v2.9.3+incompatible
2026-10-09T11:30:49.832996Z,github.com/pEsT-parsER/pest,v2.9.3+incompatible
2026-10-09T11:30:49.952123Z,github.com/schmollerlab/cell_acdc,v1.8.2-0.20261008144229-644da6c3ff56
2026-10-09T11:30:50.624976Z,github.com/pesT-PaRSER/PEsT,v2.9.3+incompatible
2026-10-09T11:30:50.77191Z,github.com/albertbrand/slidev-addon-tldraw,v0.5.1
2026-10-09T11:30:51.393562Z,github.com/pEst-parser/Pest,v2.9.3+incompatible
2026-10-09T11:30:57.585562Z,github.com/emqx/MQTTX,v1.13.2-0.20261009025538-3c28928be534
2026-10-09T11:31:11.897857Z,github.com/acidanthera/WhateverGreen,v0.0.0-20260927221857-093e76fec565
2026-10-09T11:31:15.197366Z,github.com/acidgenomics/koopa,v0.34.0
2026-10-09T11:31:15.214546Z,github.com/acidghost/a555pq,v0.1.1
2026-10-09T11:31:15.547028Z,github.com/acidanthera/audk,v0.0.0-20261001123828-bdbc1cd406d6
2026-10-09T11:31:18.35927Z,github.com/fluxcd/pkg/version,v0.17.1-0.20261008015218-d38225967834
2026-10-09T11:31:26.437265Z,github.com/panyam/mcpkit/experimental/ext/events,v0.7.2-0.20261001223808-4311b527dbd7
2026-10-09T11:31:30.219239Z,cloud.google.com/go/servicecontrol,v1.20.1-0.20261008195808-37f936ac9d69
2026-10-09T11:31:36.958213Z,github.com/PeST-PaRsEr/pest,v2.9.3+incompatible
2026-10-09T11:31:38.045117Z,github.com/PEST-PArseR/pest,v2.9.3+incompatible
2026-10-09T11:31:38.507433Z,github.com/Pest-PaRSeR/pest,v2.9.3+incompatible
2026-10-09T11:31:38.821922Z,github.com/peSt-pArseR/pest,v2.9.3+incompatible
2026-10-09T11:31:38.984588Z,github.com/beagle-dev/beagle-lib,v4.0.2-0.20261007122557-615c85312953+incompatible
2026-10-09T11:31:39.042246Z,github.com/pesT-paRseR/pest,v2.9.3+incompatible
2026-10-09T11:31:39.878138Z,github.com/pEsT-PArSeR/pest,v2.9.3+incompatible
2026-10-09T11:31:39.988055Z,github.com/paraswap/paraswap-dex-lib,v3.8.30-0.20261009105146-089dc4b73ed5+incompatible
2026-10-09T11:31:40.211448Z,github.com/pESt-ParsER/pest,v2.9.3+incompatible
2026-10-09T11:31:40.489425Z,github.com/PeST-paRSer/pest,v2.9.3+incompatible
2026-10-09T11:31:40.899602Z,github.com/PEST-ParSeR/pest,v2.9.3+incompatible
2026-10-09T11:31:41.036869Z,github.com/PEst-parSer/pest,v2.9.3+incompatible
2026-10-09T11:31:45.336261Z,github.com/aquasecurity/kube-bench,v0.16.1-0.20261005064310-e278a5915a98
2026-10-09T11:31:46.752441Z,github.com/googleapis/google-cloud-go/datastore,v1.27.1-0.20261008195808-37f936ac9d69
2026-10-09T11:31:47.971138Z,github.com/acidsailor/sponsrdownloader,v0.5.1
2026-10-09T11:31:51.247353Z,github.com/kong/go-kong,v0.79.1-0.20261009110925-6ea3c2b4717a
2026-10-09T11:32:04.323531Z,github.com/Mirantis/pelagia/v3,v3.0.0-20261009093904-358c52f6c5e7
2026-10-09T11:32:08.91865Z,buf.build/gen/go/monime/dotdiscovery/protocolbuffers/go,v1.36.12-20261009110849-00bf5ea28780.2
2026-10-09T11:32:09.52376Z,github.com/nguyendan07/xk6-mediasoup,v0.1.1
2026-10-09T11:32:13.661646Z,github.com/awayfl/awayfl-player,v0.2.54
2026-10-09T11:32:18.050301Z,github.com/himbeerserverde/mt-multiserver-proxy,v0.0.0-20261008093340-32c4aa58ce8e
2026-10-09T11:32:19.232802Z,github.com/anixops/anix-control/identity,v0.0.0-20261009111656-14ac0fb9756c
2026-10-09T11:32:22.278215Z,github.com/margelo/react-native-mmkv,v4.3.2+incompatible
2026-10-09T11:32:25.566515Z,github.com/pEST-paRseR/pest,v2.9.3+incompatible
2026-10-09T11:32:28.480418Z,github.com/knewstimek/gopdb,v0.1.1
2026-10-09T11:32:32.129104Z,github.com/Dynatrace/dynatrace-operator,v1.10.0-rc.0.0.20261008081133-71929bcdcf6b
2026-10-09T11:32:42.606038Z,github.com/ack-solutions/nest-crud,v0.0.0-20260925142046-6dc211fd6143
2026-10-09T11:32:44.188794Z,github.com/larq/compute-engine,v0.16.1-0.20261005093021-0e629afaee89
2026-10-09T11:32:49.713706Z,github.com/home-sweet-gnome/dash-to-panel,v0.0.0-20261009003309-2160163a152b
2026-10-09T11:32:49.951298Z,github.com/victoriametrics/VictoriaLogs,v1.53.1-0.20261009091237-243c18b91cd0
2026-10-09T11:32:52.935488Z,github.com/VitruvianSoftware/vitruvian-core,v1.0.2-0.20261009072531-75f08fa28647
2026-10-09T11:32:53.324764Z,github.com/emqx/mqttx,v1.13.2-0.20261009025538-3c28928be534
2026-10-09T11:32:57.989949Z,github.com/exasol/integration-test-docker-environment,v0.0.0-20261008104625-b8cb9e76d17f
2026-10-09T11:33:01.667259Z,github.com/aclarkxyz/web_molkit,v0.0.0-20261008004512-459642c2cd9d
2026-10-09T11:33:02.946483Z,github.com/PeST-pArSeR/pest,v2.9.3+incompatible
2026-10-09T11:33:08.558318Z,github.com/pEsT-Parser/pest,v2.9.3+incompatible
2026-10-09T11:33:10.99151Z,github.com/ZeroDeng01/sublinkPro,v1.2.20
2026-10-09T11:33:11.28418Z,github.com/archer-developer/miranda,v0.0.0-20261009103229-1aea45447419
2026-10-09T11:33:12.799658Z,github.com/zanegittins/bifract,v0.0.8-dev.14
2026-10-09T11:33:14.22037Z,github.com/gplint/gplint,v2.6.1-0.20261002061220-43b0bebe21ae+incompatible
2026-10-09T11:33:14.543622Z,github.com/imqueue/rpc,v3.9.5+incompatible
2026-10-09T11:33:16.379255Z,github.com/fox1t/turborepo-remote-cache,v2.14.3+incompatible
2026-10-09T11:33:19.764235Z,github.com/iuccio/CSVtoJSON,v4.80.0+incompatible
2026-10-09T11:33:24.293684Z,github.com/isledecomp/isle-portable,v0.0.0-20261008160748-416f21f6a40c
2026-10-09T11:33:26.831298Z,github.com/Goreleaser/nfpm/v2,v2.47.1-0.20261009004009-ae346b54a314
2026-10-09T11:33:27.454896Z,github.com/pESt-parSEr/PEST,v2.9.3+incompatible
2026-10-09T11:33:27.723781Z,github.com/opencharly/plugin-secrets,v2026.280.2254+incompatible
2026-10-09T11:33:28.022266Z,github.com/pEst-PaRSEr/peSt,v2.9.3+incompatible
2026-10-09T11:33:28.155203Z,github.com/pEsT-PArSeR/PeSt,v2.9.3+incompatible
2026-10-09T11:33:28.334774Z,github.com/PEsT-pArsER/PEsT,v2.9.3+incompatible
2026-10-09T11:33:29.150067Z,github.com/Kaginari/isekai,v0.2.1-0.20260927212624-e98e00b5b5a5
2026-10-09T11:33:29.580745Z,github.com/PESt-paRSER/PeSt,v2.9.3+incompatible
2026-10-09T11:33:29.895979Z,github.com/Khan/KateX,v0.19.0
2026-10-09T11:33:30.177644Z,github.com/materialsproject/maggma,v0.77.2-0.20261002124742-7da24b1ca90a
2026-10-09T11:33:30.284412Z,github.com/PESt-PARseR/PesT,v2.9.3+incompatible
2026-10-09T11:33:30.296334Z,github.com/PeSt-parser/peSt,v2.9.3+incompatible
2026-10-09T11:33:30.36231Z,github.com/pesT-pArser/peSt,v2.9.3+incompatible
2026-10-09T11:33:32.039008Z,github.com/PeST-PaRSEr/PEST,v2.9.3+incompatible
2026-10-09T11:33:32.28985Z,github.com/Zibbp/ganymede,v1.4.4-0.20261008230731-39080457cc3f
2026-10-09T11:33:34.801207Z,github.com/pEst-parseR/pest,v2.9.3+incompatible
2026-10-09T11:33:34.820246Z,github.com/PesT-PARSeR/pest,v2.9.3+incompatible
2026-10-09T11:33:35.034261Z,github.com/Pest-ParseR/peSt,v2.9.3+incompatible
2026-10-09T11:33:35.111388Z,github.com/PeSt-PARSer/PEST,v2.9.3+incompatible
2026-10-09T11:33:35.586007Z,github.com/pest-paRSer/PeSt,v2.9.3+incompatible
2026-10-09T11:33:36.142965Z,github.com/pEst-pARsER/pESt,v2.9.3+incompatible
2026-10-09T11:33:36.54849Z,github.com/PeST-PaRser/pEst,v2.9.3+incompatible
2026-10-09T11:33:36.748901Z,github.com/sigstore/root-signing,v0.0.4-0.20261008133409-f07a2f12b73b
2026-10-09T11:33:36.815513Z,github.com/PEst-PArseR/PEST,v2.9.3+incompatible
2026-10-09T11:33:37.154006Z,github.com/Pest-PARSer/PeSt,v2.9.3+incompatible
2026-10-09T11:33:38.672993Z,github.com/Pest-PaRsEr/PESt,v2.9.3+incompatible
2026-10-09T11:33:39.259653Z,github.com/SubstratusAi/kubeai,v0.24.0
2026-10-09T11:33:39.594067Z,github.com/PEst-parser/PeSt,v2.9.3+incompatible
2026-10-09T11:33:39.889742Z,github.com/TencentCloud/tencentcloud-sdk-go/tencentcloud/ocr,v1.3.192
2026-10-09T11:33:40.674297Z,github.com/peST-PArsEr/PeST,v2.9.3+incompatible
2026-10-09T11:33:41.240301Z,github.com/ITchyNy/gojQ,v0.12.20-0.20261007111552-bb308dc4e1c2
2026-10-09T11:33:41.457741Z,github.com/PESt-PaRSer/pesT,v2.9.3+incompatible
2026-10-09T11:33:43.019898Z,github.com/PEsT-PaRSEr/Pest,v2.9.3+incompatible
2026-10-09T11:33:43.022029Z,github.com/peST-pArSEr/Pest,v2.9.3+incompatible
2026-10-09T11:33:43.712121Z,github.com/pESt-PArser/peST,v2.9.3+incompatible
2026-10-09T11:33:46.751413Z,github.com/Katex/KaTeX,v0.19.0
2026-10-09T11:33:47.698214Z,github.com/shogo82148/floats,v0.4.1
2026-10-09T11:33:47.758277Z,github.com/garden-rs/garden,v2.7.1-0.20261001103702-667dabad0328+incompatible
2026-10-09T11:33:48.31495Z,github.com/PeST-PaRSEr/Pest,v2.9.3+incompatible
2026-10-09T11:33:49.384396Z,github.com/getnora-io/nora,v1.3.3
2026-10-09T11:33:51.932976Z,huggingface.co/datasets/extraordinarylab/math-qa.git,v0.0.0-20251019003630-6be19f9af562
2026-10-09T11:33:56.989973Z,github.com/katEx/katex,v0.19.0
2026-10-09T11:34:02.745116Z,github.com/flanksource/gavel,v0.0.55-0.20261009104513-744afbc25e10
2026-10-09T11:34:03.085376Z,github.com/julianmer/PyLCModel,v0.5.0
2026-10-09T11:34:04.822205Z,github.com/Tencent/bk-ci,v4.2.0-rc.7.0.20261009021913-b39fb0ab2456+incompatible
2026-10-09T11:34:06.971046Z,github.com/zkMIPS/zkMIPS,v1.2.8-0.20261009041856-f10a9b4b0039
2026-10-09T11:34:09.026091Z,gopkg.in/DataDog/dd-trace-go.v1/contrib/confluentinc/confluent-kafka-go/kafka.v2,v2.11.1
2026-10-09T11:34:10.220784Z,gopkg.in/DataDog/dd-trace-go.v1/contrib/go.mongodb.org/mongo-driver.v2,v2.11.1
2026-10-09T11:34:10.914876Z,github.com/Grafana/pyroscope-go,v1.4.3
2026-10-09T11:34:11.584835Z,github.com/hynetworks/hysteria,v1.3.5-0.20261005040022-ca8fbd874fd6
2026-10-09T11:34:13.651163Z,gopkg.in/DataDog/dd-trace-go.v2/contrib/confluentinc/confluent-kafka-go/kafka.v2,v2.11.1
2026-10-09T11:34:17.276606Z,github.com/ACademySoftwareFoundation/openexr,v3.5.2+incompatible
2026-10-09T11:34:18.384826Z,github.com/azrtydxb/go-ai-sdk,v0.7.1
2026-10-09T11:34:23.340434Z,github.com/GoCodeALone/workflow,v0.86.2
2026-10-09T11:34:23.498827Z,github.com/crazy-airhead/aifei-go/plugins/storage,v1.0.3-0.20261008222500-801b373f56b8
2026-10-09T11:34:23.728526Z,github.com/vamshi-stepsecurity/terraform-provider-stepsecurity,v0.0.25-0.20261008053255-b9090004b69c
2026-10-09T11:34:23.916552Z,github.com/openmcp-project/service-provider-external-secrets,v1.2.4-0.20261008083459-60e3b50dd5d3
2026-10-09T11:34:24.845725Z,github.com/acmcsufoss/acmcsuf.com,v0.0.0-20261009002014-7357b2a2b209
2026-10-09T11:34:27.39353Z,github.com/maxogden/electron-download,v5.1.1-0.20261006223641-27ac8bbeaa86+incompatible
2026-10-09T11:34:31.518512Z,github.com/Sveltejs/svelte,v3.59.3-0.20261007145037-707c28146b0f+incompatible
2026-10-09T11:34:32.136932Z,github.com/BenVinegar/counterscale,v3.4.2-0.20261004201801-de70cac29ad2+incompatible
2026-10-09T11:34:34.851233Z,github.com/deploymenttheory/macos-mcp-server,v0.2.1
2026-10-09T11:34:38.309893Z,trpc.group/trpc-go/trpc-agent-go,v0.0.0-20261009064639-7d53a6c45d60
2026-10-09T11:34:42.62165Z,github.com/Olian04/webui,v0.0.0-20261009113016-fa4834b0d4d4
2026-10-09T11:34:43.410702Z,github.com/mauve/vscode-terraform,v2.40.1-0.20261009110358-75f44445d9ac+incompatible
2026-10-09T11:34:49.866551Z,github.com/mistralai/client-python,v3.2.0+incompatible
2026-10-09T11:35:01.610345Z,github.com/external-Secrets/external-Secrets,v1.3.3-0.20261006121304-088f9e5ff057
2026-10-09T11:35:03.695148Z,github.com/marcelotduarte/cx_Freeze,v0.0.0-20261006151452-caacd861025b
2026-10-09T11:35:04.887138Z,github.com/Ghostfolio/Ghostfolio,v1.115.1-0.20261009092418-b7c18ca44ed0
2026-10-09T11:35:08.4871Z,github.com/michaelhatherly/CommonMark.jl,v1.0.5-0.20261009092359-abd8b50ca749
2026-10-09T11:35:08.858652Z,github.com/pions/webrtc/v4,v4.2.23
2026-10-09T11:35:11.134137Z,github.com/trimarcjake/locksmith,v2025.9.9-0.20261003010113-ff9a525bf1d2+incompatible
2026-10-09T11:35:12.018081Z,github.com/yockii/celestial,v0.2.17-0.20261009014938-fb0d23d20fe7
2026-10-09T11:35:20.527607Z,github.com/julianmer/pylcmodel,v0.5.0
2026-10-09T11:35:21.023993Z,github.com/bnema/hexcheck,v0.3.1
2026-10-09T11:35:24.756334Z,github.com/Vespa-engine/vespa,v8.763.13+incompatible
2026-10-09T11:35:29.229883Z,github.com/mattn/govalidator,v0.0.0-20210307081110-f21760c49a8d
2026-10-09T11:35:31.349761Z,github.com/wxWidgets/wxWidgets,v3.3.4-0.20261008114523-51952bd3a8df+incompatible
2026-10-09T11:35:31.796688Z,github.com/oneapi-src/OneTbb,v2021.11.0-src-rc1.0.20261009092201-86e1d734697c+incompatible
2026-10-09T11:35:41.031169Z,github.com/secure-software-engineering/TypeEvalPy,v0.0.0-20260417084550-3719de115b54
2026-10-09T11:35:44.864981Z,github.com/zerodeng01/sublinkpro,v1.2.20
2026-10-09T11:35:46.159236Z,github.com/Projectcalico/calico,v1.45.0-0.dev-operator.0.20261009061719-239e12608d07
2026-10-09T11:35:46.694924Z,github.com/mayask/sprout,v0.0.0-20261009113245-fc7873efa9f5
2026-10-09T11:35:55.289433Z,git.wanshouhui.com/darkinno-pcdn/niulink-pcdn-go-sdk,v0.0.0-20261009112912-8ea82ee58d8a
2026-10-09T11:36:00.295289Z,github.com/motherduckdb/terraform-provider-motherduck,v0.3.4
2026-10-09T11:36:06.625534Z,github.com/stackvista/stackstate-process-agent,v0.99.36-0.20261007075941-2f88f2bbf843
2026-10-09T11:36:20.896209Z,github.com/maksimSurmach/ranutification,v0.0.0-20231112220205-be6cb7bfdb25
2026-10-09T11:36:21.110498Z,github.com/kaydxh/golang/pkg/mq,v0.0.0-20261005110422-bd6f7dd5acce
2026-10-09T11:36:21.679709Z,github.com/kaydxh/golang/pkg/viper,v0.0.0-20261005110422-bd6f7dd5acce
2026-10-09T11:36:27.946904Z,github.com/acorn-io/nah,v0.0.0-20261002170724-dceda7103076
2026-10-09T11:36:33.166596Z,github.com/kde/plasma-integration,v6.7.91-0.20261005021809-46eddde9d38c+incompatible
2026-10-09T11:36:33.414412Z,github.com/ccbluex/LiquidBounce,v0.41.0
2026-10-09T11:36:33.777722Z,github.com/KDE/plasma-integration,v6.7.91-0.20261005021809-46eddde9d38c+incompatible
2026-10-09T11:36:36.64815Z,github.com/fhir/Sushi,v3.20.2-0.20260930002045-2a6ef3d15c9a+incompatible
2026-10-09T11:36:42.928056Z,github.com/epiforecasts/epinow2,v1.9.1-0.20261005075930-7681f4f2aa81
2026-10-09T11:36:44.080862Z,github.com/STNS/sTNS/v2,v2.2.19-0.20261006034403-3bea55bace51
2026-10-09T11:36:44.879484Z,github.com/5afe/safe-client-gateway-nest,v1.126.1-0.20261009105219-0e9af1686b90
2026-10-09T11:36:45.251034Z,github.com/joseluisq/static-web-server,v2.44.1+incompatible
2026-10-09T11:36:45.798848Z,github.com/danielriddell21/letsgo-dashboard,v0.1.0-rc.1
2026-10-09T11:36:46.53275Z,github.com/Getlantern/flashlight/v7,v7.6.242-0.20261009005301-9aa59d06fed7
2026-10-09T11:36:47.632021Z,github.com/senlinjun/Nek0,v1.1.0
2026-10-09T11:36:48.346944Z,github.com/tomzo/gocd-json-config-plugin,v2.1.0-392.0.20261001165805-fde72d1c7d13+incompatible
2026-10-09T11:36:49.360066Z,github.com/peculiarventures/acme-ts,v1.8.5-0.20261002172900-9e75bcc392bb
2026-10-09T11:36:51.224918Z,github.com/Static-Web-Server/static-Web-Server,v2.44.1+incompatible
2026-10-09T11:36:52.019413Z,github.com/AlexanderMattTurner/agent-glovebox,v0.45.1-0.20261009094930-76be6360cee5
2026-10-09T11:36:53.304923Z,github.com/evgen260392/flogo-lib/activity/mbclient,v0.0.0-20261009113318-db55b951fba2
2026-10-09T11:36:56.985993Z,github.com/ultralytics/yolo-flutter-app,v0.6.16-0.20261006174745-aebbf778939e
2026-10-09T11:37:04.235928Z,github.com/GamehunterKaan/AutoPWN-Suite,v2.4.8+incompatible
2026-10-09T11:37:05.101986Z,github.com/ICTU/quality-time,v5.60.1+incompatible
2026-10-09T11:37:06.57465Z,github.com/tarioch/beancounttools,v1.7.1-0.20261001192150-668d2667cbc3
2026-10-09T11:37:07.48811Z,github.com/PostGRest/postgrest,v13.0.1-0.20261009073601-4ae9eb11d4ed+incompatible
2026-10-09T11:37:11.90568Z,github.com/api-platform/laravel,v5.0.2+incompatible
2026-10-09T11:37:13.575328Z,github.com/Ray-ymq/GoPulse,v0.0.0-20261009112621-49f5c3e9004d
2026-10-09T11:37:20.495626Z,github.com/SkaticNET/gophertunnel,v1.62.1-0.20261009113647-1d9fb799eac7
2026-10-09T11:37:29.226776Z,github.com/Elagoht/collage-health,v0.1.0
2026-10-09T11:37:31.193648Z,gopkg.in/datadog/dd-trace-go.v1/contrib/go.mongodb.org/mongo-driver.v2,v2.12.0-dev.3.0.20261009085407-39e7909ac35e
2026-10-09T11:37:32.221763Z,gitlab.com/xenomai/xenomai,v3.2.2-0.20260708114628-48934c3fed79+incompatible
2026-10-09T11:37:38.689462Z,github.com/yavosh/pail,v0.2.0
2026-10-09T11:37:42.887226Z,github.com/aws-solutions/instance-scheduler-on-aws,v3.2.11+incompatible
2026-10-09T11:37:45.32735Z,github.com/kde/plasma-workspace,v6.7.91-0.20261009020813-4c123143bc6d+incompatible
2026-10-09T11:37:48.805208Z,github.com/terraform-linters/TFLint,v0.64.1-0.20261003173708-c82461fdb89b
2026-10-09T11:37:50.808894Z,github.com/evgen260392/flogo-lib/trigger/mbclient,v0.0.0-20261009113318-db55b951fba2
2026-10-09T11:37:50.822922Z,github.com/azure/eno/pkg/kclshim,v0.0.0-20261009053034-87cc586c93fb
2026-10-09T11:37:51.241626Z,github.com/loomagent/loom,v0.0.0-20261009113730-1a2faef58e92
2026-10-09T11:37:52.449892Z,github.com/vuepress/vuepress-next,v2.0.0-rc.31.0.20260929140136-e748f7cb9bbe+incompatible
2026-10-09T11:37:52.561696Z,github.com/activeadmin/activeadmin,v3.0.1-0.20261008174821-0080bc200684+incompatible
2026-10-09T11:38:02.264353Z,github.com/hillya51/LunaTranslator,v12.0.1+incompatible
2026-10-09T11:38:03.055815Z,github.com/ultralytics/ultralytics_yolo,v0.6.16-0.20261006174745-aebbf778939e
2026-10-09T11:38:05.749086Z,github.com/Vadimdemedes/Ink,v8.0.0+incompatible
2026-10-09T11:38:16.430829Z,github.com/PennyLAneAI/pennylane,v0.39.0-rc0.0.20261009052100-14b454b462ed
2026-10-09T11:38:21.524673Z,github.com/acroy/expokit.jl,v0.2.1
2026-10-09T11:38:35.377146Z,github.com/nextcloud/circles,v22.0.0-beta.5.0.20261006230811-8546207c7ac1+incompatible
2026-10-09T11:38:51.718478Z,github.com/ghostfolio/ghostfolio,v1.115.1-0.20261009092418-b7c18ca44ed0
2026-10-09T11:38:53.575799Z,github.com/owncloud/files_primary_s3,v2.0.0-rc.2.0.20261005144237-4556b40ff4ba+incompatible
2026-10-09T11:38:53.77394Z,github.com/leehack/llamadart,v0.11.1
2026-10-09T11:38:53.986929Z,github.com/Facebook/React,v19.3.1-0.20261007200807-b618bbb44226+incompatible
2026-10-09T11:38:55.119581Z,github.com/ansys/pyaedt-toolkits-common,v0.0.0-20261005065318-bfb505a62c0f
2026-10-09T11:38:56.749606Z,github.com/casbin/awesome-auth,v1.57.1-0.20260929170936-c18836b1feb8
2026-10-09T11:39:01.114972Z,github.com/Go-Chi/chi/v5,v5.3.3-0.20260929233827-167e1e3bd039
2026-10-09T11:39:07.27248Z,github.com/dreamworldsolutions/dw-input,v4.1.29+incompatible
2026-10-09T11:39:51.457198Z,github.com/speedata/goxml,v1.0.12
2026-10-09T11:39:52.127866Z,github.com/jito-foundation/jito-solana,v4.4.0-alpha.5.0.20261008184243-531b77e15c5d+incompatible
2026-10-09T11:40:03.607698Z,github.com/monibuca/engine/v4,v4.0.0-20220219131510-24ed1b337ced
2026-10-09T11:40:13.425928Z,github.com/kmuchiri/hashbyte,v1.0.1
2026-10-09T11:40:20.224152Z,github.com/ubgo/lath,v0.0.0-20260919093634-20d3d8560ece
2026-10-09T11:40:22.041348Z,github.com/hocsman/relayer,v0.8.18
2026-10-09T11:40:29.328136Z,github.com/Berty/Berty/v2,v2.471.15-0.20261002063053-9dc459369b8f
2026-10-09T11:40:31.038352Z,github.com/gamehunterkaan/autopwn-suite,v2.4.8+incompatible
2026-10-09T11:40:32.612465Z,github.com/skaticnet/gophertunnel,v1.62.0
2026-10-09T11:40:32.674633Z,github.com/cErT-MAnageR/OpEnsHiFT-RoUteS,v0.11.1-0.20261009005832-a02fea02c816
2026-10-09T11:40:33.258323Z,github.com/elagoht/collage-health,v0.1.0
2026-10-09T11:40:34.842233Z,github.com/ceRt-mANaGeR/OPeNsHifT-rOuTEs,v0.11.1-0.20261009005832-a02fea02c816
2026-10-09T11:40:35.019969Z,github.com/redhatua/iptables-exporter,v0.1.0
2026-10-09T11:40:35.622142Z,github.com/aarsteinmedia/dotlottie-react,v0.0.0-20261009113709-f06a018cba75
2026-10-09T11:40:40.10481Z,github.com/topoteretes/promethai-memory,v1.6.3
2026-10-09T11:40:41.578208Z,github.com/hebcal/hebcal,v0.0.0-20260925233315-b21c39c8ac8f
2026-10-09T11:40:47.578452Z,github.com/itChyny/gojq,v0.12.20-0.20261007111552-bb308dc4e1c2
2026-10-09T11:40:48.476868Z,github.com/legend-of-dragoon-modding/severed-chains,v0.0.0-20261009032430-fba154354386
2026-10-09T11:40:49.781772Z,github.com/iTChYnY/gojq,v0.12.20-0.20261007111552-bb308dc4e1c2
2026-10-09T11:40:50.352152Z,github.com/iTCHyNY/gojq,v0.12.20-0.20261007111552-bb308dc4e1c2
2026-10-09T11:40:52.017649Z,github.com/86Box/86box,v4.2.2-0.20261009051914-34af16415e50+incompatible
2026-10-09T11:40:52.62043Z,github.com/blueringslabs/cortex_v2.0.0/sdk/go,v0.0.0-20261009105254-732fe889a77c
2026-10-09T11:40:52.902914Z,github.com/iTchyNY/gojq,v0.12.20-0.20261007111552-bb308dc4e1c2
2026-10-09T11:40:54.071059Z,github.com/teserakt-io/c2,v0.0.0-20190724134047-4acd1ee133b0
2026-10-09T11:40:54.138258Z,github.com/helM/helM/v4,v4.3.0-rc.1.0.20261006143514-dc56a44fee5a
2026-10-09T11:40:57.004699Z,github.com/eddienko/secure-edit,v1.0.1
2026-10-09T11:40:58.127189Z,github.com/navikt/ghep,v0.0.0-20261009091307-dfbb4081dd30
2026-10-09T11:41:01.803045Z,github.com/juniper/junos-terraform/terraform_provider,v0.0.0-20261008173648-3134b440c886
2026-10-09T11:41:09.158675Z,github.com/AdguardTeam/Adguardhome,v1.0.0-b.1.0.20261008091636-8dedd3278542
2026-10-09T11:41:31.215323Z,github.com/adafruit/adafruit_circuitpython_display_text,v0.0.0-20260930233907-b368c38fc2c5
2026-10-09T11:41:38.513682Z,github.com/X3eRo0/X3eRo0.github.io,v0.0.0-20261008223405-55ef35030121
2026-10-09T11:41:39.34055Z,github.com/mybearworld/vocab,v0.0.0-20261009113945-2816a7e9873c
2026-10-09T11:41:39.96691Z,github.com/selectel/dbaas-go,v0.23.0
2026-10-09T11:41:45.133205Z,github.com/BasisTI/daggerverse/pipeline,v0.13.0
2026-10-09T11:41:45.683401Z,github.com/adactio/TheSession-data,v0.0.0-20261005133135-f5b64eb72305
2026-10-09T11:41:49.757766Z,github.com/tehilla-o/forkledger,v0.0.0-20261009105620-34aceafded83
2026-10-09T11:41:50.175934Z,github.com/zimmicz/fenix,v0.0.0-20261009114110-33ce4136f1c5
2026-10-09T11:41:50.177285Z,github.com/adafruit/Adafruit-DVI-HSTX,v0.0.0-20261007013153-e9da68e92d7f
2026-10-09T11:41:59.118206Z,github.com/plast-lab/FlowDroid,v2.5.1+incompatible
2026-10-09T11:42:00.23053Z,github.com/plast-lab/WALA,v0.0.0-20180913112214-a685c2218a3e
2026-10-09T11:42:03.637946Z,github.com/agenticmarket/photon,v0.1.0
2026-10-09T11:42:11.490262Z,github.com/adafruit/adafruit-mlx90614-library,v0.0.0-20261008143127-339ff4cb3c6b
2026-10-09T11:42:13.991184Z,github.com/PRometheus/client_GOlang,v1.25.0
2026-10-09T11:42:15.670954Z,github.com/siddhantgoel/beancount-dkb,v1.10.1-0.20261005183538-6b9266e54bdb
2026-10-09T11:42:17.479755Z,github.com/boA-Dev/bOa,v0.9.1-0.20261004164441-ef40c63283e1
2026-10-09T11:42:18.259777Z,github.com/cvxgrp/simulator,v1.5.4-0.20261006065359-21229a15432a
2026-10-09T11:42:24.353584Z,github.com/dirard/codex/sdk/go,v0.162.0
2026-10-09T11:42:27.209241Z,github.com/bedrock-mc/dragonfly,v0.0.0-20261009113504-dba0ce30e451
2026-10-09T11:42:31.495568Z,github.com/yohamta/dagu/v2,v2.18.2
2026-10-09T11:42:36.428507Z,github.com/Azure/eno/pkg/kclshim,v0.0.0-20261009053034-87cc586c93fb
2026-10-09T11:42:37.039418Z,github.com/google/blockly,v0.0.0-20261008150124-f41fc7fc4179
2026-10-09T11:42:37.923122Z,github.com/alibabacloud-go/tea-utils/v2,v2.0.10-0.20261009053537-5a41db5d2580
2026-10-09T11:42:38.568758Z,github.com/alibabacloud-go/tea,v1.5.4-0.20261009053536-fc408f7e5774
2026-10-09T11:42:43.701638Z,github.com/Ibm-Cloud/power-go-client,v1.17.1-0.20261005140109-ce53ecaf06e7
2026-10-09T11:42:44.849934Z,github.com/opticDiff/code-reviewer,v0.23.0
2026-10-09T11:42:47.598329Z,github.com/wso2/integration-control-plane,v2.1.0-beta.0.20261009093342-081bc7a65f6c+incompatible
2026-10-09T11:42:47.762187Z,github.com/Deepmind/aqua,v0.0.0-20171102125229-26b64ed1f222
2026-10-09T11:42:47.988478Z,github.com/tehilla-o/fork_ledger,v0.0.0-20261009110006-b6f87cdef6b1
2026-10-09T11:42:51.888065Z,github.com/azure/azure-sdk-for-go/sdk/resourcemanager/keyvault/armkeyvault/v2,v2.1.0
2026-10-09T11:42:54.904455Z,github.com/yyliziqiu/gdk,v1.0.21
2026-10-09T11:42:58.149982Z,github.com/monotek/fluxcd-pkg,v0.0.0-20261009111053-073239ed3185
2026-10-09T11:42:59.581716Z,github.com/lopushok9/agent-layer,v0.1.118-0.20261009101722-b09ba7b8fba7
2026-10-09T11:43:04.058332Z,github.com/Crossplane/provider-aws,v0.59.1-0.20261006125630-f68427c16c77
2026-10-09T11:43:04.375702Z,github.com/tobymao/Sqlglot,v30.21.1-0.20261009113602-bea35b336cba+incompatible
2026-10-09T11:43:06.058871Z,github.com/Keriew/julius,v4.0.1-0.20261008153806-0ffea9572f59+incompatible
2026-10-09T11:43:06.176273Z,github.com/speedata/goxpath,v1.0.22
2026-10-09T11:43:06.260246Z,gitverse.ru/sbertech/kubelatte-ce,v1.2.1-0.20261009114044-29a77dc31c82
2026-10-09T11:43:09.453996Z,github.com/NSPCC-dev/neofs-contract,v0.27.1-0.20261006135344-cb76ddb62fcf
2026-10-09T11:43:12.383194Z,github.com/Boa-dEv/BoA,v0.9.1-0.20261004164441-ef40c63283e1
2026-10-09T11:43:13.742584Z,go.dagger.io/dagger/sdk/go,v0.21.5-0.20261009020936-dbfaa800cfba
2026-10-09T11:43:15.344343Z,github.com/NSPCC-dev/neo-go,v0.123.1-0.20261005171213-835e38bc3733
2026-10-09T11:43:16.875321Z,github.com/adafruit/samd-peripherals,v0.0.0-20261008213938-746fa5ec7b82
2026-10-09T11:43:17.038308Z,github.com/esa-blueshell/website/services/pinger,v0.0.0-20261009112455-4265c5db25ff
2026-10-09T11:43:17.820336Z,github.com/ava-labs/core-extension,v1.136.3-alpha.5
2026-10-09T11:43:20.960581Z,github.com/AppThreat/cdxgen,v13.3.1-0.20261009091850-7c1b0a4b3ca2+incompatible
2026-10-09T11:43:21.152579Z,huggingface.co/datasets/extraordinarylab/MATH-500.git,v0.0.0-20251231013941-0f4c1bc124c9
2026-10-09T11:43:26.061168Z,github.com/pelican/panel,v1.0.0-beta9.0.20261004004735-981701cd0bd4
2026-10-09T11:43:30.563402Z,github.com/rtb-0/rtbdict,v0.0.0-20261009114223-43cc92d6fc06
2026-10-09T11:43:33.337489Z,github.com/stackitcloud/stackit-sdk-go/services/modelexperiments,v0.3.2
2026-10-09T11:43:34.515463Z,github.com/stackitcloud/stackit-sdk-go/services/opensearch,v1.4.0
2026-10-09T11:43:34.95926Z,github.com/stackitcloud/stackit-sdk-go/services/telemetryrouter,v0.6.1
2026-10-09T11:43:36.030564Z,github.com/graphistry/pygraphistry,v0.53.17-0.20261009080639-599c405a234b
2026-10-09T11:43:38.792878Z,github.com/HuaWeiCloud/huaweicloud-sdk-go-v3,v0.1.218
2026-10-09T11:43:50.793081Z,buf.build/gen/go/coreweave/workload-federation/connectrpc/go/v2,v2.0.0-20260825153113-5bfae6057a98.1
2026-10-09T11:43:57.473906Z,github.com/zoover/react-i18nify,v6.4.2-0.20261007125846-7b8b9fb24906+incompatible
2026-10-09T11:43:57.982138Z,github.com/googleapis/google-cloud-go/commerceproducer,v0.6.1-0.20261008195808-37f936ac9d69
2026-10-09T11:43:59.134606Z,github.com/cloudfoundry-incubator/bosh-google-cpi-release,v50.1.10-0.20261008172512-00db52d8aff8+incompatible
2026-10-09T11:44:01.735552Z,github.com/datafuselabs/datafuse,v1.2.951-nightly.0.20261009083248-b9c08062d26c
2026-10-09T11:44:08.09423Z,github.com/leodido/structcli/examples/full,v0.0.0-20260430132848-2f8bc96b4d8d
2026-10-09T11:44:08.976068Z,github.com/php-decimal/ext-decimal,v1.4.0
2026-10-09T11:44:11.166418Z,github.com/starlite-api/litestar,v2.17.1-0.20261006085932-afd3b039ab5f+incompatible
2026-10-09T11:44:19.45501Z,github.com/psychobunny/nodebb,v4.16.3-0.20261008152101-6b93238183c3+incompatible
2026-10-09T11:44:25.042158Z,github.com/azdyn7-ai/project-supply-chin/cnd-project/app,v0.0.0-20260728234849-713e264f8ba0
2026-10-09T11:44:27.127997Z,github.com/leodido/structcli/examples/simple,v0.0.0-20260430132848-2f8bc96b4d8d
2026-10-09T11:44:31.817545Z,github.com/mathomhaus/guild,v0.3.3-0.20261009000936-da8407aeb57e
2026-10-09T11:44:35.484173Z,github.com/leodido/structcli/examples/minimal,v0.0.0-20260430132848-2f8bc96b4d8d
2026-10-09T11:44:38.117514Z,github.com/Astral-sh/uv,v0.0.0-20261008233953-f3e56e16e030
2026-10-09T11:44:42.535433Z,github.com/leodido/structcli/examples/collections,v0.0.0-20260430132848-2f8bc96b4d8d
2026-10-09T11:44:42.69985Z,github.com/slsa-framework/source-tool,v0.7.2-0.20261005085026-e63d6a405a4e
2026-10-09T11:44:43.287788Z,github.com/Apecloud/kubeblocks,v1.1.0-beta.0.0.20261008033333-adc741b63b3b
2026-10-09T11:44:45.950156Z,github.com/aws-samples/automated-security-helper,v3.7.1-0.20261008215236-adb848fbedda+incompatible
2026-10-09T11:44:48.59649Z,github.com/leodido/structcli/examples/loginsvc,v0.0.0-20260430132848-2f8bc96b4d8d
2026-10-09T11:44:50.970947Z,github.com/Argoproj-labs/argocd-agent,v0.0.0-20261008170243-904103597be5
2026-10-09T11:44:52.889181Z,github.com/pineforge-4pass/pineforge-engine,v1.4.1-0.20261009095420-f48b7c8c3777
2026-10-09T11:44:52.927499Z,github.com/alanaktion/phproject,v1.8.8
2026-10-09T11:44:53.554449Z,github.com/rancher/RANCHER,v0.0.0-20261009053728-dfd894ae0ddf
2026-10-09T11:44:54.064541Z,github.com/leodido/structcli/examples/structerr,v0.0.0-20260430132848-2f8bc96b4d8d
2026-10-09T11:44:55.303591Z,github.com/grantbirki/branch-deploy,v12.1.2-0.20261003202807-c95a90f4e9f7+incompatible
2026-10-09T11:44:58.718012Z,github.com/giantswarm/oncall-shift-reporter,v1.0.21-rc.3
2026-10-09T11:44:59.406697Z,github.com/metalbear-co/mirrord,v3.174.1-0.20261009075137-bc2930b682a1+incompatible
2026-10-09T11:45:00.457256Z,github.com/ValFadeev/rundeck-nomad-plugin,v0.1.0
2026-10-09T11:45:00.931916Z,github.com/leodido/structcli/examples/mcp-command-factory,v0.0.0-20260430132848-2f8bc96b4d8d
2026-10-09T11:45:01.248869Z,github.com/podkrepi-bg/api,v1.8.5-0.20261009101855-e035ac87cf84
2026-10-09T11:45:06.824493Z,github.com/theirish81/frags/cli,v1.0.0-rc9.0.20261007075208-b0b3716bc98b
2026-10-09T11:45:06.919346Z,github.com/Theirish81/frags,v1.0.0-rc8-dev
2026-10-09T11:45:07.864757Z,github.com/PesT-parSER/peST,v2.9.3+incompatible
2026-10-09T11:45:08.014972Z,github.com/pest-PaRSER/pEsT,v2.9.3+incompatible
2026-10-09T11:45:08.909815Z,github.com/advancedfx/advancedfx,v2.192.7+incompatible
2026-10-09T11:45:09.099297Z,github.com/pESt-paRsER/pEst,v2.9.3+incompatible
2026-10-09T11:45:09.346112Z,github.com/Pest-parseR/pest,v2.9.3+incompatible
2026-10-09T11:45:11.454733Z,github.com/PesT-paRser/pesT,v2.9.3+incompatible
2026-10-09T11:45:12.084416Z,github.com/ThePalaceProject/circulation,v48.1.1-0.20261008163319-4c8a2f4b0573+incompatible
2026-10-09T11:45:12.335714Z,github.com/peST-ParSer/PEst,v2.9.3+incompatible
2026-10-09T11:45:15.127047Z,github.com/PeST-PaRser/PEsT,v2.9.3+incompatible
2026-10-09T11:45:15.888617Z,github.com/demarche-numerique/demarches-simplifiees.fr,v1.8.4-0.20261009052319-54fbcad9dfad
2026-10-09T11:45:15.915822Z,github.com/AdaCore/gnatformat,v26.0.0+incompatible
2026-10-09T11:45:18.422012Z,github.com/giantswarm/mcp-go,v1.1.2-0.20261009114411-06e142aa0009
2026-10-09T11:45:20.490531Z,github.com/hugoalh/adler32-es,v0.7.1-0.20261008095634-6f8a56062ea9
2026-10-09T11:45:20.740592Z,github.com/arbs-io/github-copilot-llm-gateway,v0.0.0-20261008083123-a09e5455aec1
2026-10-09T11:45:21.226889Z,github.com/TypedProject/tsed-cli,v7.8.1+incompatible
2026-10-09T11:45:22.319977Z,github.com/rustnsparks/sockudo,v5.1.1-0.20261007081638-e52bf6197bd5+incompatible
2026-10-09T11:45:22.681681Z,github.com/anomalyco/ion,v0.0.460
2026-10-09T11:45:24.270439Z,github.com/basisti/daggerverse/pipeline,v0.13.0
2026-10-09T11:45:24.954696Z,github.com/typedproject/tsed-cli,v7.8.1+incompatible
2026-10-09T11:45:25.281256Z,github.com/aancw/tern-ssh,v0.0.0-20261009114027-cd396e7c7dc7
2026-10-09T11:45:30.520115Z,github.com/ciallothu/s-ui-next,v1.0.17-0.20261005045847-26bd996777c5
2026-10-09T11:45:31.859528Z,github.com/agentty-xyz/agentty,v0.17.0
2026-10-09T11:45:36.291381Z,github.com/ahezard/nds-bootstrap,v2.16.1-0.20261009045523-a0d4178ef088+incompatible
2026-10-09T11:45:38.215075Z,github.com/ELICDavis/polyform,v0.41.1-0.20261006064032-25bc8f27a2bf
2026-10-09T11:45:46.038104Z,github.com/syntasso/synpl-platform,v0.125.1-0.20261008153359-068f4c3e52de
2026-10-09T11:45:48.160525Z,github.com/Timberio/vector,v0.59.1-0.20261008205907-47e05c4749b6
2026-10-09T11:45:50.680245Z,github.com/jaimestill/spike-s3-storage,v0.0.0-20261008105029-2c53540e17cf
2026-10-09T11:45:50.775958Z,github.com/jaimestill/spike-s3-storage/s3,v0.0.0-20261008105029-2c53540e17cf
2026-10-09T11:45:52.749878Z,github.com/hexmostech/git-lrc/blastradius,v0.0.0-20261009104557-0cc6cb4e1a6c
2026-10-09T11:45:54.9255Z,github.com/pantheon-systems/go-metrics-graphite,v0.0.0-20261009114455-8348739058b0
2026-10-09T11:46:02.047291Z,github.com/shunichironomura/capsula,v0.15.2-0.20261008082013-8742e1605a0d
2026-10-09T11:46:02.332692Z,github.com/opentensor/subtensor,v3.4.9-424.0.20261008211347-5c6e83e2f493+incompatible
2026-10-09T11:46:05.900656Z,github.com/paketo-buildpacks/icu-cnb,v0.10.9-0.20261008052918-c4fbe80da081
2026-10-09T11:46:10.522772Z,go.chromium.org/build/siso,v1.6.5-0.20261009024048-b521b230cb7c
2026-10-09T11:46:11.647358Z,github.com/dword-design/eslint-config,v9.0.21-0.20261005050255-bc393c9695eb+incompatible
2026-10-09T11:46:14.666388Z,github.com/vespa-engine/pyvespa,v1.2.9-0.20261005111830-1d6a6936f526
2026-10-09T11:46:15.516714Z,github.com/grafana/explore-traces,v2.2.2-0.20261007075403-02496a588ff1+incompatible
2026-10-09T11:46:16.386919Z,github.com/TencentCloud/tencentcloud-sdk-go/tencentcloud/yinsuda,v1.3.184-0.20261008200136-f8358600a84d
2026-10-09T11:46:19.596411Z,github.com/kellen-miller/gctx,v1.2.1
2026-10-09T11:46:19.815361Z,github.com/mogurastore/mdots,v0.0.34-0.20261008165842-97d901e8ff2f
2026-10-09T11:46:20.79383Z,github.com/stfsy/go-api-key,v1.3.0
2026-10-09T11:46:21.771292Z,github.com/cybertec-postgresql/pg_timetable,v0.1.3-0.20261007182731-82a7ad039a97
2026-10-09T11:46:21.93212Z,github.com/zubkov-igor/go-smb2,v0.0.0-20261009112731-664e8b039fc7
2026-10-09T11:46:22.503389Z,github.com/Douyinfe/semi-design,v2.104.0+incompatible
2026-10-09T11:46:26.966353Z,github.com/platformatic/platformatic,v3.72.1-0.20261008144822-c18392971c3b+incompatible
2026-10-09T11:46:27.590635Z,github.com/thu-info-community/thu-info-app,v3.19.1-0.20261008113638-00995c1dfb23+incompatible
2026-10-09T11:46:29.643164Z,github.com/ascopes/java-compiler-testing,v6.0.2-0.20261009102214-e7f20de0674d+incompatible
2026-10-09T11:46:30.745132Z,github.com/apache/asyncband,v0.7.4-0.20261008150233-168f07b544ca
2026-10-09T11:46:37.070299Z,github.com/rlrghb/Olkcli,v1.15.2-0.20261007082305-a1bf739a5c53
2026-10-09T11:46:38.029105Z,github.com/Azure/azure-sdk-for-go/sdk/resourcemanager/keyvault/armkeyvault/v2,v2.1.0
2026-10-09T11:46:44.136679Z,github.com/form8ion/eslint-config,v7.0.19-0.20261008154154-2e570c7c439b+incompatible
2026-10-09T11:46:44.457218Z,github.com/berty/berty/v2,v2.471.15-0.20261002063053-9dc459369b8f
2026-10-09T11:46:47.585102Z,github.com/Mittwald/api-client-go,v0.2.244
2026-10-09T11:46:50.015562Z,github.com/lunfardo314/proxima,v0.11.2-testnet
2026-10-09T11:46:51.47227Z,github.com/buildersark/qobserva,v0.0.0-20261008145416-58a35238f732
2026-10-09T11:46:54.897596Z,github.com/GoReleaser/GoReleaser/v2,v2.18.3
2026-10-09T11:46:54.961544Z,github.com/SkaticNET/dragonfly,v0.0.0-20261009114646-351c82c2b0e3
2026-10-09T11:47:01.442764Z,github.com/AdamGriffiths31/ChessEngine,v0.0.0-20261009095204-3afdfe2e3f3f
2026-10-09T11:47:02.07821Z,github.com/wesleydebruijn/orlog,v0.0.0-20261008224610-3c7a434eb8b6
2026-10-09T11:47:02.252289Z,github.com/gnox/ha-ef-ble,v0.45.0
2026-10-09T11:47:10.463852Z,github.com/status-im/nim-token-lists/go/tkl,v0.0.0-20261009112606-adade105a53f
2026-10-09T11:47:12.100797Z,github.com/knewstimek/gosleigh,v0.1.0
2026-10-09T11:47:14.690976Z,gitlab.sharkbay.dk/sharksmedia-public/packages/keel-go-jet,v0.6.1
2026-10-09T11:47:15.75884Z,git.novox.be/novox/mesh-sdk/go,v0.1.9
2026-10-09T11:47:19.601051Z,github.com/webtyp/sqlmcp,v0.0.65
2026-10-09T11:47:22.457299Z,github.com/zubanls/zuban,v0.10.1-0.20261008000025-ef71a5cb2569
2026-10-09T11:47:27.713153Z,github.com/cocoonstack/sandbox,v0.1.17-0.20261009022630-78a37e78eff6
2026-10-09T11:47:28.987882Z,github.com/OpenHands/agent-sdk,v1.53.1-0.20261009023502-330441825052
2026-10-09T11:47:29.521687Z,github.com/Doow-Dev/doow-track-sdk,v0.1.3-0.20261009113541-44e40d936b9e
2026-10-09T11:47:36.794349Z,github.com/lixuan-git/teleport,v1.3.3-0.20260825163510-1283425b60ec
2026-10-09T11:47:51.427685Z,github.com/ashutosh2308bhardwaj/agentsafe,v0.4.1-0.20261009112547-cb07a8cbe59a
2026-10-09T11:47:51.557939Z,github.com/AVA-labs/avalanchego,v1.15.2-0.20261008233806-1618ad2e36ac
2026-10-09T11:47:59.737136Z,github.com/PESt-PArsEr/peSt,v2.9.3+incompatible
2026-10-09T11:48:00.713157Z,github.com/PESt-PArseR/pEST,v2.9.3+incompatible
2026-10-09T11:48:01.431949Z,github.com/BetterDB-inc/monitor,v0.49.1-0.20261009072829-e23d62adeec7
2026-10-09T11:48:02.389729Z,github.com/PesT-PaRSer/PEsT,v2.9.3+incompatible
2026-10-09T11:48:03.053525Z,github.com/pEst-pARsER/Pest,v2.9.3+incompatible
2026-10-09T11:48:03.143735Z,github.com/pEst-PARSeR/PeSt,v2.9.3+incompatible
2026-10-09T11:48:04.219122Z,github.com/Pest-PArSER/PesT,v2.9.3+incompatible
2026-10-09T11:48:10.289277Z,github.com/subscan-explorer/subscan-OpenAPI,v1.0.2-0.20261009022758-bf2529c35310
2026-10-09T11:48:24.913313Z,github.com/Open-Telemetry/opentelemetry-collector-contrib/exporter/splunkhecexporter,v0.162.1-0.20261009064638-a42af6edafc0
2026-10-09T11:48:25.890689Z,github.com/hashiCorp/consul,v1.11.0-alpha.0.20261009114457-e40acfa141e0
2026-10-09T11:48:28.428156Z,github.com/Gojek/feast,v0.66.1-0.20261009091313-f118b473b1fe
2026-10-09T11:48:41.236434Z,github.com/knadh/oat,v0.8.1
2026-10-09T11:48:42.5238Z,github.com/pratikgajjar/recall,v0.8.0
2026-10-09T11:48:43.080946Z,github.com/sciml/symbolicindexinginterface.jl,v0.3.56-0.20261004142108-b0724b8d8fbb
2026-10-09T11:48:44.153446Z,github.com/Pest-parser/PEsT,v2.9.3+incompatible
2026-10-09T11:48:44.532329Z,github.com/seatsio/seatsio-angular,v14.11.0+incompatible
2026-10-09T11:48:51.571669Z,github.com/qaptoR-zig/PCREz,v0.2.0
2026-10-09T11:48:53.830777Z,github.com/quiet/quiet-dsp,v1.1.0
2026-10-09T11:49:01.52967Z,github.com/gobwas/cli/examples/complex,v0.0.0-20261006122047-54c6d845f1a4
2026-10-09T11:49:18.819958Z,github.com/nodejs/readable-stream,v4.8.0+incompatible
2026-10-09T11:49:20.928455Z,github.com/wagtail/draftjs_exporter,v0.8.1
2026-10-09T11:49:24.4297Z,github.com/cloudquery/cloudquery/plugins/destination/elasticsearch/v4,v4.1.1-0.20261009114637-b84d718a4147
2026-10-09T11:49:46.576013Z,github.com/Havens-blog/e-common-go,v0.1.0
2026-10-09T11:49:48.15914Z,github.com/OPEN-TELEMETRY/OPENTELEMETRY-COLLECTOR-CONTRIB,v0.162.1-0.20261009064638-a42af6edafc0
2026-10-09T11:50:02.030478Z,gitea.com/gitea/gitea-mcp.git,v1.8.1
2026-10-09T11:50:08.331089Z,github.com/adapik/cms,v0.0.0-20261008170247-4b8e0ea7ccc0
2026-10-09T11:50:13.530353Z,github.com/mukezhz/pay-np,v0.2.0
2026-10-09T11:50:23.511737Z,github.com/jhashalu/fastapi,v0.0.0-20260915061427-a2db4b09ee89
2026-10-09T11:50:27.17379Z,github.com/yasirkula/UnityNativeGallery,v1.9.5
2026-10-09T11:50:29.853364Z,github.com/itchio/httpkit,v0.0.0-20180103160428-d4c2ed7b435f
2026-10-09T11:50:33.333668Z,github.com/scitq/scitq,v0.9.3
2026-10-09T11:50:34.985373Z,github.com/hermeznetwork/bridge-ui,v0.1.2
2026-10-09T11:50:35.463165Z,github.com/denful/flake-aspects,v0.6.0
2026-10-09T11:50:36.077942Z,github.com/denful/den,v0.4.0
2026-10-09T11:50:36.400327Z,github.com/oleg-tkachuk/limes,v0.2.0
2026-10-09T11:50:36.44977Z,github.com/raykavin/gocnab,v0.4.0
2026-10-09T11:50:36.673081Z,github.com/douyinfe/semi-design,v2.104.0+incompatible
2026-10-09T11:50:41.455285Z,github.com/libtom/libtomcrypt,v1.18.3-0.20200829093023-cfbd7f8d364e
2026-10-09T11:50:42.671495Z,github.com/AZURE/aZure-sdk-for-go,v65.0.1-0.20261009110814-4cc9a399d134+incompatible
2026-10-09T11:50:50.553049Z,github.com/havens-blog/e-common-go,v0.1.0
2026-10-09T11:50:51.744746Z,github.com/adaricorp/ndt7-exporter,v0.1.1
2026-10-09T11:50:53.319571Z,github.com/MetaCubeX/bart,v0.19.0
2026-10-09T11:50:54.211692Z,github.com/axlabs/x402,v2.0.0-20261009105822-cdb237f06a0b+incompatible
2026-10-09T11:50:55.009989Z,github.com/TheDoctor0/zip-release,v0.1.0
2026-10-09T11:51:00.549634Z,github.com/kovidgoyal/rapydscript-ng,v0.8.7
2026-10-09T11:51:08.815781Z,github.com/threeandtwo/kyberswap-aggregator-go-sdk,v0.0.0-20261009112131-c926374108b7
2026-10-09T11:51:10.003028Z,github.com/ThreeAndTwo/kyberswap-aggregator-go-sdk,v0.0.0-20261009112131-c926374108b7
2026-10-09T11:51:34.722944Z,github.com/fdaio/onley,v0.1.0
2026-10-09T11:51:55.416278Z,github.com/pEsT-ParSEr/pest,v2.9.4-0.20261009084354-7e779b775de4+incompatible
2026-10-09T11:52:01.045733Z,github.com/pesT-PARseR/pest,v2.9.4-0.20261009084354-7e779b775de4+incompatible
2026-10-09T11:52:11.159659Z,github.com/PeST-PArSer/pest,v2.9.4-0.20261009084354-7e779b775de4+incompatible
2026-10-09T11:52:31.265865Z,github.com/pest-ParSEr/pest,v2.9.4-0.20261009084354-7e779b775de4+incompatible
2026-10-09T11:52:34.966115Z,github.com/adcompro/platform,v0.0.0-20261008204032-622192d733d0
2026-10-09T11:52:36.874778Z,github.com/peSt-pARser/pest,v2.9.4-0.20261009084354-7e779b775de4+incompatible
2026-10-09T11:52:42.495101Z,github.com/PeST-PaRsER/pest,v2.9.4-0.20261009084354-7e779b775de4+incompatible
2026-10-09T11:52:49.541793Z,github.com/NVIDIA/numbast,v0.3.0
2026-10-09T11:52:55.734009Z,github.com/winkmichael/wink-rtsp-bench,v0.0.0-20261008223208-9e198c7289fb
2026-10-09T11:52:56.302982Z,github.com/NATS-io/nats-server/v2,v2.15.1
2026-10-09T11:52:58.525872Z,github.com/Havens-blog/e-cloudx-sdk,v0.1.0
2026-10-09T11:53:06.147027Z,github.com/adyen/adyen-node-api-library,v32.2.1-0.20261008124549-c4544a4b375f+incompatible
2026-10-09T11:53:06.176332Z,github.com/sciml/optimization.jl,v5.9.2-0.20261004142153-5e55bd2b6418+incompatible
2026-10-09T11:53:11.836816Z,github.com/AddictedCS/soundfingerprinting,v15.15.0+incompatible
2026-10-09T11:53:15.201533Z,github.com/schemacrawler/schemacrawler,v17.15.8-0.20261005182001-c67e2bcdcb00+incompatible
2026-10-09T11:53:17.919779Z,github.com/tilsor/ModSecIntl_wace_lib,v1.0.3-0.20261008202258-a739b3044ec0
2026-10-09T11:53:19.402231Z,github.com/sciml/ordinarydiffeq.jl,v7.8.2-0.20261009104526-0c9db8cd7227+incompatible
2026-10-09T11:53:24.262229Z,github.com/sabberworm/php-css-parser,v9.5.1-0.20261006081835-802ffda06741+incompatible
2026-10-09T11:54:02.469228Z,github.com/tencentcloud/tencentcloud-sdk-go/tencentcloud/yinsuda,v1.3.184-0.20261008200136-f8358600a84d
2026-10-09T11:54:23.905364Z,github.com/lich5219/huaweicloud-iot-device-sdk-go,v0.0.0-20261009114900-c92ab9e4a997
2026-10-09T11:54:32.813798Z,github.com/donknap/dpanel,v1.11.1
2026-10-09T11:54:39.983576Z,github.com/PeSt-PArsER/pest,v2.9.3+incompatible
2026-10-09T11:54:40.175288Z,github.com/leodido/structcli,v0.0.0-20260430132848-2f8bc96b4d8d
2026-10-09T11:54:44.335553Z,github.com/softmotions/ejdb,v2.0.61-0.20261004070330-7f5e7277c700+incompatible
2026-10-09T11:54:48.631929Z,github.com/bOa-deV/BOa,v0.9.1-0.20261004164441-ef40c63283e1
2026-10-09T11:54:48.737856Z,github.com/wolftankk/alerting,v0.0.0-20261009114155-0d29c21fb1d7
2026-10-09T11:54:53.996184Z,github.com/protoc-contrib/aip-go,v0.0.0-20261009115234-29681acfdac4
2026-10-09T11:55:03.789085Z,github.com/VowpalWabbit/vowpal_wabbit,v8.0.1-0.20260928130621-00196b35f63b+incompatible
2026-10-09T11:55:06.153931Z,github.com/blueringslabs/cortex_v2.0.0,v0.0.0-20261009105254-732fe889a77c
2026-10-09T11:55:09.986677Z,github.com/a3s-lab/code,v9.1.3-0.20261006074928-98fb3db9c049+incompatible
2026-10-09T11:55:24.597863Z,github.com/havens-blog/e-cloudx-sdk,v0.1.0
2026-10-09T11:55:29.821036Z,github.com/TencentBlueKing/bk-ci,v4.2.0-rc.7.0.20261009021913-b39fb0ab2456+incompatible
2026-10-09T11:55:42.173428Z,github.com/sunflower-land/sunflower-land,v2.28.53-economies-secret-key.0.20261009040008-986134715576+incompatible
2026-10-09T11:55:45.650498Z,github.com/addictedcs/soundfingerprinting,v15.15.0+incompatible
2026-10-09T11:55:59.524966Z,github.com/wooto/lol-replay-recorder,v0.1.0-alpha.3
2026-10-09T11:56:04.614578Z,github.com/PEST-ParsER/PEst,v2.9.3+incompatible
2026-10-09T11:56:07.580593Z,github.com/XanaduAI/pennylane,v0.39.0-rc0.0.20261009052100-14b454b462ed
2026-10-09T11:56:27.668714Z,github.com/brucefan1983/gpumd,v5.9.2-0.20261009050154-9bbaed439334+incompatible
2026-10-09T11:56:28.816103Z,github.com/PEsT-parser/PESt,v2.9.3+incompatible
2026-10-09T11:56:29.562487Z,github.com/peSt-PaRSeR/PESt,v2.9.3+incompatible
2026-10-09T11:56:37.678872Z,gitlab.eurecom.fr/oai/openairinterface5g,v2.4.0+incompatible
2026-10-09T11:56:48.91882Z,github.com/AI4Finance-Foundation/FinRL-Meta,v0.3.7-0.20260928063829-286fef6c828a
2026-10-09T11:56:57.412412Z,github.com/mitodl/ocw-studio,v0.202.1-0.20261008142600-5694038e3400
2026-10-09T11:57:03.348614Z,github.com/microsoft/LibHttpClient,v0.0.0-20261007002052-d9d3fae9394b
2026-10-09T11:57:19.750889Z,github.com/adewale/aha,v0.0.0-20261009101101-162a6bba6b9a
2026-10-09T11:57:20.875593Z,github.com/vold-lu/validate-a-changelog,v0.0.0-20261009115605-617611bcf2b2
2026-10-09T11:57:20.980276Z,github.com/deszhou/jcs,v1.1.0
2026-10-09T11:57:27.888537Z,github.com/NordSecurity/uniffi-bindgen-cs,v0.11.1-0.20260623084712-e10ce410eb3a
2026-10-09T11:57:29.171744Z,github.com/Nokse22/high-tide,v1.5.1-0.20260704173122-c9f61b5d6e47
2026-10-09T11:57:30.219884Z,github.com/EbbLabs/python-tidal,v0.8.12-0.20260527213521-7403b3ec8791
2026-10-09T11:57:30.909374Z,github.com/GeiserX/tailscale-rs,v0.43.1-0.20260714090724-18c417b97846
2026-10-09T11:57:32.791602Z,github.com/FireWeave-HQ/fireweave-sdk/sdks/go/v3,v3.0.0-20261009115723-45d8ae93064a
2026-10-09T11:57:36.700888Z,github.com/SocialGouv/fiches-travail-data,v1.24.0
2026-10-09T11:57:38.028113Z,github.com/USBridge-Technologies/USBridge-Remote,v2.0.5-0.20260721133750-771abcecbb2d+incompatible
2026-10-09T11:57:38.320776Z,github.com/Nyukimin/RenCrow_Harness,v0.0.0-20261009115431-d7f79318ae85
2026-10-09T11:57:40.709323Z,github.com/stohrendorf/CroftEngine,v3.0.0-beta.0.20260622192803-848c9590dcde+incompatible
2026-10-09T11:57:54.559808Z,github.com/sherzing/assay,v0.2.1
2026-10-09T11:57:55.536893Z,github.com/VinylMusicPlayer/jaudiotagger,v3.0.2-0.20240102193321-164d15adc272+incompatible
2026-10-09T11:58:07.432566Z,github.com/gerritcodereview/gerrit,v3.15.0-rc0.0.20261009065721-1820128f06cf+incompatible
2026-10-09T11:58:09.739523Z,github.com/SocialGouv/legi-data,v2.99.0+incompatible
2026-10-09T11:58:15.732619Z,github.com/AcademySoftwareFoundation/Openexr,v3.5.2+incompatible
2026-10-09T11:58:32.29241Z,github.com/adsabs/bumblebee,v1.11.4
2026-10-09T11:58:36.2892Z,github.com/MikeSchulze/gdunit4,v6.2.3-0.20261008101354-d7cf5c49e96b+incompatible
2026-10-09T11:58:37.069867Z,github.com/lookbook-hq/lookbook,v2.3.16-0.20261001143029-a50c8acdc3a0+incompatible
2026-10-09T11:58:41.255592Z,github.com/Gardener/Gardener,v1.153.0
2026-10-09T11:59:17.582217Z,github.com/lamassuiot/lamassuiot/engines/crypto/azure/v3,v3.0.0-20261009115804-0bec3a701d82
2026-10-09T11:59:20.011795Z,github.com/Duckdb/duckdb,v1.5.6-0.20261009084828-2666f35707b7
2026-10-09T11:59:21.727176Z,github.com/silverwind/go-rpmutils,v0.4.1-gitea.1.0.20260929103815-ac29049bef9a
2026-10-09T11:59:27.04496Z,github.com/lamassuiot/lamassuiot/shared/azure/v3,v3.0.0-20261009115804-0bec3a701d82
2026-10-09T11:59:29.870604Z,github.com/moltbot/gogcli,v0.43.0
2026-10-09T11:59:42.216848Z,github.com/scottrippey/smartformat.net,v3.6.2-0.20261001062655-f84e0b89877f+incompatible
2026-10-09T11:59:51.085532Z,github.com/tulipaenergy/tulipaenergymodel.jl,v0.23.2-joss3
2026-10-09T11:59:53.198484Z,github.com/scicatproject/scicat-backend-next,v5.2.2-0.20261008143625-1418acc3c009+incompatible
2026-10-09T12:00:02.15453Z,github.com/yangwenmai/gosnow,v0.0.0-20130403030620-3a05c415e886
2026-10-09T12:00:03.057419Z,github.com/xiriframework/xiri-go,v0.8.1
2026-10-09T12:00:04.782333Z,github.com/facontidavide/Bonxai,v0.7.1-0.20260918080521-8d5904fca87b
2026-10-09T12:00:05.062459Z,github.com/4810092/libxray,v0.0.1-d60d046.0.20260726135224-b95ab529712b
2026-10-09T12:00:06.44507Z,github.com/piggy-cat-bit-shadow/utls,v1.8.8-0.20261009084700-6c3e08ed4c4d
2026-10-09T12:00:08.161979Z,github.com/Ullaakut/cameradar/v6,v6.2.2-0.20260929080329-fe8eace80f7f
2026-10-09T12:00:09.35263Z,github.com/moond4rk/immich-exporter,v1.2.1-0.20260831143233-838a1d4ffcab
2026-10-09T12:00:10.633977Z,github.com/multi-swe-bench/mopenhands,v0.0.0-20250403145707-b114dc21dae9
2026-10-09T12:00:15.099429Z,github.com/joakimcarlsson/ai/cmd/llmstxt,v0.1.3-0.20261008042931-5a20eec6e98e
2026-10-09T12:00:18.290342Z,github.com/status-im/nim-token-lists,v0.0.0-20261009112606-adade105a53f
2026-10-09T12:00:28.723921Z,github.com/memmachine/memmachine,v0.4.0
2026-10-09T12:00:30.019073Z,github.com/speedata/cxpath,v0.0.14
2026-10-09T12:00:31.586945Z,github.com/grespyrad/cml-lint,v0.2.3
2026-10-09T12:00:34.108392Z,github.com/sirajudheenam/gorepo/web/gowiki,v0.0.0-20261008093347-ff4a1579ca35
2026-10-09T12:00:56.232644Z,github.com/sirajudheenam/gorepo/utils,v0.0.0-20261008093347-ff4a1579ca35
2026-10-09T12:01:10.595376Z,github.com/Pest-Parser/pesT,v2.9.3+incompatible
2026-10-09T12:01:11.416536Z,github.com/qpoint-io/qtap,v0.0.0-20261009105625-5686b27a480f
2026-10-09T12:01:14.485162Z,github.com/PESt-pArser/pESt,v2.9.3+incompatible
2026-10-09T12:01:17.832601Z,github.com/peST-PARsER/PeST,v2.9.3+incompatible
2026-10-09T12:01:24.356379Z,github.com/adityapimpalkar/provider-cloudnative-pg,v0.3.1
2026-10-09T12:01:31.208555Z,github.com/gobwas/cli,v0.0.0-20261006122047-54c6d845f1a4
2026-10-09T12:01:41.834212Z,github.com/peSt-parSer/pesT,v2.9.3+incompatible
2026-10-09T12:01:56.468426Z,trpc.group/trpc-go/trpc-agent-go/knowledge/vectorstore/chroma,v0.0.0-20261009064639-7d53a6c45d60
2026-10-09T12:02:02.212089Z,github.com/djeada/standard-of-iron,v0.2.1-0.20261009042454-2cfaaa480044
2026-10-09T12:02:03.979497Z,golang.org/x/sync,v0.24.0
2026-10-09T12:02:04.363865Z,golang.org/x/arch,v0.32.0
2026-10-09T12:02:06.535404Z,github.com/PEST-PArSER/PEST,v2.9.3+incompatible
2026-10-09T12:02:13.507035Z,github.com/PEST-PArSER/PesT,v2.9.3+incompatible
2026-10-09T12:02:13.96145Z,github.com/peST-ParseR/PESt,v2.9.3+incompatible
2026-10-09T12:02:18.610661Z,github.com/pEst-Parser/PeSt,v2.9.3+incompatible
2026-10-09T12:02:20.594167Z,github.com/pesT-ParsER/PEsT,v2.9.3+incompatible
2026-10-09T12:02:25.206373Z,github.com/pEsT-PARsER/PESt,v2.9.3+incompatible
2026-10-09T12:02:25.438857Z,github.com/ADGuardTeam/dnsproxy,v0.86.1-0.20261007133621-7fcb1cca32b2
2026-10-09T12:02:27.916019Z,github.com/sirajudheenam/gorepo/dns,v0.0.0-20261008093347-ff4a1579ca35
2026-10-09T12:02:28.074371Z,github.com/arduino/arduino-linux-config,v0.3.0-rc.4.0.20261009093613-69becbc4178f
2026-10-09T12:02:28.133774Z,github.com/adguardteam/scriptlets,v2.5.2-0.20261009064839-9fad6cf2bade+incompatible
2026-10-09T12:02:38.673621Z,github.com/adius/awesome-3d-printing,v0.0.0-20261008094558-e91baccfdc5c
2026-10-09T12:02:45.506069Z,github.com/pEST-PArser/Pest,v2.9.3+incompatible
2026-10-09T12:02:46.979676Z,github.com/kubernetes/kops/tests/e2e,v0.0.0-20261009063402-0bad4f7dcd62
2026-10-09T12:02:53.315636Z,github.com/google/sanitizers,v0.0.0-20261008232904-dab99ee98751
2026-10-09T12:03:03.248289Z,github.com/pEST-PARSER/PEST,v2.9.3+incompatible
2026-10-09T12:03:04.456793Z,github.com/AthEnZ/athenz,v1.12.50-0.20261008032636-adfa7f2b422b
2026-10-09T12:03:06.996182Z,github.com/sirajudheenam/GoRepo/utils,v0.0.0-20261008093347-ff4a1579ca35
2026-10-09T12:03:09.496464Z,github.com/colinator27/dogscepter,v0.0.0-20230627162558-9a7c743fe53d
2026-10-09T12:03:14.295587Z,github.com/PeST-ParSEr/peSt,v2.9.3+incompatible
2026-10-09T12:03:19.319594Z,github.com/angYuHao/scheduler,v1.0.0
2026-10-09T12:03:19.78207Z,github.com/jason-rev/vscode-spell-checker,v4.9.7-0.20261007172342-b6840380a571+incompatible
2026-10-09T12:03:23.066273Z,github.com/pest-parSer/pEsT,v2.9.3+incompatible
2026-10-09T12:03:28.462769Z,github.com/OriginTrail/dkg,v10.0.23+incompatible
2026-10-09T12:03:41.373248Z,github.com/laingsimon/courage_scores,v3.2.31-0.20261008170345-5e08d060f676+incompatible
2026-10-09T12:03:43.231574Z,github.com/adlered/csdngreener,v0.0.0-20261003140928-7e990c072445
2026-10-09T12:03:46.845329Z,github.com/PEST-PARSER/PEST,v2.9.4-0.20261009084354-7e779b775de4+incompatible
2026-10-09T12:03:56.077425Z,github.com/latitude-dev/latitude-llm,v0.3.122
2026-10-09T12:04:03.857617Z,github.com/PESt-pArSER/PEsT,v2.9.3+incompatible
2026-10-09T12:04:05.593978Z,github.com/bOA-DEV/bOa,v0.9.1-0.20261004164441-ef40c63283e1
2026-10-09T12:04:09.087369Z,github.com/pESt-ParSER/PEsT,v2.9.4-0.20261009084354-7e779b775de4+incompatible
2026-10-09T12:04:09.73665Z,github.com/pEst-parSEr/PEsT,v2.9.4-0.20261009084354-7e779b775de4+incompatible
2026-10-09T12:04:09.807629Z,github.com/PeSt-paRseR/Pest,v2.9.4-0.20261009084354-7e779b775de4+incompatible
2026-10-09T12:04:09.985163Z,github.com/PesT-pArSer/PesT,v2.9.4-0.20261009084354-7e779b775de4+incompatible
2026-10-09T12:04:10.137328Z,github.com/PESt-pArSer/peSt,v2.9.4-0.20261009084354-7e779b775de4+incompatible
2026-10-09T12:04:10.143917Z,github.com/PeST-parSer/pESt,v2.9.4-0.20261009084354-7e779b775de4+incompatible
2026-10-09T12:04:10.168571Z,github.com/pEST-parser/pesT,v2.9.4-0.20261009084354-7e779b775de4+incompatible
2026-10-09T12:04:10.185249Z,github.com/Pest-pARSer/pesT,v2.9.4-0.20261009084354-7e779b775de4+incompatible
2026-10-09T12:04:10.272179Z,github.com/pEsT-paRSer/PeST,v2.9.4-0.20261009084354-7e779b775de4+incompatible
2026-10-09T12:04:10.34866Z,github.com/pEsT-paRSER/PesT,v2.9.4-0.20261009084354-7e779b775de4+incompatible
2026-10-09T12:04:10.397701Z,github.com/pesT-PArSer/PeSt,v2.9.4-0.20261009084354-7e779b775de4+incompatible
2026-10-09T12:04:10.430083Z,github.com/peSt-PArser/pesT,v2.9.4-0.20261009084354-7e779b775de4+incompatible
2026-10-09T12:04:10.430307Z,github.com/pEsT-pArser/PESt,v2.9.4-0.20261009084354-7e779b775de4+incompatible
2026-10-09T12:04:10.43101Z,github.com/PEsT-pARSEr/peST,v2.9.4-0.20261009084354-7e779b775de4+incompatible
2026-10-09T12:04:10.482024Z,github.com/pEsT-PARseR/pEst,v2.9.4-0.20261009084354-7e779b775de4+incompatible
2026-10-09T12:04:10.489819Z,github.com/pEsT-PaRSER/PesT,v2.9.4-0.20261009084354-7e779b775de4+incompatible
2026-10-09T12:04:10.5058Z,github.com/PeSt-paRSER/PESt,v2.9.4-0.20261009084354-7e779b775de4+incompatible
2026-10-09T12:04:10.545554Z,github.com/Pest-parsEr/pEsT,v2.9.4-0.20261009084354-7e779b775de4+incompatible
2026-10-09T12:04:10.556894Z,github.com/PESt-pARSER/PEST,v2.9.4-0.20261009084354-7e779b775de4+incompatible
2026-10-09T12:04:10.570642Z,github.com/peSt-paRsER/peSt,v2.9.4-0.20261009084354-7e779b775de4+incompatible
2026-10-09T12:04:10.677666Z,github.com/PEsT-paRSER/pEst,v2.9.4-0.20261009084354-7e779b775de4+incompatible
2026-10-09T12:04:10.696113Z,github.com/pESt-paRser/pESt,v2.9.4-0.20261009084354-7e779b775de4+incompatible
2026-10-09T12:04:10.77006Z,github.com/pEst-PaRsEr/PEst,v2.9.4-0.20261009084354-7e779b775de4+incompatible
2026-10-09T12:04:10.805889Z,github.com/Pest-pARSeR/PESt,v2.9.4-0.20261009084354-7e779b775de4+incompatible
2026-10-09T12:04:10.911036Z,github.com/pEsT-pARSeR/pEst,v2.9.4-0.20261009084354-7e779b775de4+incompatible
2026-10-09T12:04:10.96623Z,github.com/pesT-ParsER/PEST,v2.9.4-0.20261009084354-7e779b775de4+incompatible
2026-10-09T12:04:10.987708Z,github.com/PeST-PArsER/pEst,v2.9.4-0.20261009084354-7e779b775de4+incompatible
2026-10-09T12:04:11.042093Z,github.com/peSt-parsER/PESt,v2.9.4-0.20261009084354-7e779b775de4+incompatible
2026-10-09T12:04:11.140868Z,github.com/pEST-pArser/pesT,v2.9.4-0.20261009084354-7e779b775de4+incompatible
2026-10-09T12:04:11.193593Z,github.com/peST-PArser/PESt,v2.9.4-0.20261009084354-7e779b775de4+incompatible
2026-10-09T12:04:11.761582Z,github.com/PEsT-PArSeR/Pest,v2.9.4-0.20261009084354-7e779b775de4+incompatible
2026-10-09T12:04:12.316273Z,github.com/PEST-ParseR/pEST,v2.9.4-0.20261009084354-7e779b775de4+incompatible
2026-10-09T12:04:12.434857Z,github.com/pesT-PArseR/PEST,v2.9.4-0.20261009084354-7e779b775de4+incompatible
2026-10-09T12:04:12.581205Z,github.com/pEsT-ParSeR/pESt,v2.9.4-0.20261009084354-7e779b775de4+incompatible
2026-10-09T12:04:12.673294Z,github.com/pESt-paRSER/pEst,v2.9.4-0.20261009084354-7e779b775de4+incompatible
2026-10-09T12:04:12.786222Z,github.com/PEsT-PARseR/PEST,v2.9.4-0.20261009084354-7e779b775de4+incompatible
2026-10-09T12:04:12.799014Z,github.com/pESt-parseR/pesT,v2.9.4-0.20261009084354-7e779b775de4+incompatible
2026-10-09T12:04:13.070722Z,github.com/mad-lab-fau/tpcp,v3.3.0+incompatible
2026-10-09T12:04:13.243422Z,github.com/PEst-PArsER/PEsT,v2.9.4-0.20261009084354-7e779b775de4+incompatible
2026-10-09T12:04:14.910387Z,github.com/pEsT-paRSeR/PESt,v2.9.4-0.20261009084354-7e779b775de4+incompatible
2026-10-09T12:04:15.302509Z,github.com/PeSt-pARSer/pEst,v2.9.4-0.20261009084354-7e779b775de4+incompatible
2026-10-09T12:04:15.461504Z,github.com/pesT-PaRser/Pest,v2.9.4-0.20261009084354-7e779b775de4+incompatible
2026-10-09T12:04:15.858536Z,github.com/PeST-pARsER/pESt,v2.9.4-0.20261009084354-7e779b775de4+incompatible
2026-10-09T12:04:16.423072Z,github.com/PesT-pArser/peST,v2.9.4-0.20261009084354-7e779b775de4+incompatible
2026-10-09T12:04:16.675216Z,github.com/pest-PARSEr/pESt,v2.9.4-0.20261009084354-7e779b775de4+incompatible
2026-10-09T12:04:16.841955Z,github.com/PesT-pARSeR/PeSt,v2.9.4-0.20261009084354-7e779b775de4+incompatible
2026-10-09T12:04:17.105182Z,github.com/PEst-PArsEr/peST,v2.9.4-0.20261009084354-7e779b775de4+incompatible
2026-10-09T12:04:17.145863Z,github.com/pEst-pArSeR/PESt,v2.9.4-0.20261009084354-7e779b775de4+incompatible
2026-10-09T12:04:17.377115Z,github.com/peSt-pArSer/Pest,v2.9.4-0.20261009084354-7e779b775de4+incompatible
2026-10-09T12:04:17.66533Z,github.com/peSt-pArser/PeST,v2.9.4-0.20261009084354-7e779b775de4+incompatible
2026-10-09T12:04:17.960098Z,github.com/pest-pARsEr/pEsT,v2.9.4-0.20261009084354-7e779b775de4+incompatible
2026-10-09T12:04:17.960234Z,github.com/pESt-PARsEr/PesT,v2.9.4-0.20261009084354-7e779b775de4+incompatible
2026-10-09T12:04:18.082349Z,github.com/PEST-ParsER/pEsT,v2.9.4-0.20261009084354-7e779b775de4+incompatible
2026-10-09T12:04:18.406718Z,github.com/PeST-pARSer/pest,v2.9.4-0.20261009084354-7e779b775de4+incompatible
2026-10-09T12:04:18.760901Z,github.com/PEST-parSer/pEst,v2.9.4-0.20261009084354-7e779b775de4+incompatible
2026-10-09T12:04:19.383595Z,github.com/pESt-ParSer/PeST,v2.9.4-0.20261009084354-7e779b775de4+incompatible
2026-10-09T12:04:19.455209Z,github.com/pEst-ParSER/PEst,v2.9.4-0.20261009084354-7e779b775de4+incompatible
2026-10-09T12:04:19.470549Z,github.com/pEst-pARSEr/pesT,v2.9.4-0.20261009084354-7e779b775de4+incompatible
2026-10-09T12:04:19.904529Z,github.com/pESt-pArSeR/pesT,v2.9.4-0.20261009084354-7e779b775de4+incompatible
2026-10-09T12:04:20.032965Z,github.com/PESt-PaRser/peST,v2.9.4-0.20261009084354-7e779b775de4+incompatible
2026-10-09T12:04:20.17138Z,github.com/PESt-Parser/PEST,v2.9.4-0.20261009084354-7e779b775de4+incompatible
2026-10-09T12:04:20.615833Z,github.com/pESt-ParSeR/PEST,v2.9.4-0.20261009084354-7e779b775de4+incompatible
2026-10-09T12:04:20.760374Z,github.com/PEsT-paRsEr/PesT,v2.9.4-0.20261009084354-7e779b775de4+incompatible
2026-10-09T12:04:20.844284Z,github.com/pEST-PARSer/PeST,v2.9.4-0.20261009084354-7e779b775de4+incompatible
2026-10-09T12:04:21.840014Z,github.com/peST-parSEr/pest,v2.9.4-0.20261009084354-7e779b775de4+incompatible
2026-10-09T12:04:22.374513Z,github.com/PeSt-PArSER/pEST,v2.9.4-0.20261009084354-7e779b775de4+incompatible
2026-10-09T12:04:23.62353Z,github.com/PesT-PARsER/pEst,v2.9.4-0.20261009084354-7e779b775de4+incompatible
2026-10-09T12:04:23.640236Z,github.com/Geode-solutions/OpenGeodeWeb-Front,v10.39.0+incompatible
2026-10-09T12:04:23.965721Z,github.com/PEST-pARSEr/pEsT,v2.9.4-0.20261009084354-7e779b775de4+incompatible
2026-10-09T12:04:24.467363Z,github.com/Adguardteam/dnsproxy,v0.86.1-0.20261007133621-7fcb1cca32b2
2026-10-09T12:04:24.910039Z,github.com/pESt-PaRsEr/PEst,v2.9.4-0.20261009084354-7e779b775de4+incompatible
2026-10-09T12:04:24.955088Z,github.com/peST-PArseR/peST,v2.9.4-0.20261009084354-7e779b775de4+incompatible
2026-10-09T12:04:25.011617Z,github.com/pEst-PArsEr/PEst,v2.9.4-0.20261009084354-7e779b775de4+incompatible
2026-10-09T12:04:26.938739Z,github.com/PEst-ParsEr/peST,v2.9.4-0.20261009084354-7e779b775de4+incompatible
2026-10-09T12:04:28.058248Z,github.com/PEST-pARSeR/PeSt,v2.9.4-0.20261009084354-7e779b775de4+incompatible
2026-10-09T12:04:30.164648Z,github.com/Projectzkm/Ziren,v1.2.8-0.20261009041856-f10a9b4b0039
2026-10-09T12:04:31.144097Z,github.com/pEST-PArSer/pest,v2.9.4-0.20261009084354-7e779b775de4+incompatible
2026-10-09T12:04:31.298145Z,github.com/tusimple/naive-ui,v2.45.4-0.20261005153949-8b249214f173+incompatible
2026-10-09T12:04:32.143726Z,github.com/pEST-PArser/PesT,v2.9.3+incompatible
2026-10-09T12:04:33.642659Z,github.com/PESt-PArSEr/pest,v2.9.4-0.20261009084354-7e779b775de4+incompatible
2026-10-09T12:04:33.707174Z,github.com/peSt-PARSeR/PESt,v2.9.4-0.20261009084354-7e779b775de4+incompatible
2026-10-09T12:04:34.919934Z,github.com/grespyrad/CMLGo,v0.2.3
2026-10-09T12:04:35.299712Z,github.com/pESt-paRseR/pEst,v2.9.4-0.20261009084354-7e779b775de4+incompatible
2026-10-09T12:04:36.54036Z,github.com/codelinaro-mirror/yocto-mirrors_github_moby_buildkit,v0.34.0-rc2.0.20261007081844-e89dde3ed6cc
2026-10-09T12:04:37.407757Z,github.com/adminforge/ddns,v0.0.0-20260924060412-6a07d4199e51
2026-10-09T12:04:37.423719Z,github.com/mbvlabs/andurel/pkg/inertia,v0.6.1-0.20261008141711-10d6000d249e
2026-10-09T12:04:38.13647Z,github.com/ray-ymq/gopulse,v0.0.0-20261009105528-696ea2471aed
2026-10-09T12:04:38.743297Z,gh-proxy.com/github.com/pest-parser/pest.git,v2.9.3+incompatible
2026-10-09T12:04:42.766824Z,github.com/open-amt-cloud-toolkit/mps,v2.35.2-0.20261009010121-9e00c194c569+incompatible
2026-10-09T12:04:44.601726Z,github.com/vmware-tanzu/nsx-operator/pkg/client,v0.0.0-20261009093157-255a0fbf5d21
2026-10-09T12:04:45.734471Z,github.com/grafana/nanogit/cli,v0.0.0-20261009114228-0903a489d6d3
2026-10-09T12:04:53.315349Z,github.com/muidea/magicorm,v1.5.7-0.20261008154557-117066972308
2026-10-09T12:04:59.428864Z,github.com/adminsyspro/proxcenter-ui,v1.4.11
2026-10-09T12:05:10.867664Z,github.com/telekom/controlplane/common-server,v0.1.1-0.20261009091418-196ac954213b
2026-10-09T12:05:11.569106Z,github.com/microsoft/qdk,v1.33.1-0.20261008184317-7c6a2b5116b3
2026-10-09T12:05:12.157221Z,github.com/PEsT-ParsER/peST,v2.9.3+incompatible
2026-10-09T12:05:14.313561Z,github.heygears.com/helm-unittest/helm-unittest,v1.2.1
2026-10-09T12:05:18.32001Z,github.com/Open-Email/go-spf,v0.0.0-20261009120348-b381eea9d908
2026-10-09T12:05:25.476546Z,github.com/Pendulum-project/ntpd-rs,v1.1.2-0.20261009064016-d89fbb3916d1
2026-10-09T12:05:26.210891Z,github.com/Centrifugal/centrifuge,v0.39.4-0.20261005160521-70e564b23615
2026-10-09T12:05:26.922289Z,github.com/dirge-code/dirge,v0.25.8-0.20261009011535-f36b2890b4a0
2026-10-09T12:05:28.408772Z,github.com/Elagoht/collage-jobs,v0.1.0
2026-10-09T12:05:35.465308Z,github.com/angyuhao/scheduler,v1.0.0
2026-10-09T12:05:36.369196Z,github.com/manaofc/manaofc,v0.0.0-20261009105412-584c0b399501
2026-10-09T12:05:37.82725Z,github.com/filecoin-project/go-jsonrpc,v0.10.3
2026-10-09T12:05:38.161541Z,github.com/duckdb/duckdb,v1.5.6-0.20261009084828-2666f35707b7
2026-10-09T12:05:39.257655Z,github.com/NodeBb/nodebb,v4.16.3-0.20261008152101-6b93238183c3+incompatible
2026-10-09T12:05:40.751726Z,github.com/Lexikos/AutoHotkey_L,v2.0.30+incompatible
2026-10-09T12:05:44.166089Z,github.com/peST-pArseR/PeSt,v2.9.3+incompatible
2026-10-09T12:05:55.087226Z,github.com/grespyrad/cmlgo,v0.2.3
2026-10-09T12:05:58.299815Z,github.com/tektoncd/triggers,v0.36.4
2026-10-09T12:05:58.931124Z,github.com/ag7if/go-files,v0.10.0
2026-10-09T12:06:02.110592Z,github.com/PesT-PARsEr/PEst,v2.9.4-0.20261009084354-7e779b775de4+incompatible
2026-10-09T12:06:05.505681Z,github.com/henkmollema/Dapper-FluentMap,v3.5.1-0.20261008172318-4f5a39f9ef7d+incompatible
2026-10-09T12:06:06.016538Z,github.com/pest-pArSEr/pESt,v2.9.3+incompatible
2026-10-09T12:06:08.991493Z,gitlab.com/gitlab-com/gl-infra/platform/runway/catalog,v0.0.0-20261009120146-9265c3562ab5
2026-10-09T12:06:09.042903Z,github.com/stdlib-js/math-base-assert-is-nanf,v0.2.4-0.20261009024206-24c1574765ce
2026-10-09T12:06:10.56116Z,github.com/peST-parsEr/pEst,v2.9.4-0.20261009084354-7e779b775de4+incompatible
2026-10-09T12:06:11.1929Z,github.com/Aws/eks-anywhere,v0.25.5-0.20261008225139-ba4c7be66f55
2026-10-09T12:06:15.21796Z,github.com/azdyn7-ai/project-supply-chin,v0.0.0-20260728234849-713e264f8ba0
2026-10-09T12:06:17.451634Z,github.com/davidcollom/terratest-utils/pkg/utils,v0.0.0-20261009083019-c99410bd57a4
2026-10-09T12:06:20.61272Z,github.com/peST-ParSeR/PEsT,v2.9.4-0.20261009084354-7e779b775de4+incompatible
2026-10-09T12:06:21.368023Z,github.com/benthosdev/connect/v4,v4.113.0
2026-10-09T12:06:21.751938Z,github.com/GrantBirki/branch-deploy,v12.1.2-0.20261003202807-c95a90f4e9f7+incompatible
2026-10-09T12:06:24.461369Z,github.com/PESt-pArseR/peSt,v2.9.3+incompatible
2026-10-09T12:06:25.436993Z,github.com/pest-PArsER/pEst,v2.9.3+incompatible
2026-10-09T12:06:26.751442Z,github.com/PesT-paRsEr/pest,v2.9.4-0.20261009084354-7e779b775de4+incompatible
2026-10-09T12:06:32.4436Z,github.com/Orange-Health/pincode-go,v0.0.0-20261009114539-a2ddaf09d648
2026-10-09T12:06:33.257182Z,github.com/pEsT-PaRser/pesT,v2.9.3+incompatible
2026-10-09T12:06:36.517515Z,github.com/m2k-5f/pgtx,v0.0.0-20261009100316-f76c98ebf160
2026-10-09T12:06:39.253864Z,github.com/custom-components/zaptec,v0.8.8-0.20261006084529-302c54ceb3d2
2026-10-09T12:06:42.95049Z,github.com/PEsT-PARSeR/PeST,v2.9.3+incompatible
2026-10-09T12:06:45.966201Z,github.com/SonarCommunity/sonar-python,v0.0.0-20261009114449-4207656b4062
2026-10-09T12:06:47.578798Z,github.com/rsc/tmp/shuffle,v0.0.0-20261008033155-b7beb8858fb1
2026-10-09T12:06:48.277678Z,github.com/ubgo/docsync/ext/structured,v0.1.2-0.20261005134822-071437eb982e
2026-10-09T12:06:49.607428Z,github.com/lamassuiot/lamassuiot,v3.0.0-20261009115804-0bec3a701d82+incompatible
2026-10-09T12:06:54.074708Z,gitlab.tectonic.xyz/tectonic-labs-oss/podman-container-tools/buildah,v1.45.1-0.20261009112943-48e801fed20f
2026-10-09T12:07:00.352172Z,github.com/pEST-paRSer/pesT,v2.9.3+incompatible
2026-10-09T12:07:12.513205Z,github.com/labtesing/deepswe-go-genai-streamed-function-args,v1.39.0
2026-10-09T12:07:13.885095Z,github.com/googleclouddataproc/hadoop-connectors,v2.2.3-0.20261006151827-25800e456876+incompatible
2026-10-09T12:07:19.49539Z,github.com/BoA-dEv/Boa,v0.9.1-0.20261004164441-ef40c63283e1
2026-10-09T12:07:19.962246Z,github.com/netcracker/qubership-core-dbaas-agent,v2.10.1-0.20261008092502-0737386df42b+incompatible
2026-10-09T12:07:25.404247Z,github.com/bilibili/KRatos,v1.0.1
2026-10-09T12:07:27.348072Z,github.com/defectus/glutton,v0.0.0-20261009083012-4f6d3dd706f9
2026-10-09T12:07:27.699973Z,github.com/GizClaw/flowcraft,v0.0.0-20261009085818-c5ae3be70ca6
2026-10-09T12:07:29.325927Z,github.com/pethost-dev/sdk,v0.0.0-20261008220315-5340b5b64a75
2026-10-09T12:07:32.883785Z,github.com/aliyuncontainerservice/data-on-ack/ai-dev-console,v0.0.0-20261009093453-c01786f19175
2026-10-09T12:07:43.958667Z,github.com/PEsT-ParSER/peST,v2.9.3+incompatible
2026-10-09T12:07:47.884529Z,github.com/adobe/aem-boilerplate,v0.0.0-20261009093145-5cea543707db
2026-10-09T12:07:48.484305Z,github.com/wppconnect-team/wa-js,v4.6.2-0.20261008192741-b9f8e4e3a5a9+incompatible
2026-10-09T12:07:48.812406Z,github.com/adobe/adobe-labs-website,v0.0.0-20261008214344-ff05203e3486
2026-10-09T12:07:54.539006Z,github.com/mooyang-code/moox/packages/notification,v0.0.0-20261009091117-c52c2af4537e
2026-10-09T12:07:54.758177Z,github.com/wxwidgets/wxWidgets,v3.3.4-0.20261008114523-51952bd3a8df+incompatible
2026-10-09T12:07:55.815819Z,github.com/mooyang-code/moox/packages/timerjob,v0.0.0-20261009091117-c52c2af4537e
2026-10-09T12:07:57.011849Z,github.com/mooyang-code/moox/packages/commonpb,v0.0.0-20261009091117-c52c2af4537e
2026-10-09T12:07:57.145477Z,github.com/mooyang-code/moox/packages/metricspb,v0.0.0-20261009091117-c52c2af4537e
2026-10-09T12:07:57.335948Z,github.com/mooyang-code/moox/packages/jetstream,v0.0.0-20261009091117-c52c2af4537e
2026-10-09T12:07:58.853948Z,github.com/mooyang-code/moox/packages/healthz,v0.0.0-20261009091117-c52c2af4537e
2026-10-09T12:08:00.099626Z,invent.kde.org/frameworks/karchive,v6.31.0+incompatible
2026-10-09T12:08:00.911301Z,github.com/riot/compiler,v10.0.5+incompatible
2026-10-09T12:08:12.263614Z,github.com/unrealircd/unrealircd,v0.0.0-20261009100135-d6e94c4474ed
2026-10-09T12:08:15.325431Z,github.com/iTcHYny/gojq,v0.12.20-0.20261007111552-bb308dc4e1c2
2026-10-09T12:08:17.71428Z,github.com/adobe/da-live,v1.2.4
2026-10-09T12:08:26.428138Z,github.com/OneAPI-src/OneTBB,v2021.11.0-src-rc1.0.20261009114228-885b7813d38d+incompatible
2026-10-09T12:08:29.17614Z,github.com/adobe/helix-project-boilerplate,v0.0.0-20261009093145-5cea543707db
2026-10-09T12:08:29.93651Z,github.com/adobe/helix-html2md,v2.22.22+incompatible
2026-10-09T12:08:31.454441Z,github.com/adobe/helix-website,v0.0.0-20261008172002-a49c09252f57
2026-10-09T12:08:32.386649Z,github.com/epifanovmd/agent,v1.0.0
2026-10-09T12:08:35.555552Z,github.com/adobe/helix-deploy,v14.5.0+incompatible
2026-10-09T12:08:37.35055Z,github.com/schwarzem/ems_perl,v0.0.0-20261009025919-3af27e222b55
2026-10-09T12:08:39.818267Z,github.com/adobe/helix-cli,v16.22.4+incompatible
2026-10-09T12:08:39.915651Z,github.com/FireWeave-HQ/fireweave-sdk,v3.0.0-20261009115723-45d8ae93064a+incompatible
2026-10-09T12:08:40.918135Z,github.com/google/google-authenticator.wiki,v0.0.0-20190328070922-8ba6e7935934
2026-10-09T12:08:41.160106Z,github.com/quietpleasure/captcha,v0.0.0-20261009120619-e1babe7c7ba2
2026-10-09T12:08:47.879266Z,github.com/3zsforinsomnia/vs-code-companion,v0.0.0-20251022200923-74fe65a32ff7
2026-10-09T12:08:47.940156Z,github.com/nginx/agent/v2,v2.47.0
2026-10-09T12:08:47.99497Z,github.com/2kabhishek/nerdy.nvim,v0.0.0-20261002075636-313260b2dd20
2026-10-09T12:08:54.434356Z,github.com/3zsforinsomnia/token-count.nvim,v0.0.0-20260606182903-b3896a915b65
2026-10-09T12:08:54.737059Z,github.com/aidungeon/aidungeon,v0.0.0-20200207194608-591f318091f4
2026-10-09T12:08:55.4979Z,github.com/3zsforinsomnia/pacer.nvim,v0.0.0-20260317011055-1d24ad7c3daf
2026-10-09T12:08:55.8367Z,github.com/2kabhishek/termim.nvim,v0.0.0-20251201002658-0bb39e30d2a1
2026-10-09T12:08:56.992894Z,github.com/2kabhishek/seeker.nvim,v0.0.0-20260825074422-5aa8e1174b11
2026-10-09T12:08:58.676545Z,github.com/acksld/muren.nvim,v0.0.0-20250209135154-fa18f2df80a5
2026-10-09T12:08:59.569382Z,github.com/alexmartinfr/alexmartinfr,v0.0.0-20210902173005-5085cbfa24e7
2026-10-09T12:09:00.292315Z,github.com/3zsforinsomnia/code-companion-picker,v0.0.0-20260324021936-70fad4e271bc
2026-10-09T12:09:00.834613Z,github.com/absphreak/absphreak,v0.0.0-20260221180919-43484e9289db
2026-10-09T12:09:01.213336Z,github.com/adobe/trustmark,v0.0.0-20260929233208-59bde8b41c97
2026-10-09T12:09:02.018468Z,github.com/anxh3l0/blocklist,v0.0.0-20240711080543-a13662b6048a
2026-10-09T12:09:02.469239Z,github.com/52abp/documents,v0.0.0-20220106082734-053329b6cf7d
2026-10-09T12:09:03.784552Z,github.com/allenyou1126/aki-ssg,v0.0.0-20260707085059-8b3d3748bc0e
2026-10-09T12:09:03.97501Z,github.com/akmadan23/local-session.nvim,v0.0.0-20260126102828-da62f49066ab
2026-10-09T12:09:04.579083Z,github.com/andrewammerlaan/command-not-found-gentoo,v0.0.0-20260926172349-934f05af4f8b
2026-10-09T12:09:05.812939Z,github.com/asmod4n/mruby-argon2,v0.0.0-20260902182146-a6575596d2eb
2026-10-09T12:09:07.321537Z,github.com/aiursoftweb/tracer,v0.0.0-20261008000013-94743a115d72
2026-10-09T12:09:10.553065Z,github.com/mooyang-code/moox/packages/report,v0.0.0-20261009091117-c52c2af4537e
2026-10-09T12:09:13.127446Z,github.com/bewindoweb/bwbscripts,v0.0.0-20201109142046-c3cd7f8be076
2026-10-09T12:09:15.67936Z,github.com/bmatheas/highlightjs-cisco-cli,v0.0.0-20201220145834-035c0a1653da
2026-10-09T12:09:15.771909Z,github.com/axot017/multiterm.nvim,v0.0.0-20250429051401-aa7d1f9f712a
2026-10-09T12:09:15.876503Z,github.com/berrysoft/classlibrary,v0.0.0-20190613033242-e1df59a54a94
2026-10-09T12:09:17.612761Z,github.com/beman/ntcts_iterator,v0.0.0-20121205021856-61a126abff8c
2026-10-09T12:09:18.089894Z,github.com/aveek-saha/aveek-saha,v0.0.0-20221104213134-8456b6e27bac
2026-10-09T12:09:18.692298Z,github.com/c9-linkrs/c9-linkrs,v0.0.0-20260508045220-60bebb23b124
2026-10-09T12:09:19.880334Z,github.com/ajenbo/phpantom_lsp,v0.0.0-20261009035541-adae3e8fc155
2026-10-09T12:09:21.078437Z,github.com/kubernetes/cloud-provider-openstack,v1.36.1-0.20261009112801-20de65f0e638
2026-10-09T12:09:21.622454Z,github.com/burntsushi/encoding_rs_io,v0.0.0-20260804124757-04268d951494
2026-10-09T12:09:23.90323Z,github.com/anglehony/wktools,v0.0.0-20250425134753-b0774db84fad
2026-10-09T12:09:24.069916Z,github.com/bibekbhusal0/tree-hierarchy.nvim,v0.0.0-20260110112924-63884585560e
2026-10-09T12:09:24.747755Z,github.com/avencastf/slidev-theme-hep,v0.0.0-20240302130333-6d7ae8cb0028
2026-10-09T12:09:24.905033Z,github.com/briscoooe/fastify-evervault,v0.0.0-20240308194916-e4c5ded3bdb1
2026-10-09T12:09:24.986395Z,github.com/levantar-ai/mcp-omnifocus,v0.0.0-20260727222726-8215393a5590
2026-10-09T12:09:24.987457Z,github.com/HASHICORP/vault,v1.2.1-0.20261008220244-af0192cf1bfe
2026-10-09T12:09:25.441314Z,github.com/bibekbhusal0/nvim-git-utils,v0.0.0-20260630141500-142cc6f0dd4e
2026-10-09T12:09:27.038788Z,github.com/cavszhouyou/front-end-interview-notebook,v0.0.0-20221128040203-5678afc6be30
2026-10-09T12:09:27.702714Z,github.com/banka2017/twitter-monitor,v0.0.0-20260720084353-dd8de94e3e28
2026-10-09T12:09:28.084455Z,github.com/liujitcn/kratos-kit/database/gorm/driver,v0.0.23-0.20261009111717-70a2dc814fdd
2026-10-09T12:09:28.703365Z,github.com/cevio-user-guide-unofficial/cevio-ai,v0.0.0-20260620180139-42ec3ff4e2ff
2026-10-09T12:09:32.185057Z,github.com/bhard27/bhard27,v0.0.0-20241220093245-566c3517c2a6
2026-10-09T12:09:32.448957Z,github.com/antfu-collective/vite-plugin-inspect,v12.1.0+incompatible
2026-10-09T12:09:34.106983Z,github.com/harness/harness-docker-runner,v0.1.28
2026-10-09T12:09:40.896497Z,github.com/Fabian-Hiller/Valibot,v1.8.0-to-json-schema.0.20261009112605-2d29dbf04d27
2026-10-09T12:09:41.905568Z,github.com/pbednarcik/FlexMCP,v1.1.1-reflex.2
2026-10-09T12:09:41.935899Z,github.com/JanuaryLabs/deepagents,v0.0.0-20261009103421-0efca9c8d96c
2026-10-09T12:09:53.501314Z,github.com/BOa-DEv/Boa,v0.9.1-0.20261004164441-ef40c63283e1
2026-10-09T12:09:58.395514Z,github.com/iTcHynY/gojq,v0.12.20-0.20261007111552-bb308dc4e1c2
2026-10-09T12:10:08.259078Z,github.com/PRometheus/common,v0.72.1-0.20261006183533-3eb5e5888b0a
2026-10-09T12:10:12.381341Z,github.com/elagoht/collage-jobs,v0.1.0
2026-10-09T12:10:15.51911Z,github.com/lexikos/autohotkey_l,v2.0.30+incompatible
2026-10-09T12:10:21.717005Z,github.com/keyval-dev/odigos/instrumentor,v1.39.0-pre1.0.20261009090907-46338c3d981a
2026-10-09T12:10:22.852729Z,github.com/CERT-MAnaGeR/oPeNshift-routeS,v0.11.1-0.20261009005832-a02fea02c816
2026-10-09T12:10:23.645891Z,github.com/okx/onchainos-skills,v4.6.4+incompatible
2026-10-09T12:10:37.573206Z,github.com/faustbrian/go-rabbitmq-streams/adapters/rabbitmq/v2,v2.0.0
2026-10-09T12:10:46.674326Z,github.com/pbednarcik/flexmcp,v1.1.1-reflex.2
2026-10-09T12:10:48.646702Z,github.com/fabian-hiller/valibot,v1.8.0-to-json-schema.0.20261009112605-2d29dbf04d27
2026-10-09T12:10:48.85252Z,github.com/cristianrgreco/testcontainers-node,v12.2.1-0.20261008211335-01e8d9c11cb3+incompatible
2026-10-09T12:10:53.058115Z,github.com/nikolaydubina/go-lint-cascade,v1.0.4
2026-10-09T12:10:58.854087Z,github.com/glow-mdsol/ghOrgTool,v0.0.0-20261009084333-f6a30207509d
2026-10-09T12:10:59.287404Z,github.com/nVIDIA/nvidia-container-toolkit,v1.20.1-0.20261001225500-a672e378ef91
2026-10-09T12:11:01.836201Z,github.com/tschamm/boschshc-hass,v0.12.31
2026-10-09T12:11:05.090248Z,github.com/pexip/go-infinity-sdk/v42,v42.0.0-20261009120801-ed3322eee9f2
2026-10-09T12:11:06.106856Z,github.com/aws/jsii-compiler,v6.0.18-0.20261009002415-d4f5a2719d8d+incompatible
2026-10-09T12:11:08.742948Z,github.com/adrianbrowning/dynamic-throttled-queue,v0.0.0-20261009111216-d96c0e159b80
2026-10-09T12:11:10.304081Z,github.com/SukramJ/go-ha-catalog,v0.3.1
2026-10-09T12:11:11.2934Z,github.com/golang/sync,v0.24.0
2026-10-09T12:11:23.452382Z,github.com/couchbase/tools-common/core/v2,v2.1.4
2026-10-09T12:11:24.979602Z,github.com/lgcorzo/kms-go/kms,v0.7.1-0.20261008203142-e0289254ebbc
2026-10-09T12:11:32.423457Z,github.com/Sigp/lighthouse,v8.2.3+incompatible
2026-10-09T12:11:34.729832Z,github.com/Jamf-Concepts/jamfplatform-go-sdk,v1.3.0
2026-10-09T12:11:39.847987Z,github.com/itChyNy/gojq,v0.12.20-0.20261007111552-bb308dc4e1c2
2026-10-09T12:11:40.772565Z,github.com/cErt-mANAgeR/openSHIFT-RoutEs,v0.11.1-0.20261009005832-a02fea02c816
2026-10-09T12:11:44.942685Z,github.com/slink-go/rpc2,v0.0.16
2026-10-09T12:11:51.56478Z,github.com/atlassianPS/atlassianPS.standards,v0.4.1-0.20261007085654-a400a61dfee9
2026-10-09T12:11:51.800601Z,github.com/aws/aws-sdk-go-V2/service/marketplacemetering,v1.45.3
2026-10-09T12:11:54.749856Z,github.com/peSt-PARSER/peSt,v2.9.4-0.20261009084354-7e779b775de4+incompatible
2026-10-09T12:11:58.727776Z,github.com/Milescranmer/SymbolicRegression.jl,v2.7.0+incompatible
2026-10-09T12:12:07.215172Z,github.com/peST-pARseR/pESt,v2.9.4-0.20261009084354-7e779b775de4+incompatible
2026-10-09T12:12:09.790636Z,github.com/BoA-DeV/boa,v0.9.1-0.20261004164441-ef40c63283e1
2026-10-09T12:12:12.485589Z,github.com/pest-ParseR/PEst,v2.9.4-0.20261009084354-7e779b775de4+incompatible
2026-10-09T12:12:13.11196Z,gitlab.com/mathisf/whngo,v0.0.0-20261004190358-864b73683183
2026-10-09T12:12:15.333895Z,github.com/adriankarlen/bar.wezterm,v0.0.0-20261003185621-6d34942db6c6
2026-10-09T12:12:16.488356Z,github.com/nolus-protocol/cosmos-sdk,v0.53.8-nolus-1
2026-10-09T12:12:21.293214Z,github.com/adriankarlen/det-blir-nog-regn,v0.0.0-20261009090300-25a1e1b946f7
2026-10-09T12:12:21.492746Z,github.com/teutonet/cluster-api-provider-hosted-control-plane,v1.8.0
2026-10-09T12:12:23.031388Z,gopkg.in/pest-parser/pest.v2,v2.9.3
2026-10-09T12:12:23.518062Z,github.com/PEST-pARseR/pEST,v2.9.4-0.20261009084354-7e779b775de4+incompatible
2026-10-09T12:12:24.763232Z,github.com/EasyPost/easypost-php,v8.8.4-0.20261001165612-8c980924cd62+incompatible
2026-10-09T12:12:28.927527Z,github.com/pEST-PARSER/pesT,v2.9.4-0.20261009084354-7e779b775de4+incompatible
2026-10-09T12:12:30.39871Z,github.com/XMakE-iO/xmAkE-REpo,v0.0.0-20261009065236-b050e18076d0
2026-10-09T12:12:32.378412Z,github.com/microsoft/pxt,v13.2.6-0.20261006163533-75381de12682+incompatible
2026-10-09T12:12:34.942936Z,github.com/PEst-paRSer/PesT,v2.9.4-0.20261009084354-7e779b775de4+incompatible
2026-10-09T12:12:35.07161Z,github.com/bandwidth/python-sdk,v23.3.1-0.20261002195631-2731290ab1dc+incompatible
2026-10-09T12:12:35.543881Z,github.com/roadrunner-server/api,v6.0.0+incompatible
2026-10-09T12:12:42.740082Z,github.com/peST-paRSeR/PeST,v2.9.3+incompatible
2026-10-09T12:12:45.6752Z,github.com/fatwang2/pulse,v0.15.12
2026-10-09T12:12:45.958739Z,github.com/pEsT-pArSeR/pEsT,v2.9.4-0.20261009084354-7e779b775de4+incompatible
2026-10-09T12:12:46.728589Z,github.com/tencent/bk-ci,v4.2.0-rc.7.0.20261009021913-b39fb0ab2456+incompatible
2026-10-09T12:12:49.290691Z,github.com/openmeterio/openmeter/api/v3/client,v1.0.0-beta.235.0.20261006154341-6cdefc0cb6c6
2026-10-09T12:12:49.477553Z,github.com/confighub/cub-scout/v2,v2.13.4
2026-10-09T12:12:56.366839Z,github.com/sirajudheenam/GoRepo,v0.0.0-20261008093347-ff4a1579ca35
2026-10-09T12:12:58.309576Z,github.com/grindsa/acme2certifier,v0.0.0-20261008144906-89585e9c4a63
2026-10-09T12:12:59.014323Z,github.com/neuro-inc/platform-api,v26.10.1-0.20261009085908-dcee730d3b9e+incompatible
2026-10-09T12:13:00.102384Z,github.com/PEST-paRSER/pest,v2.9.4-0.20261009084354-7e779b775de4+incompatible
2026-10-09T12:13:01.859166Z,github.com/cerT-mAnaGER/OpENShift-ROutEs,v0.11.1-0.20261009005832-a02fea02c816
2026-10-09T12:13:07.079681Z,github.com/bferg314/dockgit,v0.1.0
2026-10-09T12:13:08.705574Z,github.com/PEsT-PaRsEr/PEsT,v2.9.4-0.20261009084354-7e779b775de4+incompatible
2026-10-09T12:13:08.842816Z,github.com/Datadog/dd-trace-go/contrib/net/http/v2,v2.11.1
2026-10-09T12:13:13.534087Z,github.com/Blitzy-Research/pest,v2.8.7-0.20260805225148-305e211ea550+incompatible
2026-10-09T12:13:16.127736Z,github.com/pesT-parseR/PESt,v2.9.4-0.20261009084354-7e779b775de4+incompatible
2026-10-09T12:13:16.582768Z,github.com/metal3-io/ironic-standalone-operator/api,v0.7.0-rc.0.0.20261009081637-2d16c015e59b
2026-10-09T12:13:17.582553Z,github.com/itchYny/gojq,v0.12.20-0.20261007111552-bb308dc4e1c2
2026-10-09T12:13:18.395459Z,github.com/Roy-Wanyoike/civic-intelligence/adapters/morocco,v0.0.0-20261008170325-fa9f57f16f0a
2026-10-09T12:13:18.610352Z,github.com/sonatard/golangci-lint/v2,v2.0.0-20261009023005-8ea3d53535f7
2026-10-09T12:13:19.507844Z,github.com/NexusGpu/tensor-fusion,v1.54.7-0.20261009103636-5d5e0528a848
2026-10-09T12:13:22.895066Z,github.com/peST-paRSER/Pest,v2.9.4-0.20261009084354-7e779b775de4+incompatible
2026-10-09T12:13:26.033652Z,github.com/PEST-PaRSEr/pESt,v2.9.4-0.20261009084354-7e779b775de4+incompatible
2026-10-09T12:13:26.575314Z,github.com/PeST-ParsER/PesT,v2.9.4-0.20261009084354-7e779b775de4+incompatible
2026-10-09T12:13:27.885082Z,github.com/pesT-paRSER/PEST,v2.9.4-0.20261009084354-7e779b775de4+incompatible
2026-10-09T12:13:28.96819Z,github.com/ceRT-maNAgER/oPENshIFt-RoUTes,v0.11.1-0.20261009005832-a02fea02c816
2026-10-09T12:13:29.57848Z,github.com/PeST-paRSER/PEST,v2.9.4-0.20261009084354-7e779b775de4+incompatible
2026-10-09T12:13:30.333668Z,trpc.group/trpc-go/trpc-agent-go/storage/chroma,v0.0.0-20261009064639-7d53a6c45d60
2026-10-09T12:13:33.312514Z,github.com/pEst-paRSeR/PeSt,v2.9.4-0.20261009084354-7e779b775de4+incompatible
2026-10-09T12:13:35.175902Z,github.com/pEsT-pArsER/pesT,v2.9.4-0.20261009084354-7e779b775de4+incompatible
2026-10-09T12:13:35.536513Z,github.com/Pest-parSeR/peST,v2.9.4-0.20261009084354-7e779b775de4+incompatible
2026-10-09T12:13:36.392709Z,github.com/pesT-pARser/PEST,v2.9.4-0.20261009084354-7e779b775de4+incompatible
2026-10-09T12:13:37.141124Z,github.com/pEsT-paRSER/peSt,v2.9.4-0.20261009084354-7e779b775de4+incompatible
2026-10-09T12:13:40.217772Z,github.com/pEST-PARser/pest,v2.9.4-0.20261009084354-7e779b775de4+incompatible
2026-10-09T12:13:40.297207Z,github.com/peSt-PARSeR/peSt,v2.9.4-0.20261009084354-7e779b775de4+incompatible
2026-10-09T12:13:41.342966Z,github.com/PeSt-pArSER/peST,v2.9.3+incompatible
2026-10-09T12:13:41.989691Z,github.com/peST-PARsER/PeSt,v2.9.4-0.20261009084354-7e779b775de4+incompatible
2026-10-09T12:13:42.629268Z,github.com/Pest-pARser/pesT,v2.9.4-0.20261009084354-7e779b775de4+incompatible
2026-10-09T12:13:42.848023Z,github.com/PEST-parSer/PEsT,v2.9.4-0.20261009084354-7e779b775de4+incompatible
2026-10-09T12:13:46.800345Z,github.com/PESt-PArsEr/peST,v2.9.4-0.20261009084354-7e779b775de4+incompatible
2026-10-09T12:13:47.408241Z,github.com/wisser/jailer,v17.2.6-0.20261008121129-e856e71fd90e+incompatible
2026-10-09T12:13:47.494755Z,github.com/PeSt-paRSEr/PEsT,v2.9.4-0.20261009084354-7e779b775de4+incompatible
2026-10-09T12:13:48.01649Z,github.com/Pest-pArSer/PESt,v2.9.4-0.20261009084354-7e779b775de4+incompatible
2026-10-09T12:13:48.670538Z,github.com/pESt-PArSer/pEST,v2.9.4-0.20261009084354-7e779b775de4+incompatible
2026-10-09T12:13:48.69679Z,github.com/stackitcloud/stackit-sdk-go/services/valkey,v0.4.0
2026-10-09T12:13:51.336397Z,github.com/tinfoilsh/tinfoil-python,v0.14.1-0.20261007171408-00fe2fe0b5bf
2026-10-09T12:13:52.642389Z,github.com/Pest-pArser/pESt,v2.9.4-0.20261009084354-7e779b775de4+incompatible
2026-10-09T12:13:53.005399Z,github.com/PeSt-paRser/PEsT,v2.9.4-0.20261009084354-7e779b775de4+incompatible
2026-10-09T12:13:53.594089Z,github.com/bitwarden/ios,v2026.8.1-bwpm.0.20261008155925-08f8c1dd2c6e+incompatible
2026-10-09T12:13:54.333454Z,github.com/pEsT-parSer/pEST,v2.9.4-0.20261009084354-7e779b775de4+incompatible
2026-10-09T12:13:56.617244Z,github.com/peST-paRSEr/PESt,v2.9.4-0.20261009084354-7e779b775de4+incompatible
2026-10-09T12:13:56.650692Z,github.com/sourcegraph/zoekt,v0.0.0-20261009114959-27517a30ae6d
2026-10-09T12:13:57.331137Z,github.com/pESt-ParseR/Pest,v2.9.3+incompatible
2026-10-09T12:13:58.14549Z,github.com/PEst-PaRsEr/PEST,v2.9.4-0.20261009084354-7e779b775de4+incompatible
2026-10-09T12:13:58.212327Z,github.com/ARM-Software/golang-utils/utils,v1.170.8-0.20261005145948-cb083f450248
2026-10-09T12:13:59.864186Z,github.com/Pest-PaRser/PEST,v2.9.4-0.20261009084354-7e779b775de4+incompatible
2026-10-09T12:14:00.06776Z,github.com/PEsT-paRSer/PESt,v2.9.4-0.20261009084354-7e779b775de4+incompatible
2026-10-09T12:14:00.521566Z,github.com/pEst-parSer/peSt,v2.9.4-0.20261009084354-7e779b775de4+incompatible
2026-10-09T12:14:01.590796Z,github.com/pesT-pArsEr/pEst,v2.9.4-0.20261009084354-7e779b775de4+incompatible
2026-10-09T12:14:03.259366Z,github.com/PEsT-ParSEr/peST,v2.9.4-0.20261009084354-7e779b775de4+incompatible
2026-10-09T12:14:05.023125Z,github.com/pEST-Parser/Pest,v2.9.4-0.20261009084354-7e779b775de4+incompatible
2026-10-09T12:14:05.494774Z,github.com/PESt-paRseR/PeSt,v2.9.4-0.20261009084354-7e779b775de4+incompatible
2026-10-09T12:14:06.174797Z,github.com/gleon/rLakeAnalyzer,v1.7.1
2026-10-09T12:14:09.230649Z,github.com/pesT-PaRseR/peSt,v2.9.4-0.20261009084354-7e779b775de4+incompatible
2026-10-09T12:14:11.122987Z,github.com/adrianstephens/ts-binary-fonts,v0.0.0-20260930234620-de2655117e7c
2026-10-09T12:14:12.933575Z,github.com/adrianstephens/ts-binary-bitmaps,v0.0.0-20261007233601-96589876c48a
2026-10-09T12:14:13.845051Z,github.com/BOA-DeV/BOA,v0.9.1-0.20261004164441-ef40c63283e1
2026-10-09T12:14:15.737129Z,github.com/juliaregistries/tagbot,v1.25.13
2026-10-09T12:14:16.453349Z,github.com/peSt-paRSeR/pEst,v2.9.4-0.20261009084354-7e779b775de4+incompatible
2026-10-09T12:14:19.541133Z,github.com/adrianulima/my-racing-planner,v0.0.0-20261009054330-d2f897da4ee8
2026-10-09T12:14:28.369068Z,github.com/ericqu/iban_validation,v0.1.31-0.20261008221010-7fdb0e4946ec
2026-10-09T12:14:28.545568Z,github.com/grafana/mimir-otlptranslator,v0.0.0-20261009115913-1848d7ffd9d8
2026-10-09T12:14:34.630569Z,github.com/UBC-Thunderbots/Software,v1.6.1
2026-10-09T12:14:37.856585Z,github.com/The-Strategy-Unit/nhp_model,v6.0.1-0.20261006083355-04b19760c042+incompatible
2026-10-09T12:14:55.581757Z,github.com/xmidt-org/xmidt-agent,v0.10.9
2026-10-09T12:14:59.513673Z,github.com/eslint/ESLint,v10.12.1-0.20261008141600-b92decf8ead7+incompatible
2026-10-09T12:15:07.017238Z,github.com/loarland/Forward2Any,v1.0.15
2026-10-09T12:15:11.610036Z,github.com/cErt-mAnagEr/OPEnShIfT-RoUTeS,v0.11.1-0.20261009005832-a02fea02c816
2026-10-09T12:15:12.814329Z,github.com/giantswarm/klaus-oci,v0.0.80-rc.3
2026-10-09T12:15:13.442779Z,github.com/PEst-parsEr/peSt,v2.9.3+incompatible
2026-10-09T12:15:15.946366Z,github.com/solana-foundation/solana-keychain/go/signers/awskms/v2,v2.0.1-0.20261005191435-44b479df2451
2026-10-09T12:15:16.208752Z,github.com/ubc-thunderbots/software,v1.6.1
2026-10-09T12:15:17.160118Z,github.com/open-source-cooperative/secret-service-rs,v5.2.1-0.20261007162333-52369412af0a+incompatible
2026-10-09T12:15:20.851008Z,github.com/ProjectMirador/mirador,v4.2.7-0.20261007131324-cae414929e4a+incompatible
2026-10-09T12:15:23.896033Z,github.com/sukramj/go-ha-catalog,v0.3.1
2026-10-09T12:15:25.093673Z,github.com/gitdek/invariant/factory/decision-state,v0.0.0-20261002191655-8f32638e2968
2026-10-09T12:15:28.668177Z,github.com/lalternativefabrique/packages/go/eda,v0.9.1-0.20261009101840-6fd7873ddcea
2026-10-09T12:15:30.453465Z,github.com/mehdiakiki/raft-core,v0.1.2-0.20260306182612-58227b0d24be
2026-10-09T12:15:35.892046Z,codeberg.org/calq/becka,v0.3.1-0.20261008083842-a8525a854436
2026-10-09T12:15:37.13822Z,github.com/rubocop/Rubocop,v1.91.1-0.20261009084343-caa7741f14ef
2026-10-09T12:15:37.303789Z,github.com/aws/aws-sdk-go-v2/service/iot1clickprojects,v0.0.0-20220128225654-56f7cd4685f2
2026-10-09T12:15:45.193546Z,github.com/pEST-PARSER/PEsT,v2.9.3+incompatible
2026-10-09T12:15:45.663163Z,github.com/gitdek/invariant/factory/ids,v0.0.0-20261002191655-8f32638e2968
2026-10-09T12:15:48.499897Z,github.com/equinor/vscode-septic,v1.29.1-0.20261009064104-29208ea5ff57
2026-10-09T12:15:48.962741Z,github.com/Onflow/flow-evm-gateway,v1.5.9-0.20261002171442-b366c2170caa
2026-10-09T12:15:52.920222Z,github.com/PEsT-PaRSEr/peST,v2.9.3+incompatible
2026-10-09T12:16:07.642944Z,github.com/JuliaRegistries/TagBot,v1.25.13
2026-10-09T12:16:14.417515Z,github.com/trycompai/comp,v3.111.2-0.20261007163321-0117612ce373+incompatible
2026-10-09T12:16:14.418201Z,github.com/Stmol/yandex-oauth-token,v0.0.0-20260515161544-7f03f9b5a216
2026-10-09T12:16:15.984582Z,github.com/Fluent/Fluent-Bit,v5.1.3+incompatible
2026-10-09T12:16:16.814188Z,github.com/smartbear/smartbear-mcp,v0.42.1-0.20261009115914-d7b0663e7253
2026-10-09T12:16:19.024211Z,github.com/faustbrian/go-authentication/authotel,v1.1.3-0.20261009114742-6177285e7ebc
2026-10-09T12:16:22.577308Z,github.com/formbricks/hub,v0.0.0-20261009082754-200c1ac9a0d6
2026-10-09T12:16:26.874455Z,github.com/haliChina/sub2api-oauth-ato-poc,v0.0.0-20261007083505-e0d58fc4d61f
2026-10-09T12:16:29.030208Z,github.com/googleapis/release-please,v17.11.3-0.20261005225547-fa67225b42d8+incompatible
2026-10-09T12:16:41.528043Z,github.com/hello-wy/sub2api,v0.0.0-20261007150309-b2092ccb1634
2026-10-09T12:16:42.810771Z,github.com/gitdek/invariant/factory/store-journal,v0.0.0-20261002191655-8f32638e2968
2026-10-09T12:16:44.615728Z,github.com/thepalaceproject/circulation,v48.1.1-0.20261008163319-4c8a2f4b0573+incompatible
2026-10-09T12:16:48.357238Z,github.com/adsblol/tar1090,v0.0.0-20261004130347-4b9f3faf74d2
2026-10-09T12:16:50.571828Z,github.com/duynhlab/pkg/grpcx,v0.38.1-0.20261008014419-b46505f5cb39
2026-10-09T12:16:50.653141Z,github.com/kalandramo/bald/registry,v0.1.2-0.20261009083836-9912ce5d495b
2026-10-09T12:16:54.603133Z,github.com/hexuria/sub2api,v0.0.0-20260821201046-e6b302e79885
2026-10-09T12:16:56.34293Z,github.com/cefsharp/cefsharp,v138.0.171-0.20261004223517-c2206b48365c+incompatible
2026-10-09T12:17:06.474713Z,github.com/ad-si/awesome-3d-printing,v0.0.0-20261008094558-e91baccfdc5c
2026-10-09T12:17:09.973069Z,github.com/pEST-ParSer/pEsT,v2.9.3+incompatible
2026-10-09T12:17:10.230604Z,github.com/adsmcp/tiktok-ads-mcp-server,v0.0.0-20261009013805-57ed6665a2ba
2026-10-09T12:17:14.215638Z,github.com/adsr/rw.rs,v0.0.0-20261009121517-75084f8d62c7
2026-10-09T12:17:14.713592Z,github.com/holeenlu/sub2api,v2.9.6+incompatible
2026-10-09T12:17:16.894363Z,github.com/decred/dcrd/rpcclient/v9,v9.0.0-20261008173650-55892be8c972
2026-10-09T12:17:20.649452Z,github.com/GOOGLECloudPlatform/cloud-sql-go-connector,v1.25.4-0.20261008205525-70e1852a7ba7
2026-10-09T12:17:21.386697Z,github.com/davidcollom/terratest-utils,v0.0.0-20261009083019-c99410bd57a4
2026-10-09T12:17:21.810229Z,github.com/Bengo-Hub/reports,v0.1.0
2026-10-09T12:17:24.343444Z,github.com/CErt-MaNAger/oPENSHIfT-Routes,v0.11.1-0.20261009005832-a02fea02c816
2026-10-09T12:17:24.347162Z,github.com/anchore/GRYPE,v0.120.2-0.20261008131403-5dbdab183e88
2026-10-09T12:17:25.732676Z,github.com/StackVista/sts-opentelemetry-collector,v0.0.68-0.20261008124026-5c4596c4bb29
2026-10-09T12:17:31.7501Z,github.com/huhangchn/sub2api,v0.0.0-20260920064743-feb2b216e0ef
2026-10-09T12:17:33.439906Z,github.com/openfl/openfl-js,v0.0.0-20261005224717-3e10aa7dbe57
2026-10-09T12:17:36.139716Z,github.com/wxwidgets/wxwidgets,v3.3.4-0.20261008114523-51952bd3a8df+incompatible
2026-10-09T12:17:41.557289Z,github.com/EVstack/ev-node,v1.2.4-0.20261006080813-91f30acc15da
2026-10-09T12:17:42.811318Z,github.com/huysh3/sub2api-gpt-image-2,v0.0.0-20260927062754-9ff824118d70
2026-10-09T12:17:43.620205Z,www.github.com/git/git.git.git,v2.56.1-0.20261006171332-6de20f6092dc+incompatible
2026-10-09T12:17:58.643257Z,github.com/sassoftware/vscode-sas-extension,v1.21.1-0.20261009111810-e35d0ca2db42
2026-10-09T12:17:58.711063Z,github.com/adolfousier/opencrabs,v0.5.5-0.20261009075428-38a73d7279a7
2026-10-09T12:18:01.916385Z,github.com/hxly520/sub2api,v0.2.11-52t.3
2026-10-09T12:18:02.418323Z,github.com/PEsT-PARser/PESt,v2.9.3+incompatible
2026-10-09T12:18:08.427141Z,github.com/ZestfulNation/vue-hotel-datepicker,v4.0.0-RC1+incompatible
2026-10-09T12:18:08.827227Z,github.com/yasirkula/UnityNativeCamera,v1.5.2
2026-10-09T12:18:08.890932Z,github.com/databricks/ucode,v0.2.1-0.20261009051603-33851ffe9d15
2026-10-09T12:18:08.951008Z,github.com/kubernetes-sigs/aws-load-balancer-controller/v3,v3.6.1-0.20261007225514-c27ac737a5f7
2026-10-09T12:18:12.242369Z,github.com/cERT-MaNagER/oPeNsHIfT-RoUteS,v0.11.1-0.20261009005832-a02fea02c816
2026-10-09T12:18:14.778805Z,github.com/open-telemetry/opentelemetry-service/extension,v1.68.1-0.20261009091823-614922acf4f5
2026-10-09T12:18:16.05086Z,github.com/dmmdekkd/douyin.ts,v0.6.5
2026-10-09T12:18:16.820919Z,github.com/hyunsuk7866/sub2api-ko-releases,v0.2.15
2026-10-09T12:18:19.462512Z,github.com/CERt-MAnAGEr/opeNSHIfT-ROUTEs,v0.11.1-0.20261009005832-a02fea02c816
2026-10-09T12:18:20.88809Z,github.com/ubgo/docsync,v0.1.2-0.20261005134822-071437eb982e
2026-10-09T12:18:23.029942Z,github.com/hzh6767/sub2api-account-optimizer,v0.0.0-20261005100755-f201d4da4ea8
2026-10-09T12:18:27.79401Z,github.com/advanced-security/secret-protection-custom-pattern-automation,v0.0.0-20261005015621-443b23c07d10
2026-10-09T12:18:29.338449Z,github.com/pest-pARsER/Pest,v2.9.3+incompatible
2026-10-09T12:18:31.849801Z,github.com/iris-cat-dev/sub2api-user-frontend,v0.0.0-20260925160115-1a4ae222b26e
2026-10-09T12:18:36.209396Z,github.com/itCHYNY/gojq,v0.12.20-0.20261007111552-bb308dc4e1c2
2026-10-09T12:18:37.194613Z,github.com/pEST-ParSEr/pEST,v2.9.3+incompatible
2026-10-09T12:18:38.25371Z,github.com/Azure/go-autorest/autorest/azure/auth,v0.0.0-20210824152132-4e2e1bb52ffb
2026-10-09T12:18:38.923997Z,github.com/HelM/HElm/v4,v4.3.0-rc.1.0.20261006143514-dc56a44fee5a
2026-10-09T12:18:47.005404Z,github.com/mitsuhiko/flask,v0.0.0-20261007140254-d086db856be1
2026-10-09T12:18:47.145825Z,github.com/PEst-pArSeR/pEst,v2.9.3+incompatible
2026-10-09T12:18:47.198904Z,github.com/okx/dex-api-library,v0.0.0-20250212035055-561dfa3b5c6c
2026-10-09T12:18:50.629867Z,github.com/code-grapher/codegrapher,v0.16.0
2026-10-09T12:18:57.47166Z,github.com/itv3/sub2apiplus,v0.2.13-3
2026-10-09T12:19:01.390487Z,github.com/stackitcloud/stackit-sdk-go/services/redis,v1.5.0
