first_seen_at,module,version
2026-10-08T21:20:41.545641Z,github.com/magodo/aztft,v0.3.1-0.20230704060529-277c6ff73c38
2026-10-08T21:20:57.092812Z,github.com/hipercapital/evm,v0.7.0
2026-10-08T21:21:16.794638Z,github.com/womat/mbserver,v0.1.1-0.20261008212007-f5831c83cc39
2026-10-08T21:21:17.320304Z,github.com/spectralpack/cryptid,v0.5.18-0.20261008072939-cdb0ddc9b489
2026-10-08T21:21:20.514368Z,github.com/punkpeye/awesome-mcp-servers,v0.0.0-20261008185017-f105299ee206
2026-10-08T21:21:22.947418Z,github.com/senzing-garage/go-cmdhelping,v0.4.0
2026-10-08T21:21:24.06787Z,github.com/SpectralPack/Cryptid,v0.5.18-0.20261008072939-cdb0ddc9b489
2026-10-08T21:21:42.508168Z,github.com/rs/cors,v1.11.2-0.20261008204034-5d834403882d
2026-10-08T21:21:42.707299Z,github.com/ruby/prettyprint,v0.2.2-0.20261008024616-74ce80848500
2026-10-08T21:21:47.017653Z,github.com/MagaluCloud/magalu,v0.66.1-0.20261008185303-34d1549aa0c4
2026-10-08T21:21:48.798081Z,github.com/UrfAve/CLI/v3,v3.14.1-0.20261008161820-046e01a5e260
2026-10-08T21:21:50.638138Z,github.com/belangeo/pyo,v0.0.0-20261008211141-d5eb444c5109
2026-10-08T21:21:54.992604Z,github.com/ldufr/prometheus,v0.0.0-20251028125720-df8a9076b97c
2026-10-08T21:22:00.599913Z,github.com/Swe-bench/Swe-smith-envs,v0.0.0-20260302044913-21549127f50e
2026-10-08T21:22:06.812744Z,github.com/rm-hull/max7219,v0.0.0-20161114004511-dd6270c4761e
2026-10-08T21:22:11.315241Z,github.com/All-Hands-AI/OpenHands-cloud,v0.0.0-20261008204534-7aa595db95e2
2026-10-08T21:22:14.727799Z,github.com/SpectralPack/Talisman,v1.1.6
2026-10-08T21:22:18.422797Z,github.com/pagghiu/sanecpplibraries,v0.0.0-20261007225540-03d37c87ac85
2026-10-08T21:22:19.636026Z,github.com/cauteum/slogx,v0.1.0-alpha.2
2026-10-08T21:22:20.994622Z,github.com/cauteum/cauteum-display,v0.1.0-alpha.2
2026-10-08T21:22:21.733398Z,github.com/cauteum/cauteum-core,v0.1.0-beta.1
2026-10-08T21:22:25.625052Z,github.com/spectralpack/talisman,v1.0.2
2026-10-08T21:22:31.200958Z,github.com/Tochemey/ego/v4,v4.5.2-0.20261008210603-107977f86bdb
2026-10-08T21:22:47.066024Z,github.com/jaseci-labs/jac,v2.3.2+incompatible
2026-10-08T21:22:50.211192Z,github.com/amichaelt/BDSup2subPlusPlus,v0.0.0-20130417143456-6c9b6b76237b
2026-10-08T21:22:50.395034Z,github.com/calypr/gecko,v0.0.0-20261007180726-66a7b51ec6ba
2026-10-08T21:22:58.49823Z,github.com/MJuhasz/BDSup2sub,v0.0.0-20131228123227-b7d1c7dab0c5
2026-10-08T21:23:15.722433Z,github.com/bernisoftware/bzapper-go,v0.8.2
2026-10-08T21:23:15.870586Z,github.com/aws/eks-anywhere/release,v0.0.0-20230428193129-dff764262f59
2026-10-08T21:23:16.236405Z,github.com/plrthink/react-native-zip-archive,v9.5.3+incompatible
2026-10-08T21:23:19.397332Z,github.com/IPFS/go-log,v1.0.5
2026-10-08T21:23:40.259947Z,github.com/mfinelli/musicrename,v0.0.0-20261008071708-526b520b0943
2026-10-08T21:23:42.025932Z,github.com/hybrid-gym/Hybrid-Gym,v0.0.0-20260430192133-3aa54503db38
2026-10-08T21:23:50.709049Z,github.com/krakend/examples/plugins/modifier,v0.0.0-20260929182121-78da670f042a
2026-10-08T21:23:52.393163Z,github.com/Hybrid-Gym/Hybrid-Gym,v0.0.0-20260430192133-3aa54503db38
2026-10-08T21:23:52.552099Z,github.com/Esonhugh/ysoysoserial.net,v0.0.0-20251021160917-018c17c5ecde
2026-10-08T21:23:57.728585Z,github.com/awslabs/aws-c-auth,v1.0.1
2026-10-08T21:24:03.567732Z,github.com/tinywasm/storage,v0.1.3
2026-10-08T21:24:03.997398Z,github.com/tinywasm/ddl,v0.0.22
2026-10-08T21:24:10.126759Z,github.com/tinywasm/user,v0.3.14
2026-10-08T21:24:22.557402Z,github.com/aws/Aws-sdk-go-v2/service/codebuild,v1.78.3
2026-10-08T21:24:23.333502Z,github.com/theticketfairy/ticketfairy-go,v0.1.0
2026-10-08T21:24:44.921002Z,github.com/TencentCloud/tencentcloud-sdk-go/tencentcloud/hai,v1.3.187-0.20261008200136-f8358600a84d
2026-10-08T21:24:48.207714Z,github.com/jjfantini/humblSKILLS,v2.55.1+incompatible
2026-10-08T21:25:01.727819Z,github.com/gabstv/purego,v0.12.0-alpha.1.0.20261008210505-bf824b7fa269
2026-10-08T21:25:23.861792Z,github.com/jjfantini/humblskills,v2.55.1+incompatible
2026-10-08T21:25:24.191357Z,github.com/pivotal-cf/winfs-injector,v0.0.0-20261008212054-1917d47507b2
2026-10-08T21:25:32.313399Z,github.com/aws/aws-sdk-go-v2/service/migrationhubrefactorspaces,v1.33.3
2026-10-08T21:25:36.806738Z,github.com/cidverse/cidverseutils/core,v0.0.0-20261008211605-afb6aea7d334
2026-10-08T21:25:42.066089Z,github.com/knative/docs/code-samples/serving/websockets-go,v0.0.0-20261008191722-9d1a4cb83a61
2026-10-08T21:25:51.310283Z,github.com/zai-org/zcode-plugins,v0.0.0-20261008152126-8b8c69c1b73b
2026-10-08T21:26:02.182746Z,github.com/liron-navon/asn1g,v0.0.0-20261008150446-a36bcb14d29a
2026-10-08T21:26:03.128846Z,github.com/zamdevio/r2s,v0.0.0-20251206174930-b15e63f921a4
2026-10-08T21:26:03.214412Z,github.com/browserstack/browserstack-local-nodejs,v1.5.16
2026-10-08T21:26:54.266665Z,github.com/pRometheus/prometheus,v0.314.0-rc.0.0.20261008141710-21fd457f2b67
2026-10-08T21:26:55.035422Z,github.com/prOmetheus/prometheus,v0.314.0-rc.0.0.20261008141710-21fd457f2b67
2026-10-08T21:26:59.243931Z,github.com/databricks/cluster-api-provider-azure-1,v0.5.3-0.20261008184135-fae2108d73b2
2026-10-08T21:27:08.138642Z,github.com/gabstv/ebiten/v2,v2.0.0-20261008212239-b5b73fe33abe
2026-10-08T21:27:08.417018Z,github.com/usbarmory/gotee,v0.0.0-20261008145723-f1cda0cd08d8
2026-10-08T21:27:13.781483Z,github.com/apple/swift-nio,v0.0.0-20261008180357-e12881f2a691
2026-10-08T21:27:14.135868Z,github.com/proMetheus/prometheus,v0.314.0-rc.0.0.20261008141710-21fd457f2b67
2026-10-08T21:27:19.940427Z,github.com/insanusmokrassar/ktgbotapi,v37.0.0+incompatible
2026-10-08T21:27:24.923277Z,github.com/promeTheus/prometheus,v0.314.0-rc.0.0.20261008141710-21fd457f2b67
2026-10-08T21:27:25.274921Z,github.com/promEtheus/prometheus,v0.314.0-rc.0.0.20261008141710-21fd457f2b67
2026-10-08T21:27:37.200306Z,github.com/prometHeus/prometheus,v0.314.0-rc.0.0.20261008141710-21fd457f2b67
2026-10-08T21:27:54.33032Z,github.com/getmanza/manza-go,v0.3.1
2026-10-08T21:28:01.892281Z,github.com/Ergane-Foundation/adbt,v0.2.1
2026-10-08T21:28:06.863927Z,github.com/prometheuS/prometheus,v0.314.0-rc.0.0.20261008141710-21fd457f2b67
2026-10-08T21:28:08.112646Z,github.com/googlecloudplatform/distroless,v0.0.0-20261008182908-b219eeadd73b
2026-10-08T21:28:09.877714Z,github.com/Zenfulcode/Commercify,v1.1.5
2026-10-08T21:28:10.490718Z,github.com/prometheUs/prometheus,v0.314.0-rc.0.0.20261008141710-21fd457f2b67
2026-10-08T21:28:18.850378Z,github.com/prometheus/pRometheus,v0.314.0-rc.0.0.20261008141710-21fd457f2b67
2026-10-08T21:28:21.874682Z,github.com/promethEus/prometheus,v0.314.0-rc.0.0.20261008141710-21fd457f2b67
2026-10-08T21:28:48.195518Z,github.com/prometheus/prOmetheus,v0.314.0-rc.0.0.20261008141710-21fd457f2b67
2026-10-08T21:28:53.569766Z,github.com/samling/agent-explorer,v0.7.0
2026-10-08T21:29:04.305937Z,github.com/prometheus/promEtheus,v0.314.0-rc.0.0.20261008141710-21fd457f2b67
2026-10-08T21:29:08.667675Z,github.com/prometheus/promeTheus,v0.314.0-rc.0.0.20261008141710-21fd457f2b67
2026-10-08T21:29:10.964374Z,github.com/Swe-bench/Swe-bench-Multilingual-Tasks,v0.0.0-20260817004445-6e08cbcd763c
2026-10-08T21:29:18.55105Z,github.com/prometheus/promethEus,v0.314.0-rc.0.0.20261008141710-21fd457f2b67
2026-10-08T21:29:19.830583Z,github.com/prometheus/prometHeus,v0.314.0-rc.0.0.20261008141710-21fd457f2b67
2026-10-08T21:29:24.193045Z,github.com/PelicanPlatform/classad/dbrpc,v0.31.0
2026-10-08T21:29:29.73938Z,github.com/Dicklesworthstone/doodlestein_self_releaser,v0.2.4-0.20261008202009-5e4770e9a595
2026-10-08T21:29:29.983217Z,github.com/PelicanPlatform/classad/db,v0.31.0
2026-10-08T21:29:38.106279Z,git.myservermanager.com/varakh/upda,v0.0.0-20261008210340-51d24e418a9f
2026-10-08T21:29:38.774402Z,github.com/prometheus/prometheUs,v0.314.0-rc.0.0.20261008141710-21fd457f2b67
2026-10-08T21:29:40.616153Z,github.com/inaturalist/SeekReactNative,v2.10.4-152+incompatible
2026-10-08T21:29:55.769397Z,github.com/EpicMandM/esxi-lab-provider,v0.5.6-0.20261008163820-99add9bc2b66
2026-10-08T21:30:01.937379Z,github.com/Aler9/gortsplib/v3,v3.1.0
2026-10-08T21:30:02.475181Z,github.com/PeST-PARSeR/PEST,v2.9.3-0.20261008082932-3cdfaceadc22+incompatible
2026-10-08T21:30:04.742138Z,github.com/buurzx/tinkoff-go,v0.0.12-0.20261008114918-438535440547
2026-10-08T21:30:08.949028Z,github.com/Qriist/LibQurl,v1.3.1-0.20261008130013-e2124e3eedaa
2026-10-08T21:30:18.491789Z,github.com/ergane-foundation/adbt,v0.2.1
2026-10-08T21:30:22.923084Z,github.com/pelicanplatform/classad/dbrpc,v0.31.0
2026-10-08T21:30:23.701259Z,github.com/pelicanplatform/classad/db,v0.31.0
2026-10-08T21:30:38.971017Z,github.com/prometheus/proMetheus,v0.314.0-rc.0.0.20261008141710-21fd457f2b67
2026-10-08T21:30:39.038881Z,github.com/missing-elements/pdfjs-viewer,v4.2.1-0.20261008211745-59b7c3095fe0+incompatible
2026-10-08T21:30:47.728262Z,github.com/algorandfoundation/tealscript,v0.0.0-20251216220626-f4ca14d9bbb0
2026-10-08T21:30:48.089165Z,github.com/pocketbase/site,v0.0.0-20261008165114-bc8fd67a9da6
2026-10-08T21:30:53.247749Z,github.com/SAP/clustersecret-operator-cop,v0.1.127-0.20261008203313-ea1c17f339c1
2026-10-08T21:30:55.405513Z,github.com/PESt-pArSER/PeSt,v2.9.3-0.20261008082932-3cdfaceadc22+incompatible
2026-10-08T21:31:00.757721Z,github.com/rami3l/angela,v0.0.0-20261008123839-2de9041c512a
2026-10-08T21:31:11.002187Z,github.com/FRRouting/FRR,v0.0.0-20261008212301-792fa610e04f
2026-10-08T21:31:13.876896Z,github.com/lehigh-university-libraries/scribe,v0.0.0-20261008211721-86e58a0c9d14
2026-10-08T21:31:26.50272Z,github.com/jamesonhm/us-stock-symbols,v0.0.0-20251218014906-f36e2c69806f
2026-10-08T21:31:31.435101Z,mvdan.cc/gofumpt,v0.12.1-0.20261008204306-1d85585be076
2026-10-08T21:31:31.938086Z,github.com/andrew-craig/cairn-reader/pkg/config,v0.0.0-20261008212803-bc6b823a93a4
2026-10-08T21:31:47.984803Z,github.com/noaa-fims/fims,v0.11.1-0.20261008191339-1f7a6aa17503
2026-10-08T21:31:53.284944Z,github.com/Aws/aws-sdk-go-v2/feature/cloudfront/sign,v1.12.5
2026-10-08T21:32:00.582478Z,github.com/cloudquery/cloudquery/plugins/destination/kafka/v5,v5.8.1-0.20261008142406-d36fa8efb20d
2026-10-08T21:32:07.904016Z,github.com/e2engine/instrumentation-go/http,v0.1.0
2026-10-08T21:32:10.190631Z,github.com/doenet/doenetapps,v0.0.0-20261008212706-cebc41c50ee3
2026-10-08T21:32:19.385274Z,github.com/suknna/quoin,v0.3.1-0.20261008131816-438c723cc49d
2026-10-08T21:32:20.845184Z,github.com/m-lab/script-exporter-support,v0.2.12
2026-10-08T21:32:31.338343Z,github.com/SAP/valkey-operator-cop,v0.1.36-0.20261008205506-161b4d699b63
2026-10-08T21:32:49.984008Z,github.com/redhat-ux/red-hat-design-system,v5.0.1-0.20261008161654-1eafd4c3694a+incompatible
2026-10-08T21:32:58.077843Z,github.com/OpenBluetoothToolbox/simpleble,v1.2.1-0.20261008175251-eb549df68f13
2026-10-08T21:33:03.331527Z,github.com/maulai/vaultty,v0.1.1
2026-10-08T21:33:08.844121Z,github.com/PROMETHEUS/PROMETHEUS,v0.314.0-rc.0.0.20261008141710-21fd457f2b67
2026-10-08T21:33:11.715869Z,github.com/globaleaks/whistleblowing-software,v5.1.0-anac-1+incompatible
2026-10-08T21:33:11.775061Z,github.com/Comcast/comcast-bascule,v1.5.0
2026-10-08T21:33:19.263701Z,github.com/PROMETHEUS/PROMETHEUs,v0.314.0-rc.0.0.20261008141710-21fd457f2b67
2026-10-08T21:33:21.067397Z,github.com/zenta-dev/zever/adapters/observability/otlp,v0.6.2-0.20261008180049-cea8044e9d09
2026-10-08T21:33:22.89974Z,github.com/S4A-K/go-plugins,v0.0.0-20261008202517-69dbffbf90ab
2026-10-08T21:33:24.379274Z,github.com/0xmhha/indexer-go,v0.1.1-0.20261008192522-16cb1274a443
2026-10-08T21:33:24.454103Z,github.com/ArchiveBox/archivebox-extension,v3.3.10-0.20261008171237-dd8611859e0f+incompatible
2026-10-08T21:33:27.219044Z,github.com/globaleaks/GlobaLeaks,v5.1.0-anac-1+incompatible
2026-10-08T21:33:28.199321Z,github.com/globaleaks/globaleaks,v5.1.0-anac-1+incompatible
2026-10-08T21:33:28.277093Z,github.com/stolostron/glo-grafana/pkg/build/wire,v0.0.0-20261008131847-d4dd3485f9d2
2026-10-08T21:33:28.710165Z,github.com/hongvincent/artex,v0.0.0-20261007010247-f9642c1da239
2026-10-08T21:33:36.858948Z,github.com/zenta-dev/zever/tools/zever-mcp,v0.6.1
2026-10-08T21:33:37.195108Z,github.com/gruntwork-io/terratest/modules/helm/v2,v2.0.0-20261006205728-959cf1f02520
2026-10-08T21:33:41.561076Z,github.com/PROMETHEUS/PROMETHEuS,v0.314.0-rc.0.0.20261008141710-21fd457f2b67
2026-10-08T21:33:47.121392Z,github.com/b4moss/crudian/packages/go,v0.12.1-0.20261008084944-393d7d26b4e5
2026-10-08T21:33:48.246296Z,github.com/devdavidejesus/btc-toolkit,v1.7.1-0.20261008213226-b26f14d8e8cb
2026-10-08T21:33:49.127194Z,github.com/PROMETHEUS/PROMETHEus,v0.314.0-rc.0.0.20261008141710-21fd457f2b67
2026-10-08T21:34:00.801171Z,github.com/PROMETHEUS/PROMETHeUS,v0.314.0-rc.0.0.20261008141710-21fd457f2b67
2026-10-08T21:34:06.776929Z,github.com/aws-controllers-k8s/iam-controller,v1.9.2-0.20261008211405-aac12840fea6
2026-10-08T21:34:12.615101Z,github.com/livekit/livekit-cli/v2,v2.19.0
2026-10-08T21:34:16.365719Z,github.com/PROMETHEUS/PROMETHeUs,v0.314.0-rc.0.0.20261008141710-21fd457f2b67
2026-10-08T21:34:27.82474Z,github.com/PROMETHEUS/PROMETHeuS,v0.314.0-rc.0.0.20261008141710-21fd457f2b67
2026-10-08T21:34:33.27577Z,github.com/PROMETHEUS/PROMETHeus,v0.314.0-rc.0.0.20261008141710-21fd457f2b67
2026-10-08T21:34:39.121322Z,github.com/Kyorai/riak_core,v3.0.5+incompatible
2026-10-08T21:34:44.151461Z,github.com/PROMETHEUS/PROMEThEUs,v0.314.0-rc.0.0.20261008141710-21fd457f2b67
2026-10-08T21:34:44.398135Z,github.com/microsoft/AzureLinux,v0.0.0-20261008211332-d3aca0614d99
2026-10-08T21:34:51.635616Z,github.com/PROMETHEUS/PROMEThEUS,v0.314.0-rc.0.0.20261008141710-21fd457f2b67
2026-10-08T21:34:51.724552Z,github.com/hargoniX/Leanwuzla,v0.0.0-20260927111021-9fdd5fa85103
2026-10-08T21:34:52.34392Z,github.com/internetarchive/Zeno/v2,v2.0.28-0.20261003072436-c99fcb39b4bf
2026-10-08T21:35:08.505004Z,github.com/KhavrTrading/flowex,v0.4.2
2026-10-08T21:35:10.138872Z,github.com/PROMETHEUS/PROMEThEuS,v0.314.0-rc.0.0.20261008141710-21fd457f2b67
2026-10-08T21:35:16.724073Z,github.com/useval/gpt_markdown,v1.3.4
2026-10-08T21:35:17.586216Z,github.com/iFaxity/vite-plugin-istanbul,v2.7.2+incompatible
2026-10-08T21:35:21.313011Z,github.com/PROMETHEUS/PROMEThEus,v0.314.0-rc.0.0.20261008141710-21fd457f2b67
2026-10-08T21:35:24.979655Z,github.com/kyorai/riak_core,v3.0.6+incompatible
2026-10-08T21:35:25.710409Z,github.com/comcast/comcast-bascule,v1.5.0
2026-10-08T21:35:31.329028Z,github.com/PROMETHEUS/PROMETheUS,v0.314.0-rc.0.0.20261008141710-21fd457f2b67
2026-10-08T21:35:31.422967Z,github.com/archivebox/archivebox-extension,v3.3.10-0.20261008171237-dd8611859e0f+incompatible
2026-10-08T21:35:38.66906Z,github.com/PROMETHEUS/PROMETheUs,v0.314.0-rc.0.0.20261008141710-21fd457f2b67
2026-10-08T21:35:42.816574Z,github.com/inaturalist/seekreactnative,v2.18.2-422.0.20261008204516-1c5824b95d77+incompatible
2026-10-08T21:35:52.988346Z,github.com/PROMETHEUS/PROMETheuS,v0.314.0-rc.0.0.20261008141710-21fd457f2b67
2026-10-08T21:35:56.606006Z,github.com/PROMETHEUS/PROMETheus,v0.314.0-rc.0.0.20261008141710-21fd457f2b67
2026-10-08T21:35:58.143274Z,github.com/andrew-craig/cairn-reader/pkg/logging,v0.0.0-20261008212803-bc6b823a93a4
2026-10-08T21:36:00.081969Z,github.com/peSt-ParSer/PEST,v2.9.3-0.20261008082932-3cdfaceadc22+incompatible
2026-10-08T21:36:00.321499Z,github.com/PeST-ParsER/pEst,v2.9.3-0.20261008082932-3cdfaceadc22+incompatible
2026-10-08T21:36:00.330502Z,github.com/peSt-PaRseR/PeSt,v2.9.3-0.20261008082932-3cdfaceadc22+incompatible
2026-10-08T21:36:00.755629Z,github.com/PEsT-parSer/pEsT,v2.9.3-0.20261008082932-3cdfaceadc22+incompatible
2026-10-08T21:36:00.833918Z,github.com/peST-ParSer/Pest,v2.9.3-0.20261008082932-3cdfaceadc22+incompatible
2026-10-08T21:36:01.013788Z,github.com/pest-pARSer/PEsT,v2.9.3-0.20261008082932-3cdfaceadc22+incompatible
2026-10-08T21:36:01.028377Z,github.com/PesT-pARsER/PESt,v2.9.3-0.20261008082932-3cdfaceadc22+incompatible
2026-10-08T21:36:01.180744Z,github.com/pesT-pARseR/Pest,v2.9.3-0.20261008082932-3cdfaceadc22+incompatible
2026-10-08T21:36:01.228296Z,github.com/pEst-pArsER/pEst,v2.9.3-0.20261008082932-3cdfaceadc22+incompatible
2026-10-08T21:36:01.463762Z,github.com/PEsT-pArsEr/PEst,v2.9.3-0.20261008082932-3cdfaceadc22+incompatible
2026-10-08T21:36:01.661761Z,github.com/PesT-pARSer/peST,v2.9.3-0.20261008082932-3cdfaceadc22+incompatible
2026-10-08T21:36:02.005997Z,github.com/pEst-pArSeR/PEst,v2.9.3-0.20261008082932-3cdfaceadc22+incompatible
2026-10-08T21:36:02.620353Z,github.com/PeST-PaRSEr/PeSt,v2.9.3-0.20261008082932-3cdfaceadc22+incompatible
2026-10-08T21:36:03.274153Z,github.com/peSt-pARSeR/Pest,v2.9.3-0.20261008082932-3cdfaceadc22+incompatible
2026-10-08T21:36:03.539113Z,github.com/pEst-pArSEr/PESt,v2.9.3-0.20261008082932-3cdfaceadc22+incompatible
2026-10-08T21:36:04.116254Z,github.com/PESt-pArseR/Pest,v2.9.3-0.20261008082932-3cdfaceadc22+incompatible
2026-10-08T21:36:05.012923Z,github.com/zenta-dev/zever/core/cdn,v0.6.2-0.20261008180049-cea8044e9d09
2026-10-08T21:36:05.275252Z,github.com/PESt-PArSER/pest,v2.9.3-0.20261008082932-3cdfaceadc22+incompatible
2026-10-08T21:36:05.44775Z,github.com/PEst-paRSer/PEST,v2.9.3-0.20261008082932-3cdfaceadc22+incompatible
2026-10-08T21:36:05.873283Z,github.com/PesT-PArSEr/Pest,v2.9.3-0.20261008082932-3cdfaceadc22+incompatible
2026-10-08T21:36:06.539452Z,github.com/peST-PaRsEr/peST,v2.9.3-0.20261008082932-3cdfaceadc22+incompatible
2026-10-08T21:36:07.124315Z,github.com/PesT-PArSer/PeSt,v2.9.3-0.20261008082932-3cdfaceadc22+incompatible
2026-10-08T21:36:07.936294Z,github.com/peSt-paRSeR/pEST,v2.9.3-0.20261008082932-3cdfaceadc22+incompatible
2026-10-08T21:36:07.95678Z,github.com/ebullient/ttrpg-convert-cli,v0.0.0-20261008205234-c51fd34852cb
2026-10-08T21:36:08.263418Z,github.com/PeST-pArSer/PesT,v2.9.3-0.20261008082932-3cdfaceadc22+incompatible
2026-10-08T21:36:08.311363Z,github.com/pEsT-pARSer/pESt,v2.9.3-0.20261008082932-3cdfaceadc22+incompatible
2026-10-08T21:36:08.376788Z,github.com/pESt-pARsEr/pEST,v2.9.3-0.20261008082932-3cdfaceadc22+incompatible
2026-10-08T21:36:08.892636Z,github.com/PeST-pARSeR/PEsT,v2.9.3-0.20261008082932-3cdfaceadc22+incompatible
2026-10-08T21:36:08.902882Z,github.com/PeSt-pARseR/PEsT,v2.9.3-0.20261008082932-3cdfaceadc22+incompatible
2026-10-08T21:36:08.967804Z,github.com/PeSt-paRSeR/PeST,v2.9.3-0.20261008082932-3cdfaceadc22+incompatible
2026-10-08T21:36:08.997124Z,github.com/pEst-pArSEr/pEsT,v2.9.3-0.20261008082932-3cdfaceadc22+incompatible
2026-10-08T21:36:09.524142Z,github.com/pESt-parser/peSt,v2.9.3-0.20261008082932-3cdfaceadc22+incompatible
2026-10-08T21:36:09.848231Z,github.com/PEst-PaRseR/Pest,v2.9.3-0.20261008082932-3cdfaceadc22+incompatible
2026-10-08T21:36:10.334317Z,github.com/PeST-Parser/PESt,v2.9.3-0.20261008082932-3cdfaceadc22+incompatible
2026-10-08T21:36:10.34766Z,github.com/PeST-PaRSEr/pEST,v2.9.3-0.20261008082932-3cdfaceadc22+incompatible
2026-10-08T21:36:10.775018Z,github.com/peSt-PaRSER/PEst,v2.9.3-0.20261008082932-3cdfaceadc22+incompatible
2026-10-08T21:36:10.881753Z,github.com/pEsT-paRsER/pEST,v2.9.3-0.20261008082932-3cdfaceadc22+incompatible
2026-10-08T21:36:11.073725Z,github.com/PeST-paRSeR/peST,v2.9.3-0.20261008082932-3cdfaceadc22+incompatible
2026-10-08T21:36:11.652743Z,github.com/PEsT-pARser/pesT,v2.9.3-0.20261008082932-3cdfaceadc22+incompatible
2026-10-08T21:36:11.782675Z,github.com/peSt-PaRsER/PeST,v2.9.3-0.20261008082932-3cdfaceadc22+incompatible
2026-10-08T21:36:11.934843Z,github.com/peST-paRsER/PESt,v2.9.3-0.20261008082932-3cdfaceadc22+incompatible
2026-10-08T21:36:12.237725Z,github.com/pesT-ParSER/pEsT,v2.9.3-0.20261008082932-3cdfaceadc22+incompatible
2026-10-08T21:36:12.517168Z,github.com/PESt-pArSER/pest,v2.9.3-0.20261008082932-3cdfaceadc22+incompatible
2026-10-08T21:36:12.608296Z,github.com/PROMETHEUS/PROMEtHEUs,v0.314.0-rc.0.0.20261008141710-21fd457f2b67
2026-10-08T21:36:13.695684Z,github.com/pest-PaRsER/pESt,v2.9.3-0.20261008082932-3cdfaceadc22+incompatible
2026-10-08T21:36:13.829352Z,github.com/PeST-PARsER/PEst,v2.9.3-0.20261008082932-3cdfaceadc22+incompatible
2026-10-08T21:36:14.171225Z,github.com/PEst-pARseR/PESt,v2.9.3-0.20261008082932-3cdfaceadc22+incompatible
2026-10-08T21:36:14.711259Z,github.com/PEst-paRSER/pEst,v2.9.3-0.20261008082932-3cdfaceadc22+incompatible
2026-10-08T21:36:15.0485Z,github.com/PEst-PArSeR/PeST,v2.9.3-0.20261008082932-3cdfaceadc22+incompatible
2026-10-08T21:36:15.048984Z,github.com/pEsT-parSeR/PesT,v2.9.3-0.20261008082932-3cdfaceadc22+incompatible
2026-10-08T21:36:15.614284Z,github.com/ashutosh2308bhardwaj/agentsafe/gemini,v0.5.1-0.20261008143247-ff194d1249c3
2026-10-08T21:36:15.903239Z,github.com/pest-Parser/pEST,v2.9.3-0.20261008082932-3cdfaceadc22+incompatible
2026-10-08T21:36:15.988455Z,github.com/pest-PaRser/PEst,v2.9.3-0.20261008082932-3cdfaceadc22+incompatible
2026-10-08T21:36:16.194748Z,github.com/PeST-parseR/PEsT,v2.9.3-0.20261008082932-3cdfaceadc22+incompatible
2026-10-08T21:36:16.551323Z,github.com/pesT-pArSER/Pest,v2.9.3-0.20261008082932-3cdfaceadc22+incompatible
2026-10-08T21:36:16.790697Z,github.com/PeST-parSer/PesT,v2.9.3-0.20261008082932-3cdfaceadc22+incompatible
2026-10-08T21:36:16.903043Z,github.com/pEst-paRSEr/PEST,v2.9.3-0.20261008082932-3cdfaceadc22+incompatible
2026-10-08T21:36:17.0567Z,github.com/PEst-PARseR/PesT,v2.9.3-0.20261008082932-3cdfaceadc22+incompatible
2026-10-08T21:36:17.165846Z,github.com/peSt-pARSEr/Pest,v2.9.3-0.20261008082932-3cdfaceadc22+incompatible
2026-10-08T21:36:17.514612Z,github.com/PeSt-parsER/PeST,v2.9.3-0.20261008082932-3cdfaceadc22+incompatible
2026-10-08T21:36:17.61271Z,github.com/peST-parSEr/pEST,v2.9.3-0.20261008082932-3cdfaceadc22+incompatible
2026-10-08T21:36:17.884274Z,github.com/pEst-pArSEr/pEST,v2.9.3-0.20261008082932-3cdfaceadc22+incompatible
2026-10-08T21:36:18.024949Z,github.com/PeSt-ParsEr/PesT,v2.9.3-0.20261008082932-3cdfaceadc22+incompatible
2026-10-08T21:36:19.313415Z,github.com/pESt-pARSEr/PeST,v2.9.3-0.20261008082932-3cdfaceadc22+incompatible
2026-10-08T21:36:19.864837Z,github.com/Pest-PaRser/pESt,v2.9.3-0.20261008082932-3cdfaceadc22+incompatible
2026-10-08T21:36:20.159639Z,github.com/pest-paRSeR/PEst,v2.9.3-0.20261008082932-3cdfaceadc22+incompatible
2026-10-08T21:36:20.264247Z,github.com/PEST-pArSeR/pesT,v2.9.3-0.20261008082932-3cdfaceadc22+incompatible
2026-10-08T21:36:20.697139Z,github.com/pESt-pArSeR/PeSt,v2.9.3-0.20261008082932-3cdfaceadc22+incompatible
2026-10-08T21:36:20.773449Z,github.com/PESt-parSER/pesT,v2.9.3-0.20261008082932-3cdfaceadc22+incompatible
2026-10-08T21:36:22.444571Z,github.com/PesT-PARser/pESt,v2.9.3-0.20261008082932-3cdfaceadc22+incompatible
2026-10-08T21:36:22.746856Z,github.com/Pest-paRsER/PESt,v2.9.3-0.20261008082932-3cdfaceadc22+incompatible
2026-10-08T21:36:23.153746Z,github.com/PEsT-ParsEr/PesT,v2.9.3-0.20261008082932-3cdfaceadc22+incompatible
2026-10-08T21:36:23.485217Z,github.com/Pest-parsER/PeST,v2.9.3-0.20261008082932-3cdfaceadc22+incompatible
2026-10-08T21:36:23.559568Z,github.com/PEst-PArsEr/pest,v2.9.3-0.20261008082932-3cdfaceadc22+incompatible
2026-10-08T21:36:23.698775Z,github.com/pest-PARSer/peSt,v2.9.3-0.20261008082932-3cdfaceadc22+incompatible
2026-10-08T21:36:23.892409Z,github.com/PeSt-Parser/PEsT,v2.9.3-0.20261008082932-3cdfaceadc22+incompatible
2026-10-08T21:36:23.964245Z,github.com/PeSt-pARser/pESt,v2.9.3-0.20261008082932-3cdfaceadc22+incompatible
2026-10-08T21:36:24.379309Z,github.com/Pest-PARser/PEst,v2.9.3-0.20261008082932-3cdfaceadc22+incompatible
2026-10-08T21:36:24.511634Z,github.com/PEst-PaRSEr/PESt,v2.9.3-0.20261008082932-3cdfaceadc22+incompatible
2026-10-08T21:36:24.631076Z,github.com/pEsT-parsER/PEsT,v2.9.3-0.20261008082932-3cdfaceadc22+incompatible
2026-10-08T21:36:24.960134Z,github.com/PEst-PARSER/PESt,v2.9.3-0.20261008082932-3cdfaceadc22+incompatible
2026-10-08T21:36:25.191289Z,github.com/pEST-PaRSeR/PesT,v2.9.3-0.20261008082932-3cdfaceadc22+incompatible
2026-10-08T21:36:25.208307Z,github.com/PeST-paRSEr/PeSt,v2.9.3-0.20261008082932-3cdfaceadc22+incompatible
2026-10-08T21:36:25.350468Z,github.com/PEST-ParSeR/PesT,v2.9.3-0.20261008082932-3cdfaceadc22+incompatible
2026-10-08T21:36:25.381238Z,github.com/PeST-PArSER/PeSt,v2.9.3-0.20261008082932-3cdfaceadc22+incompatible
2026-10-08T21:36:25.854202Z,github.com/pESt-PArSeR/pESt,v2.9.3-0.20261008082932-3cdfaceadc22+incompatible
2026-10-08T21:36:26.110012Z,github.com/pEST-PaRSER/pEST,v2.9.3-0.20261008082932-3cdfaceadc22+incompatible
2026-10-08T21:36:26.282344Z,github.com/pest-PARsEr/PesT,v2.9.3-0.20261008082932-3cdfaceadc22+incompatible
2026-10-08T21:36:26.713518Z,github.com/pesT-pARSER/Pest,v2.9.3-0.20261008082932-3cdfaceadc22+incompatible
2026-10-08T21:36:26.942691Z,go.temporal.io/sdk/contrib/aws/lambdaworker,v0.1.2-0.20261008213539-6ae07bca8301
2026-10-08T21:36:27.456792Z,github.com/peSt-PARSeR/peST,v2.9.3-0.20261008082932-3cdfaceadc22+incompatible
2026-10-08T21:36:27.995939Z,github.com/Pest-PArSeR/peST,v2.9.3-0.20261008082932-3cdfaceadc22+incompatible
2026-10-08T21:36:28.786149Z,github.com/pEST-pArSER/pEST,v2.9.3-0.20261008082932-3cdfaceadc22+incompatible
2026-10-08T21:36:28.800774Z,github.com/PeSt-parSER/PesT,v2.9.3-0.20261008082932-3cdfaceadc22+incompatible
2026-10-08T21:36:28.995989Z,github.com/pEST-pArsER/Pest,v2.9.3-0.20261008082932-3cdfaceadc22+incompatible
2026-10-08T21:36:29.053209Z,github.com/peSt-PARsEr/PESt,v2.9.3-0.20261008082932-3cdfaceadc22+incompatible
2026-10-08T21:36:29.531054Z,github.com/PeST-PARsER/PEsT,v2.9.3-0.20261008082932-3cdfaceadc22+incompatible
2026-10-08T21:36:30.137985Z,github.com/pesT-pArsER/PeST,v2.9.3-0.20261008082932-3cdfaceadc22+incompatible
2026-10-08T21:36:30.245699Z,github.com/pESt-pARSer/PESt,v2.9.3-0.20261008082932-3cdfaceadc22+incompatible
2026-10-08T21:36:30.426052Z,github.com/PeSt-paRSeR/pEsT,v2.9.3-0.20261008082932-3cdfaceadc22+incompatible
2026-10-08T21:36:30.495893Z,github.com/pesT-paRSer/pESt,v2.9.3-0.20261008082932-3cdfaceadc22+incompatible
2026-10-08T21:36:30.559828Z,github.com/peSt-PArSEr/peSt,v2.9.3-0.20261008082932-3cdfaceadc22+incompatible
2026-10-08T21:36:30.706391Z,github.com/peSt-PARSeR/pesT,v2.9.3-0.20261008082932-3cdfaceadc22+incompatible
2026-10-08T21:36:30.833436Z,github.com/pEst-PArser/pESt,v2.9.3-0.20261008082932-3cdfaceadc22+incompatible
2026-10-08T21:36:30.890864Z,github.com/PesT-PARSER/pest,v2.9.3-0.20261008082932-3cdfaceadc22+incompatible
2026-10-08T21:36:30.994248Z,github.com/GalacticDynamics/coordinax,v0.23.2-0.20261008170608-b6ea7f480ab5
2026-10-08T21:36:31.482956Z,github.com/peSt-PaRsER/pest,v2.9.3-0.20261008082932-3cdfaceadc22+incompatible
2026-10-08T21:36:31.611467Z,github.com/peST-paRser/Pest,v2.9.3-0.20261008082932-3cdfaceadc22+incompatible
2026-10-08T21:36:32.018424Z,github.com/PeSt-ParSEr/PeSt,v2.9.3-0.20261008082932-3cdfaceadc22+incompatible
2026-10-08T21:36:32.076468Z,github.com/PeSt-ParSEr/Pest,v2.9.3-0.20261008082932-3cdfaceadc22+incompatible
2026-10-08T21:36:32.108219Z,github.com/pEST-pArSER/PESt,v2.9.3-0.20261008082932-3cdfaceadc22+incompatible
2026-10-08T21:36:32.124036Z,github.com/PEst-pARSer/pesT,v2.9.3-0.20261008082932-3cdfaceadc22+incompatible
2026-10-08T21:36:32.224286Z,github.com/sapcc/ccloud-nodecidr-controller,v0.0.0-20261008190553-2b0634a659e9
2026-10-08T21:36:32.472913Z,github.com/peSt-paRseR/pEST,v2.9.3-0.20261008082932-3cdfaceadc22+incompatible
2026-10-08T21:36:33.955045Z,github.com/khavrtrading/flowex,v0.4.2
2026-10-08T21:36:34.217908Z,github.com/PEsT-parSER/PESt,v2.9.3-0.20261008082932-3cdfaceadc22+incompatible
2026-10-08T21:36:34.7711Z,github.com/pEst-pArSeR/pEsT,v2.9.3-0.20261008082932-3cdfaceadc22+incompatible
2026-10-08T21:36:35.263472Z,github.com/pEst-pArseR/pesT,v2.9.3-0.20261008082932-3cdfaceadc22+incompatible
2026-10-08T21:36:35.960004Z,github.com/pEsT-ParSer/pesT,v2.9.3-0.20261008082932-3cdfaceadc22+incompatible
2026-10-08T21:36:35.994816Z,github.com/PeSt-PaRsER/PesT,v2.9.3-0.20261008082932-3cdfaceadc22+incompatible
2026-10-08T21:36:36.013348Z,github.com/PesT-PARSeR/PeST,v2.9.3-0.20261008082932-3cdfaceadc22+incompatible
2026-10-08T21:36:36.056418Z,github.com/pESt-pARSeR/PeSt,v2.9.3-0.20261008082932-3cdfaceadc22+incompatible
2026-10-08T21:36:36.46747Z,github.com/PeSt-parser/PEst,v2.9.3-0.20261008082932-3cdfaceadc22+incompatible
2026-10-08T21:36:36.47356Z,github.com/PEST-pArSer/PeST,v2.9.3-0.20261008082932-3cdfaceadc22+incompatible
2026-10-08T21:36:37.454852Z,github.com/peST-parsER/peST,v2.9.3-0.20261008082932-3cdfaceadc22+incompatible
2026-10-08T21:36:37.549893Z,github.com/Pest-PARser/pEsT,v2.9.3-0.20261008082932-3cdfaceadc22+incompatible
2026-10-08T21:36:37.56359Z,github.com/PEsT-pArSEr/pEst,v2.9.3-0.20261008082932-3cdfaceadc22+incompatible
2026-10-08T21:36:37.563614Z,github.com/PEst-PARSER/PesT,v2.9.3-0.20261008082932-3cdfaceadc22+incompatible
2026-10-08T21:36:38.197187Z,github.com/pEsT-ParSER/PeSt,v2.9.3-0.20261008082932-3cdfaceadc22+incompatible
2026-10-08T21:36:38.681278Z,github.com/pESt-PARSer/peST,v2.9.3-0.20261008082932-3cdfaceadc22+incompatible
2026-10-08T21:36:38.740329Z,github.com/pesT-PArSeR/PesT,v2.9.3-0.20261008082932-3cdfaceadc22+incompatible
2026-10-08T21:36:39.546395Z,github.com/pESt-parsEr/pEst,v2.9.3-0.20261008082932-3cdfaceadc22+incompatible
2026-10-08T21:36:40.589269Z,github.com/pEsT-Parser/PEsT,v2.9.3-0.20261008082932-3cdfaceadc22+incompatible
2026-10-08T21:36:41.214176Z,go.miloapis.com/activity,v0.8.1
2026-10-08T21:36:41.300216Z,github.com/PEST-parSeR/PEst,v2.9.3-0.20261008082932-3cdfaceadc22+incompatible
2026-10-08T21:36:41.306425Z,github.com/Pest-parSEr/peSt,v2.9.3-0.20261008082932-3cdfaceadc22+incompatible
2026-10-08T21:36:41.34051Z,github.com/PEST-PArSer/PeST,v2.9.3-0.20261008082932-3cdfaceadc22+incompatible
2026-10-08T21:36:41.578409Z,github.com/pESt-paRSEr/peSt,v2.9.3-0.20261008082932-3cdfaceadc22+incompatible
2026-10-08T21:36:41.991566Z,github.com/pEst-Parser/peSt,v2.9.3-0.20261008082932-3cdfaceadc22+incompatible
2026-10-08T21:36:42.57313Z,github.com/PeST-parSer/pesT,v2.9.3-0.20261008082932-3cdfaceadc22+incompatible
2026-10-08T21:36:42.623959Z,github.com/peST-PARseR/PeSt,v2.9.3-0.20261008082932-3cdfaceadc22+incompatible
2026-10-08T21:36:42.644901Z,github.com/PeSt-PARser/peST,v2.9.3-0.20261008082932-3cdfaceadc22+incompatible
2026-10-08T21:36:42.786769Z,github.com/pEST-paRsER/PeST,v2.9.3-0.20261008082932-3cdfaceadc22+incompatible
2026-10-08T21:36:43.053443Z,github.com/PESt-PArsER/PEsT,v2.9.3-0.20261008082932-3cdfaceadc22+incompatible
2026-10-08T21:36:43.314087Z,github.com/pest-PArSer/peSt,v2.9.3-0.20261008082932-3cdfaceadc22+incompatible
2026-10-08T21:36:43.601601Z,github.com/Pest-PArseR/pest,v2.9.3-0.20261008082932-3cdfaceadc22+incompatible
2026-10-08T21:36:44.145796Z,github.com/PROMETHEUS/PROMEtHEUS,v0.314.0-rc.0.0.20261008141710-21fd457f2b67
2026-10-08T21:36:44.167356Z,github.com/PesT-PaRSer/peSt,v2.9.3-0.20261008082932-3cdfaceadc22+incompatible
2026-10-08T21:36:44.43303Z,github.com/pest-PARSER/PesT,v2.9.3-0.20261008082932-3cdfaceadc22+incompatible
2026-10-08T21:36:44.517122Z,github.com/pEsT-paRSer/peSt,v2.9.3-0.20261008082932-3cdfaceadc22+incompatible
2026-10-08T21:36:44.828177Z,github.com/PesT-parseR/pest,v2.9.3-0.20261008082932-3cdfaceadc22+incompatible
2026-10-08T21:36:45.636745Z,github.com/PEst-PaRser/pESt,v2.9.3-0.20261008082932-3cdfaceadc22+incompatible
2026-10-08T21:36:45.945012Z,github.com/pESt-PArSer/pESt,v2.9.3-0.20261008082932-3cdfaceadc22+incompatible
2026-10-08T21:36:46.248716Z,github.com/PesT-ParseR/PEsT,v2.9.3-0.20261008082932-3cdfaceadc22+incompatible
2026-10-08T21:36:46.26011Z,github.com/Pest-pArsEr/pESt,v2.9.3-0.20261008082932-3cdfaceadc22+incompatible
2026-10-08T21:36:46.548936Z,github.com/PESt-pARseR/PesT,v2.9.3-0.20261008082932-3cdfaceadc22+incompatible
2026-10-08T21:36:46.705434Z,github.com/pEst-pARser/PEsT,v2.9.3-0.20261008082932-3cdfaceadc22+incompatible
2026-10-08T21:36:46.982168Z,github.com/pesT-paRseR/pEst,v2.9.3-0.20261008082932-3cdfaceadc22+incompatible
2026-10-08T21:36:47.78743Z,github.com/PROMETHEUS/PROMEtHEus,v0.314.0-rc.0.0.20261008141710-21fd457f2b67
2026-10-08T21:36:47.972707Z,github.com/PEST-pArSeR/PeST,v2.9.3-0.20261008082932-3cdfaceadc22+incompatible
2026-10-08T21:36:48.042608Z,github.com/PesT-PaRsER/pest,v2.9.3-0.20261008082932-3cdfaceadc22+incompatible
2026-10-08T21:36:48.096961Z,github.com/PEST-parsEr/pEsT,v2.9.3-0.20261008082932-3cdfaceadc22+incompatible
2026-10-08T21:36:48.448326Z,github.com/PEST-PArSER/pest,v2.9.3-0.20261008082932-3cdfaceadc22+incompatible
2026-10-08T21:36:48.594917Z,github.com/PEst-pArSEr/PESt,v2.9.3-0.20261008082932-3cdfaceadc22+incompatible
2026-10-08T21:36:48.596777Z,github.com/IBAX-io/go-ibax,v1.4.4-0.20261007072017-80d00c40a946
2026-10-08T21:36:48.807867Z,github.com/peST-ParSer/peST,v2.9.3-0.20261008082932-3cdfaceadc22+incompatible
2026-10-08T21:36:49.028006Z,github.com/PEST-PARSEr/peSt,v2.9.3-0.20261008082932-3cdfaceadc22+incompatible
2026-10-08T21:36:49.642589Z,github.com/USA-RedDragon/dmrgo/v2,v2.0.0-20261008213101-d47ae41626b3
2026-10-08T21:36:50.488248Z,github.com/pEsT-PARsER/PesT,v2.9.3-0.20261008082932-3cdfaceadc22+incompatible
2026-10-08T21:36:50.605109Z,github.com/PEst-pArsER/PESt,v2.9.3-0.20261008082932-3cdfaceadc22+incompatible
2026-10-08T21:36:50.846243Z,github.com/pesT-paRSEr/pEST,v2.9.3-0.20261008082932-3cdfaceadc22+incompatible
2026-10-08T21:36:51.298196Z,github.com/PEst-PARSer/peST,v2.9.3-0.20261008082932-3cdfaceadc22+incompatible
2026-10-08T21:36:51.487413Z,github.com/PesT-pARSEr/pest,v2.9.3-0.20261008082932-3cdfaceadc22+incompatible
2026-10-08T21:36:51.769042Z,github.com/PesT-paRSEr/pESt,v2.9.3-0.20261008082932-3cdfaceadc22+incompatible
2026-10-08T21:36:52.030747Z,github.com/PeST-pArsER/PesT,v2.9.3-0.20261008082932-3cdfaceadc22+incompatible
2026-10-08T21:36:52.241377Z,github.com/cgg-bern/quadwild-bimdf,v0.0.1
2026-10-08T21:36:52.345434Z,github.com/PesT-PArSeR/PesT,v2.9.3-0.20261008082932-3cdfaceadc22+incompatible
2026-10-08T21:36:52.369146Z,github.com/peSt-paRsEr/pESt,v2.9.3-0.20261008082932-3cdfaceadc22+incompatible
2026-10-08T21:36:52.386289Z,github.com/PEST-pArser/pEST,v2.9.3-0.20261008082932-3cdfaceadc22+incompatible
2026-10-08T21:36:53.044642Z,github.com/PeSt-paRsEr/PEST,v2.9.3-0.20261008082932-3cdfaceadc22+incompatible
2026-10-08T21:36:53.053858Z,github.com/pEsT-PArSer/pEST,v2.9.3-0.20261008082932-3cdfaceadc22+incompatible
2026-10-08T21:36:53.155595Z,github.com/PeSt-PArsER/PesT,v2.9.3-0.20261008082932-3cdfaceadc22+incompatible
2026-10-08T21:36:53.709597Z,github.com/PESt-paRsER/pesT,v2.9.3-0.20261008082932-3cdfaceadc22+incompatible
2026-10-08T21:36:53.71262Z,github.com/PeSt-paRSEr/pEsT,v2.9.3-0.20261008082932-3cdfaceadc22+incompatible
2026-10-08T21:36:53.722946Z,github.com/pESt-paRsEr/pEsT,v2.9.3-0.20261008082932-3cdfaceadc22+incompatible
2026-10-08T21:36:54.22949Z,github.com/PROMETHEUS/PROMEtHeUS,v0.314.0-rc.0.0.20261008141710-21fd457f2b67
2026-10-08T21:36:54.373667Z,github.com/PeST-PARSeR/PeSt,v2.9.3-0.20261008082932-3cdfaceadc22+incompatible
2026-10-08T21:36:55.530373Z,github.com/PesT-PArsER/PEST,v2.9.3-0.20261008082932-3cdfaceadc22+incompatible
2026-10-08T21:36:55.576071Z,github.com/peSt-pArsER/PESt,v2.9.3-0.20261008082932-3cdfaceadc22+incompatible
2026-10-08T21:36:55.949606Z,github.com/pEsT-PaRsEr/pEsT,v2.9.3-0.20261008082932-3cdfaceadc22+incompatible
2026-10-08T21:36:56.097371Z,github.com/pesT-pARsEr/PEST,v2.9.3-0.20261008082932-3cdfaceadc22+incompatible
2026-10-08T21:36:56.325105Z,github.com/pEst-parSEr/pEST,v2.9.3-0.20261008082932-3cdfaceadc22+incompatible
2026-10-08T21:36:56.673169Z,github.com/hiverunner/hiverunner,v3.0.0+incompatible
2026-10-08T21:36:57.145142Z,github.com/pEsT-pArSer/pESt,v2.9.3-0.20261008082932-3cdfaceadc22+incompatible
2026-10-08T21:36:57.382198Z,github.com/PesT-pArSer/pEst,v2.9.3-0.20261008082932-3cdfaceadc22+incompatible
2026-10-08T21:36:57.608326Z,github.com/pEsT-paRser/pESt,v2.9.3-0.20261008082932-3cdfaceadc22+incompatible
2026-10-08T21:36:57.621789Z,github.com/peST-pARser/PeST,v2.9.3-0.20261008082932-3cdfaceadc22+incompatible
2026-10-08T21:36:57.628113Z,github.com/PEsT-PArSER/pesT,v2.9.3-0.20261008082932-3cdfaceadc22+incompatible
2026-10-08T21:36:57.654071Z,github.com/PEst-ParsEr/pEst,v2.9.3-0.20261008082932-3cdfaceadc22+incompatible
2026-10-08T21:36:57.843032Z,github.com/peSt-parSER/PeST,v2.9.3-0.20261008082932-3cdfaceadc22+incompatible
2026-10-08T21:36:58.080859Z,github.com/pESt-parSer/PeSt,v2.9.3-0.20261008082932-3cdfaceadc22+incompatible
2026-10-08T21:36:58.531516Z,github.com/pest-paRser/pEst,v2.9.3-0.20261008082932-3cdfaceadc22+incompatible
2026-10-08T21:36:58.693155Z,github.com/PESt-ParsER/pEst,v2.9.3-0.20261008082932-3cdfaceadc22+incompatible
2026-10-08T21:36:58.810762Z,github.com/pesT-parsEr/PEsT,v2.9.3-0.20261008082932-3cdfaceadc22+incompatible
2026-10-08T21:36:59.034548Z,github.com/Pest-PArsER/PESt,v2.9.3-0.20261008082932-3cdfaceadc22+incompatible
2026-10-08T21:36:59.541056Z,github.com/pest-PaRsER/PEst,v2.9.3-0.20261008082932-3cdfaceadc22+incompatible
2026-10-08T21:36:59.671932Z,github.com/PesT-pArsEr/pEsT,v2.9.3-0.20261008082932-3cdfaceadc22+incompatible
2026-10-08T21:37:00.321684Z,github.com/PEST-pArSEr/PEST,v2.9.3-0.20261008082932-3cdfaceadc22+incompatible
2026-10-08T21:37:01.724956Z,github.com/pESt-PARsEr/pEsT,v2.9.3-0.20261008082932-3cdfaceadc22+incompatible
2026-10-08T21:37:01.847129Z,github.com/peSt-pArSER/PeST,v2.9.3-0.20261008082932-3cdfaceadc22+incompatible
2026-10-08T21:37:01.968504Z,github.com/pesT-pARSer/pesT,v2.9.3-0.20261008082932-3cdfaceadc22+incompatible
2026-10-08T21:37:02.191737Z,github.com/PeST-PArsEr/pesT,v2.9.3-0.20261008082932-3cdfaceadc22+incompatible
2026-10-08T21:37:02.423397Z,github.com/PESt-ParSEr/peST,v2.9.3-0.20261008082932-3cdfaceadc22+incompatible
2026-10-08T21:37:02.584173Z,github.com/pEsT-PaRSER/PeSt,v2.9.3-0.20261008082932-3cdfaceadc22+incompatible
2026-10-08T21:37:02.638801Z,github.com/PesT-PaRSER/PeST,v2.9.3-0.20261008082932-3cdfaceadc22+incompatible
2026-10-08T21:37:03.107646Z,github.com/Pest-PARseR/Pest,v2.9.3-0.20261008082932-3cdfaceadc22+incompatible
2026-10-08T21:37:03.12491Z,github.com/pEsT-paRSEr/PeSt,v2.9.3-0.20261008082932-3cdfaceadc22+incompatible
2026-10-08T21:37:03.613491Z,github.com/metalabel/dfos/packages/dfos-protocol-go,v0.0.0-20261008175738-9ff1b26257a5
2026-10-08T21:37:03.665857Z,github.com/Pest-PARser/pEst,v2.9.3-0.20261008082932-3cdfaceadc22+incompatible
2026-10-08T21:37:03.876688Z,github.com/pEsT-PaRsEr/PesT,v2.9.3-0.20261008082932-3cdfaceadc22+incompatible
2026-10-08T21:37:04.191131Z,github.com/pest-paRsER/PESt,v2.9.3-0.20261008082932-3cdfaceadc22+incompatible
2026-10-08T21:37:04.246238Z,github.com/pesT-pArSER/PesT,v2.9.3-0.20261008082932-3cdfaceadc22+incompatible
2026-10-08T21:37:04.249638Z,github.com/PROMETHEUS/PROMEtHEuS,v0.314.0-rc.0.0.20261008141710-21fd457f2b67
2026-10-08T21:37:04.540997Z,github.com/peST-parseR/Pest,v2.9.3-0.20261008082932-3cdfaceadc22+incompatible
2026-10-08T21:37:05.300056Z,github.com/PeST-PArSER/peST,v2.9.3-0.20261008082932-3cdfaceadc22+incompatible
2026-10-08T21:37:05.629296Z,github.com/PeST-parSEr/pESt,v2.9.3-0.20261008082932-3cdfaceadc22+incompatible
2026-10-08T21:37:05.831539Z,github.com/PEst-PArser/pesT,v2.9.3-0.20261008082932-3cdfaceadc22+incompatible
2026-10-08T21:37:06.270737Z,github.com/PesT-paRseR/peST,v2.9.3-0.20261008082932-3cdfaceadc22+incompatible
2026-10-08T21:37:06.805427Z,github.com/peSt-parser/PEst,v2.9.3-0.20261008082932-3cdfaceadc22+incompatible
2026-10-08T21:37:07.329543Z,github.com/PEST-PArSer/pEst,v2.9.3-0.20261008082932-3cdfaceadc22+incompatible
2026-10-08T21:37:07.388676Z,github.com/PesT-paRseR/PesT,v2.9.3-0.20261008082932-3cdfaceadc22+incompatible
2026-10-08T21:37:07.727158Z,github.com/pESt-PARSEr/PesT,v2.9.3-0.20261008082932-3cdfaceadc22+incompatible
2026-10-08T21:37:07.849217Z,github.com/PESt-PARSer/peSt,v2.9.3-0.20261008082932-3cdfaceadc22+incompatible
2026-10-08T21:37:08.181917Z,github.com/PesT-PaRSeR/pEsT,v2.9.3-0.20261008082932-3cdfaceadc22+incompatible
2026-10-08T21:37:08.29997Z,github.com/PesT-ParsEr/PeST,v2.9.3-0.20261008082932-3cdfaceadc22+incompatible
2026-10-08T21:37:08.309953Z,github.com/pEst-pARsEr/PEst,v2.9.3-0.20261008082932-3cdfaceadc22+incompatible
2026-10-08T21:37:08.486206Z,github.com/pEsT-PaRser/Pest,v2.9.3-0.20261008082932-3cdfaceadc22+incompatible
2026-10-08T21:37:08.612242Z,github.com/pEsT-PaRseR/pest,v2.9.3-0.20261008082932-3cdfaceadc22+incompatible
2026-10-08T21:37:08.926544Z,github.com/pESt-PaRSER/PEsT,v2.9.3-0.20261008082932-3cdfaceadc22+incompatible
2026-10-08T21:37:09.041854Z,github.com/pest-PaRsER/peSt,v2.9.3-0.20261008082932-3cdfaceadc22+incompatible
2026-10-08T21:37:09.216935Z,github.com/peSt-PARsER/PesT,v2.9.3-0.20261008082932-3cdfaceadc22+incompatible
2026-10-08T21:37:09.39962Z,github.com/peSt-parsER/pEst,v2.9.3-0.20261008082932-3cdfaceadc22+incompatible
2026-10-08T21:37:09.878168Z,github.com/peSt-PaRser/PeSt,v2.9.3-0.20261008082932-3cdfaceadc22+incompatible
2026-10-08T21:37:09.94357Z,github.com/PEST-ParseR/Pest,v2.9.3-0.20261008082932-3cdfaceadc22+incompatible
2026-10-08T21:37:10.304932Z,github.com/pesT-paRseR/pesT,v2.9.3-0.20261008082932-3cdfaceadc22+incompatible
2026-10-08T21:37:10.392247Z,github.com/PeST-pArSEr/pEst,v2.9.3-0.20261008082932-3cdfaceadc22+incompatible
2026-10-08T21:37:10.549784Z,github.com/pEST-parsEr/Pest,v2.9.3-0.20261008082932-3cdfaceadc22+incompatible
2026-10-08T21:37:10.792946Z,github.com/peSt-Parser/PEsT,v2.9.3-0.20261008082932-3cdfaceadc22+incompatible
2026-10-08T21:37:11.302137Z,github.com/PeSt-pArSer/pEST,v2.9.3-0.20261008082932-3cdfaceadc22+incompatible
2026-10-08T21:37:11.376532Z,github.com/peST-PaRSer/peSt,v2.9.3-0.20261008082932-3cdfaceadc22+incompatible
2026-10-08T21:37:11.647846Z,github.com/pEst-ParseR/peST,v2.9.3-0.20261008082932-3cdfaceadc22+incompatible
2026-10-08T21:37:12.643801Z,github.com/pest-ParsEr/pESt,v2.9.3-0.20261008082932-3cdfaceadc22+incompatible
2026-10-08T21:37:12.645052Z,github.com/peSt-PARsER/peST,v2.9.3-0.20261008082932-3cdfaceadc22+incompatible
2026-10-08T21:37:12.871374Z,github.com/peSt-pARsER/pest,v2.9.3-0.20261008082932-3cdfaceadc22+incompatible
2026-10-08T21:37:13.718933Z,github.com/PEst-pArSER/PesT,v2.9.3-0.20261008082932-3cdfaceadc22+incompatible
2026-10-08T21:37:14.173591Z,github.com/Pest-PArser/pEST,v2.9.3-0.20261008082932-3cdfaceadc22+incompatible
2026-10-08T21:37:14.229637Z,github.com/PEst-paRSeR/PESt,v2.9.3-0.20261008082932-3cdfaceadc22+incompatible
2026-10-08T21:37:14.304004Z,github.com/pesT-ParseR/PesT,v2.9.3-0.20261008082932-3cdfaceadc22+incompatible
2026-10-08T21:37:14.535619Z,github.com/peST-pARSEr/pEst,v2.9.3-0.20261008082932-3cdfaceadc22+incompatible
2026-10-08T21:37:14.708201Z,github.com/PESt-PARSEr/pest,v2.9.3-0.20261008082932-3cdfaceadc22+incompatible
2026-10-08T21:37:14.821333Z,github.com/PeSt-PARseR/peSt,v2.9.3-0.20261008082932-3cdfaceadc22+incompatible
2026-10-08T21:37:14.828078Z,github.com/pest-PaRSeR/peST,v2.9.3-0.20261008082932-3cdfaceadc22+incompatible
2026-10-08T21:37:15.072359Z,github.com/pEsT-PArser/PESt,v2.9.3-0.20261008082932-3cdfaceadc22+incompatible
2026-10-08T21:37:15.273297Z,github.com/PesT-PArSEr/PESt,v2.9.3-0.20261008082932-3cdfaceadc22+incompatible
2026-10-08T21:37:15.797557Z,github.com/PesT-pARsER/pESt,v2.9.3-0.20261008082932-3cdfaceadc22+incompatible
2026-10-08T21:37:15.897649Z,github.com/PESt-pARseR/PEST,v2.9.3-0.20261008082932-3cdfaceadc22+incompatible
2026-10-08T21:37:16.456574Z,github.com/pEst-paRSEr/PEst,v2.9.3-0.20261008082932-3cdfaceadc22+incompatible
2026-10-08T21:37:16.589466Z,github.com/peSt-PArSEr/pEST,v2.9.3-0.20261008082932-3cdfaceadc22+incompatible
2026-10-08T21:37:17.074867Z,github.com/pESt-ParsEr/pesT,v2.9.3-0.20261008082932-3cdfaceadc22+incompatible
2026-10-08T21:37:17.494718Z,github.com/pest-pArser/pesT,v2.9.3-0.20261008082932-3cdfaceadc22+incompatible
2026-10-08T21:37:17.957858Z,github.com/PESt-PArSER/PEST,v2.9.3-0.20261008082932-3cdfaceadc22+incompatible
2026-10-08T21:37:18.212684Z,github.com/PesT-pARsEr/pEST,v2.9.3-0.20261008082932-3cdfaceadc22+incompatible
2026-10-08T21:37:18.543975Z,github.com/PEst-paRSeR/peST,v2.9.3-0.20261008082932-3cdfaceadc22+incompatible
2026-10-08T21:37:18.681978Z,github.com/PEsT-pArsER/PesT,v2.9.3-0.20261008082932-3cdfaceadc22+incompatible
2026-10-08T21:37:19.61826Z,github.com/PesT-PArSer/PEsT,v2.9.3-0.20261008082932-3cdfaceadc22+incompatible
2026-10-08T21:37:19.662195Z,github.com/PEST-pArSER/PEst,v2.9.3-0.20261008082932-3cdfaceadc22+incompatible
2026-10-08T21:37:19.756075Z,github.com/pest-PARsER/PESt,v2.9.3-0.20261008082932-3cdfaceadc22+incompatible
2026-10-08T21:37:19.780774Z,github.com/pEst-paRsER/PeST,v2.9.3-0.20261008082932-3cdfaceadc22+incompatible
2026-10-08T21:37:20.038012Z,github.com/pEST-pArsEr/peST,v2.9.3-0.20261008082932-3cdfaceadc22+incompatible
2026-10-08T21:37:20.629036Z,github.com/PEst-pARser/peST,v2.9.3-0.20261008082932-3cdfaceadc22+incompatible
2026-10-08T21:37:20.793662Z,github.com/pEsT-PARsEr/PEST,v2.9.3-0.20261008082932-3cdfaceadc22+incompatible
2026-10-08T21:37:20.823811Z,github.com/pEsT-PARser/PEsT,v2.9.3-0.20261008082932-3cdfaceadc22+incompatible
2026-10-08T21:37:21.008695Z,github.com/PeST-pArSER/PEsT,v2.9.3-0.20261008082932-3cdfaceadc22+incompatible
2026-10-08T21:37:21.678749Z,github.com/pEST-ParSEr/PeSt,v2.9.3-0.20261008082932-3cdfaceadc22+incompatible
2026-10-08T21:37:21.706733Z,github.com/PEst-PARSer/pEST,v2.9.3-0.20261008082932-3cdfaceadc22+incompatible
2026-10-08T21:37:22.11425Z,github.com/intranda/goobi-viewer-core,v25.10.9-0.20261008130218-3b6896ab7835+incompatible
2026-10-08T21:37:22.331176Z,github.com/PeST-ParsEr/PEST,v2.9.3-0.20261008082932-3cdfaceadc22+incompatible
2026-10-08T21:37:22.638019Z,github.com/viz-rs/vidi,v0.8.8
2026-10-08T21:37:22.755245Z,github.com/pest-PArsEr/PESt,v2.9.3-0.20261008082932-3cdfaceadc22+incompatible
2026-10-08T21:37:24.076437Z,github.com/PeSt-pArsER/PEst,v2.9.3-0.20261008082932-3cdfaceadc22+incompatible
2026-10-08T21:37:24.428261Z,github.com/PESt-PArSEr/pESt,v2.9.3-0.20261008082932-3cdfaceadc22+incompatible
2026-10-08T21:37:24.698478Z,github.com/PROMETHEUS/PROMEtHeUs,v0.314.0-rc.0.0.20261008141710-21fd457f2b67
2026-10-08T21:37:24.854496Z,github.com/Pest-PaRSER/PesT,v2.9.3-0.20261008082932-3cdfaceadc22+incompatible
2026-10-08T21:37:24.983848Z,github.com/PEst-PaRseR/peSt,v2.9.3-0.20261008082932-3cdfaceadc22+incompatible
2026-10-08T21:37:25.516998Z,github.com/pesT-PARSeR/PEsT,v2.9.3-0.20261008082932-3cdfaceadc22+incompatible
2026-10-08T21:37:25.615638Z,github.com/PESt-PARSer/peST,v2.9.3-0.20261008082932-3cdfaceadc22+incompatible
2026-10-08T21:37:25.617864Z,github.com/pEsT-pArseR/PEsT,v2.9.3-0.20261008082932-3cdfaceadc22+incompatible
2026-10-08T21:37:25.782376Z,github.com/pESt-PaRSEr/pest,v2.9.3-0.20261008082932-3cdfaceadc22+incompatible
2026-10-08T21:37:25.859029Z,github.com/PEST-pARseR/pESt,v2.9.3-0.20261008082932-3cdfaceadc22+incompatible
2026-10-08T21:37:26.25835Z,github.com/pesT-parsER/pEsT,v2.9.3-0.20261008082932-3cdfaceadc22+incompatible
2026-10-08T21:37:26.377977Z,github.com/PesT-PArSER/Pest,v2.9.3-0.20261008082932-3cdfaceadc22+incompatible
2026-10-08T21:37:26.552237Z,github.com/Pest-ParseR/Pest,v2.9.3-0.20261008082932-3cdfaceadc22+incompatible
2026-10-08T21:37:26.877532Z,github.com/pESt-parser/pEST,v2.9.3-0.20261008082932-3cdfaceadc22+incompatible
2026-10-08T21:37:26.878862Z,github.com/Pest-ParSER/PeSt,v2.9.3-0.20261008082932-3cdfaceadc22+incompatible
2026-10-08T21:37:26.906185Z,github.com/PEST-parseR/peST,v2.9.3-0.20261008082932-3cdfaceadc22+incompatible
2026-10-08T21:37:27.155946Z,github.com/pEsT-pArSeR/Pest,v2.9.3-0.20261008082932-3cdfaceadc22+incompatible
2026-10-08T21:37:27.883312Z,github.com/pEst-pARSER/PesT,v2.9.3-0.20261008082932-3cdfaceadc22+incompatible
2026-10-08T21:37:27.976497Z,github.com/pest-PArSEr/PEST,v2.9.3-0.20261008082932-3cdfaceadc22+incompatible
2026-10-08T21:37:28.029255Z,github.com/pESt-parSeR/PeST,v2.9.3-0.20261008082932-3cdfaceadc22+incompatible
2026-10-08T21:37:28.129984Z,github.com/PeSt-PaRser/PESt,v2.9.3-0.20261008082932-3cdfaceadc22+incompatible
2026-10-08T21:37:28.199191Z,github.com/PeST-parSeR/pEsT,v2.9.3-0.20261008082932-3cdfaceadc22+incompatible
2026-10-08T21:37:28.243873Z,github.com/pEst-Parser/pesT,v2.9.3-0.20261008082932-3cdfaceadc22+incompatible
2026-10-08T21:37:28.332804Z,github.com/PeST-paRSer/PeSt,v2.9.3-0.20261008082932-3cdfaceadc22+incompatible
2026-10-08T21:37:28.93182Z,github.com/pEST-PArSeR/PEst,v2.9.3-0.20261008082932-3cdfaceadc22+incompatible
2026-10-08T21:37:29.008336Z,github.com/PEsT-PARSeR/pEst,v2.9.3-0.20261008082932-3cdfaceadc22+incompatible
2026-10-08T21:37:29.399677Z,github.com/PEst-paRsEr/pEst,v2.9.3-0.20261008082932-3cdfaceadc22+incompatible
2026-10-08T21:37:30.454286Z,github.com/pesT-PaRSer/pEST,v2.9.3-0.20261008082932-3cdfaceadc22+incompatible
2026-10-08T21:37:30.65308Z,github.com/PEsT-pArser/pesT,v2.9.3-0.20261008082932-3cdfaceadc22+incompatible
2026-10-08T21:37:30.760769Z,github.com/pESt-PaRSEr/PEST,v2.9.3-0.20261008082932-3cdfaceadc22+incompatible
2026-10-08T21:37:30.904953Z,github.com/pESt-PArsEr/PESt,v2.9.3-0.20261008082932-3cdfaceadc22+incompatible
2026-10-08T21:37:31.19484Z,github.com/peST-pARSeR/pEst,v2.9.3-0.20261008082932-3cdfaceadc22+incompatible
2026-10-08T21:37:32.849026Z,github.com/peST-parSer/PEst,v2.9.3-0.20261008082932-3cdfaceadc22+incompatible
2026-10-08T21:37:32.867913Z,github.com/peST-pArSEr/pESt,v2.9.3-0.20261008082932-3cdfaceadc22+incompatible
2026-10-08T21:37:32.997762Z,github.com/PROMETHEUS/PROMEtHeuS,v0.314.0-rc.0.0.20261008141710-21fd457f2b67
2026-10-08T21:37:33.028116Z,github.com/PEsT-pARSEr/PEsT,v2.9.3-0.20261008082932-3cdfaceadc22+incompatible
2026-10-08T21:37:33.185688Z,github.com/PeST-PArSEr/pESt,v2.9.3-0.20261008082932-3cdfaceadc22+incompatible
2026-10-08T21:37:33.235186Z,github.com/pEsT-paRseR/pEST,v2.9.3-0.20261008082932-3cdfaceadc22+incompatible
2026-10-08T21:37:33.491845Z,github.com/peST-pArsER/peST,v2.9.3-0.20261008082932-3cdfaceadc22+incompatible
2026-10-08T21:37:33.781916Z,github.com/pest-pARser/Pest,v2.9.3-0.20261008082932-3cdfaceadc22+incompatible
2026-10-08T21:37:33.78798Z,github.com/pest-PaRser/pEst,v2.9.3-0.20261008082932-3cdfaceadc22+incompatible
2026-10-08T21:37:34.11312Z,github.com/PeST-pARSEr/peSt,v2.9.3-0.20261008082932-3cdfaceadc22+incompatible
2026-10-08T21:37:34.967084Z,github.com/PESt-PARsER/Pest,v2.9.3-0.20261008082932-3cdfaceadc22+incompatible
2026-10-08T21:37:34.967886Z,github.com/PEst-ParSer/PEsT,v2.9.3-0.20261008082932-3cdfaceadc22+incompatible
2026-10-08T21:37:35.119148Z,github.com/HiveRunner/HiveRunner,v5.2.2+incompatible
2026-10-08T21:37:35.390394Z,github.com/peSt-PArSer/pEst,v2.9.3-0.20261008082932-3cdfaceadc22+incompatible
2026-10-08T21:37:35.522878Z,github.com/pESt-paRSeR/PeST,v2.9.3-0.20261008082932-3cdfaceadc22+incompatible
2026-10-08T21:37:35.802326Z,github.com/PEST-parsER/pESt,v2.9.3-0.20261008082932-3cdfaceadc22+incompatible
2026-10-08T21:37:35.852118Z,github.com/pESt-parsEr/pest,v2.9.3-0.20261008082932-3cdfaceadc22+incompatible
2026-10-08T21:37:36.230848Z,github.com/pEst-PARSeR/pesT,v2.9.3-0.20261008082932-3cdfaceadc22+incompatible
2026-10-08T21:37:36.422147Z,github.com/capricorn86/happy-dom,v20.6.6-0.20260220233154-78a2ff462c03+incompatible
2026-10-08T21:37:36.591598Z,github.com/peSt-ParSer/pESt,v2.9.3-0.20261008082932-3cdfaceadc22+incompatible
2026-10-08T21:37:36.730243Z,github.com/PeSt-pArsEr/peSt,v2.9.3-0.20261008082932-3cdfaceadc22+incompatible
2026-10-08T21:37:37.062264Z,github.com/pEsT-ParSeR/pest,v2.9.3-0.20261008082932-3cdfaceadc22+incompatible
2026-10-08T21:37:38.624413Z,github.com/pEst-parSEr/pest,v2.9.3-0.20261008082932-3cdfaceadc22+incompatible
2026-10-08T21:37:39.058281Z,github.com/pesT-pARSer/PeST,v2.9.3-0.20261008082932-3cdfaceadc22+incompatible
2026-10-08T21:37:39.467834Z,github.com/pEST-PArsER/pest,v2.9.3-0.20261008082932-3cdfaceadc22+incompatible
2026-10-08T21:37:39.497685Z,github.com/peSt-parSeR/pesT,v2.9.3-0.20261008082932-3cdfaceadc22+incompatible
2026-10-08T21:37:39.78455Z,github.com/PESt-paRsER/PESt,v2.9.3-0.20261008082932-3cdfaceadc22+incompatible
2026-10-08T21:37:39.786219Z,github.com/PEsT-PARsER/pest,v2.9.3-0.20261008082932-3cdfaceadc22+incompatible
2026-10-08T21:37:39.898765Z,github.com/PesT-PARSEr/peSt,v2.9.3-0.20261008082932-3cdfaceadc22+incompatible
2026-10-08T21:37:40.090147Z,github.com/PEST-PARsER/pEST,v2.9.3-0.20261008082932-3cdfaceadc22+incompatible
2026-10-08T21:37:40.097272Z,github.com/PEst-ParSer/pESt,v2.9.3-0.20261008082932-3cdfaceadc22+incompatible
2026-10-08T21:37:40.407271Z,github.com/peSt-PARSeR/PeSt,v2.9.3-0.20261008082932-3cdfaceadc22+incompatible
2026-10-08T21:37:40.682077Z,github.com/PesT-PARsER/pEsT,v2.9.3-0.20261008082932-3cdfaceadc22+incompatible
2026-10-08T21:37:41.332148Z,github.com/PeST-PARSEr/pest,v2.9.3-0.20261008082932-3cdfaceadc22+incompatible
2026-10-08T21:37:41.36345Z,github.com/PEsT-PArsEr/pest,v2.9.3-0.20261008082932-3cdfaceadc22+incompatible
2026-10-08T21:37:41.996473Z,github.com/peST-PaRSeR/pest,v2.9.3-0.20261008082932-3cdfaceadc22+incompatible
2026-10-08T21:37:42.520915Z,github.com/PeST-PARsEr/pest,v2.9.3-0.20261008082932-3cdfaceadc22+incompatible
2026-10-08T21:37:42.671604Z,github.com/peSt-pARseR/PesT,v2.9.3-0.20261008082932-3cdfaceadc22+incompatible
2026-10-08T21:37:43.250925Z,github.com/pest-PARSEr/peSt,v2.9.3-0.20261008082932-3cdfaceadc22+incompatible
2026-10-08T21:37:43.404755Z,github.com/pEst-parseR/PEsT,v2.9.3-0.20261008082932-3cdfaceadc22+incompatible
2026-10-08T21:37:43.559256Z,github.com/PeST-paRSer/PeST,v2.9.3-0.20261008082932-3cdfaceadc22+incompatible
2026-10-08T21:37:43.574343Z,github.com/PeSt-PArsER/pESt,v2.9.3-0.20261008082932-3cdfaceadc22+incompatible
2026-10-08T21:37:44.236564Z,github.com/pEst-paRsER/PEsT,v2.9.3-0.20261008082932-3cdfaceadc22+incompatible
2026-10-08T21:37:44.336112Z,github.com/pesT-PArSer/PesT,v2.9.3-0.20261008082932-3cdfaceadc22+incompatible
2026-10-08T21:37:44.350945Z,github.com/PEst-ParSeR/pEsT,v1.0.2
2026-10-08T21:37:44.37782Z,github.com/PEST-pARsEr/PeSt,v2.9.3-0.20261008082932-3cdfaceadc22+incompatible
2026-10-08T21:37:44.465122Z,github.com/pest-PaRsEr/pESt,v2.9.3-0.20261008082932-3cdfaceadc22+incompatible
2026-10-08T21:37:44.491934Z,github.com/pEst-paRSer/pest,v2.9.3-0.20261008082932-3cdfaceadc22+incompatible
2026-10-08T21:37:44.618537Z,github.com/PEsT-pArsEr/pESt,v2.9.3-0.20261008082932-3cdfaceadc22+incompatible
2026-10-08T21:37:44.799769Z,github.com/pESt-pArSer/PeSt,v2.9.3-0.20261008082932-3cdfaceadc22+incompatible
2026-10-08T21:37:44.852461Z,github.com/PEsT-PaRser/peSt,v2.9.3-0.20261008082932-3cdfaceadc22+incompatible
2026-10-08T21:37:44.914416Z,github.com/pest-parSEr/PEST,v2.9.3-0.20261008082932-3cdfaceadc22+incompatible
2026-10-08T21:37:45.401745Z,github.com/pEST-PArsEr/PEsT,v2.9.3-0.20261008082932-3cdfaceadc22+incompatible
2026-10-08T21:37:45.457017Z,github.com/peSt-pARseR/pest,v2.9.3-0.20261008082932-3cdfaceadc22+incompatible
2026-10-08T21:37:45.490027Z,github.com/PeSt-paRSEr/PeST,v2.9.3-0.20261008082932-3cdfaceadc22+incompatible
2026-10-08T21:37:45.775159Z,github.com/pEST-PARSER/pEsT,v2.9.3-0.20261008082932-3cdfaceadc22+incompatible
2026-10-08T21:37:45.78169Z,github.com/pest-paRSer/peSt,v2.9.3-0.20261008082932-3cdfaceadc22+incompatible
2026-10-08T21:37:46.021242Z,github.com/Pest-parSer/pEST,v2.9.3-0.20261008082932-3cdfaceadc22+incompatible
2026-10-08T21:37:46.398855Z,github.com/pest-paRsEr/peSt,v2.9.3-0.20261008082932-3cdfaceadc22+incompatible
2026-10-08T21:37:46.956089Z,github.com/pEst-PARsEr/pESt,v2.9.3-0.20261008082932-3cdfaceadc22+incompatible
2026-10-08T21:37:47.205192Z,github.com/pESt-paRsEr/PeST,v2.9.3-0.20261008082932-3cdfaceadc22+incompatible
2026-10-08T21:37:48.208662Z,github.com/PROMETHEUS/PROMEtHeus,v0.314.0-rc.0.0.20261008141710-21fd457f2b67
2026-10-08T21:37:48.367059Z,github.com/PEst-pArseR/Pest,v2.9.3-0.20261008082932-3cdfaceadc22+incompatible
2026-10-08T21:37:49.93963Z,github.com/PESt-parsEr/pESt,v1.0.2
2026-10-08T21:37:51.412548Z,github.com/pest-parSeR/PeSt,v2.9.3-0.20261008082932-3cdfaceadc22+incompatible
2026-10-08T21:37:51.761833Z,github.com/PROMETHEUS/PROMEthEUS,v0.314.0-rc.0.0.20261008141710-21fd457f2b67
2026-10-08T21:37:53.759995Z,github.com/peSt-PaRSer/PeSt,v2.9.3-0.20261008082932-3cdfaceadc22+incompatible
2026-10-08T21:37:54.167938Z,github.com/PeST-parSEr/peSt,v1.0.2
2026-10-08T21:38:01.275524Z,github.com/PROMETHEUS/PROMEthEUs,v0.314.0-rc.0.0.20261008141710-21fd457f2b67
2026-10-08T21:38:02.479981Z,github.com/PROMETHEUS/PROMEthEuS,v0.314.0-rc.0.0.20261008141710-21fd457f2b67
2026-10-08T21:38:04.050692Z,github.com/kiali/kiali.io,v1.6.0
2026-10-08T21:38:04.882267Z,github.com/vexner67/freenet/club,v0.0.0-20261008205426-eeb96b3b87af
2026-10-08T21:38:10.359049Z,github.com/Pest-ParSER/PesT,v0.2.2
2026-10-08T21:38:10.798501Z,github.com/XEN0N/gosmopolitan,v1.3.0
2026-10-08T21:38:12.232653Z,github.com/yangshengyuan/java-benchmarks,v0.0.0-20220909020115-e37409a883f4
2026-10-08T21:38:13.024359Z,go.dokimi.dev/ergon,v0.2.1-0.20261008210312-f1364c2c22ad
2026-10-08T21:38:22.066713Z,github.com/rocq-prover/equations,v1.2.4-8.11
2026-10-08T21:38:33.564688Z,github.com/cauteum/cauteum-gateway,v0.1.0-beta.1
2026-10-08T21:38:36.130289Z,github.com/PROMETHEUS/PROMEtheUS,v0.314.0-rc.0.0.20261008141710-21fd457f2b67
2026-10-08T21:38:36.895429Z,github.com/voxgig-sdk/smsapi-sdk/go-mcp,v0.0.0-20261008191253-c904eda52625
2026-10-08T21:38:38.562865Z,github.com/belkassaby/cellpose-js,v0.1.2
2026-10-08T21:38:40.849771Z,github.com/scaleoutsystems/scaleout-client,v1.0.2
2026-10-08T21:38:43.847201Z,github.com/PROMETHEUS/PROMEtheUs,v0.314.0-rc.0.0.20261008141710-21fd457f2b67
2026-10-08T21:38:44.903619Z,github.com/PEST-pArSer/PEsT,v1.0.2
2026-10-08T21:38:46.874Z,github.com/PROMETHEUS/PROMEtheuS,v0.314.0-rc.0.0.20261008141710-21fd457f2b67
2026-10-08T21:38:47.93617Z,github.com/PROMETHEUS/PROMEthEus,v0.314.0-rc.0.0.20261008141710-21fd457f2b67
2026-10-08T21:38:48.386456Z,github.com/DataDog/terraform-aws-lambda-datadog,v4.6.0+incompatible
2026-10-08T21:39:00.434381Z,github.com/Pest-paRseR/peSt,v2.4.1+incompatible
2026-10-08T21:39:01.658005Z,github.com/Kopuz-org/kopuz,v0.20.0
2026-10-08T21:39:03.038427Z,github.com/Pest-pArSer/pesT,v2.1.3-pest+incompatible
2026-10-08T21:39:09.624368Z,github.com/aws/aws-sdk-go-V2/service/resourcegroupstaggingapi,v1.41.3
2026-10-08T21:39:09.766706Z,github.com/PROMETHEUS/PROMEtheus,v0.314.0-rc.0.0.20261008141710-21fd457f2b67
2026-10-08T21:39:15.436103Z,github.com/PROMETHEUS/PROMeTHEUS,v0.314.0-rc.0.0.20261008141710-21fd457f2b67
2026-10-08T21:39:19.271959Z,github.com/Greenmaskio/greenmask,v0.2.26-0.20261008180404-64109a814c97
2026-10-08T21:39:23.519671Z,github.com/PROMETHEUS/PROMeTHEUs,v0.314.0-rc.0.0.20261008141710-21fd457f2b67
2026-10-08T21:39:29.317386Z,github.com/pigfox/websocket-lab,v0.1.0
2026-10-08T21:39:32.567883Z,github.com/wikilayer/prose-rhythm,v0.3.0
2026-10-08T21:39:35.530498Z,github.com/Algorand/go-algorand,v0.0.0-20261008164759-bad6518f0132
2026-10-08T21:39:40.099276Z,github.com/e2engine/instrumentation-go,v0.0.2-0.20261008210611-f27acb4bfaa2
2026-10-08T21:39:46.956165Z,github.com/neuroplastio/hotty-go/hottyedit,v0.0.0-20261008213647-69317402c65e
2026-10-08T21:39:48.129338Z,github.com/PROMETHEUS/PROMeTHEuS,v0.314.0-rc.0.0.20261008141710-21fd457f2b67
2026-10-08T21:39:49.232392Z,github.com/PROMETHEUS/PROMeTHEus,v0.314.0-rc.0.0.20261008141710-21fd457f2b67
2026-10-08T21:39:58.14633Z,github.com/PROMETHEUS/PROMeTHeUS,v0.314.0-rc.0.0.20261008141710-21fd457f2b67
2026-10-08T21:40:07.635184Z,github.com/gofixpoint/amika,v0.0.0-20261008213115-731a83db994a
2026-10-08T21:40:15.63654Z,github.com/Shopify/ejson2env/v2,v2.0.9
2026-10-08T21:40:17.393984Z,github.com/PROMETHEUS/PROMeTHeUs,v0.314.0-rc.0.0.20261008141710-21fd457f2b67
2026-10-08T21:40:20.856837Z,github.com/facebookarchive/augmented-traffic-control,v0.1.0
2026-10-08T21:40:23.965891Z,github.com/Azhovan/durable-resume/v3,v3.12.0
2026-10-08T21:40:26.341776Z,github.com/eitanity/softmagic,v0.3.1
2026-10-08T21:40:27.067533Z,github.com/SAP/cf-mta-deploy-service,v0.0.0-20261008150657-5bdf92bf8add
2026-10-08T21:40:52.584931Z,github.com/PROMETHEUS/PROMeThEUS,v0.314.0-rc.0.0.20261008141710-21fd457f2b67
2026-10-08T21:40:53.463432Z,github.com/scverse/rapids-singlecell,v0.15.0
2026-10-08T21:40:58.478328Z,github.com/PROMETHEUS/PROMeTHeuS,v0.314.0-rc.0.0.20261008141710-21fd457f2b67
2026-10-08T21:41:08.431386Z,github.com/aws/aws-sdk-go-v2/service/gameliftstreams,v1.22.3
2026-10-08T21:41:13.638966Z,github.com/PROMETHEUS/PROMeThEus,v0.314.0-rc.0.0.20261008141710-21fd457f2b67
2026-10-08T21:41:15.531834Z,github.com/PROMETHEUS/PROMeThEUs,v0.314.0-rc.0.0.20261008141710-21fd457f2b67
2026-10-08T21:41:18.243352Z,github.com/PROMETHEUS/PROMeThEuS,v0.314.0-rc.0.0.20261008141710-21fd457f2b67
2026-10-08T21:41:24.363009Z,github.com/MeKo-Christian/algo-dsp,v0.11.0
2026-10-08T21:41:29.914467Z,github.com/PROMETHEUS/PROMeTheUS,v0.314.0-rc.0.0.20261008141710-21fd457f2b67
2026-10-08T21:41:31.071415Z,github.com/PROMETHEUS/PROMeTHeus,v0.314.0-rc.0.0.20261008141710-21fd457f2b67
2026-10-08T21:41:33.004821Z,github.com/PROMETHEUS/PROMeTheUs,v0.314.0-rc.0.0.20261008141710-21fd457f2b67
2026-10-08T21:41:45.061809Z,github.com/Zahgon/onedump,v0.3.0
2026-10-08T21:41:45.37941Z,github.com/zahgon/onedump,v0.4.3
2026-10-08T21:41:47.468653Z,github.com/Go-crypt/crypt,v0.1.4
2026-10-08T21:41:48.598506Z,github.com/AnitChaudhry/CodraGraph,v2.2.0-rc.4+incompatible
2026-10-08T21:41:48.91956Z,github.com/gkellogg/jsonld.js,v0.5.6
2026-10-08T21:41:50.268221Z,github.com/alexanderc/nestjs-iacry,v0.0.3
2026-10-08T21:41:50.598971Z,github.com/anitchaudhry/codragraph,v2.1.6+incompatible
2026-10-08T21:41:56.133399Z,github.com/Alessandro-Pang/harnessmith,v0.4.1
2026-10-08T21:42:01.194886Z,github.com/XsAM/otelsql,v0.7.0
2026-10-08T21:42:01.222634Z,github.com/PROMETHEUS/PROMeTheus,v0.314.0-rc.0.0.20261008141710-21fd457f2b67
2026-10-08T21:42:06.170569Z,github.com/angael/dunes-node,v2.1.1+incompatible
2026-10-08T21:42:07.747566Z,github.com/chuyu-team/yy-thunks,v1.2.3-Beta.2
2026-10-08T21:42:09.506138Z,github.com/AZure/azure-sdk-for-go/sdk/resourcemanager/keyvault/armkeyvault,v1.1.0-beta.2
2026-10-08T21:42:10.273732Z,github.com/genome-spy/genome-spy,v1.1.1
2026-10-08T21:42:10.274704Z,github.com/grapHql-pYThON/gql,v0.2.0
2026-10-08T21:42:12.339589Z,github.com/PROMETHEUS/PROMetHEUS,v0.314.0-rc.0.0.20261008141710-21fd457f2b67
2026-10-08T21:42:13.498834Z,github.com/graphqL-pYtHoN/gql,v0.2.0
2026-10-08T21:42:16.380382Z,github.com/SimonSiefke/vscode-memory-leak-finder,v9.23.0+incompatible
2026-10-08T21:42:18.134166Z,github.com/melisplatform/melis-core,v6.0.14+incompatible
2026-10-08T21:42:18.562244Z,dbut.dev/x/vanity/cmd,v0.0.0-20261007014732-def4a7b0ce97
2026-10-08T21:42:18.597941Z,dbut.dev/x/brand,v0.0.0-20261007024527-c0457b6789db
2026-10-08T21:42:18.740451Z,dbut.dev/x/ui,v0.0.0-20261007024527-c0457b6789db
2026-10-08T21:42:18.752294Z,dbut.dev/web-template/go,v0.0.0-20261004190500-2f23673cc564
2026-10-08T21:42:18.822756Z,dbut.dev/web-template/go/service,v0.0.0-20261004190500-2f23673cc564
2026-10-08T21:42:18.830298Z,dbut.dev/x/vanity,v0.0.0-20261007024527-c0457b6789db
2026-10-08T21:42:18.856029Z,dbut.dev/x/vanity/cmd/server,v0.0.0-20261007024527-c0457b6789db
2026-10-08T21:42:18.928932Z,dbut.dev/web-template/go/database,v0.0.0-20261004190500-2f23673cc564
2026-10-08T21:42:20.412274Z,github.com/peterbe/csstree,v1.0.0-alpha12
2026-10-08T21:42:25.884579Z,github.com/silverwind/csstree,v1.0.0-alpha22
2026-10-08T21:42:26.154472Z,github.com/v3ceban/claude-fm,v0.0.0-20261008213838-e746173f1e09
2026-10-08T21:42:33.667344Z,github.com/Open-Telemetry/opentelemetry-go-contrib/propagators/b3,v1.47.1-0.20261008155415-87c9b47d29df
2026-10-08T21:42:34.892841Z,github.com/PROMETHEUS/PROMetHEUs,v0.314.0-rc.0.0.20261008141710-21fd457f2b67
2026-10-08T21:42:35.690371Z,github.com/Obiipeh/cftunnel,v0.0.0-20261008204602-67a30ea56abd
2026-10-08T21:42:37.825561Z,github.com/jav-ram/rosetta/packages/parser,v0.4.1-0.20261008184529-b0dd90915bb3
2026-10-08T21:42:42.424536Z,github.com/Open-Telemetry/opentelemetry-collector-contrib/internal/splunk,v0.21.0
2026-10-08T21:42:42.479896Z,github.com/xiaoboost/csstree,v1.0.0-alpha20
2026-10-08T21:42:45.954963Z,github.com/xfq/csstree,v1.0.0-alpha13
2026-10-08T21:42:49.79001Z,github.com/PROMETHEUS/PROMetHEuS,v0.314.0-rc.0.0.20261008141710-21fd457f2b67
2026-10-08T21:42:50.71874Z,github.com/grapHQl-pYThON/gql,v0.2.0
2026-10-08T21:42:55.674929Z,github.com/gRaPhql-PYthOn/gql,v0.2.0
2026-10-08T21:42:55.737271Z,github.com/grApHQL-pYtHON/gql,v0.2.0
2026-10-08T21:42:55.92402Z,github.com/graPHQl-pyTHON/gql,v0.2.0
2026-10-08T21:42:56.337449Z,github.com/graphql-PytHOn/gql,v0.2.0
2026-10-08T21:42:56.801638Z,github.com/gRAphQL-PYThoN/gql,v0.2.0
2026-10-08T21:42:57.024539Z,github.com/gRaPHQl-pYThON/gql,v0.2.0
2026-10-08T21:42:57.946325Z,github.com/gRaPhQl-pYTHon/gql,v0.2.0
2026-10-08T21:43:00.829652Z,github.com/zenta-dev/zever/adapters/search/db,v0.6.2-0.20261008180049-cea8044e9d09
2026-10-08T21:43:01.058535Z,github.com/hyperledger-archives/sawtooth-core,v1.2.5
2026-10-08T21:43:01.115254Z,github.com/RepoBird/repobird-cli,v0.2.0
2026-10-08T21:43:01.819816Z,github.com/linuxfft/telegraf,v0.10.2-0.20261008205234-738596ae4d1c
2026-10-08T21:43:05.996342Z,github.com/PROMETHEUS/PROMeTheuS,v0.314.0-rc.0.0.20261008141710-21fd457f2b67
2026-10-08T21:43:06.500434Z,github.com/bramus/csstree,v2.0.1+incompatible
2026-10-08T21:43:07.760624Z,github.com/RBLN-SW/rbln-metrics-exporter,v0.2.5-0.20260508091402-18916bae6af5
2026-10-08T21:43:09.197725Z,github.com/TarsCloud/TarsCpp,v3.0.23-0.20260513024517-f81944c71a60+incompatible
2026-10-08T21:43:13.821056Z,github.com/cauteum/cauteum-driver,v0.1.0-beta.1.0.20261008213723-8dbb9235a0b0
2026-10-08T21:43:15.627174Z,github.com/TSX97/INK3,v0.0.0-20261008212038-dfa6a44a1d8c
2026-10-08T21:43:22.143834Z,github.com/inference-sh/skills,v0.0.0-20261006021451-0aabdc6f47f7
2026-10-08T21:43:22.599988Z,github.com/PROMETHEUS/PROMetHEus,v0.314.0-rc.0.0.20261008141710-21fd457f2b67
2026-10-08T21:43:28.29699Z,github.com/PROMETHEUS/PROMetHeUS,v0.314.0-rc.0.0.20261008141710-21fd457f2b67
2026-10-08T21:43:29.072428Z,github.com/alderon07/al,v0.0.0-20261008214146-8b14e23f237e
2026-10-08T21:43:46.23048Z,github.com/cauteum/cauteum-runtime,v0.1.0-beta.1.0.20261008213735-eedd709871f9
2026-10-08T21:43:46.735962Z,github.com/cauteum/cauteum-providers,v0.1.0-alpha.2.0.20261008213728-e8161a06c607
2026-10-08T21:43:48.422192Z,github.com/coregx/coregex,v0.12.26
2026-10-08T21:43:58.56302Z,github.com/open-traffic-generator/snappi-ixnetwork,v1.61.3
2026-10-08T21:43:58.833337Z,github.com/HdrHistogram/Hdrhistogram-go,v1.1.1
2026-10-08T21:44:17.63231Z,github.com/datadog/terraform-aws-lambda-datadog,v4.6.0+incompatible
2026-10-08T21:44:18.369091Z,github.com/kamilsk/platform,v0.0.0-20190126125726-25966bd9a196
2026-10-08T21:44:22.058069Z,github.com/xen0n/gosmopolitan,v1.3.1-0.20260622210223-95b8ad061786
2026-10-08T21:44:24.766549Z,github.com/cauteum/cauteum-proxy,v0.1.0-beta.1.0.20261008213730-ba16464ea729
2026-10-08T21:44:27.034011Z,github.com/cauteum/cauteum-sdk,v0.1.0-alpha.2.0.20261008213737-d52d0842eac4
2026-10-08T21:44:27.519005Z,github.com/kazu728/cosense-md,v0.3.0
2026-10-08T21:44:28.530346Z,github.com/GrapHQl-pyTHOn/gql,v0.2.0
2026-10-08T21:44:31.928689Z,github.com/techgodhq/creed,v0.5.0
2026-10-08T21:44:43.193744Z,github.com/amber-md/cpptraj,v6.29.14-0.20260930134703-27d70d8b4c8a+incompatible
2026-10-08T21:44:55.195009Z,github.com/LinwoodDev/Butterfly,v2.6.1-rc.1+incompatible
2026-10-08T21:44:56.934187Z,github.com/uatisdeproblem/idea-aws,v4.9.0+incompatible
2026-10-08T21:45:00.851098Z,github.com/lightninglabs/taproot-assets/taprpc,v0.0.0-20261008145201-8f1056a408dd
2026-10-08T21:45:06.530251Z,github.com/thybzi/csstree,v1.0.0-alpha.38
2026-10-08T21:45:08.45086Z,github.com/EruRoraito/Rustcript,v0.0.0-20261008203613-be2b3b7f4069
2026-10-08T21:45:12.17357Z,github.com/KeiaiLab/mongodb-operator,v1.1.2
2026-10-08T21:45:13.205781Z,github.com/shakacode/control-plane-flow,v2.0.1+incompatible
2026-10-08T21:45:18.293001Z,github.com/gRApHQl-pytHOn/gql,v0.2.0
2026-10-08T21:45:18.511091Z,github.com/gRaPHQL-PytHoN/gql,v0.2.0
2026-10-08T21:45:19.578068Z,github.com/gRAPhQl-PYTHON/gql,v0.2.0
2026-10-08T21:45:20.068282Z,github.com/GraPhqL-pYthoN/gql,v0.2.0
2026-10-08T21:45:23.12504Z,github.com/linwooddev/butterfly,v2.6.1-rc.1+incompatible
2026-10-08T21:45:24.311159Z,github.com/docker/dockeR/client,v0.6.2
2026-10-08T21:45:24.964141Z,github.com/GrAPHQL-pYtHoN/gql,v0.2.0
2026-10-08T21:45:25.988961Z,github.com/OpenSUse/umoci,v0.0.0-rc1
2026-10-08T21:45:32.645138Z,github.com/MSKazemi/novafabric,v0.0.0-20261008193835-8c47b29ce632
2026-10-08T21:45:39.402076Z,github.com/rios0rios0/dev-toolkit,v0.0.0-20261008181647-886a8598b188
2026-10-08T21:45:41.793581Z,github.com/shopify/ejson2env/v2,v2.0.9
2026-10-08T21:45:48.366384Z,github.com/richards199999/Thinking-Claude,v3.1.0+incompatible
2026-10-08T21:45:53.419923Z,github.com/simonsiefke/vscode-memory-leak-finder,v9.23.0+incompatible
2026-10-08T21:45:56.055884Z,github.com/brunoga/bdtools,v0.7.1-0.20261008201206-54ba6e6433ff
2026-10-08T21:45:56.432554Z,github.com/alessandro-pang/harnessmith,v0.4.0
2026-10-08T21:45:59.743364Z,github.com/rivet-dev/rivet,v2.0.41+incompatible
2026-10-08T21:46:00.487001Z,github.com/zenta-dev/zever/shared/firebase,v0.6.2-0.20261008180049-cea8044e9d09
2026-10-08T21:46:05.896292Z,github.com/strarsis/csstree,v1.0.0-alpha14
2026-10-08T21:46:07.151861Z,github.com/GRaPHql-PythoN/gql,v0.2.0
2026-10-08T21:46:07.188619Z,github.com/zenta-dev/zever/adapters/session/redis,v0.6.2-0.20261008180049-cea8044e9d09
2026-10-08T21:46:07.192455Z,github.com/ChandonPierre/distribution/v3,v3.1.0
2026-10-08T21:46:08.878798Z,github.com/graPhql-pYTHOn/gql,v0.2.0
2026-10-08T21:46:13.990067Z,github.com/GrApHql-pYtHOn/gql,v0.2.0
2026-10-08T21:46:19.385547Z,github.com/gosplat/gosplat,v1.0.0
2026-10-08T21:46:19.474301Z,github.com/GRaphQl-PYtHON/gql,v0.2.0
2026-10-08T21:46:20.44203Z,github.com/GrAphQL-pYtHon/gql,v0.2.0
2026-10-08T21:46:21.56235Z,github.com/mypurecloud/platform-client-sdk-cli/build/gc,v0.0.0-20261008095820-840a1776a400
2026-10-08T21:46:22.31823Z,github.com/GrAphqL-pYThON/gql,v0.2.0
2026-10-08T21:46:25.150756Z,git.ar21.de/yolokube/sb-server-monitor,v0.0.0-20261008183444-4117510cbc64
2026-10-08T21:46:27.429974Z,github.com/neqqz/net,v0.0.0-20261008214343-f2745d3497d2
2026-10-08T21:46:28.267958Z,github.com/GraPhQl-pytHOn/gql,v0.2.0
2026-10-08T21:46:31.692714Z,github.com/grafana/grafana-foundation-sdk/examples/go/grafana-agent-overview,v0.0.0-20261006103528-06d27940c6e6
2026-10-08T21:46:32.454961Z,github.com/confluentinc/terraform-provider-confluent,v1.83.3-0.20261006005007-43fb0e5e4030
2026-10-08T21:46:32.597203Z,github.com/gRaPHql-PYtHoN/gql,v0.2.0
2026-10-08T21:46:33.061344Z,github.com/graphQl-PYThon/gql,v0.2.0
2026-10-08T21:46:35.166535Z,github.com/kubernetes-csi/csi-proxy,v1.2.1-0.20261007171601-786b126284c0
2026-10-08T21:46:39.542673Z,github.com/GRApHqL-pyTHoN/gql,v0.2.0
2026-10-08T21:46:42.929765Z,github.com/GRaphQL-pYtHoN/gql,v0.2.0
2026-10-08T21:46:45.725981Z,github.com/faustbrian/go-http-middleware,v1.0.1-0.20260922112925-626faadc123f
2026-10-08T21:46:48.041648Z,github.com/cliffano/jazz,v1.1.0
2026-10-08T21:46:48.601392Z,github.com/gRApHQL-PyTHoN/gql,v0.2.0
2026-10-08T21:46:48.669596Z,github.com/GrapHQL-PYtHOn/gql,v0.2.0
2026-10-08T21:46:53.651093Z,github.com/gRAphqL-PytHOn/gql,v0.2.0
2026-10-08T21:47:00.024576Z,github.com/sap/valkey-operator,v0.1.16
2026-10-08T21:47:02.895627Z,github.com/GRaPHqL-PyTHOn/gql,v0.2.0
2026-10-08T21:47:03.418995Z,github.com/grAPhql-PytHoN/gql,v0.2.0
2026-10-08T21:47:03.904522Z,github.com/adbc-drivers/trino,v0.0.0-20261008185220-e2b74d059137
2026-10-08T21:47:04.273356Z,github.com/GRaPHQL-pYtHoN/gql,v0.2.0
2026-10-08T21:47:06.692263Z,github.com/adbc-drivers/driverbase-go/sqlwrapper,v0.0.0-20261008155521-bb49cea59efb
2026-10-08T21:47:08.785181Z,github.com/grAPhql-PYTHon/gql,v0.2.0
2026-10-08T21:47:11.876276Z,github.com/GrAPhql-pYthon/gql,v0.2.0
2026-10-08T21:47:15.697827Z,github.com/bluenviron/Gortsplib/v4,v4.16.3
2026-10-08T21:47:18.965794Z,github.com/grAphQL-pYTHOn/gql,v0.2.0
2026-10-08T21:47:19.243165Z,github.com/gRAPHQl-PyTHon/gql,v0.2.0
2026-10-08T21:47:19.378539Z,github.com/GRAPhQL-PythoN/gql,v0.2.0
2026-10-08T21:47:19.607699Z,github.com/grapHQl-PytHoN/gql,v0.2.0
2026-10-08T21:47:23.379458Z,github.com/knative/docs,v0.0.0-20261008191722-9d1a4cb83a61
2026-10-08T21:47:57.130864Z,github.com/mmedum/google-chat-mcp/v5,v5.0.0
2026-10-08T21:47:59.065481Z,github.com/d-fuji/jpeg2000,v0.0.0-20260723165233-0971f6693ff9
2026-10-08T21:48:08.532987Z,github.com/V-Gutierrez/gw,v0.10.0
2026-10-08T21:48:14.054789Z,github.com/chaobingya/trireme-lib,v10.110.0+incompatible
2026-10-08T21:48:23.994765Z,github.com/opral/lix,v0.19.1-0.20261008214354-d8822ba20d70
2026-10-08T21:48:36.38495Z,github.com/pinterest/knox,v0.0.0-20261008214052-61dd58235016
2026-10-08T21:48:37.262024Z,github.com/PrimeINTELLECT-ai/prime-rl,v0.5.0
2026-10-08T21:48:43.797491Z,github.com/GRAPhQl-pyThon/gql,v0.2.0
2026-10-08T21:48:44.444086Z,github.com/gRaPHQL-pYTHoN/gql,v0.2.0
2026-10-08T21:48:44.525485Z,github.com/grAPHQL-PYthON/gql,v0.2.0
2026-10-08T21:48:44.74463Z,github.com/gRaphQL-pYthon/gql,v0.2.0
2026-10-08T21:48:45.918449Z,github.com/GRaPhql-PyTHoN/gql,v0.2.0
2026-10-08T21:48:49.310606Z,github.com/GRapHql-PYthOn/gql,v0.2.0
2026-10-08T21:48:49.521084Z,github.com/graphqL-PytHon/gql,v0.2.0
2026-10-08T21:48:49.650208Z,github.com/GrApHqL-pyThoN/gql,v0.2.0
2026-10-08T21:48:50.479533Z,github.com/wimdeblauwe/htmx-spring-boot,v0.0.0-20261008114910-6c70b0367144
2026-10-08T21:48:50.724739Z,github.com/grAphQL-pYthoN/gql,v0.2.0
2026-10-08T21:48:51.423111Z,github.com/GRaphQL-PYtHoN/gql,v0.2.0
2026-10-08T21:48:53.699445Z,github.com/GraPHQl-PYThon/gql,v0.2.0
2026-10-08T21:48:53.941438Z,github.com/grAPhQl-pYthON/gql,v0.2.0
2026-10-08T21:48:54.499332Z,github.com/GRaPHqL-pytHon/gql,v0.2.0
2026-10-08T21:48:54.560322Z,github.com/brazilian-utils/go,v0.0.0-20260929165822-8a7bbce6f4cf
2026-10-08T21:48:56.931827Z,github.com/GRAPhql-PYThon/gql,v0.2.0
2026-10-08T21:48:58.339865Z,github.com/graphql-PythoN/gql,v0.2.0
2026-10-08T21:48:58.93768Z,github.com/GRapHql-pyTHoN/gql,v0.2.0
2026-10-08T21:48:59.610965Z,github.com/GRaPHQL-PYtHon/gql,v0.2.0
2026-10-08T21:49:00.131677Z,github.com/gRAPhql-PYTHON/gql,v0.2.0
2026-10-08T21:49:00.229857Z,github.com/gRAPhqL-PyThOn/gql,v0.2.0
2026-10-08T21:49:00.360915Z,github.com/grAPHQl-pYthOn/gql,v0.2.0
2026-10-08T21:49:00.605794Z,github.com/gRaPHQl-pyTHON/gql,v0.2.0
2026-10-08T21:49:02.411386Z,github.com/GraphQl-pyThOn/gql,v0.2.0
2026-10-08T21:49:02.752771Z,github.com/gRApHql-pYtHon/gql,v0.2.0
2026-10-08T21:49:03.970248Z,github.com/GRAphQL-PytHoN/gql,v0.2.0
2026-10-08T21:49:04.903735Z,github.com/grapHqL-PythON/gql,v0.2.0
2026-10-08T21:49:06.149949Z,github.com/GRapHQl-PytHoN/gql,v0.2.0
2026-10-08T21:49:06.969405Z,github.com/gRaphql-PYTHON/gql,v0.2.0
2026-10-08T21:49:07.030138Z,github.com/satoricorp/tennis,v0.2.0
2026-10-08T21:49:07.491957Z,github.com/graphQL-PyThoN/gql,v0.2.0
2026-10-08T21:49:08.166967Z,github.com/GrAPhqL-pYthON/gql,v0.2.0
2026-10-08T21:49:08.20534Z,github.com/graphQl-pYThoN/gql,v0.2.0
2026-10-08T21:49:08.377217Z,github.com/graPHqL-pyTHoN/gql,v0.2.0
2026-10-08T21:49:08.458314Z,github.com/gRAPHqL-PyThon/gql,v0.2.0
2026-10-08T21:49:08.944616Z,github.com/gRaPHQL-PYtHON/gql,v0.2.0
2026-10-08T21:49:10.053559Z,github.com/gRAphQL-PyThON/gql,v0.2.0
2026-10-08T21:49:10.242259Z,github.com/grAphqL-pytHoN/gql,v0.2.0
2026-10-08T21:49:13.830651Z,github.com/GrAPHQl-pytHoN/gql,v0.2.0
2026-10-08T21:49:14.812464Z,github.com/graPhql-pyThOn/gql,v0.2.0
2026-10-08T21:49:15.708363Z,github.com/GRaphql-PYthon/gql,v0.2.0
2026-10-08T21:49:16.036289Z,github.com/grAPhQl-PytHOn/gql,v0.2.0
2026-10-08T21:49:17.022949Z,github.com/GrapHqL-PYtHoN/gql,v0.2.0
2026-10-08T21:49:18.326075Z,github.com/GRApHQL-PYthOn/gql,v0.2.0
2026-10-08T21:49:18.367549Z,github.com/graphqL-PythOn/gql,v0.2.0
2026-10-08T21:49:18.797333Z,github.com/GrAPhQl-python/gql,v0.2.0
2026-10-08T21:49:19.060906Z,github.com/graphql-pYthoN/gql,v0.2.0
2026-10-08T21:49:19.341579Z,github.com/GraPHQL-pytHOn/gql,v0.2.0
2026-10-08T21:49:19.537258Z,github.com/GRaPHQl-pYthOn/gql,v0.2.0
2026-10-08T21:49:20.244182Z,github.com/graPhqL-pyTHOn/gql,v0.2.0
2026-10-08T21:49:20.542806Z,github.com/GRaphQl-pYtHOn/gql,v0.2.0
2026-10-08T21:49:20.560608Z,github.com/graphqL-pytHON/gql,v0.2.0
2026-10-08T21:49:20.926457Z,github.com/gRapHQl-pYtHOn/gql,v0.2.0
2026-10-08T21:49:21.653609Z,github.com/gRAPHqL-PYtHon/gql,v0.2.0
2026-10-08T21:49:22.234816Z,github.com/GRAPHqL-PyTHOn/gql,v0.2.0
2026-10-08T21:49:22.452844Z,github.com/GrAPHql-pytHon/gql,v0.2.0
2026-10-08T21:49:24.765666Z,github.com/GrAPHql-pyTHoN/gql,v0.2.0
2026-10-08T21:49:26.716186Z,github.com/GraPHql-PYThOn/gql,v0.2.0
2026-10-08T21:49:27.548955Z,github.com/GrAPhql-Python/gql,v0.2.0
2026-10-08T21:49:29.782131Z,github.com/gRaPHQl-PyThON/gql,v0.2.0
2026-10-08T21:49:30.682425Z,github.com/grAPhql-PytHON/gql,v0.2.0
2026-10-08T21:49:31.032912Z,github.com/gRAPhqL-pytHOn/gql,v0.2.0
2026-10-08T21:49:31.081146Z,github.com/GRapHql-pYtHon/gql,v0.2.0
2026-10-08T21:49:31.212731Z,github.com/grAPhQl-pytHOn/gql,v0.2.0
2026-10-08T21:49:33.784877Z,github.com/gRAPHql-pyTHON/gql,v0.2.0
2026-10-08T21:49:34.209063Z,github.com/GRAPhql-pYThOn/gql,v0.2.0
2026-10-08T21:49:34.508164Z,github.com/GRAPhql-PYtHOn/gql,v0.2.0
2026-10-08T21:49:35.64215Z,github.com/GraPhQl-PyThON/gql,v0.2.0
2026-10-08T21:49:35.658561Z,github.com/GraphQl-pYtHon/gql,v0.2.0
2026-10-08T21:49:36.213761Z,github.com/sl1pm4t/k2tf,v0.0.0-20240807042822-1b376c0c58d6
2026-10-08T21:49:37.441307Z,github.com/GRAphqL-PYThoN/gql,v0.2.0
2026-10-08T21:49:39.633296Z,github.com/grapHQL-pYThON/gql,v0.2.0
2026-10-08T21:49:40.299288Z,github.com/gRaPHql-pyTHON/gql,v0.2.0
2026-10-08T21:49:44.92116Z,github.com/grapHQl-PYThon/gql,v0.2.0
2026-10-08T21:49:45.497497Z,github.com/gRapHql-pYthon/gql,v0.2.0
2026-10-08T21:49:45.932772Z,github.com/GrAPHql-pYtHon/gql,v0.2.0
2026-10-08T21:49:45.945799Z,github.com/GRAPhql-PytHoN/gql,v0.2.0
2026-10-08T21:49:47.610736Z,github.com/mangoautomation/BACNet4J,v6.0.1+incompatible
2026-10-08T21:49:48.696185Z,github.com/GrApHql-PYThoN/gql,v0.2.0
2026-10-08T21:49:48.808844Z,github.com/GrAPHQl-PyTHON/gql,v0.2.0
2026-10-08T21:49:50.586551Z,github.com/GRAPHQL-PyThoN/gql,v0.2.0
2026-10-08T21:49:50.591513Z,github.com/GrapHQl-pyThON/gql,v0.2.0
2026-10-08T21:49:50.862522Z,github.com/gRApHQL-PyThOn/gql,v0.2.0
2026-10-08T21:49:51.529096Z,github.com/grAPHqL-pyThON/gql,v0.2.0
2026-10-08T21:49:51.595196Z,github.com/graPhQL-pytHoN/gql,v0.2.0
2026-10-08T21:49:55.184439Z,github.com/gRAPHql-PythON/gql,v0.2.0
2026-10-08T21:49:55.42146Z,github.com/gRApHql-pYthon/gql,v0.2.0
2026-10-08T21:49:55.53567Z,github.com/GraPhQl-pythoN/gql,v0.2.0
2026-10-08T21:49:55.778637Z,github.com/gRapHQl-pyTHOn/gql,v0.2.0
2026-10-08T21:49:55.896746Z,github.com/grApHQL-pYtHon/gql,v0.2.0
2026-10-08T21:49:56.142409Z,github.com/GRAPHQL-pytHOn/gql,v0.2.0
2026-10-08T21:49:56.948933Z,github.com/GRaPhQL-PYTHon/gql,v0.2.0
2026-10-08T21:49:58.96767Z,github.com/GraphqL-PythON/gql,v0.2.0
2026-10-08T21:49:59.353728Z,github.com/GRAPHql-pyTHon/gql,v0.2.0
2026-10-08T21:49:59.621198Z,github.com/GRaphQl-pYtHoN/gql,v0.2.0
2026-10-08T21:49:59.635333Z,github.com/GRaPHQl-PytHON/gql,v0.2.0
2026-10-08T21:49:59.701256Z,github.com/GrAPhQl-pYThoN/gql,v0.2.0
2026-10-08T21:50:00.825107Z,github.com/gRapHqL-PythoN/gql,v0.2.0
2026-10-08T21:50:00.962805Z,github.com/GraPHQl-pYthoN/gql,v0.2.0
2026-10-08T21:50:01.897238Z,github.com/GRaPhqL-PytHON/gql,v0.2.0
2026-10-08T21:50:03.79348Z,github.com/gRApHql-pyTHOn/gql,v0.2.0
2026-10-08T21:50:04.300458Z,github.com/GRApHQl-PythOn/gql,v0.2.0
2026-10-08T21:50:06.669796Z,github.com/gRaPHql-PYTHOn/gql,v0.2.0
2026-10-08T21:50:08.909075Z,github.com/viant/agently-core/protocol/resource,v0.0.0-20261008214809-31759347c5b7
2026-10-08T21:50:10.383155Z,github.com/keiailab/mongodb-operator,v1.16.10
2026-10-08T21:50:12.536107Z,github.com/RadixIoT/BACNet4J,v6.0.1-alpha.2+incompatible
2026-10-08T21:50:19.391765Z,github.com/thomika1/karhub,v0.0.0-20260727151220-ec87d9d9e2b8
2026-10-08T21:50:25.896961Z,github.com/vectorizedio/redpanda/src/go/rpk,v0.0.0-20261008141047-4254992f6115
2026-10-08T21:50:30.879098Z,github.com/GrAPHql-pyTHon/gql,v0.2.0
2026-10-08T21:50:30.950478Z,github.com/gRApHQL-pyThOn/gql,v0.2.0
2026-10-08T21:50:32.496075Z,github.com/thrasno/jarvis-ai-devs/hivederive,v0.0.0-20261007164439-52234c292be1
2026-10-08T21:50:32.987331Z,github.com/GRapHQl-PYthON/gql,v0.2.0
2026-10-08T21:50:33.057844Z,github.com/gRaphql-PythON/gql,v0.2.0
2026-10-08T21:50:35.284784Z,github.com/GrAPhQL-pyTHon/gql,v0.2.0
2026-10-08T21:50:35.40494Z,github.com/grApHQL-pyTHon/gql,v0.2.0
2026-10-08T21:50:35.507772Z,github.com/graPHQl-pYTHon/gql,v0.2.0
2026-10-08T21:50:36.070172Z,github.com/GrapHqL-PyThOn/gql,v0.2.0
2026-10-08T21:50:36.874051Z,github.com/graPhqL-PytHoN/gql,v0.2.0
2026-10-08T21:50:37.145672Z,github.com/gRAPHqL-PyThON/gql,v0.2.0
2026-10-08T21:50:37.514712Z,github.com/GRAPhQL-Python/gql,v0.2.0
2026-10-08T21:50:39.879782Z,github.com/grAPhQL-pythON/gql,v0.2.0
2026-10-08T21:50:40.869926Z,github.com/graPhQl-PYthON/gql,v0.2.0
2026-10-08T21:50:41.033997Z,github.com/gRaPhql-pytHOn/gql,v0.2.0
2026-10-08T21:50:41.735693Z,github.com/grAphql-pythOn/gql,v0.2.0
2026-10-08T21:50:42.539156Z,github.com/GRAPHql-PYThON/gql,v0.2.0
2026-10-08T21:50:43.730833Z,github.com/Aws/aws-sdk-go-v2/service/ecrpublic,v1.44.0
2026-10-08T21:50:44.793709Z,github.com/gRaPhql-pyTHoN/gql,v0.2.0
2026-10-08T21:50:45.270288Z,github.com/GrAPhQL-PYthOn/gql,v0.2.0
2026-10-08T21:50:48.927767Z,github.com/panoptiorg/panoptife-go,v0.2.0
2026-10-08T21:50:49.930772Z,github.com/grAPHQl-PYtHON/gql,v0.2.0
2026-10-08T21:50:50.123642Z,github.com/GraPHQL-PythoN/gql,v0.2.0
2026-10-08T21:50:52.546101Z,github.com/GRaPhQl-PYthon/gql,v0.2.0
2026-10-08T21:50:53.536632Z,github.com/grApHQl-PYThon/gql,v0.2.0
2026-10-08T21:50:55.322545Z,github.com/GraPhQL-PytHon/gql,v0.2.0
2026-10-08T21:51:00.153488Z,github.com/gRAphQl-PythOn/gql,v0.2.0
2026-10-08T21:51:00.695653Z,github.com/GraPhql-pyThOn/gql,v0.2.0
2026-10-08T21:51:02.649133Z,github.com/grApHqL-pythoN/gql,v0.2.0
2026-10-08T21:51:19.575107Z,github.com/GRaPHQl-PYtHon/gql,v0.2.0
2026-10-08T21:51:21.58996Z,github.com/GRaphqL-PYThOn/gql,v0.2.0
2026-10-08T21:51:31.127792Z,github.com/GrAphQL-pYTHOn/gql,v0.2.0
2026-10-08T21:51:31.678109Z,github.com/graphQl-PyTHon/gql,v0.2.0
2026-10-08T21:51:34.587781Z,github.com/GRApHqL-pyTHon/gql,v0.2.0
2026-10-08T21:51:35.722473Z,github.com/GrApHQL-PYTHON/gql,v0.2.0
2026-10-08T21:51:35.925852Z,github.com/gRaPhQl-pYthOn/gql,v0.2.0
2026-10-08T21:51:35.927324Z,github.com/grApHqL-pytHoN/gql,v0.2.0
2026-10-08T21:51:37.514577Z,github.com/GrAphQl-PYThoN/gql,v0.2.0
2026-10-08T21:51:41.712346Z,github.com/GrAPhQl-PyThON/gql,v0.2.0
2026-10-08T21:51:46.781049Z,github.com/GRAPhql-pyThOn/gql,v0.2.0
2026-10-08T21:51:48.732832Z,github.com/viant/agently-core/protocol/primitive,v0.0.0-20261008215101-289626f8ba08
2026-10-08T21:51:50.231229Z,github.com/GraphQL-PYThon/gql,v0.2.0
2026-10-08T21:51:50.913677Z,github.com/gRapHql-pyThOn/gql,v0.2.0
2026-10-08T21:51:56.213672Z,github.com/gRAPhql-pyTHoN/gql,v0.2.0
2026-10-08T21:51:56.617213Z,github.com/grAPhQl-PYthON/gql,v0.2.0
2026-10-08T21:51:58.088232Z,github.com/GRaPHQl-PytHoN/gql,v0.2.0
2026-10-08T21:51:59.628349Z,github.com/GrAPHQl-PYthON/gql,v0.2.0
2026-10-08T21:52:13.639829Z,github.com/aws/aws-sdk-go-v2/service/iotfleetwise,v1.40.3
2026-10-08T21:52:17.559734Z,github.com/grAPHql-pYtHoN/gql,v0.2.0
2026-10-08T21:52:20.096418Z,github.com/graphqL-pYtHon/gql,v0.2.0
2026-10-08T21:52:22.938632Z,github.com/GRApHQL-pYTHoN/gql,v0.2.0
2026-10-08T21:52:23.297796Z,github.com/gRaPhql-pYThOn/gql,v0.2.0
2026-10-08T21:52:26.017161Z,github.com/gRAPHQL-PythOn/gql,v0.2.0
2026-10-08T21:52:28.016131Z,github.com/GRAphqL-PyTHon/gql,v0.2.0
2026-10-08T21:52:32.01073Z,github.com/civicrm/civicrm-packages,v0.0.0-20261008195709-aa32b288330a
2026-10-08T21:52:32.46613Z,github.com/gRAPhQl-PYTHon/gql,v0.2.0
2026-10-08T21:52:33.099539Z,github.com/sholdee/drydock,v0.3.4
2026-10-08T21:52:56.646285Z,github.com/deepmodeling/abacus-develop,v3.11.0-beta10+incompatible
2026-10-08T21:52:57.201089Z,github.com/sap/cf-mta-deploy-service,v0.0.0-20261008150657-5bdf92bf8add
2026-10-08T21:52:59.141958Z,github.com/shredEngineer/Archive-Agent,v11.3.0+incompatible
2026-10-08T21:53:22.444189Z,github.com/shopware/shopware-lsp,v0.0.0-20261008154833-67befd43344a
2026-10-08T21:53:37.772961Z,github.com/mozilla-services/autograph,v0.0.0-20261008191623-6915a08992b6
2026-10-08T21:53:43.103236Z,github.com/danbradbury/firekeeper,v0.0.0-20261008134327-43eb22f65ec3
2026-10-08T21:53:51.582084Z,github.com/gRAPHqL-pYTHon/gql,v0.2.0
2026-10-08T21:53:51.648306Z,github.com/GrapHQL-PytHoN/gql,v0.2.0
2026-10-08T21:53:51.988001Z,github.com/gRAphql-PYthON/gql,v0.2.0
2026-10-08T21:53:52.012259Z,github.com/gRapHQl-pyTHON/gql,v0.2.0
2026-10-08T21:53:52.097033Z,github.com/gRApHQL-PYtHOn/gql,v0.2.0
2026-10-08T21:53:52.759351Z,github.com/GraPhQL-pYthOn/gql,v0.2.0
2026-10-08T21:53:54.864007Z,github.com/GRaPHql-PYtHoN/gql,v0.2.0
2026-10-08T21:53:56.143139Z,github.com/GrAPhql-PythOn/gql,v0.2.0
2026-10-08T21:53:56.522825Z,github.com/gRApHqL-PYThOn/gql,v0.2.0
2026-10-08T21:53:57.14408Z,github.com/GRAphQl-pYthON/gql,v0.2.0
2026-10-08T21:53:57.73648Z,github.com/GRaPHqL-pYtHoN/gql,v0.2.0
2026-10-08T21:53:58.017374Z,github.com/gRaphql-pYTHON/gql,v0.2.0
2026-10-08T21:53:59.403572Z,github.com/GRaPhQL-PYThon/gql,v0.2.0
2026-10-08T21:53:59.651245Z,github.com/graPHql-PYThon/gql,v0.2.0
2026-10-08T21:54:00.663895Z,github.com/gRapHQL-pYtHoN/gql,v0.2.0
2026-10-08T21:54:01.015204Z,github.com/grAphQL-PYTHON/gql,v0.2.0
2026-10-08T21:54:01.514147Z,github.com/GrAPHQL-pyThoN/gql,v0.2.0
2026-10-08T21:54:03.621132Z,github.com/maxmind/libmaxminddb,v0.0.0-20261007224059-88bc416615f7
2026-10-08T21:54:04.877891Z,github.com/grAPhQL-pYthon/gql,v0.2.0
2026-10-08T21:54:05.612289Z,github.com/GraPHql-PyThON/gql,v0.2.0
2026-10-08T21:54:06.151783Z,github.com/grAPHQl-PYThoN/gql,v0.2.0
2026-10-08T21:54:06.527627Z,github.com/GRapHql-PyThON/gql,v0.2.0
2026-10-08T21:54:06.591516Z,github.com/GRAPhQl-PYTHoN/gql,v0.2.0
2026-10-08T21:54:06.817954Z,github.com/gRAphQL-pYThOn/gql,v0.2.0
2026-10-08T21:54:07.220457Z,github.com/gRaPHQl-PyTHon/gql,v0.2.0
2026-10-08T21:54:07.940739Z,github.com/GrAPHqL-pYThON/gql,v0.2.0
2026-10-08T21:54:10.429459Z,github.com/whizpah/gunim,v0.0.0-20261008215235-0166a949a202
2026-10-08T21:54:11.180387Z,github.com/GRAPhqL-pyTHon/gql,v0.2.0
2026-10-08T21:54:12.712314Z,github.com/GraPhQL-pyThOn/gql,v0.2.0
2026-10-08T21:54:14.496195Z,github.com/Graphql-pYThOn/gql,v0.2.0
2026-10-08T21:54:14.497894Z,github.com/gRaPhQL-PyThon/gql,v0.2.0
2026-10-08T21:54:15.328756Z,github.com/GrApHql-PytHoN/gql,v0.2.0
2026-10-08T21:54:15.663454Z,github.com/grAPHQl-pYThOn/gql,v0.2.0
2026-10-08T21:54:16.485777Z,github.com/home-operations/kritika,v0.0.0-20261008214842-c637e9e31d73
2026-10-08T21:54:16.824952Z,github.com/knative/eventing,v0.50.1
2026-10-08T21:54:21.902565Z,github.com/GRAPHqL-pYthon/gql,v0.2.0
2026-10-08T21:54:21.905478Z,github.com/graphql-PytHON/gql,v0.2.0
2026-10-08T21:54:23.232068Z,github.com/grApHQL-PytHOn/gql,v0.2.0
2026-10-08T21:54:23.398553Z,github.com/GrAPhqL-PYthon/gql,v0.2.0
2026-10-08T21:54:26.923425Z,github.com/gRaphQL-PYthoN/gql,v0.2.0
2026-10-08T21:54:28.371072Z,github.com/GRAPhQL-pYthOn/gql,v0.2.0
2026-10-08T21:54:31.480118Z,github.com/graPHqL-pYthON/gql,v0.2.0
2026-10-08T21:54:40.464732Z,github.com/mightyiam/eslint-config-love,v51.0.1+incompatible
2026-10-08T21:54:46.457945Z,github.com/grAphqL-PythoN/gql,v0.2.0
2026-10-08T21:54:47.792681Z,github.com/GrAphQL-PYThoN/gql,v0.2.0
2026-10-08T21:54:50.44639Z,github.com/grAphQL-pytHON/gql,v0.2.0
2026-10-08T21:54:51.375818Z,github.com/GRaPHql-pythOn/gql,v0.2.0
2026-10-08T21:54:52.080709Z,github.com/GrAPhQl-PytHoN/gql,v0.2.0
2026-10-08T21:54:53.774512Z,github.com/GraPHQl-pyTHon/gql,v0.2.0
2026-10-08T21:54:54.155364Z,github.com/graphql-PYTHOn/gql,v0.2.0
2026-10-08T21:55:07.578622Z,github.com/Davecgh/go-xdr,v0.0.0-20161123171359-e6a2ba005892
2026-10-08T21:55:07.932754Z,github.com/grAPhQL-pYthOn/gql,v0.2.0
2026-10-08T21:55:09.653458Z,github.com/GRAphqL-PytHON/gql,v0.2.0
2026-10-08T21:55:09.93146Z,github.com/gRAPHql-PyTHoN/gql,v0.2.0
2026-10-08T21:55:10.533156Z,github.com/grAphQl-PyThon/gql,v0.2.0
2026-10-08T21:55:13.867907Z,github.com/GRaPHQL-pYThON/gql,v0.2.0
2026-10-08T21:55:14.151068Z,github.com/GRaphQl-PyTHOn/gql,v0.2.0
2026-10-08T21:55:15.625296Z,github.com/grAPHql-PytHoN/gql,v0.2.0
2026-10-08T21:55:15.646437Z,github.com/grAPHqL-PyTHON/gql,v0.2.0
2026-10-08T21:55:16.338693Z,github.com/gRaPhQl-Python/gql,v0.2.0
2026-10-08T21:55:16.570946Z,github.com/GRaPhQl-PYThOn/gql,v0.2.0
2026-10-08T21:55:16.948961Z,github.com/GRAphqL-PyThON/gql,v0.2.0
2026-10-08T21:55:17.511589Z,github.com/gRAPhql-pYtHOn/gql,v0.2.0
2026-10-08T21:55:17.914918Z,github.com/GRAphqL-Python/gql,v0.2.0
2026-10-08T21:55:18.515141Z,github.com/grAPhQL-PyTHon/gql,v0.2.0
2026-10-08T21:55:19.35768Z,github.com/grAphql-pYThon/gql,v0.2.0
2026-10-08T21:55:20.738621Z,github.com/gRAPHQL-PYthON/gql,v0.2.0
2026-10-08T21:55:21.865915Z,github.com/grAPhqL-PYthon/gql,v0.2.0
2026-10-08T21:55:21.985513Z,github.com/GrapHQl-PYTHON/gql,v0.2.0
2026-10-08T21:55:22.764997Z,github.com/GRAphQl-PYTHoN/gql,v0.2.0
2026-10-08T21:55:23.560391Z,github.com/GrApHqL-PythON/gql,v0.2.0
2026-10-08T21:55:23.655084Z,github.com/gRapHqL-PyTHOn/gql,v0.2.0
2026-10-08T21:55:24.833947Z,github.com/grapHqL-PYThOn/gql,v0.2.0
2026-10-08T21:55:25.228096Z,github.com/gRAPHQl-pyThOn/gql,v0.2.0
2026-10-08T21:55:25.468013Z,github.com/grAPHqL-PYthON/gql,v0.2.0
2026-10-08T21:55:28.254965Z,github.com/GRaPhQL-PythoN/gql,v0.2.0
2026-10-08T21:55:37.629905Z,github.com/quinn-rs/quinn,v0.0.0-20261008042223-38b9f52fd7b5
2026-10-08T21:55:40.559686Z,github.com/SAp/terraform-provider-btp,v1.27.1-0.20261007084357-5b7a1f6d2491
2026-10-08T21:56:14.008934Z,github.com/slingdata-io/sling-cli,v1.6.5
2026-10-08T21:56:25.642749Z,github.com/pROMEtHEUs/PromeTHEuS,v0.314.0-rc.0.0.20261008141710-21fd457f2b67
2026-10-08T21:56:26.399508Z,github.com/pROMetheus/pRoMEtHeus,v0.314.0-rc.0.0.20261008141710-21fd457f2b67
2026-10-08T21:56:31.362663Z,github.com/PROmetHEUs/pROMETHEus,v0.314.0-rc.0.0.20261008141710-21fd457f2b67
2026-10-08T21:56:32.130012Z,github.com/prOMetHeus/PROMEtheuS,v0.314.0-rc.0.0.20261008141710-21fd457f2b67
2026-10-08T21:56:33.081578Z,github.com/pRoMethEUs/prOMeTHEuS,v0.314.0-rc.0.0.20261008141710-21fd457f2b67
2026-10-08T21:56:33.706208Z,github.com/PRoMEthEus/ProMETHEus,v0.314.0-rc.0.0.20261008141710-21fd457f2b67
2026-10-08T21:56:34.192734Z,github.com/pRomEtHeUs/pROmeTHEus,v0.314.0-rc.0.0.20261008141710-21fd457f2b67
2026-10-08T21:56:34.228648Z,github.com/PrOMethEus/pRomEtHEuS,v0.314.0-rc.0.0.20261008141710-21fd457f2b67
2026-10-08T21:56:34.63604Z,github.com/pRometheUs/pRomEThEuS,v0.314.0-rc.0.0.20261008141710-21fd457f2b67
2026-10-08T21:56:35.071534Z,github.com/PRomEthEUs/ProMEThEuS,v0.314.0-rc.0.0.20261008141710-21fd457f2b67
2026-10-08T21:56:35.192567Z,github.com/prOMethEUS/PRoMeTHeUS,v0.314.0-rc.0.0.20261008141710-21fd457f2b67
2026-10-08T21:56:35.199491Z,github.com/PromEtHEuS/PROmeTHEUs,v0.314.0-rc.0.0.20261008141710-21fd457f2b67
2026-10-08T21:56:35.715074Z,github.com/PromETheUS/pRomeTheUS,v0.314.0-rc.0.0.20261008141710-21fd457f2b67
2026-10-08T21:56:36.055418Z,github.com/proMETHeuS/PRoMETHEus,v0.314.0-rc.0.0.20261008141710-21fd457f2b67
2026-10-08T21:56:37.548274Z,github.com/prOmeTheus/pRomEtHeuS,v0.314.0-rc.0.0.20261008141710-21fd457f2b67
2026-10-08T21:56:37.918155Z,github.com/pROMETHeUS/PRoMeThEuS,v0.314.0-rc.0.0.20261008141710-21fd457f2b67
2026-10-08T21:56:39.958377Z,github.com/promEtHeUS/pRomeTheus,v0.314.0-rc.0.0.20261008141710-21fd457f2b67
2026-10-08T21:56:40.256025Z,github.com/pRoMetHeus/PRoMEThEuS,v0.314.0-rc.0.0.20261008141710-21fd457f2b67
2026-10-08T21:56:40.78049Z,github.com/pRomethEus/PRoMeTheUS,v0.314.0-rc.0.0.20261008141710-21fd457f2b67
2026-10-08T21:56:43.13738Z,github.com/PRomeTHeUs/PRoMEThEuS,v0.314.0-rc.0.0.20261008141710-21fd457f2b67
2026-10-08T21:56:43.492139Z,github.com/pRomEtHEUs/PRomeTHEUs,v0.314.0-rc.0.0.20261008141710-21fd457f2b67
2026-10-08T21:56:43.54592Z,github.com/prOMetHEuS/PRoMetheUS,v0.314.0-rc.0.0.20261008141710-21fd457f2b67
2026-10-08T21:56:43.83328Z,github.com/ProMETHeus/pROmETheuS,v0.314.0-rc.0.0.20261008141710-21fd457f2b67
2026-10-08T21:56:43.966938Z,github.com/proMetHeUS/PROmEtHeUs,v0.314.0-rc.0.0.20261008141710-21fd457f2b67
2026-10-08T21:56:44.860387Z,github.com/ProMEtheus/PromEthEUs,v0.314.0-rc.0.0.20261008141710-21fd457f2b67
2026-10-08T21:56:45.243241Z,github.com/weppos/dnsimple-go,v0.0.0-20160215172124-5605f521171e
2026-10-08T21:56:45.451641Z,github.com/proMeTHEus/prOMETHeus,v0.314.0-rc.0.0.20261008141710-21fd457f2b67
2026-10-08T21:56:45.471902Z,github.com/pRoMetheUs/ProMETHEus,v0.314.0-rc.0.0.20261008141710-21fd457f2b67
2026-10-08T21:56:45.50441Z,github.com/ProMETHEus/proMeTHEuS,v0.314.0-rc.0.0.20261008141710-21fd457f2b67
2026-10-08T21:56:46.64891Z,github.com/PRomEtHEus/prOMEThEus,v0.314.0-rc.0.0.20261008141710-21fd457f2b67
2026-10-08T21:56:46.649549Z,github.com/pROMETHeUs/prOMEtheUS,v0.314.0-rc.0.0.20261008141710-21fd457f2b67
2026-10-08T21:56:46.784391Z,github.com/pROMetheUS/PROmETHeUs,v0.314.0-rc.0.0.20261008141710-21fd457f2b67
2026-10-08T21:56:46.81032Z,github.com/PRomETHEUs/PROmeTheus,v0.314.0-rc.0.0.20261008141710-21fd457f2b67
2026-10-08T21:56:46.90194Z,github.com/proMEtHEuS/PromethEuS,v0.314.0-rc.0.0.20261008141710-21fd457f2b67
2026-10-08T21:56:47.167796Z,github.com/PrOMEtHeuS/proMEThEuS,v0.314.0-rc.0.0.20261008141710-21fd457f2b67
2026-10-08T21:56:47.495181Z,github.com/PromEthEUs/pROMethEus,v0.314.0-rc.0.0.20261008141710-21fd457f2b67
2026-10-08T21:56:49.038052Z,github.com/promEThEUS/prOMEThEuS,v0.314.0-rc.0.0.20261008141710-21fd457f2b67
2026-10-08T21:56:49.214698Z,github.com/pROMetHeuS/proMeTHeUS,v0.314.0-rc.0.0.20261008141710-21fd457f2b67
2026-10-08T21:56:49.673159Z,github.com/PromEtHeus/PROMetheUs,v0.314.0-rc.0.0.20261008141710-21fd457f2b67
2026-10-08T21:56:50.770547Z,github.com/proMEThEUS/Prometheus,v0.314.0-rc.0.0.20261008141710-21fd457f2b67
2026-10-08T21:56:50.804252Z,github.com/PROmEtHeuS/PrOMEtHEuS,v0.314.0-rc.0.0.20261008141710-21fd457f2b67
2026-10-08T21:56:52.364764Z,github.com/PromETHeUs/PROmethEus,v0.314.0-rc.0.0.20261008141710-21fd457f2b67
2026-10-08T21:56:52.421968Z,github.com/proMEtHeUs/pRoMETHeus,v0.314.0-rc.0.0.20261008141710-21fd457f2b67
2026-10-08T21:56:52.447331Z,github.com/PRomeTHeus/PrOMEtHEuS,v0.314.0-rc.0.0.20261008141710-21fd457f2b67
2026-10-08T21:56:52.502353Z,github.com/proMetheuS/PromethEuS,v0.314.0-rc.0.0.20261008141710-21fd457f2b67
2026-10-08T21:56:53.412358Z,github.com/pROMEtHeuS/ProMetHEUS,v0.314.0-rc.0.0.20261008141710-21fd457f2b67
2026-10-08T21:56:53.886384Z,github.com/pRoMETHeuS/prOMETHeUS,v0.314.0-rc.0.0.20261008141710-21fd457f2b67
2026-10-08T21:56:54.086963Z,github.com/PROmEtheus/PRoMEThEus,v0.314.0-rc.0.0.20261008141710-21fd457f2b67
2026-10-08T21:56:54.869987Z,github.com/PROmEthEUs/pRomEThEUs,v0.314.0-rc.0.0.20261008141710-21fd457f2b67
2026-10-08T21:56:55.030574Z,github.com/PromEthEuS/prOMeThEuS,v0.314.0-rc.0.0.20261008141710-21fd457f2b67
2026-10-08T21:56:55.346457Z,github.com/proMETheUS/PrOmEThEus,v0.314.0-rc.0.0.20261008141710-21fd457f2b67
2026-10-08T21:56:55.43061Z,github.com/PROMetheus/PrometHEus,v0.314.0-rc.0.0.20261008141710-21fd457f2b67
2026-10-08T21:56:55.807189Z,github.com/PROmEThEuS/pRoMeTHeUs,v0.314.0-rc.0.0.20261008141710-21fd457f2b67
2026-10-08T21:56:55.933497Z,github.com/pROmETHEUS/PromeTheUS,v0.314.0-rc.0.0.20261008141710-21fd457f2b67
2026-10-08T21:56:56.629232Z,github.com/pRomETHeUS/PRomeTHeus,v0.314.0-rc.0.0.20261008141710-21fd457f2b67
2026-10-08T21:56:57.692302Z,github.com/prOMetHEus/PrOMeTHEUS,v0.314.0-rc.0.0.20261008141710-21fd457f2b67
2026-10-08T21:56:58.844352Z,github.com/pROmetHeUs/pROmetheUS,v0.314.0-rc.0.0.20261008141710-21fd457f2b67
2026-10-08T21:56:59.103737Z,github.com/PRoMETheUS/PROmEtheuS,v0.314.0-rc.0.0.20261008141710-21fd457f2b67
2026-10-08T21:56:59.144321Z,github.com/pRomETheUs/proMEthEuS,v0.314.0-rc.0.0.20261008141710-21fd457f2b67
2026-10-08T21:56:59.381525Z,github.com/proMeThEUs/PRoMEtheuS,v0.314.0-rc.0.0.20261008141710-21fd457f2b67
2026-10-08T21:57:00.262263Z,github.com/PROmeTheUS/PrOMEtHEuS,v0.314.0-rc.0.0.20261008141710-21fd457f2b67
2026-10-08T21:57:00.610512Z,github.com/prOmetHEuS/PromETHeus,v0.314.0-rc.0.0.20261008141710-21fd457f2b67
2026-10-08T21:57:01.655562Z,github.com/PROmEtHEUS/promETheUs,v0.314.0-rc.0.0.20261008141710-21fd457f2b67
2026-10-08T21:57:01.830517Z,github.com/pRomEtHEUS/promEtheUs,v0.314.0-rc.0.0.20261008141710-21fd457f2b67
2026-10-08T21:57:02.53849Z,github.com/PROMetHEUS/pROmETheuS,v0.314.0-rc.0.0.20261008141710-21fd457f2b67
2026-10-08T21:57:02.568077Z,github.com/pROMETHeuS/promEtheus,v0.314.0-rc.0.0.20261008141710-21fd457f2b67
2026-10-08T21:57:03.304083Z,github.com/pRoMethEUS/PRoMetheUs,v0.314.0-rc.0.0.20261008141710-21fd457f2b67
2026-10-08T21:57:03.387061Z,github.com/opencodeinterpreter/OpenCodeInterpreter,v0.0.0-20240507111251-9674d8a521df
2026-10-08T21:57:03.630635Z,github.com/PRoMeTheuS/PromETHeuS,v0.314.0-rc.0.0.20261008141710-21fd457f2b67
2026-10-08T21:57:03.790657Z,github.com/pROMEThEUs/PromethEUs,v0.314.0-rc.0.0.20261008141710-21fd457f2b67
2026-10-08T21:57:04.232643Z,github.com/googlecloudplatform/google-cloud-go/aiplatform,v1.127.1-0.20261008195808-37f936ac9d69
2026-10-08T21:57:04.506102Z,github.com/pROMETHEus/PROMEThEuS,v0.314.0-rc.0.0.20261008141710-21fd457f2b67
2026-10-08T21:57:04.525613Z,github.com/PromeTheUs/PROmEtHEUs,v0.314.0-rc.0.0.20261008141710-21fd457f2b67
2026-10-08T21:57:05.177809Z,github.com/PRomETheUS/PROMEtheuS,v0.314.0-rc.0.0.20261008141710-21fd457f2b67
2026-10-08T21:57:05.302558Z,github.com/prOmETheUs/pROmETHeUs,v0.314.0-rc.0.0.20261008141710-21fd457f2b67
2026-10-08T21:57:05.490273Z,github.com/pRoMetheUs/PrOmetheuS,v0.314.0-rc.0.0.20261008141710-21fd457f2b67
2026-10-08T21:57:05.499899Z,github.com/prOMeTHEUS/promeTHEus,v0.314.0-rc.0.0.20261008141710-21fd457f2b67
2026-10-08T21:57:05.826433Z,github.com/pRoMetHeus/pRoMeTHEus,v0.314.0-rc.0.0.20261008141710-21fd457f2b67
2026-10-08T21:57:05.88843Z,github.com/PRoMEtHEUS/PrOMetheus,v0.314.0-rc.0.0.20261008141710-21fd457f2b67
2026-10-08T21:57:06.650194Z,github.com/proMeTHeUs/pRomEThEuS,v0.314.0-rc.0.0.20261008141710-21fd457f2b67
2026-10-08T21:57:06.925171Z,github.com/PROMEThEUs/promeTheUs,v0.314.0-rc.0.0.20261008141710-21fd457f2b67
2026-10-08T21:57:08.016017Z,github.com/prOmEthEUS/pROMETHEus,v0.314.0-rc.0.0.20261008141710-21fd457f2b67
2026-10-08T21:57:09.005016Z,github.com/PROmEthEUS/ProMEtHeus,v0.314.0-rc.0.0.20261008141710-21fd457f2b67
2026-10-08T21:57:10.386253Z,github.com/pROMeTHEuS/pRoMEThEUS,v0.314.0-rc.0.0.20261008141710-21fd457f2b67
2026-10-08T21:57:10.611008Z,github.com/proMETHeUS/PROmethEus,v0.314.0-rc.0.0.20261008141710-21fd457f2b67
2026-10-08T21:57:10.876269Z,github.com/ProMeTHeUs/PromEthEus,v0.314.0-rc.0.0.20261008141710-21fd457f2b67
2026-10-08T21:57:11.036861Z,github.com/pROMEtheuS/PROmeThEUS,v0.314.0-rc.0.0.20261008141710-21fd457f2b67
2026-10-08T21:57:11.476323Z,github.com/pRoMetheUS/pROmEthEUS,v0.314.0-rc.0.0.20261008141710-21fd457f2b67
2026-10-08T21:57:12.036424Z,github.com/ProMeThEUs/pRoMeTheuS,v0.314.0-rc.0.0.20261008141710-21fd457f2b67
2026-10-08T21:57:12.443686Z,github.com/pROmEThEuS/pROMetheUS,v0.314.0-rc.0.0.20261008141710-21fd457f2b67
2026-10-08T21:57:12.48935Z,github.com/PROMeThEuS/pROMeThEus,v0.314.0-rc.0.0.20261008141710-21fd457f2b67
2026-10-08T21:57:13.164846Z,github.com/pRomEtHEus/pROmETHeUS,v0.314.0-rc.0.0.20261008141710-21fd457f2b67
2026-10-08T21:57:13.468801Z,github.com/PrOmeThEuS/promEtHeUS,v0.314.0-rc.0.0.20261008141710-21fd457f2b67
2026-10-08T21:57:14.288618Z,github.com/ProMeTHeUS/proMEThEus,v0.314.0-rc.0.0.20261008141710-21fd457f2b67
2026-10-08T21:57:14.414524Z,github.com/promEtheus/PrOMeTheUs,v0.314.0-rc.0.0.20261008141710-21fd457f2b67
2026-10-08T21:57:14.599444Z,github.com/prOMEtHEUS/PrOMetHeUS,v0.314.0-rc.0.0.20261008141710-21fd457f2b67
2026-10-08T21:57:14.663179Z,github.com/pROMEThEuS/PRoMetHEuS,v0.314.0-rc.0.0.20261008141710-21fd457f2b67
2026-10-08T21:57:14.663693Z,github.com/pROmETheus/proMethEuS,v0.314.0-rc.0.0.20261008141710-21fd457f2b67
2026-10-08T21:57:15.215026Z,github.com/pRoMetHEuS/PrOMetheUs,v0.314.0-rc.0.0.20261008141710-21fd457f2b67
2026-10-08T21:57:15.699062Z,github.com/proMetheus/PROmetheuS,v0.314.0-rc.0.0.20261008141710-21fd457f2b67
2026-10-08T21:57:15.80621Z,github.com/proMEtheus/ProMethEUS,v0.314.0-rc.0.0.20261008141710-21fd457f2b67
2026-10-08T21:57:16.290053Z,github.com/lgcorzo/madmin-go,v1.0.0
2026-10-08T21:57:16.462548Z,github.com/prOmETheUS/pROmETheUS,v0.314.0-rc.0.0.20261008141710-21fd457f2b67
2026-10-08T21:57:16.650309Z,github.com/PROmeThEUs/pROMeTheus,v0.314.0-rc.0.0.20261008141710-21fd457f2b67
2026-10-08T21:57:16.811468Z,github.com/PRomEThEuS/prOMETheUs,v0.314.0-rc.0.0.20261008141710-21fd457f2b67
2026-10-08T21:57:17.045703Z,github.com/PROMethEUs/pROMETHeuS,v0.314.0-rc.0.0.20261008141710-21fd457f2b67
2026-10-08T21:57:17.151946Z,github.com/pROMEtHEUs/proMETHEus,v0.314.0-rc.0.0.20261008141710-21fd457f2b67
2026-10-08T21:57:18.075664Z,github.com/PROMetHEuS/pROmEThEus,v0.314.0-rc.0.0.20261008141710-21fd457f2b67
2026-10-08T21:57:18.365582Z,github.com/proMeTHEus/PRometHEuS,v0.314.0-rc.0.0.20261008141710-21fd457f2b67
2026-10-08T21:57:18.494414Z,github.com/prOmethEUS/PRomeThEUs,v0.314.0-rc.0.0.20261008141710-21fd457f2b67
2026-10-08T21:57:18.821209Z,github.com/PrOmetHEUS/promEthEUs,v0.314.0-rc.0.0.20261008141710-21fd457f2b67
2026-10-08T21:57:18.95528Z,github.com/prOmeThEUS/PrOmethEuS,v0.314.0-rc.0.0.20261008141710-21fd457f2b67
2026-10-08T21:57:19.318357Z,github.com/prOmetHEUs/pRoMetheUS,v0.314.0-rc.0.0.20261008141710-21fd457f2b67
2026-10-08T21:57:19.47705Z,github.com/ProMeThEUs/proMEtHEUS,v0.314.0-rc.0.0.20261008141710-21fd457f2b67
2026-10-08T21:57:19.488023Z,github.com/pRomEtHEUS/prOMEThEuS,v0.314.0-rc.0.0.20261008141710-21fd457f2b67
2026-10-08T21:57:19.700829Z,github.com/tencent-hunyuan/hunyuan-7b,v0.0.0-20250811110708-49c25a00ec7e
2026-10-08T21:57:19.761895Z,github.com/prOMeTHeUS/pRoMETheUS,v0.314.0-rc.0.0.20261008141710-21fd457f2b67
2026-10-08T21:57:20.2622Z,github.com/pRoMEtheUS/PROMetheUs,v0.314.0-rc.0.0.20261008141710-21fd457f2b67
2026-10-08T21:57:20.594558Z,github.com/pROmETHEUS/pRoMEthEUs,v0.314.0-rc.0.0.20261008141710-21fd457f2b67
2026-10-08T21:57:20.622269Z,github.com/PromeTHEUs/PromEthEuS,v0.314.0-rc.0.0.20261008141710-21fd457f2b67
2026-10-08T21:57:20.943797Z,github.com/pROMetHeus/PrOmeThEuS,v0.314.0-rc.0.0.20261008141710-21fd457f2b67
2026-10-08T21:57:21.49041Z,github.com/ProMeTHeuS/pROmETheus,v0.314.0-rc.0.0.20261008141710-21fd457f2b67
2026-10-08T21:57:21.940041Z,github.com/prOMeThEus/PRoMEtHEUs,v0.314.0-rc.0.0.20261008141710-21fd457f2b67
2026-10-08T21:57:22.63974Z,github.com/promeThEUS/PRomEtHeus,v0.314.0-rc.0.0.20261008141710-21fd457f2b67
2026-10-08T21:57:22.91183Z,github.com/radixiot/bacnet4j,v6.0.1+incompatible
2026-10-08T21:57:22.914919Z,github.com/prOmeTheuS/proMeTHeuS,v0.314.0-rc.0.0.20261008141710-21fd457f2b67
2026-10-08T21:57:23.754818Z,github.com/PrOMetheus/PROMEtHeUS,v0.314.0-rc.0.0.20261008141710-21fd457f2b67
2026-10-08T21:57:24.814342Z,github.com/PrOmEtheus/PRoMetHeuS,v0.314.0-rc.0.0.20261008141710-21fd457f2b67
2026-10-08T21:57:25.025876Z,github.com/lgcorzo/minio-go,v0.1.0
2026-10-08T21:57:25.076848Z,github.com/prOmetHEuS/proMetHEuS,v0.314.0-rc.0.0.20261008141710-21fd457f2b67
2026-10-08T21:57:25.177041Z,github.com/pRoMETheUs/ProMETHEus,v0.314.0-rc.0.0.20261008141710-21fd457f2b67
2026-10-08T21:57:25.323782Z,github.com/pROMEtHEUs/PRoMETHeUs,v0.314.0-rc.0.0.20261008141710-21fd457f2b67
2026-10-08T21:57:25.475809Z,github.com/PromEtHeuS/PRoMETHEus,v0.314.0-rc.0.0.20261008141710-21fd457f2b67
2026-10-08T21:57:25.545035Z,github.com/PRometheUs/PromETheUs,v0.314.0-rc.0.0.20261008141710-21fd457f2b67
2026-10-08T21:57:25.99921Z,github.com/PrOMEthEUS/pRomEThEuS,v0.314.0-rc.0.0.20261008141710-21fd457f2b67
2026-10-08T21:57:26.426182Z,github.com/PRoMetHEus/ProMETHeuS,v0.314.0-rc.0.0.20261008141710-21fd457f2b67
2026-10-08T21:57:27.097164Z,github.com/PROmetHEUs/PrOmeTHEUS,v0.314.0-rc.0.0.20261008141710-21fd457f2b67
2026-10-08T21:57:27.466426Z,github.com/ProMeTHEus/PROmetHeuS,v0.314.0-rc.0.0.20261008141710-21fd457f2b67
2026-10-08T21:57:27.924705Z,github.com/PRometHEUS/PrOMetheus,v0.314.0-rc.0.0.20261008141710-21fd457f2b67
2026-10-08T21:57:28.341707Z,github.com/PRomEtHEus/prOMetHeuS,v0.314.0-rc.0.0.20261008141710-21fd457f2b67
2026-10-08T21:57:28.344146Z,github.com/promEThEUS/PROmetHeUS,v0.314.0-rc.0.0.20261008141710-21fd457f2b67
2026-10-08T21:57:29.420522Z,github.com/pROMetHEus/prOMEthEUs,v0.314.0-rc.0.0.20261008141710-21fd457f2b67
2026-10-08T21:57:29.553101Z,github.com/PRoMeTHeus/PROmeTheUS,v0.314.0-rc.0.0.20261008141710-21fd457f2b67
2026-10-08T21:57:29.750797Z,github.com/PRomeTHEUS/pROMeTheuS,v0.314.0-rc.0.0.20261008141710-21fd457f2b67
2026-10-08T21:57:30.236663Z,github.com/prOmeTheUs/pROMetHeus,v0.314.0-rc.0.0.20261008141710-21fd457f2b67
2026-10-08T21:57:30.99338Z,github.com/pROmethEUs/PROmetHeUs,v0.314.0-rc.0.0.20261008141710-21fd457f2b67
2026-10-08T21:57:31.088407Z,github.com/roadrunner-server/jobs/v6,v6.0.0
2026-10-08T21:57:31.768976Z,github.com/pROmethEus/pRoMEtHEuS,v0.314.0-rc.0.0.20261008141710-21fd457f2b67
2026-10-08T21:57:32.104364Z,github.com/pROmethEUS/proMETHeus,v0.314.0-rc.0.0.20261008141710-21fd457f2b67
2026-10-08T21:57:33.320354Z,github.com/PRoMethEUs/PRomETHeUs,v0.314.0-rc.0.0.20261008141710-21fd457f2b67
2026-10-08T21:57:33.541527Z,github.com/PROmeTHeUS/PROmEtHeUs,v0.314.0-rc.0.0.20261008141710-21fd457f2b67
2026-10-08T21:57:33.657195Z,github.com/pRomETheuS/pROMEThEUs,v0.314.0-rc.0.0.20261008141710-21fd457f2b67
2026-10-08T21:57:33.817832Z,github.com/pRomEThEUs/PRomeTHeUs,v0.314.0-rc.0.0.20261008141710-21fd457f2b67
2026-10-08T21:57:34.187726Z,github.com/PRoMEtheUS/PromEtheUS,v0.314.0-rc.0.0.20261008141710-21fd457f2b67
2026-10-08T21:57:34.476622Z,github.com/prOMETheUs/PrOMethEUS,v0.314.0-rc.0.0.20261008141710-21fd457f2b67
2026-10-08T21:57:35.940878Z,github.com/PromEtHEus/PROMEThEUS,v0.314.0-rc.0.0.20261008141710-21fd457f2b67
2026-10-08T21:57:36.122195Z,github.com/ProMEtheus/prOmEthEuS,v0.314.0-rc.0.0.20261008141710-21fd457f2b67
2026-10-08T21:57:36.154148Z,github.com/prOmEtHEus/PromeTHEus,v0.314.0-rc.0.0.20261008141710-21fd457f2b67
2026-10-08T21:57:36.975204Z,github.com/pROMETheus/PrOMEtheuS,v0.314.0-rc.0.0.20261008141710-21fd457f2b67
2026-10-08T21:57:37.534818Z,github.com/proMEThEUS/prOmeTHeUS,v0.314.0-rc.0.0.20261008141710-21fd457f2b67
2026-10-08T21:57:37.666981Z,github.com/pRoMEThEus/pRomeTheUS,v0.314.0-rc.0.0.20261008141710-21fd457f2b67
2026-10-08T21:57:38.033115Z,github.com/proMETHeus/proMethEuS,v0.314.0-rc.0.0.20261008141710-21fd457f2b67
2026-10-08T21:57:38.154612Z,github.com/ProMETheus/prOmEthEUS,v0.314.0-rc.0.0.20261008141710-21fd457f2b67
2026-10-08T21:57:38.810301Z,github.com/proMETHeUS/pRomethEus,v0.314.0-rc.0.0.20261008141710-21fd457f2b67
2026-10-08T21:57:40.348003Z,github.com/PrOMetHEuS/prometHEUS,v0.314.0-rc.0.0.20261008141710-21fd457f2b67
2026-10-08T21:57:40.94222Z,github.com/PROMeTHeUS/PROmEthEuS,v0.314.0-rc.0.0.20261008141710-21fd457f2b67
2026-10-08T21:57:41.218616Z,github.com/PROMETHEUs/PrOmeTHeUs,v0.314.0-rc.0.0.20261008141710-21fd457f2b67
2026-10-08T21:57:42.214246Z,github.com/ProMethEUS/prOmethEuS,v0.314.0-rc.0.0.20261008141710-21fd457f2b67
2026-10-08T21:57:42.769029Z,github.com/promethEuS/PromethEUS,v0.314.0-rc.0.0.20261008141710-21fd457f2b67
2026-10-08T21:57:43.351946Z,github.com/prOmEthEuS/ProMEtHEuS,v0.314.0-rc.0.0.20261008141710-21fd457f2b67
2026-10-08T21:57:43.868665Z,github.com/pRoMETHeUS/prOmetHeUs,v0.314.0-rc.0.0.20261008141710-21fd457f2b67
2026-10-08T21:57:43.964977Z,github.com/PRomEtHEus/PRoMetHEuS,v0.314.0-rc.0.0.20261008141710-21fd457f2b67
2026-10-08T21:57:44.041844Z,github.com/pROMetHeuS/pROmEtHEUS,v0.314.0-rc.0.0.20261008141710-21fd457f2b67
2026-10-08T21:57:44.115914Z,github.com/PROMeThEuS/PRomETHEUS,v0.314.0-rc.0.0.20261008141710-21fd457f2b67
2026-10-08T21:57:44.718744Z,github.com/pRometheuS/PROmEthEus,v0.314.0-rc.0.0.20261008141710-21fd457f2b67
2026-10-08T21:57:45.121904Z,github.com/prOmEtheUS/pROmEtheuS,v0.314.0-rc.0.0.20261008141710-21fd457f2b67
2026-10-08T21:57:45.174551Z,github.com/PRoMEThEus/prOmEthEus,v0.314.0-rc.0.0.20261008141710-21fd457f2b67
2026-10-08T21:57:45.647953Z,github.com/PROMEthEus/pRoMEThEus,v0.314.0-rc.0.0.20261008141710-21fd457f2b67
2026-10-08T21:57:45.662306Z,github.com/PRoMeTHEUs/pROmEtHEus,v0.314.0-rc.0.0.20261008141710-21fd457f2b67
2026-10-08T21:57:45.937277Z,github.com/determinatesystems/flake-checker-action,v0.0.0-20261008135726-86e5a3677192
2026-10-08T21:57:46.291443Z,github.com/pRomeTHeus/PrOmETHEUS,v0.314.0-rc.0.0.20261008141710-21fd457f2b67
2026-10-08T21:57:46.324372Z,github.com/proMetheUS/pRomETHeus,v0.314.0-rc.0.0.20261008141710-21fd457f2b67
2026-10-08T21:57:46.572023Z,github.com/prOMEtHeUS/pRomEtHEUs,v0.314.0-rc.0.0.20261008141710-21fd457f2b67
2026-10-08T21:57:46.794548Z,github.com/PROMeTheUS/PrOmEtheus,v0.314.0-rc.0.0.20261008141710-21fd457f2b67
2026-10-08T21:57:47.151299Z,github.com/ProMEThEus/PromETHEUs,v0.314.0-rc.0.0.20261008141710-21fd457f2b67
2026-10-08T21:57:47.242251Z,github.com/pRoMeTheuS/pRoMEtHeUs,v0.314.0-rc.0.0.20261008141710-21fd457f2b67
2026-10-08T21:57:47.78107Z,github.com/PROmeTHeus/PrOMETHeus,v0.314.0-rc.0.0.20261008141710-21fd457f2b67
2026-10-08T21:57:48.187027Z,github.com/ProMETheUS/pROmeTHEuS,v0.314.0-rc.0.0.20261008141710-21fd457f2b67
2026-10-08T21:57:48.475586Z,github.com/ProMeTHEUs/proMETHEuS,v0.314.0-rc.0.0.20261008141710-21fd457f2b67
2026-10-08T21:57:48.644459Z,github.com/PROmEtHEuS/proMEtheuS,v0.314.0-rc.0.0.20261008141710-21fd457f2b67
2026-10-08T21:57:49.384426Z,github.com/PROmeThEUS/PromeTHEUS,v0.314.0-rc.0.0.20261008141710-21fd457f2b67
2026-10-08T21:57:49.818381Z,github.com/PromETHeUS/ProMEThEus,v0.314.0-rc.0.0.20261008141710-21fd457f2b67
2026-10-08T21:57:50.600332Z,github.com/PROmeThEuS/PrOMETHeuS,v0.314.0-rc.0.0.20261008141710-21fd457f2b67
2026-10-08T21:57:50.610458Z,github.com/PROMeTheUs/pRomeThEUs,v0.314.0-rc.0.0.20261008141710-21fd457f2b67
2026-10-08T21:57:50.777702Z,github.com/pROmEThEus/ProMetHEus,v0.314.0-rc.0.0.20261008141710-21fd457f2b67
2026-10-08T21:57:50.980955Z,github.com/prOMethEUs/ProMEtHeus,v0.314.0-rc.0.0.20261008141710-21fd457f2b67
2026-10-08T21:57:51.359255Z,github.com/prOmEtheus/ProMetHEus,v0.314.0-rc.0.0.20261008141710-21fd457f2b67
2026-10-08T21:57:52.852421Z,github.com/prOmeTHEUs/pRoMeTHEuS,v0.314.0-rc.0.0.20261008141710-21fd457f2b67
2026-10-08T21:57:54.94129Z,github.com/PROmetheuS/prometHEuS,v0.314.0-rc.0.0.20261008141710-21fd457f2b67
2026-10-08T21:57:55.151146Z,github.com/PROmeTHeuS/PrOMEtheUs,v0.314.0-rc.0.0.20261008141710-21fd457f2b67
2026-10-08T21:57:55.176244Z,github.com/promethEuS/pRomETheus,v0.314.0-rc.0.0.20261008141710-21fd457f2b67
2026-10-08T21:57:55.222475Z,github.com/proMETheUs/PrOmetheUs,v0.314.0-rc.0.0.20261008141710-21fd457f2b67
2026-10-08T21:57:55.559272Z,github.com/promeTheUs/PRomEtheuS,v0.314.0-rc.0.0.20261008141710-21fd457f2b67
2026-10-08T21:57:55.93507Z,github.com/PRoMEThEUs/PROmetHEuS,v0.314.0-rc.0.0.20261008141710-21fd457f2b67
2026-10-08T21:57:56.089385Z,github.com/pRomETHeuS/PrOmetHEuS,v0.314.0-rc.0.0.20261008141710-21fd457f2b67
2026-10-08T21:57:56.34917Z,github.com/PrOmEtHEUs/PrOMEtHeus,v0.314.0-rc.0.0.20261008141710-21fd457f2b67
2026-10-08T21:57:56.809978Z,github.com/pRomEThEUS/pRomEthEUs,v0.314.0-rc.0.0.20261008141710-21fd457f2b67
2026-10-08T21:57:56.897175Z,github.com/PrOMetHeuS/PRomETHeUs,v0.314.0-rc.0.0.20261008141710-21fd457f2b67
2026-10-08T21:57:57.321708Z,github.com/ProMeThEus/prOMetHeus,v0.314.0-rc.0.0.20261008141710-21fd457f2b67
2026-10-08T21:57:57.511218Z,github.com/PROmEtHeuS/PROmeTheUS,v0.314.0-rc.0.0.20261008141710-21fd457f2b67
2026-10-08T21:57:58.576267Z,github.com/promeThEUS/prOmEtHeus,v0.314.0-rc.0.0.20261008141710-21fd457f2b67
2026-10-08T21:57:59.146339Z,github.com/pRomeThEUS/ProMeTHEUS,v0.314.0-rc.0.0.20261008141710-21fd457f2b67
2026-10-08T21:57:59.148852Z,github.com/PromEtheUS/pROmETHEuS,v0.314.0-rc.0.0.20261008141710-21fd457f2b67
2026-10-08T21:57:59.509795Z,github.com/prOmeThEUS/prOmEtheus,v0.314.0-rc.0.0.20261008141710-21fd457f2b67
2026-10-08T21:57:59.676692Z,github.com/PrOMeTHEUS/proMeThEus,v0.314.0-rc.0.0.20261008141710-21fd457f2b67
2026-10-08T21:58:00.16446Z,github.com/ProMEtHEus/prometheUS,v0.314.0-rc.0.0.20261008141710-21fd457f2b67
2026-10-08T21:58:00.309385Z,github.com/PrOMetHeuS/PROMEthEUs,v0.314.0-rc.0.0.20261008141710-21fd457f2b67
2026-10-08T21:58:01.431531Z,github.com/PrOmEthEuS/prOmetheUs,v0.314.0-rc.0.0.20261008141710-21fd457f2b67
2026-10-08T21:58:01.63056Z,github.com/PromeThEus/PromethEus,v0.314.0-rc.0.0.20261008141710-21fd457f2b67
2026-10-08T21:58:02.398966Z,github.com/promEtHeus/PrOMETheUs,v0.314.0-rc.0.0.20261008141710-21fd457f2b67
2026-10-08T21:58:02.544232Z,github.com/ProMeTHeuS/PRoMethEUS,v0.314.0-rc.0.0.20261008141710-21fd457f2b67
2026-10-08T21:58:04.056865Z,github.com/PrOMeTheuS/PrOmEtheus,v0.314.0-rc.0.0.20261008141710-21fd457f2b67
2026-10-08T21:58:05.213568Z,github.com/PROmETheus/prOMeThEUs,v0.314.0-rc.0.0.20261008141710-21fd457f2b67
2026-10-08T21:58:05.335858Z,github.com/ProMETHeuS/PrOmEtHeUS,v0.314.0-rc.0.0.20261008141710-21fd457f2b67
2026-10-08T21:58:05.383845Z,github.com/PromETHEUs/proMeTHEuS,v0.314.0-rc.0.0.20261008141710-21fd457f2b67
2026-10-08T21:58:05.58677Z,github.com/prOmETHeUS/PrOMEtHEUS,v0.314.0-rc.0.0.20261008141710-21fd457f2b67
2026-10-08T21:58:05.655328Z,github.com/lightningd/plugins,v0.0.0-20261008153206-81b7c3c8c77b
2026-10-08T21:58:05.868088Z,github.com/PRoMEtHEus/PrOmEtHEUS,v0.314.0-rc.0.0.20261008141710-21fd457f2b67
2026-10-08T21:58:06.094434Z,github.com/PROMETHEUS/PrOmetheuS,v0.314.0-rc.0.0.20261008141710-21fd457f2b67
2026-10-08T21:58:06.311353Z,github.com/pROmEtheuS/PROMethEuS,v0.314.0-rc.0.0.20261008141710-21fd457f2b67
2026-10-08T21:58:06.520113Z,github.com/PRomeTHeUs/prOMETHEUs,v0.314.0-rc.0.0.20261008141710-21fd457f2b67
2026-10-08T21:58:07.051913Z,github.com/pROMetHeUs/proMEtHEUs,v0.314.0-rc.0.0.20261008141710-21fd457f2b67
2026-10-08T21:58:07.775542Z,github.com/PrometHEuS/pROMetHEus,v0.314.0-rc.0.0.20261008141710-21fd457f2b67
2026-10-08T21:58:07.89037Z,github.com/PRoMetHEuS/proMEThEUs,v0.314.0-rc.0.0.20261008141710-21fd457f2b67
2026-10-08T21:58:08.559652Z,github.com/ProMetheUS/PROMetheUS,v0.314.0-rc.0.0.20261008141710-21fd457f2b67
2026-10-08T21:58:08.910787Z,github.com/proMEtHeUS/PromETHEus,v0.314.0-rc.0.0.20261008141710-21fd457f2b67
2026-10-08T21:58:10.18563Z,github.com/proMeTHeuS/ProMetheUS,v0.314.0-rc.0.0.20261008141710-21fd457f2b67
2026-10-08T21:58:10.232056Z,github.com/PROMetheUS/PrOmetHeUs,v0.314.0-rc.0.0.20261008141710-21fd457f2b67
2026-10-08T21:58:10.340779Z,github.com/pRoMEtHEUs/prOMETHeus,v0.314.0-rc.0.0.20261008141710-21fd457f2b67
2026-10-08T21:58:10.568726Z,github.com/pRoMEtHeus/PrOmETHeus,v0.314.0-rc.0.0.20261008141710-21fd457f2b67
2026-10-08T21:58:11.267366Z,github.com/PROMeTHEuS/PROMeThEus,v0.314.0-rc.0.0.20261008141710-21fd457f2b67
2026-10-08T21:58:11.289653Z,github.com/PrOMethEUs/PrometHEUS,v0.314.0-rc.0.0.20261008141710-21fd457f2b67
2026-10-08T21:58:13.319082Z,github.com/pRoMeTHEUS/ProMeThEUS,v0.314.0-rc.0.0.20261008141710-21fd457f2b67
2026-10-08T21:58:13.426576Z,github.com/ProMEtHEUS/proMETHEUS,v0.314.0-rc.0.0.20261008141710-21fd457f2b67
2026-10-08T21:58:14.385142Z,github.com/pmxlr8/ds_r_geopolitics,v0.0.0-20261008131709-c9b9b7cbf618
2026-10-08T21:58:14.572546Z,github.com/PrOMETHeUs/PROmetheUS,v0.314.0-rc.0.0.20261008141710-21fd457f2b67
2026-10-08T21:58:14.672295Z,github.com/metalabel/dfos,v0.0.0-20261008175738-9ff1b26257a5
2026-10-08T21:58:14.989481Z,github.com/PrOmeTheus/proMeTheus,v0.314.0-rc.0.0.20261008141710-21fd457f2b67
2026-10-08T21:58:15.221922Z,github.com/pRomEtHeUS/pROmETHEus,v0.314.0-rc.0.0.20261008141710-21fd457f2b67
2026-10-08T21:58:15.979229Z,github.com/pRometheUs/proMetHeuS,v0.314.0-rc.0.0.20261008141710-21fd457f2b67
2026-10-08T21:58:16.196531Z,github.com/PrOmeTheus/promEtHeUS,v0.314.0-rc.0.0.20261008141710-21fd457f2b67
2026-10-08T21:58:16.253603Z,github.com/PROmEThEus/PROmetHeus,v0.314.0-rc.0.0.20261008141710-21fd457f2b67
2026-10-08T21:58:16.352178Z,github.com/PrOMetHeUs/prOmeTHeUs,v0.314.0-rc.0.0.20261008141710-21fd457f2b67
2026-10-08T21:58:16.360272Z,github.com/prOmetheuS/PromEtheuS,v0.314.0-rc.0.0.20261008141710-21fd457f2b67
2026-10-08T21:58:16.925058Z,github.com/ProMeTHEUS/prOmEtHeus,v0.314.0-rc.0.0.20261008141710-21fd457f2b67
2026-10-08T21:58:17.974828Z,github.com/PRomEtHeUs/PrometHEus,v0.314.0-rc.0.0.20261008141710-21fd457f2b67
2026-10-08T21:58:18.844296Z,github.com/pROmeTHEuS/PROmetHEuS,v0.314.0-rc.0.0.20261008141710-21fd457f2b67
2026-10-08T21:58:19.060279Z,github.com/pRomEtHEUs/PromEtHEUS,v0.314.0-rc.0.0.20261008141710-21fd457f2b67
2026-10-08T21:58:19.44661Z,github.com/PRoMethEuS/ProMETHeUS,v0.314.0-rc.0.0.20261008141710-21fd457f2b67
2026-10-08T21:58:19.78783Z,github.com/PrOMETheUS/pRomeTHeus,v0.314.0-rc.0.0.20261008141710-21fd457f2b67
2026-10-08T21:58:20.12766Z,github.com/proMethEus/ProMEThEuS,v0.314.0-rc.0.0.20261008141710-21fd457f2b67
2026-10-08T21:58:20.951876Z,github.com/prOMeTheUS/PrOMetheUS,v0.314.0-rc.0.0.20261008141710-21fd457f2b67
2026-10-08T21:58:22.140886Z,github.com/pROmEtHEuS/PromeTheUS,v0.314.0-rc.0.0.20261008141710-21fd457f2b67
2026-10-08T21:58:22.334773Z,github.com/PRoMetHeUs/pRomEthEUs,v0.314.0-rc.0.0.20261008141710-21fd457f2b67
2026-10-08T21:58:22.989833Z,github.com/PRoMEtHeus/pROmETHEus,v0.314.0-rc.0.0.20261008141710-21fd457f2b67
2026-10-08T21:58:23.929972Z,github.com/PRoMETHeus/proMeTHeUS,v0.314.0-rc.0.0.20261008141710-21fd457f2b67
2026-10-08T21:58:24.646814Z,github.com/prOmETHEUs/PromeTHeUS,v0.314.0-rc.0.0.20261008141710-21fd457f2b67
2026-10-08T21:58:25.550011Z,github.com/pROmEthEUs/PROmETheuS,v0.314.0-rc.0.0.20261008141710-21fd457f2b67
2026-10-08T21:58:25.761648Z,github.com/PROMETheus/PromEthEus,v0.314.0-rc.0.0.20261008141710-21fd457f2b67
2026-10-08T21:58:25.829303Z,github.com/promethEUS/ProMeTHEUs,v0.314.0-rc.0.0.20261008141710-21fd457f2b67
2026-10-08T21:58:26.30438Z,github.com/pROmEtheus/pROMETHEUS,v0.314.0-rc.0.0.20261008141710-21fd457f2b67
2026-10-08T21:58:26.760958Z,github.com/prOmetHEus/PromeTHeUs,v0.314.0-rc.0.0.20261008141710-21fd457f2b67
2026-10-08T21:58:26.882589Z,github.com/prOMetHEUS/PrOMetheUS,v0.314.0-rc.0.0.20261008141710-21fd457f2b67
2026-10-08T21:58:27.082958Z,github.com/PrOmEThEuS/PROMetheUs,v0.314.0-rc.0.0.20261008141710-21fd457f2b67
2026-10-08T21:58:27.734473Z,github.com/PRoMEtheUs/PROMEThEUs,v0.314.0-rc.0.0.20261008141710-21fd457f2b67
2026-10-08T21:58:27.841572Z,github.com/pROMetHeus/proMETHEUS,v0.314.0-rc.0.0.20261008141710-21fd457f2b67
2026-10-08T21:58:27.867533Z,github.com/promEtHeuS/PrOMEtHEUS,v0.314.0-rc.0.0.20261008141710-21fd457f2b67
2026-10-08T21:58:28.518599Z,github.com/pROmEThEUS/PROMEtHEuS,v0.314.0-rc.0.0.20261008141710-21fd457f2b67
2026-10-08T21:58:28.667795Z,github.com/PrOMEtHeuS/pRomEthEUS,v0.314.0-rc.0.0.20261008141710-21fd457f2b67
2026-10-08T21:58:29.020749Z,github.com/PRomeTHeUS/pROmeTHEUS,v0.314.0-rc.0.0.20261008141710-21fd457f2b67
2026-10-08T21:58:29.615365Z,github.com/pRomeTHeUS/pRomETHeUS,v0.314.0-rc.0.0.20261008141710-21fd457f2b67
2026-10-08T21:58:29.830523Z,github.com/prOMeThEuS/PROmETheUs,v0.314.0-rc.0.0.20261008141710-21fd457f2b67
2026-10-08T21:58:30.80781Z,github.com/ProMEtheuS/pROmeTHeus,v0.314.0-rc.0.0.20261008141710-21fd457f2b67
2026-10-08T21:58:31.174985Z,github.com/pROmethEUS/PrOMEThEUS,v0.314.0-rc.0.0.20261008141710-21fd457f2b67
2026-10-08T21:58:31.386969Z,github.com/pROmETheuS/PrOMeTHEus,v0.314.0-rc.0.0.20261008141710-21fd457f2b67
2026-10-08T21:58:32.422514Z,github.com/proMeThEUs/PROMEThEus,v0.314.0-rc.0.0.20261008141710-21fd457f2b67
2026-10-08T21:58:32.667732Z,github.com/prOmeThEus/prOMEThEuS,v0.314.0-rc.0.0.20261008141710-21fd457f2b67
2026-10-08T21:58:33.145289Z,github.com/pRoMETheus/prOmETheUS,v0.314.0-rc.0.0.20261008141710-21fd457f2b67
2026-10-08T21:58:33.160064Z,github.com/promeTHEus/promETHeus,v0.314.0-rc.0.0.20261008141710-21fd457f2b67
2026-10-08T21:58:33.718448Z,github.com/PrOMETHEuS/PRoMEtHEuS,v0.314.0-rc.0.0.20261008141710-21fd457f2b67
2026-10-08T21:58:34.472837Z,github.com/ProMeTHEus/pROMeTHEUs,v0.314.0-rc.0.0.20261008141710-21fd457f2b67
2026-10-08T21:58:34.729772Z,github.com/pRoMetHEus/PROMEthEuS,v0.314.0-rc.0.0.20261008141710-21fd457f2b67
2026-10-08T21:58:34.991448Z,github.com/proMeTheUS/pROmeTheUs,v0.314.0-rc.0.0.20261008141710-21fd457f2b67
2026-10-08T21:58:35.173118Z,github.com/PrOMEtheUS/ProMeTHeUs,v0.314.0-rc.0.0.20261008141710-21fd457f2b67
2026-10-08T21:58:35.230375Z,github.com/proMETHEuS/ProMetHEuS,v0.314.0-rc.0.0.20261008141710-21fd457f2b67
2026-10-08T21:58:35.31022Z,github.com/PrOMEthEuS/PROmeTHeUS,v0.314.0-rc.0.0.20261008141710-21fd457f2b67
2026-10-08T21:58:35.834345Z,github.com/promEtheUS/PromEtHEUs,v0.314.0-rc.0.0.20261008141710-21fd457f2b67
2026-10-08T21:58:36.37234Z,github.com/PromETheuS/PROmeTheuS,v0.314.0-rc.0.0.20261008141710-21fd457f2b67
2026-10-08T21:58:36.454499Z,github.com/PROMeTHEus/proMeTheuS,v0.314.0-rc.0.0.20261008141710-21fd457f2b67
2026-10-08T21:58:36.754786Z,github.com/pRomeTHeuS/PROMEtHeuS,v0.314.0-rc.0.0.20261008141710-21fd457f2b67
2026-10-08T21:58:37.077202Z,github.com/PRomEtHEus/prOMETHEUs,v0.314.0-rc.0.0.20261008141710-21fd457f2b67
2026-10-08T21:58:37.377188Z,github.com/PRomETHEus/pROMEtHeuS,v0.314.0-rc.0.0.20261008141710-21fd457f2b67
2026-10-08T21:58:37.543489Z,github.com/PROMEtHeUs/pROmeThEus,v0.314.0-rc.0.0.20261008141710-21fd457f2b67
2026-10-08T21:58:37.545934Z,github.com/promeThEus/PROmetHEUs,v0.314.0-rc.0.0.20261008141710-21fd457f2b67
2026-10-08T21:58:37.740059Z,github.com/PRoMeTHeuS/PROmetHeUS,v0.314.0-rc.0.0.20261008141710-21fd457f2b67
2026-10-08T21:58:37.801643Z,github.com/MSKazemi/novafabric/collector,v0.0.0-20261008203200-448de1a04fd0
2026-10-08T21:58:37.809323Z,github.com/promEtHEUS/pRometHEUS,v0.314.0-rc.0.0.20261008141710-21fd457f2b67
2026-10-08T21:58:38.147618Z,github.com/pROMeThEUs/proMeThEUS,v0.314.0-rc.0.0.20261008141710-21fd457f2b67
2026-10-08T21:58:38.474968Z,github.com/PRomEtheus/PrOMeTHeUS,v0.314.0-rc.0.0.20261008141710-21fd457f2b67
2026-10-08T21:58:38.556214Z,github.com/proMETheUs/PROMEthEUS,v0.314.0-rc.0.0.20261008141710-21fd457f2b67
2026-10-08T21:58:38.742468Z,github.com/PromEtHeUs/PrOMETHeUS,v0.314.0-rc.0.0.20261008141710-21fd457f2b67
2026-10-08T21:58:39.915673Z,github.com/pRoMethEus/proMEtHeUS,v0.314.0-rc.0.0.20261008141710-21fd457f2b67
2026-10-08T21:58:41.03704Z,github.com/PrOmETheUs/PRomEtHeUS,v0.314.0-rc.0.0.20261008141710-21fd457f2b67
2026-10-08T21:58:41.516825Z,github.com/pRoMETHeus/PROMetHEUS,v0.314.0-rc.0.0.20261008141710-21fd457f2b67
2026-10-08T21:58:42.403833Z,github.com/prOmEtHeus/ProMETheUs,v0.314.0-rc.0.0.20261008141710-21fd457f2b67
2026-10-08T21:58:42.547003Z,github.com/pRoMETheus/PRomeThEUS,v0.314.0-rc.0.0.20261008141710-21fd457f2b67
2026-10-08T21:58:42.975388Z,github.com/promETheUS/PRometHEUs,v0.314.0-rc.0.0.20261008141710-21fd457f2b67
2026-10-08T21:58:43.544377Z,github.com/prOmETHeUs/promeTHEUS,v0.314.0-rc.0.0.20261008141710-21fd457f2b67
2026-10-08T21:58:43.544459Z,github.com/prOmEtHEus/PromETHeUs,v0.314.0-rc.0.0.20261008141710-21fd457f2b67
2026-10-08T21:58:43.755035Z,github.com/prOMETheUS/PrOmEtheus,v0.314.0-rc.0.0.20261008141710-21fd457f2b67
2026-10-08T21:58:44.415449Z,github.com/pROmEThEuS/PROmEThEUs,v0.314.0-rc.0.0.20261008141710-21fd457f2b67
2026-10-08T21:58:44.527879Z,github.com/pRomeThEuS/pROMEThEus,v0.314.0-rc.0.0.20261008141710-21fd457f2b67
2026-10-08T21:58:46.172745Z,github.com/Open-Telemetry/opentelemetry-go-contrib,v1.47.1-0.20261008155415-87c9b47d29df
2026-10-08T21:58:46.278331Z,github.com/promEtheUS/promEtHeus,v0.314.0-rc.0.0.20261008141710-21fd457f2b67
2026-10-08T21:58:46.303597Z,github.com/PRoMEtHEUS/PrOmeThEUS,v0.314.0-rc.0.0.20261008141710-21fd457f2b67
2026-10-08T21:58:46.560101Z,github.com/PrOmETHEuS/promeTheus,v0.314.0-rc.0.0.20261008141710-21fd457f2b67
2026-10-08T21:58:46.844926Z,github.com/PromEtHeUS/ProMeTHeUs,v0.314.0-rc.0.0.20261008141710-21fd457f2b67
2026-10-08T21:58:47.015806Z,github.com/PROmetHeUs/PRoMETheUS,v0.314.0-rc.0.0.20261008141710-21fd457f2b67
2026-10-08T21:58:47.751894Z,github.com/PrOmEtHEUs/PrOmEtHeus,v0.314.0-rc.0.0.20261008141710-21fd457f2b67
2026-10-08T21:58:48.49409Z,github.com/pRomETHEus/prOMetheUS,v0.314.0-rc.0.0.20261008141710-21fd457f2b67
2026-10-08T21:58:49.654972Z,github.com/promEtHEus/proMetHEUS,v0.314.0-rc.0.0.20261008141710-21fd457f2b67
2026-10-08T21:58:49.675124Z,github.com/pROMetHeuS/Prometheus,v0.314.0-rc.0.0.20261008141710-21fd457f2b67
2026-10-08T21:58:51.556154Z,github.com/PROmEtHEUS/PromethEUs,v0.314.0-rc.0.0.20261008141710-21fd457f2b67
2026-10-08T21:58:52.924603Z,github.com/PRomeTHEUS/PrOmEthEUS,v0.314.0-rc.0.0.20261008141710-21fd457f2b67
2026-10-08T21:58:53.08125Z,github.com/PrometHeUs/pROMethEUs,v0.314.0-rc.0.0.20261008141710-21fd457f2b67
2026-10-08T21:58:53.291387Z,github.com/prOmEtHEUs/pRoMeTheUS,v0.314.0-rc.0.0.20261008141710-21fd457f2b67
2026-10-08T21:58:53.34896Z,github.com/PRomEtheus/pRoMEthEUS,v0.314.0-rc.0.0.20261008141710-21fd457f2b67
2026-10-08T21:58:54.068469Z,github.com/prOmETHEuS/PRomETheuS,v0.314.0-rc.0.0.20261008141710-21fd457f2b67
2026-10-08T21:58:54.131401Z,github.com/PRomeTHeus/ProMeThEUS,v0.314.0-rc.0.0.20261008141710-21fd457f2b67
2026-10-08T21:58:54.158252Z,github.com/codastre/cli,v0.24.0
2026-10-08T21:58:54.474124Z,github.com/PRoMEtHeUs/PrOmeTheUS,v0.314.0-rc.0.0.20261008141710-21fd457f2b67
2026-10-08T21:58:54.958365Z,github.com/PRoMetHEuS/PromeThEUs,v0.314.0-rc.0.0.20261008141710-21fd457f2b67
2026-10-08T21:58:55.687218Z,github.com/PrOmetHeUS/PromETHeus,v0.314.0-rc.0.0.20261008141710-21fd457f2b67
2026-10-08T21:58:56.135752Z,github.com/pRoMETHeus/pRoMethEUs,v0.314.0-rc.0.0.20261008141710-21fd457f2b67
2026-10-08T21:58:56.377203Z,github.com/PrOmetHEUs/promEthEUs,v0.314.0-rc.0.0.20261008141710-21fd457f2b67
2026-10-08T21:58:58.491888Z,github.com/PrOmETHeUs/pROMeTHEus,v0.314.0-rc.0.0.20261008141710-21fd457f2b67
2026-10-08T21:58:58.517139Z,github.com/promeTHEUs/PRoMethEus,v0.314.0-rc.0.0.20261008141710-21fd457f2b67
2026-10-08T21:58:58.576955Z,github.com/pROMETheUS/PRomEThEus,v0.314.0-rc.0.0.20261008141710-21fd457f2b67
2026-10-08T21:58:58.651699Z,github.com/PRomEtHEuS/promETHeus,v0.314.0-rc.0.0.20261008141710-21fd457f2b67
2026-10-08T21:58:59.611576Z,github.com/PrOMethEUS/pRometHEUs,v0.314.0-rc.0.0.20261008141710-21fd457f2b67
2026-10-08T21:58:59.769736Z,github.com/bottosson/bottosson.github.io,v0.0.0-20250526083555-7561fbab5c8b
2026-10-08T21:58:59.849112Z,github.com/PRomeThEus/PRometHeus,v0.314.0-rc.0.0.20261008141710-21fd457f2b67
2026-10-08T21:59:00.180013Z,github.com/PROmeTHeUS/prOMetHEus,v0.314.0-rc.0.0.20261008141710-21fd457f2b67
2026-10-08T21:59:00.381051Z,github.com/PROmEtHeus/pROMETHeUs,v0.314.0-rc.0.0.20261008141710-21fd457f2b67
2026-10-08T21:59:00.6888Z,github.com/proMEtheUs/ProMeTheUs,v0.314.0-rc.0.0.20261008141710-21fd457f2b67
2026-10-08T21:59:00.704564Z,github.com/PRoMEthEus/prOMEThEuS,v0.314.0-rc.0.0.20261008141710-21fd457f2b67
2026-10-08T21:59:00.93917Z,github.com/PrOmETheuS/pROMETheuS,v0.314.0-rc.0.0.20261008141710-21fd457f2b67
2026-10-08T21:59:00.974924Z,github.com/PROMEtheus/prOmethEus,v0.314.0-rc.0.0.20261008141710-21fd457f2b67
2026-10-08T21:59:01.102336Z,github.com/ProMEThEUS/pROmetHeUs,v0.314.0-rc.0.0.20261008141710-21fd457f2b67
2026-10-08T21:59:01.485467Z,github.com/PRomethEus/PrOmeTHeUs,v0.314.0-rc.0.0.20261008141710-21fd457f2b67
2026-10-08T21:59:01.915149Z,github.com/proMeThEUs/PrOmeTHeus,v0.314.0-rc.0.0.20261008141710-21fd457f2b67
2026-10-08T21:59:01.944798Z,github.com/pRoMetHEUs/PrOMEThEUS,v0.314.0-rc.0.0.20261008141710-21fd457f2b67
2026-10-08T21:59:03.765479Z,github.com/pRomeThEUs/pROmetHEUS,v0.314.0-rc.0.0.20261008141710-21fd457f2b67
2026-10-08T21:59:03.770109Z,github.com/prOmeTHeus/PrOMETHEuS,v0.314.0-rc.0.0.20261008141710-21fd457f2b67
2026-10-08T21:59:03.98848Z,github.com/PROMeTheus/PromeTHEUs,v0.314.0-rc.0.0.20261008141710-21fd457f2b67
2026-10-08T21:59:04.137431Z,github.com/pROmETHEuS/PRoMETHEus,v0.314.0-rc.0.0.20261008141710-21fd457f2b67
2026-10-08T21:59:04.841697Z,github.com/PrOMEtHeUS/PRomETHEUS,v0.314.0-rc.0.0.20261008141710-21fd457f2b67
2026-10-08T21:59:05.874345Z,github.com/PrOMeTheuS/pRomeTHeUs,v0.314.0-rc.0.0.20261008141710-21fd457f2b67
2026-10-08T21:59:06.069664Z,github.com/proMEtHEUs/PROMethEUS,v0.314.0-rc.0.0.20261008141710-21fd457f2b67
2026-10-08T21:59:06.44446Z,github.com/PROmEThEUS/promethEuS,v0.314.0-rc.0.0.20261008141710-21fd457f2b67
2026-10-08T21:59:06.621413Z,github.com/promEthEUS/prOMEThEuS,v0.314.0-rc.0.0.20261008141710-21fd457f2b67
2026-10-08T21:59:07.024678Z,github.com/PromETHEUS/ProMEThEUS,v0.314.0-rc.0.0.20261008141710-21fd457f2b67
2026-10-08T21:59:07.550716Z,github.com/PROmeTHeUs/PrometHeUS,v0.314.0-rc.0.0.20261008141710-21fd457f2b67
2026-10-08T21:59:07.907416Z,github.com/prOMETheus/ProMetheUs,v0.314.0-rc.0.0.20261008141710-21fd457f2b67
2026-10-08T21:59:08.0479Z,github.com/mrrobertkent/hookgate,v0.1.2
2026-10-08T21:59:08.244301Z,github.com/PROmeThEus/prOmEtHEus,v0.314.0-rc.0.0.20261008141710-21fd457f2b67
2026-10-08T21:59:08.426651Z,github.com/portpowered/go-icloud,v0.0.0-20261008214139-8104b8ee8340
2026-10-08T21:59:08.713164Z,github.com/PROmEtHEUS/ProMetheUs,v0.314.0-rc.0.0.20261008141710-21fd457f2b67
2026-10-08T21:59:09.107353Z,github.com/PRomeTHeUs/PrOMeTHeUs,v0.314.0-rc.0.0.20261008141710-21fd457f2b67
2026-10-08T21:59:09.899925Z,github.com/proMeThEuS/pRoMetheUS,v0.314.0-rc.0.0.20261008141710-21fd457f2b67
2026-10-08T21:59:10.435573Z,github.com/PrOmETHeUs/pRometHEus,v0.314.0-rc.0.0.20261008141710-21fd457f2b67
2026-10-08T21:59:11.012151Z,github.com/PrOMetheus/pRoMEtheuS,v0.314.0-rc.0.0.20261008141710-21fd457f2b67
2026-10-08T21:59:11.502003Z,github.com/prOMEtheUS/PROmETheus,v0.314.0-rc.0.0.20261008141710-21fd457f2b67
2026-10-08T21:59:11.565168Z,github.com/pROMEtHEUS/PrOmeTHeUS,v0.314.0-rc.0.0.20261008141710-21fd457f2b67
2026-10-08T21:59:11.676579Z,github.com/PrOmeTHEus/prOMeTHeUs,v0.314.0-rc.0.0.20261008141710-21fd457f2b67
2026-10-08T21:59:12.095772Z,github.com/PrOmeThEUs/pROmetHeUS,v0.314.0-rc.0.0.20261008141710-21fd457f2b67
2026-10-08T21:59:12.552577Z,github.com/PROMeTHEus/prOmETHEUs,v0.314.0-rc.0.0.20261008141710-21fd457f2b67
2026-10-08T21:59:12.921656Z,github.com/pROmeTHeUs/pROMethEuS,v0.314.0-rc.0.0.20261008141710-21fd457f2b67
2026-10-08T21:59:14.914619Z,github.com/PrOmeTHEuS/pROmeTHeuS,v0.314.0-rc.0.0.20261008141710-21fd457f2b67
2026-10-08T21:59:15.165436Z,github.com/PrOmeThEUS/pROMETheuS,v0.314.0-rc.0.0.20261008141710-21fd457f2b67
2026-10-08T21:59:15.233939Z,github.com/PrOMeThEuS/PRometHeUS,v0.314.0-rc.0.0.20261008141710-21fd457f2b67
2026-10-08T21:59:16.382007Z,github.com/proMetHEUs/PRomEThEUs,v0.314.0-rc.0.0.20261008141710-21fd457f2b67
2026-10-08T21:59:16.945657Z,github.com/promeTheuS/PromeThEuS,v0.314.0-rc.0.0.20261008141710-21fd457f2b67
2026-10-08T21:59:16.957993Z,github.com/PROmeThEus/promEThEuS,v0.314.0-rc.0.0.20261008141710-21fd457f2b67
2026-10-08T21:59:18.089861Z,github.com/ProMEThEUS/prometHeus,v0.314.0-rc.0.0.20261008141710-21fd457f2b67
2026-10-08T21:59:18.281473Z,github.com/prOmetHEUs/proMEThEuS,v0.314.0-rc.0.0.20261008141710-21fd457f2b67
2026-10-08T21:59:18.873163Z,github.com/PrOMetheUs/PROMetheus,v0.314.0-rc.0.0.20261008141710-21fd457f2b67
2026-10-08T21:59:18.919968Z,github.com/PROmEtHeUS/PromETHEus,v0.314.0-rc.0.0.20261008141710-21fd457f2b67
2026-10-08T21:59:19.466089Z,github.com/pROMEtHEuS/PROmetheUS,v0.314.0-rc.0.0.20261008141710-21fd457f2b67
2026-10-08T21:59:21.458285Z,github.com/pRomETHEUS/promeTHeUs,v0.314.0-rc.0.0.20261008141710-21fd457f2b67
2026-10-08T21:59:22.510866Z,github.com/ProMETheUs/PROMetheUS,v0.314.0-rc.0.0.20261008141710-21fd457f2b67
2026-10-08T21:59:22.688597Z,github.com/PROmETheUs/PROMetheUs,v0.314.0-rc.0.0.20261008141710-21fd457f2b67
2026-10-08T21:59:22.69827Z,github.com/proMEtheus/proMETheuS,v0.314.0-rc.0.0.20261008141710-21fd457f2b67
2026-10-08T21:59:23.015836Z,github.com/PrometHeUS/prOmeTHEUs,v0.314.0-rc.0.0.20261008141710-21fd457f2b67
2026-10-08T21:59:23.139834Z,github.com/PrOmEtHEuS/prOMetHEus,v0.314.0-rc.0.0.20261008141710-21fd457f2b67
2026-10-08T21:59:23.672126Z,github.com/pROMETheUs/PromETHeUS,v0.314.0-rc.0.0.20261008141710-21fd457f2b67
2026-10-08T21:59:23.858265Z,github.com/PrOMEtHeUS/PromeTHEUS,v0.314.0-rc.0.0.20261008141710-21fd457f2b67
2026-10-08T21:59:23.952644Z,github.com/prOMEThEus/PromeTheUS,v0.314.0-rc.0.0.20261008141710-21fd457f2b67
2026-10-08T21:59:24.212396Z,github.com/pRoMEtHEuS/pRometheUS,v0.314.0-rc.0.0.20261008141710-21fd457f2b67
2026-10-08T21:59:24.234242Z,github.com/PROmEtHEus/PromeTheuS,v0.314.0-rc.0.0.20261008141710-21fd457f2b67
2026-10-08T21:59:25.090238Z,github.com/promEThEus/PrOMETheUs,v0.314.0-rc.0.0.20261008141710-21fd457f2b67
2026-10-08T21:59:27.059618Z,github.com/PrOmetHeuS/PRomeTheus,v0.314.0-rc.0.0.20261008141710-21fd457f2b67
2026-10-08T21:59:27.125304Z,github.com/ProMeThEUS/PrOMeThEus,v0.314.0-rc.0.0.20261008141710-21fd457f2b67
2026-10-08T21:59:27.250899Z,github.com/PrOmethEUS/prOmeTHEuS,v0.314.0-rc.0.0.20261008141710-21fd457f2b67
2026-10-08T21:59:27.25454Z,github.com/pROmetheUs/ProMetheUs,v0.314.0-rc.0.0.20261008141710-21fd457f2b67
2026-10-08T21:59:27.268636Z,github.com/pROmetHEUs/PromEtHeUs,v0.314.0-rc.0.0.20261008141710-21fd457f2b67
2026-10-08T21:59:27.709063Z,github.com/PRoMeTHEUs/PROMetHeUS,v0.314.0-rc.0.0.20261008141710-21fd457f2b67
2026-10-08T21:59:28.524992Z,github.com/Prometheus/ProMethEus,v0.314.0-rc.0.0.20261008141710-21fd457f2b67
2026-10-08T21:59:28.677552Z,github.com/proMEtHeUs/pRoMeTHEUs,v0.314.0-rc.0.0.20261008141710-21fd457f2b67
2026-10-08T21:59:28.689294Z,github.com/ProMethEUS/pROMeTHeus,v0.314.0-rc.0.0.20261008141710-21fd457f2b67
2026-10-08T21:59:29.057158Z,github.com/ProMEThEUs/PrOMetHEUs,v0.314.0-rc.0.0.20261008141710-21fd457f2b67
2026-10-08T21:59:29.398554Z,github.com/pROmeThEus/PRomETHEuS,v0.314.0-rc.0.0.20261008141710-21fd457f2b67
2026-10-08T21:59:30.026546Z,github.com/pROMEtheUs/PROmetHEuS,v0.314.0-rc.0.0.20261008141710-21fd457f2b67
2026-10-08T21:59:30.184845Z,github.com/PRoMETheUs/pRomETHeus,v0.314.0-rc.0.0.20261008141710-21fd457f2b67
2026-10-08T21:59:30.303243Z,github.com/PrometHeUs/PRoMeTheus,v0.314.0-rc.0.0.20261008141710-21fd457f2b67
2026-10-08T21:59:30.754979Z,github.com/pROMETHEUS/ProMetheuS,v0.314.0-rc.0.0.20261008141710-21fd457f2b67
2026-10-08T21:59:31.097605Z,github.com/pROmetheus/pROmetHEus,v0.314.0-rc.0.0.20261008141710-21fd457f2b67
2026-10-08T21:59:31.721257Z,github.com/PrOmetHEUs/pRometheus,v0.314.0-rc.0.0.20261008141710-21fd457f2b67
2026-10-08T21:59:31.913542Z,github.com/prometHEUs/pROMETHeuS,v0.314.0-rc.0.0.20261008141710-21fd457f2b67
2026-10-08T21:59:32.075024Z,github.com/PROmETheuS/PRoMEtheUs,v0.314.0-rc.0.0.20261008141710-21fd457f2b67
2026-10-08T21:59:32.705194Z,github.com/ProMetheUS/PrOMeTHeUS,v0.314.0-rc.0.0.20261008141710-21fd457f2b67
2026-10-08T21:59:33.57335Z,github.com/PrOmEtheus/promEthEUs,v0.314.0-rc.0.0.20261008141710-21fd457f2b67
2026-10-08T21:59:33.653479Z,github.com/promeTHeus/prOmETheUs,v0.314.0-rc.0.0.20261008141710-21fd457f2b67
2026-10-08T21:59:33.660628Z,github.com/PROmEThEus/PROMEtHEUS,v0.314.0-rc.0.0.20261008141710-21fd457f2b67
2026-10-08T21:59:33.983189Z,github.com/prOmEtHEus/prOMEthEUs,v0.314.0-rc.0.0.20261008141710-21fd457f2b67
2026-10-08T21:59:34.219437Z,github.com/PrOMETHEus/PrOMeThEUs,v0.314.0-rc.0.0.20261008141710-21fd457f2b67
2026-10-08T21:59:34.35636Z,github.com/pRomEtHEUS/PromETheuS,v0.314.0-rc.0.0.20261008141710-21fd457f2b67
2026-10-08T21:59:34.737168Z,github.com/pRoMEtheus/pROMEtheUs,v0.314.0-rc.0.0.20261008141710-21fd457f2b67
2026-10-08T21:59:35.133972Z,github.com/PrOMeTHeUs/prOMEtHEus,v0.314.0-rc.0.0.20261008141710-21fd457f2b67
2026-10-08T21:59:36.224429Z,github.com/andrew-craig/cairn-reader,v0.0.0-20261008212803-bc6b823a93a4
2026-10-08T21:59:36.487339Z,github.com/PrOmEthEUS/prometheuS,v0.314.0-rc.0.0.20261008141710-21fd457f2b67
2026-10-08T21:59:37.477079Z,github.com/ProMEthEus/PRomeTHEUS,v0.314.0-rc.0.0.20261008141710-21fd457f2b67
2026-10-08T21:59:37.696316Z,github.com/pRoMetHeUs/pROMETheuS,v0.314.0-rc.0.0.20261008141710-21fd457f2b67
2026-10-08T21:59:37.867748Z,github.com/prOmeTheuS/promEtHeus,v0.314.0-rc.0.0.20261008141710-21fd457f2b67
2026-10-08T21:59:38.461364Z,github.com/pROMetheUS/PROmEtHeUs,v0.314.0-rc.0.0.20261008141710-21fd457f2b67
2026-10-08T21:59:38.749251Z,github.com/prOmeThEus/proMEtheUS,v0.314.0-rc.0.0.20261008141710-21fd457f2b67
2026-10-08T21:59:38.972645Z,github.com/PromeTHEUS/PrOMeTHEuS,v0.314.0-rc.0.0.20261008141710-21fd457f2b67
2026-10-08T21:59:39.080654Z,github.com/PromEThEUS/PROmEthEUs,v0.314.0-rc.0.0.20261008141710-21fd457f2b67
2026-10-08T21:59:39.398986Z,github.com/pROmetHEUs/PRoMETHeUs,v0.314.0-rc.0.0.20261008141710-21fd457f2b67
2026-10-08T21:59:40.316034Z,github.com/pROmEtHEuS/PRoMeTheUS,v0.314.0-rc.0.0.20261008141710-21fd457f2b67
2026-10-08T21:59:40.325591Z,github.com/PRoMEtheuS/prOMeTHeUS,v0.314.0-rc.0.0.20261008141710-21fd457f2b67
2026-10-08T21:59:41.301536Z,github.com/pRometHeUS/ProMeTheuS,v0.314.0-rc.0.0.20261008141710-21fd457f2b67
2026-10-08T21:59:42.363735Z,github.com/pROmetHeUs/ProMetHEuS,v0.314.0-rc.0.0.20261008141710-21fd457f2b67
2026-10-08T21:59:42.541789Z,github.com/PrOMethEUs/promEtHeUS,v0.314.0-rc.0.0.20261008141710-21fd457f2b67
2026-10-08T21:59:42.931139Z,github.com/PRomeThEus/PrOMeTheuS,v0.314.0-rc.0.0.20261008141710-21fd457f2b67
2026-10-08T21:59:43.075473Z,github.com/PRomeTheUS/prOMEthEuS,v0.314.0-rc.0.0.20261008141710-21fd457f2b67
2026-10-08T21:59:43.147328Z,github.com/PROMeTheus/pROmeTHeUS,v0.314.0-rc.0.0.20261008141710-21fd457f2b67
2026-10-08T21:59:43.587265Z,github.com/proMEThEUS/PROMEtHeUs,v0.314.0-rc.0.0.20261008141710-21fd457f2b67
2026-10-08T21:59:44.840794Z,github.com/prOmEThEus/prOmetHEuS,v0.314.0-rc.0.0.20261008141710-21fd457f2b67
2026-10-08T21:59:45.112323Z,github.com/pRomETHEUS/pRomeTHEUs,v0.314.0-rc.0.0.20261008141710-21fd457f2b67
2026-10-08T21:59:45.29542Z,github.com/PRoMEtheuS/pROmEthEUs,v0.314.0-rc.0.0.20261008141710-21fd457f2b67
2026-10-08T21:59:45.389499Z,github.com/prOMetHeUs/prometheUS,v0.314.0-rc.0.0.20261008141710-21fd457f2b67
2026-10-08T21:59:45.441096Z,github.com/pROmetHEus/pROMethEUS,v0.314.0-rc.0.0.20261008141710-21fd457f2b67
2026-10-08T21:59:45.77432Z,github.com/PrOmeThEus/PRomETHEUS,v0.314.0-rc.0.0.20261008141710-21fd457f2b67
2026-10-08T21:59:45.94319Z,github.com/PRomEthEus/pRomEThEuS,v0.314.0-rc.0.0.20261008141710-21fd457f2b67
2026-10-08T21:59:46.011078Z,github.com/ProMeTHeUS/prOmeTHeuS,v0.314.0-rc.0.0.20261008141710-21fd457f2b67
2026-10-08T21:59:47.038256Z,github.com/PROMetheUS/PrOmETHEUS,v0.314.0-rc.0.0.20261008141710-21fd457f2b67
2026-10-08T21:59:47.098579Z,go.dokimi.dev/ergon/service,v0.3.1-0.20261008210312-f1364c2c22ad
2026-10-08T21:59:47.417281Z,github.com/pROmETHeUS/PromEthEus,v0.314.0-rc.0.0.20261008141710-21fd457f2b67
2026-10-08T21:59:47.576134Z,github.com/prOMetHEuS/PrOMEtheuS,v0.314.0-rc.0.0.20261008141710-21fd457f2b67
2026-10-08T21:59:47.851084Z,github.com/PROmetHeus/pROMetHeus,v0.314.0-rc.0.0.20261008141710-21fd457f2b67
2026-10-08T21:59:48.187546Z,github.com/PRoMEThEUS/PrOmEtheus,v0.314.0-rc.0.0.20261008141710-21fd457f2b67
2026-10-08T21:59:48.47072Z,github.com/pRoMEtHEUS/PromEThEUs,v0.314.0-rc.0.0.20261008141710-21fd457f2b67
2026-10-08T21:59:48.488939Z,github.com/pROmetHeUs/pROmeTheus,v0.314.0-rc.0.0.20261008141710-21fd457f2b67
2026-10-08T21:59:49.494421Z,github.com/prOmETheUS/pROmETHEUS,v0.314.0-rc.0.0.20261008141710-21fd457f2b67
2026-10-08T21:59:49.910028Z,github.com/PRomETHEuS/proMETHEUS,v0.314.0-rc.0.0.20261008141710-21fd457f2b67
2026-10-08T21:59:50.185191Z,github.com/pROmetHeus/ProMetHEUs,v0.314.0-rc.0.0.20261008141710-21fd457f2b67
2026-10-08T21:59:50.576222Z,github.com/prometHeus/PRoMeThEUs,v0.314.0-rc.0.0.20261008141710-21fd457f2b67
2026-10-08T21:59:50.969814Z,github.com/PROmETheus/ProMetheUs,v0.314.0-rc.0.0.20261008141710-21fd457f2b67
2026-10-08T21:59:51.521264Z,go.dokimi.dev/ergon/lang/go,v0.2.1-0.20261008210312-f1364c2c22ad
2026-10-08T21:59:52.709811Z,github.com/prOMETheUS/ProMETHEus,v0.314.0-rc.0.0.20261008141710-21fd457f2b67
2026-10-08T21:59:52.975178Z,github.com/ProMetHeus/PRoMeTheUs,v0.314.0-rc.0.0.20261008141710-21fd457f2b67
2026-10-08T21:59:53.590227Z,github.com/prOMEtHeuS/ProMetHeUS,v0.314.0-rc.0.0.20261008141710-21fd457f2b67
2026-10-08T21:59:53.797636Z,github.com/PROMethEus/PRomEtheUS,v0.314.0-rc.0.0.20261008141710-21fd457f2b67
2026-10-08T21:59:54.257329Z,github.com/PROmetHEUS/promeThEus,v0.314.0-rc.0.0.20261008141710-21fd457f2b67
2026-10-08T21:59:55.492516Z,github.com/pRomETheuS/pROmETheus,v0.314.0-rc.0.0.20261008141710-21fd457f2b67
2026-10-08T21:59:55.568779Z,github.com/pROMetHeUS/pROMeTHeuS,v0.314.0-rc.0.0.20261008141710-21fd457f2b67
2026-10-08T21:59:55.615966Z,github.com/pRoMeTheUS/proMeTHeus,v0.314.0-rc.0.0.20261008141710-21fd457f2b67
2026-10-08T21:59:55.726702Z,github.com/PROMEtHEus/PrOMetHEus,v0.314.0-rc.0.0.20261008141710-21fd457f2b67
2026-10-08T21:59:55.84349Z,github.com/promEtHEUS/pROmeTHeUs,v0.314.0-rc.0.0.20261008141710-21fd457f2b67
2026-10-08T21:59:57.100418Z,github.com/pROMetHeuS/PrOMeThEus,v0.314.0-rc.0.0.20261008141710-21fd457f2b67
2026-10-08T21:59:57.197074Z,github.com/prOMetHEUs/pROMETHEus,v0.314.0-rc.0.0.20261008141710-21fd457f2b67
2026-10-08T21:59:57.517032Z,github.com/PROMetHEuS/PROMEThEUS,v0.314.0-rc.0.0.20261008141710-21fd457f2b67
2026-10-08T21:59:58.310829Z,github.com/pROMethEus/pRomeTheus,v0.314.0-rc.0.0.20261008141710-21fd457f2b67
2026-10-08T21:59:58.326755Z,github.com/pRomETheus/PROMetHEuS,v0.314.0-rc.0.0.20261008141710-21fd457f2b67
2026-10-08T21:59:59.33445Z,github.com/PROmeTHeUS/proMeTHeUs,v0.314.0-rc.0.0.20261008141710-21fd457f2b67
2026-10-08T22:00:00.065777Z,github.com/PROMEtHEuS/ProMETheUS,v0.314.0-rc.0.0.20261008141710-21fd457f2b67
2026-10-08T22:00:00.167643Z,github.com/pRomEtHEus/prOMethEUS,v0.314.0-rc.0.0.20261008141710-21fd457f2b67
2026-10-08T22:00:00.20444Z,github.com/pRoMeTHEUs/pROMetHeUS,v0.314.0-rc.0.0.20261008141710-21fd457f2b67
2026-10-08T22:00:00.227417Z,github.com/prOmEtHEus/PROmEtHeUS,v0.314.0-rc.0.0.20261008141710-21fd457f2b67
2026-10-08T22:00:00.285228Z,github.com/pRoMETheus/prOMeThEUS,v0.314.0-rc.0.0.20261008141710-21fd457f2b67
2026-10-08T22:00:01.160177Z,github.com/promEthEUs/PrOmETHeUs,v0.314.0-rc.0.0.20261008141710-21fd457f2b67
2026-10-08T22:00:02.627016Z,github.com/promeTHeUS/ProMEtheUS,v0.314.0-rc.0.0.20261008141710-21fd457f2b67
2026-10-08T22:00:02.670747Z,github.com/PRomeTHEUS/pROMETheus,v0.314.0-rc.0.0.20261008141710-21fd457f2b67
2026-10-08T22:00:03.429531Z,github.com/proMethEUs/PRomETHeUS,v0.314.0-rc.0.0.20261008141710-21fd457f2b67
2026-10-08T22:00:04.022698Z,github.com/PrOMethEuS/PRoMeThEUS,v0.314.0-rc.0.0.20261008141710-21fd457f2b67
2026-10-08T22:00:04.429396Z,github.com/PRomethEUS/PromeThEUs,v0.314.0-rc.0.0.20261008141710-21fd457f2b67
2026-10-08T22:00:04.768561Z,github.com/pROMetheUs/promeTHEUS,v0.314.0-rc.0.0.20261008141710-21fd457f2b67
2026-10-08T22:00:04.78411Z,github.com/pROMetheuS/pRometHeuS,v0.314.0-rc.0.0.20261008141710-21fd457f2b67
2026-10-08T22:00:05.05939Z,github.com/pROmEThEus/PrOmethEUS,v0.314.0-rc.0.0.20261008141710-21fd457f2b67
2026-10-08T22:00:05.575198Z,github.com/pRoMetHeUs/ProMetHeUS,v0.314.0-rc.0.0.20261008141710-21fd457f2b67
2026-10-08T22:00:05.772773Z,github.com/prOmETHEUs/pRomEThEUS,v0.314.0-rc.0.0.20261008141710-21fd457f2b67
2026-10-08T22:00:07.362947Z,github.com/PrOmetheUs/PRomETHeUS,v0.314.0-rc.0.0.20261008141710-21fd457f2b67
2026-10-08T22:00:07.393752Z,github.com/PROMetHEuS/PromEtHeuS,v0.314.0-rc.0.0.20261008141710-21fd457f2b67
2026-10-08T22:00:08.399054Z,github.com/pRomEtHEUs/PRometHEUs,v0.314.0-rc.0.0.20261008141710-21fd457f2b67
2026-10-08T22:00:08.674647Z,github.com/PROMeTHEus/PrOMEthEus,v0.314.0-rc.0.0.20261008141710-21fd457f2b67
2026-10-08T22:00:08.829845Z,github.com/PROmethEuS/PROmEthEus,v0.314.0-rc.0.0.20261008141710-21fd457f2b67
2026-10-08T22:00:08.921547Z,github.com/dzhisl/go-solana-tools,v0.0.0-20261005230028-a1b26fcd2f52
2026-10-08T22:00:09.531033Z,github.com/PrOmetHeUs/PRoMEtheuS,v0.314.0-rc.0.0.20261008141710-21fd457f2b67
2026-10-08T22:00:09.890227Z,github.com/pRometheUS/PrOMethEus,v0.314.0-rc.0.0.20261008141710-21fd457f2b67
2026-10-08T22:00:10.009037Z,github.com/prometHeUS/PROmeTHeuS,v0.314.0-rc.0.0.20261008141710-21fd457f2b67
2026-10-08T22:00:10.232571Z,github.com/prOMETheUs/PRomETHEUs,v0.314.0-rc.0.0.20261008141710-21fd457f2b67
2026-10-08T22:00:10.269619Z,github.com/PROMETHeus/PRomETHeUS,v0.314.0-rc.0.0.20261008141710-21fd457f2b67
2026-10-08T22:00:10.439516Z,github.com/PRoMEtHeUS/prOmetHeuS,v0.314.0-rc.0.0.20261008141710-21fd457f2b67
2026-10-08T22:00:10.782685Z,github.com/pROMETheUs/PROmETheUS,v0.314.0-rc.0.0.20261008141710-21fd457f2b67
2026-10-08T22:00:10.805194Z,go.dokimi.dev/ergon/lang/java,v0.2.1-0.20261008210312-f1364c2c22ad
2026-10-08T22:00:11.141785Z,github.com/PRomeThEus/ProMEtHEuS,v0.314.0-rc.0.0.20261008141710-21fd457f2b67
2026-10-08T22:00:11.872059Z,github.com/PrOMeThEUS/prOmEtHeuS,v0.314.0-rc.0.0.20261008141710-21fd457f2b67
2026-10-08T22:00:13.436619Z,github.com/PrOMEthEUs/pROmEtHeUS,v0.314.0-rc.0.0.20261008141710-21fd457f2b67
2026-10-08T22:00:13.780908Z,github.com/ProMetHeus/promEtHeUS,v0.314.0-rc.0.0.20261008141710-21fd457f2b67
2026-10-08T22:00:13.871485Z,github.com/promETHeus/pROMEtHeuS,v0.314.0-rc.0.0.20261008141710-21fd457f2b67
2026-10-08T22:00:13.872773Z,github.com/pROMEthEUS/pROmETHEus,v0.314.0-rc.0.0.20261008141710-21fd457f2b67
2026-10-08T22:00:13.97257Z,github.com/pROmetHEUs/pRomEThEUS,v0.314.0-rc.0.0.20261008141710-21fd457f2b67
2026-10-08T22:00:14.426552Z,github.com/promEtHeUS/pROMEthEUs,v0.314.0-rc.0.0.20261008141710-21fd457f2b67
2026-10-08T22:00:14.800214Z,github.com/ProMethEUs/PrOmEThEus,v0.314.0-rc.0.0.20261008141710-21fd457f2b67
2026-10-08T22:00:14.927835Z,github.com/prOMETheUS/prometHEus,v0.314.0-rc.0.0.20261008141710-21fd457f2b67
2026-10-08T22:00:15.032378Z,github.com/prOmETHeuS/PROMeThEuS,v0.314.0-rc.0.0.20261008141710-21fd457f2b67
2026-10-08T22:00:15.684299Z,github.com/diffblue-benchmarks/btrace,v1.3.8
2026-10-08T22:00:16.202816Z,github.com/pROmETHEUS/pRomeTheuS,v0.314.0-rc.0.0.20261008141710-21fd457f2b67
2026-10-08T22:00:17.18935Z,github.com/PRomEthEUs/promeThEuS,v0.314.0-rc.0.0.20261008141710-21fd457f2b67
2026-10-08T22:00:19.442712Z,github.com/PromEtheuS/prOMetHeUs,v0.314.0-rc.0.0.20261008141710-21fd457f2b67
2026-10-08T22:00:19.447598Z,github.com/pRometHeUS/PrOmEthEus,v0.314.0-rc.0.0.20261008141710-21fd457f2b67
2026-10-08T22:00:19.8408Z,github.com/PrOMetHEUs/pROMeTHeuS,v0.314.0-rc.0.0.20261008141710-21fd457f2b67
2026-10-08T22:00:20.479512Z,github.com/prOMEtHeuS/pRomeTHEUs,v0.314.0-rc.0.0.20261008141710-21fd457f2b67
2026-10-08T22:00:21.14031Z,github.com/ProMetHEUs/PrOmeTHeuS,v0.314.0-rc.0.0.20261008141710-21fd457f2b67
2026-10-08T22:00:21.780641Z,github.com/pROmETHEuS/pRomEThEuS,v0.314.0-rc.0.0.20261008141710-21fd457f2b67
2026-10-08T22:00:22.370496Z,github.com/PROMeThEUS/prOmEThEuS,v0.314.0-rc.0.0.20261008141710-21fd457f2b67
2026-10-08T22:00:22.495092Z,github.com/prOMEtheUS/ProMethEUS,v0.314.0-rc.0.0.20261008141710-21fd457f2b67
2026-10-08T22:00:22.584196Z,github.com/PRomEtHeus/PRoMETHeus,v0.314.0-rc.0.0.20261008141710-21fd457f2b67
2026-10-08T22:00:22.849682Z,github.com/pRoMETHEUs/promeTheUS,v0.314.0-rc.0.0.20261008141710-21fd457f2b67
2026-10-08T22:00:23.082005Z,github.com/pROMEThEUs/pRoMeTheUs,v0.314.0-rc.0.0.20261008141710-21fd457f2b67
2026-10-08T22:00:23.616721Z,github.com/pRometHEuS/ProMEThEUS,v0.314.0-rc.0.0.20261008141710-21fd457f2b67
2026-10-08T22:00:24.046435Z,github.com/promETHEus/pROmetHeus,v0.314.0-rc.0.0.20261008141710-21fd457f2b67
2026-10-08T22:00:24.433361Z,github.com/proMethEUs/promETHeUS,v0.314.0-rc.0.0.20261008141710-21fd457f2b67
2026-10-08T22:00:24.752478Z,github.com/pRoMEthEUS/PROmEThEus,v0.314.0-rc.0.0.20261008141710-21fd457f2b67
2026-10-08T22:00:25.00778Z,github.com/MadAppGang/dingo,v0.14.1-0.20260910081653-33043dcfe1a6
2026-10-08T22:00:25.965876Z,github.com/PROmeTheus/pRomEtheus,v0.314.0-rc.0.0.20261008141710-21fd457f2b67
2026-10-08T22:00:26.828108Z,github.com/PrOMEthEuS/PromETHeuS,v0.314.0-rc.0.0.20261008141710-21fd457f2b67
2026-10-08T22:00:26.95468Z,github.com/ProMeTHeuS/pRomETHeUS,v0.314.0-rc.0.0.20261008141710-21fd457f2b67
2026-10-08T22:00:27.706531Z,github.com/prOmetheuS/proMETHeUS,v0.314.0-rc.0.0.20261008141710-21fd457f2b67
2026-10-08T22:00:27.904411Z,github.com/prOmEtheUs/PRomETHEuS,v0.314.0-rc.0.0.20261008141710-21fd457f2b67
2026-10-08T22:00:28.023052Z,github.com/pROMetheuS/PROmeThEuS,v0.314.0-rc.0.0.20261008141710-21fd457f2b67
2026-10-08T22:00:28.509549Z,github.com/PROmetHEuS/promethEUS,v0.314.0-rc.0.0.20261008141710-21fd457f2b67
2026-10-08T22:00:28.532034Z,github.com/pRometHeuS/pROmetHEUS,v0.314.0-rc.0.0.20261008141710-21fd457f2b67
2026-10-08T22:00:29.078474Z,github.com/pROmethEuS/PRoMethEUs,v0.314.0-rc.0.0.20261008141710-21fd457f2b67
2026-10-08T22:00:29.232764Z,github.com/PROMeThEus/pROmetHEUs,v0.314.0-rc.0.0.20261008141710-21fd457f2b67
2026-10-08T22:00:29.357148Z,github.com/proMetHeUS/PRoMETHEus,v0.314.0-rc.0.0.20261008141710-21fd457f2b67
2026-10-08T22:00:29.744565Z,github.com/PRomEtheuS/PrOmetHeUs,v0.314.0-rc.0.0.20261008141710-21fd457f2b67
2026-10-08T22:00:30.040297Z,github.com/PROMeTHEuS/pROMetHeus,v0.314.0-rc.0.0.20261008141710-21fd457f2b67
2026-10-08T22:00:30.288872Z,github.com/prOMEthEus/proMETheUS,v0.314.0-rc.0.0.20261008141710-21fd457f2b67
2026-10-08T22:00:30.335322Z,github.com/PROmEtheUS/PROmeTHeuS,v0.314.0-rc.0.0.20261008141710-21fd457f2b67
2026-10-08T22:00:30.477924Z,github.com/PrOMEthEUS/pRoMetHeUS,v0.314.0-rc.0.0.20261008141710-21fd457f2b67
2026-10-08T22:00:31.015997Z,go.dokimi.dev/ergon/lang/kotlin,v0.2.1-0.20261008210312-f1364c2c22ad
2026-10-08T22:00:32.462466Z,github.com/pRoMEtHEUS/PrOMetHEUS,v0.314.0-rc.0.0.20261008141710-21fd457f2b67
2026-10-08T22:00:32.472171Z,github.com/ProMethEus/pROmeTHEUS,v0.314.0-rc.0.0.20261008141710-21fd457f2b67
2026-10-08T22:00:33.022065Z,github.com/prOMetHeuS/PROmeThEus,v0.314.0-rc.0.0.20261008141710-21fd457f2b67
2026-10-08T22:00:33.997675Z,github.com/PRomEThEUS/PRoMETHeUS,v0.314.0-rc.0.0.20261008141710-21fd457f2b67
2026-10-08T22:00:34.717211Z,github.com/nbisweden/workshop-ngsintro,v0.0.0-20261008175819-9a81c8a075e4
2026-10-08T22:00:34.870794Z,github.com/PrOMeTHEUs/PRomeThEuS,v0.314.0-rc.0.0.20261008141710-21fd457f2b67
2026-10-08T22:00:35.964435Z,github.com/ProMetHeUs/PrOMeTHEus,v0.314.0-rc.0.0.20261008141710-21fd457f2b67
2026-10-08T22:00:36.242473Z,github.com/promETHeuS/pROMetheUs,v0.314.0-rc.0.0.20261008141710-21fd457f2b67
2026-10-08T22:00:36.880699Z,github.com/PRoMethEus/pRomEthEUs,v0.314.0-rc.0.0.20261008141710-21fd457f2b67
2026-10-08T22:00:37.424092Z,github.com/PromEtheUs/pRomeTHEus,v0.314.0-rc.0.0.20261008141710-21fd457f2b67
2026-10-08T22:00:38.428517Z,github.com/PrOmeTHEus/pRomEtheuS,v0.314.0-rc.0.0.20261008141710-21fd457f2b67
2026-10-08T22:00:38.506941Z,github.com/PROMEThEus/pROMeTheUs,v0.314.0-rc.0.0.20261008141710-21fd457f2b67
2026-10-08T22:00:38.652633Z,github.com/dev-sawan-ruparel/obs-unified/sdks/go,v0.1.1
2026-10-08T22:00:39.680236Z,github.com/PRoMetHeUS/pROmethEUS,v0.314.0-rc.0.0.20261008141710-21fd457f2b67
2026-10-08T22:00:39.68124Z,github.com/ProMETHEUs/PromETHEUs,v0.314.0-rc.0.0.20261008141710-21fd457f2b67
2026-10-08T22:00:39.705512Z,github.com/PrOMEthEuS/PrometHeus,v0.314.0-rc.0.0.20261008141710-21fd457f2b67
2026-10-08T22:00:39.988046Z,github.com/pRomEtheUs/prOmetHeUs,v0.314.0-rc.0.0.20261008141710-21fd457f2b67
2026-10-08T22:00:40.180858Z,github.com/ProMETHeus/PrOmeTHeUS,v0.314.0-rc.0.0.20261008141710-21fd457f2b67
2026-10-08T22:00:40.925453Z,github.com/prOMEtHeus/PrOmeTheuS,v0.314.0-rc.0.0.20261008141710-21fd457f2b67
2026-10-08T22:00:41.071629Z,github.com/PROMetHeUS/pRomEThEuS,v0.314.0-rc.0.0.20261008141710-21fd457f2b67
2026-10-08T22:00:41.197092Z,github.com/promeThEuS/ProMeTheuS,v0.314.0-rc.0.0.20261008141710-21fd457f2b67
2026-10-08T22:00:41.212197Z,github.com/pROmEThEUs/PrOMetheus,v0.314.0-rc.0.0.20261008141710-21fd457f2b67
2026-10-08T22:00:41.61718Z,github.com/PrOMEtheuS/prOMeTheUs,v0.314.0-rc.0.0.20261008141710-21fd457f2b67
2026-10-08T22:00:41.931539Z,github.com/pRoMEtheUs/pRoMetheUs,v0.314.0-rc.0.0.20261008141710-21fd457f2b67
2026-10-08T22:00:42.682989Z,github.com/PRoMETHEUs/pROmETheUs,v0.314.0-rc.0.0.20261008141710-21fd457f2b67
2026-10-08T22:00:42.959009Z,github.com/pRometheuS/PROMETHEus,v0.314.0-rc.0.0.20261008141710-21fd457f2b67
2026-10-08T22:00:43.180648Z,github.com/PromethEUs/prOmetheUS,v0.314.0-rc.0.0.20261008141710-21fd457f2b67
2026-10-08T22:00:43.209814Z,github.com/PrometheUs/prOMEtHEUS,v0.314.0-rc.0.0.20261008141710-21fd457f2b67
2026-10-08T22:00:43.212912Z,github.com/pRoMetheUs/PrometHeUS,v0.314.0-rc.0.0.20261008141710-21fd457f2b67
2026-10-08T22:00:43.31738Z,github.com/PRoMetHeUS/prOmeTHEUs,v0.314.0-rc.0.0.20261008141710-21fd457f2b67
2026-10-08T22:00:43.339402Z,github.com/PROMetheUS/PROMeThEUs,v0.314.0-rc.0.0.20261008141710-21fd457f2b67
2026-10-08T22:00:43.533473Z,github.com/pRomEtHeuS/pROMETheUS,v0.314.0-rc.0.0.20261008141710-21fd457f2b67
2026-10-08T22:00:44.424814Z,github.com/pRoMetHeUs/PRoMETHEus,v0.314.0-rc.0.0.20261008141710-21fd457f2b67
2026-10-08T22:00:44.443143Z,github.com/prometHEUs/prOmETheuS,v0.314.0-rc.0.0.20261008141710-21fd457f2b67
2026-10-08T22:00:45.334876Z,github.com/PrOmetheus/PRoMeTheUs,v0.314.0-rc.0.0.20261008141710-21fd457f2b67
2026-10-08T22:00:46.256185Z,github.com/pROmethEUS/PROmeTHEUs,v0.314.0-rc.0.0.20261008141710-21fd457f2b67
2026-10-08T22:00:46.760309Z,github.com/PROmetheus/PROmetheus,v0.314.0-rc.0.0.20261008141710-21fd457f2b67
2026-10-08T22:00:47.619768Z,github.com/PrOmethEUS/pROmeThEUs,v0.314.0-rc.0.0.20261008141710-21fd457f2b67
2026-10-08T22:00:48.131842Z,github.com/PromETHEUs/PrometheUS,v0.314.0-rc.0.0.20261008141710-21fd457f2b67
2026-10-08T22:00:48.788464Z,github.com/pRoMETHEuS/PRoMEtHeus,v0.314.0-rc.0.0.20261008141710-21fd457f2b67
2026-10-08T22:00:48.80096Z,github.com/PROMeTheUS/PROmeThEUS,v0.314.0-rc.0.0.20261008141710-21fd457f2b67
2026-10-08T22:00:48.905509Z,github.com/PromEThEus/PRoMeTheUs,v0.314.0-rc.0.0.20261008141710-21fd457f2b67
2026-10-08T22:00:49.031042Z,github.com/proMEtheus/PromEThEuS,v0.314.0-rc.0.0.20261008141710-21fd457f2b67
2026-10-08T22:00:49.311768Z,github.com/proMEThEUs/ProMeTHEus,v0.314.0-rc.0.0.20261008141710-21fd457f2b67
2026-10-08T22:00:49.443211Z,github.com/prOMEtHeUS/pROmeTHeuS,v0.314.0-rc.0.0.20261008141710-21fd457f2b67
2026-10-08T22:00:49.640579Z,github.com/ProMeTHEUs/prOMetHeuS,v0.314.0-rc.0.0.20261008141710-21fd457f2b67
2026-10-08T22:00:49.673925Z,github.com/PROmeThEUS/pRoMetHeUs,v0.314.0-rc.0.0.20261008141710-21fd457f2b67
2026-10-08T22:00:50.081405Z,github.com/pRomEtheuS/pRomethEus,v0.314.0-rc.0.0.20261008141710-21fd457f2b67
2026-10-08T22:00:51.141571Z,github.com/PrOMeTheuS/PrOmETHEuS,v0.314.0-rc.0.0.20261008141710-21fd457f2b67
2026-10-08T22:00:51.632354Z,github.com/PROmetheUS/PromeTHeus,v0.314.0-rc.0.0.20261008141710-21fd457f2b67
2026-10-08T22:00:51.672772Z,github.com/pROMetheUs/proMetHeUs,v0.314.0-rc.0.0.20261008141710-21fd457f2b67
2026-10-08T22:00:51.939491Z,github.com/prOMetHeUs/PrOMETHEUS,v0.314.0-rc.0.0.20261008141710-21fd457f2b67
2026-10-08T22:00:52.707138Z,github.com/proMeTHeuS/prOMEtheus,v0.314.0-rc.0.0.20261008141710-21fd457f2b67
2026-10-08T22:00:53.514082Z,github.com/promeTHEuS/prOmetHeUs,v0.314.0-rc.0.0.20261008141710-21fd457f2b67
2026-10-08T22:00:53.837566Z,github.com/PRoMEthEUs/ProMEtheus,v0.314.0-rc.0.0.20261008141710-21fd457f2b67
2026-10-08T22:00:54.099284Z,github.com/prOMeTHEUS/proMetHEUs,v0.314.0-rc.0.0.20261008141710-21fd457f2b67
2026-10-08T22:00:54.328131Z,github.com/prOMetheUs/PrometHeus,v0.314.0-rc.0.0.20261008141710-21fd457f2b67
2026-10-08T22:00:54.474106Z,github.com/pROMeThEus/PROMETHEus,v0.314.0-rc.0.0.20261008141710-21fd457f2b67
2026-10-08T22:00:54.7714Z,github.com/PRometheUS/pRoMetHeUs,v0.314.0-rc.0.0.20261008141710-21fd457f2b67
2026-10-08T22:00:54.819048Z,github.com/pRomEtheuS/PromeThEus,v0.314.0-rc.0.0.20261008141710-21fd457f2b67
2026-10-08T22:00:55.398782Z,github.com/PromEtHEus/pROMETHEUS,v0.314.0-rc.0.0.20261008141710-21fd457f2b67
2026-10-08T22:00:56.191381Z,github.com/promEthEus/proMetHeuS,v0.314.0-rc.0.0.20261008141710-21fd457f2b67
2026-10-08T22:00:56.522612Z,github.com/ProMetheus/prOmetHEus,v0.314.0-rc.0.0.20261008141710-21fd457f2b67
2026-10-08T22:00:56.887872Z,github.com/PROMethEUS/pRoMEtHeuS,v0.314.0-rc.0.0.20261008141710-21fd457f2b67
2026-10-08T22:00:56.893613Z,github.com/pROmetHeUS/prometHeUs,v0.314.0-rc.0.0.20261008141710-21fd457f2b67
2026-10-08T22:00:57.236041Z,github.com/PRoMETheuS/PrOmETHEUs,v0.314.0-rc.0.0.20261008141710-21fd457f2b67
2026-10-08T22:00:57.543473Z,github.com/PROmeTHEUS/PRoMethEus,v0.314.0-rc.0.0.20261008141710-21fd457f2b67
2026-10-08T22:00:58.098998Z,github.com/PRoMethEuS/PROMETHEUs,v0.314.0-rc.0.0.20261008141710-21fd457f2b67
2026-10-08T22:00:58.246475Z,github.com/PromETHeUS/prOMethEUs,v0.314.0-rc.0.0.20261008141710-21fd457f2b67
2026-10-08T22:00:58.390918Z,github.com/prOMeTHEUs/pROmetHEus,v0.314.0-rc.0.0.20261008141710-21fd457f2b67
2026-10-08T22:00:58.703323Z,github.com/PRoMETHEUS/PRoMethEuS,v0.314.0-rc.0.0.20261008141710-21fd457f2b67
2026-10-08T22:00:59.075909Z,github.com/PROMeTHEUs/PROmetHEUs,v0.314.0-rc.0.0.20261008141710-21fd457f2b67
2026-10-08T22:01:00.717262Z,go.dokimi.dev/ergon/lang/php,v0.2.1-0.20261008210312-f1364c2c22ad
2026-10-08T22:01:01.296802Z,github.com/pRoMEthEUS/PrOmethEUs,v0.314.0-rc.0.0.20261008141710-21fd457f2b67
2026-10-08T22:01:01.518823Z,github.com/proMEThEUS/prOMETHeUs,v0.314.0-rc.0.0.20261008141710-21fd457f2b67
2026-10-08T22:01:02.467146Z,github.com/ProMEthEUs/prOMeTHeuS,v0.314.0-rc.0.0.20261008141710-21fd457f2b67
2026-10-08T22:01:03.671467Z,github.com/PROmetHeuS/PROmETHeuS,v0.314.0-rc.0.0.20261008141710-21fd457f2b67
2026-10-08T22:01:04.05374Z,github.com/ProMetHeUS/PRoMeThEuS,v0.314.0-rc.0.0.20261008141710-21fd457f2b67
2026-10-08T22:01:05.182329Z,github.com/PROMEtHeuS/PROMEtHEuS,v0.314.0-rc.0.0.20261008141710-21fd457f2b67
2026-10-08T22:01:06.210032Z,github.com/PROmeThEuS/PrometHEuS,v0.314.0-rc.0.0.20261008141710-21fd457f2b67
2026-10-08T22:01:06.279612Z,github.com/pROmETHEUS/PROmetHeUs,v0.314.0-rc.0.0.20261008141710-21fd457f2b67
2026-10-08T22:01:06.705958Z,github.com/PrOmEthEUs/pROMeTHEus,v0.314.0-rc.0.0.20261008141710-21fd457f2b67
2026-10-08T22:01:06.708072Z,github.com/pROmEthEus/PrOmEtHeuS,v0.314.0-rc.0.0.20261008141710-21fd457f2b67
2026-10-08T22:01:06.889258Z,github.com/PromEtHEUs/pRoMeThEus,v0.314.0-rc.0.0.20261008141710-21fd457f2b67
2026-10-08T22:01:07.677864Z,github.com/pRomEthEUS/PROMeTheuS,v0.314.0-rc.0.0.20261008141710-21fd457f2b67
2026-10-08T22:01:09.240028Z,github.com/pRoMETheUS/pRoMETHEUs,v0.314.0-rc.0.0.20261008141710-21fd457f2b67
2026-10-08T22:01:09.295355Z,github.com/PRoMetheus/PROMeThEus,v0.314.0-rc.0.0.20261008141710-21fd457f2b67
2026-10-08T22:01:09.871742Z,github.com/PrOMEthEuS/pRoMEThEUs,v0.314.0-rc.0.0.20261008141710-21fd457f2b67
2026-10-08T22:01:09.873031Z,github.com/ProMEthEUS/PROmETHeus,v0.314.0-rc.0.0.20261008141710-21fd457f2b67
2026-10-08T22:01:10.056523Z,github.com/PRomethEUs/PromethEUS,v0.314.0-rc.0.0.20261008141710-21fd457f2b67
2026-10-08T22:01:10.18099Z,github.com/pROmEthEUs/proMeThEus,v0.314.0-rc.0.0.20261008141710-21fd457f2b67
2026-10-08T22:01:10.433873Z,github.com/ProMETHeUS/PromEthEuS,v0.314.0-rc.0.0.20261008141710-21fd457f2b67
2026-10-08T22:01:11.009758Z,github.com/pRomETheuS/promEthEuS,v0.314.0-rc.0.0.20261008141710-21fd457f2b67
2026-10-08T22:01:11.751749Z,github.com/prOMethEUs/pROmEThEUs,v0.314.0-rc.0.0.20261008141710-21fd457f2b67
2026-10-08T22:01:12.127702Z,github.com/pROmETHEuS/PrOMETheus,v0.314.0-rc.0.0.20261008141710-21fd457f2b67
2026-10-08T22:01:12.15711Z,github.com/PROmetHEUs/ProMETHEus,v0.314.0-rc.0.0.20261008141710-21fd457f2b67
2026-10-08T22:01:12.738634Z,github.com/PROmEtHeUs/PrOMetheUs,v0.314.0-rc.0.0.20261008141710-21fd457f2b67
2026-10-08T22:01:13.371753Z,hf.co/datasets/meta-math/metamathqa.git,v0.0.0-20231221013553-aa4f34d3d2d3
2026-10-08T22:01:13.401764Z,github.com/PromeThEus/PRoMEthEUS,v0.314.0-rc.0.0.20261008141710-21fd457f2b67
2026-10-08T22:01:13.764174Z,hf.co/datasets/tiger-lab/mathinstruct.git,v0.0.0-20240515000646-b4fdc323a7be
2026-10-08T22:01:14.542188Z,github.com/PRoMetHEUs/prOmEtHEuS,v0.314.0-rc.0.0.20261008141710-21fd457f2b67
2026-10-08T22:01:14.843834Z,github.com/prOmEthEUS/PrOmetheus,v0.314.0-rc.0.0.20261008141710-21fd457f2b67
2026-10-08T22:01:15.030519Z,github.com/PRoMETheUS/pROmEtheUs,v0.314.0-rc.0.0.20261008141710-21fd457f2b67
2026-10-08T22:01:15.035386Z,github.com/pRoMEtHeuS/PROmetheus,v0.314.0-rc.0.0.20261008141710-21fd457f2b67
2026-10-08T22:01:15.119788Z,github.com/prOmeThEuS/pRoMEthEuS,v0.314.0-rc.0.0.20261008141710-21fd457f2b67
2026-10-08T22:01:15.157201Z,github.com/prOMetHeuS/PRoMETheUS,v0.314.0-rc.0.0.20261008141710-21fd457f2b67
2026-10-08T22:01:15.215207Z,github.com/proMeTHeus/ProMeThEUs,v0.314.0-rc.0.0.20261008141710-21fd457f2b67
2026-10-08T22:01:15.659649Z,github.com/PRoMEtHEus/prOMETHEUs,v0.314.0-rc.0.0.20261008141710-21fd457f2b67
2026-10-08T22:01:16.897294Z,github.com/PromEThEuS/prOMEThEUs,v0.314.0-rc.0.0.20261008141710-21fd457f2b67
2026-10-08T22:01:16.912432Z,github.com/PROMeTHEus/prometheUs,v0.314.0-rc.0.0.20261008141710-21fd457f2b67
2026-10-08T22:01:17.167804Z,github.com/pROMETHeuS/proMeTHeUS,v0.314.0-rc.0.0.20261008141710-21fd457f2b67
2026-10-08T22:01:17.871402Z,github.com/prometheuS/PRomeTheUs,v0.314.0-rc.0.0.20261008141710-21fd457f2b67
2026-10-08T22:01:17.958837Z,github.com/PrOmEtheUs/prOMetHeUS,v0.314.0-rc.0.0.20261008141710-21fd457f2b67
2026-10-08T22:01:18.481134Z,github.com/PRomETheUs/pROMeTHEUs,v0.314.0-rc.0.0.20261008141710-21fd457f2b67
2026-10-08T22:01:18.765219Z,github.com/prOMETheUS/prOmetHEuS,v0.314.0-rc.0.0.20261008141710-21fd457f2b67
2026-10-08T22:01:18.765805Z,github.com/promETHEuS/PRoMethEUs,v0.314.0-rc.0.0.20261008141710-21fd457f2b67
2026-10-08T22:01:19.765553Z,github.com/PRomeTHEUS/PrOmetheUs,v0.314.0-rc.0.0.20261008141710-21fd457f2b67
2026-10-08T22:01:19.783258Z,github.com/PrOMETheuS/pRometHEUS,v0.314.0-rc.0.0.20261008141710-21fd457f2b67
2026-10-08T22:01:19.973591Z,github.com/PrOmeTheUS/PromEThEuS,v0.314.0-rc.0.0.20261008141710-21fd457f2b67
2026-10-08T22:01:20.255964Z,github.com/PromeTHeUS/pRoMEThEuS,v0.314.0-rc.0.0.20261008141710-21fd457f2b67
2026-10-08T22:01:20.338661Z,github.com/proMeThEUs/prOMETHeUS,v0.314.0-rc.0.0.20261008141710-21fd457f2b67
2026-10-08T22:01:21.351335Z,github.com/promETHEUS/proMethEus,v0.314.0-rc.0.0.20261008141710-21fd457f2b67
2026-10-08T22:01:21.58074Z,github.com/ProMetHEUS/PROmethEuS,v0.314.0-rc.0.0.20261008141710-21fd457f2b67
2026-10-08T22:01:22.098858Z,github.com/shredengineer/archive-agent,v22.5.1-0.20261007134923-117b57e02465+incompatible
2026-10-08T22:01:22.125019Z,github.com/PROmEthEus/pROmetheUs,v0.314.0-rc.0.0.20261008141710-21fd457f2b67
2026-10-08T22:01:22.511959Z,github.com/proMeTHeUs/PrometHEUS,v0.314.0-rc.0.0.20261008141710-21fd457f2b67
2026-10-08T22:01:22.726926Z,github.com/pRomETHeuS/PROmeTheuS,v0.314.0-rc.0.0.20261008141710-21fd457f2b67
2026-10-08T22:01:22.914845Z,github.com/PRoMeTHEuS/prOMEThEus,v0.314.0-rc.0.0.20261008141710-21fd457f2b67
2026-10-08T22:01:23.248729Z,github.com/proMeTHEUS/PROmeTHEus,v0.314.0-rc.0.0.20261008141710-21fd457f2b67
2026-10-08T22:01:23.630934Z,github.com/prOmetHEuS/PrometHEUs,v0.314.0-rc.0.0.20261008141710-21fd457f2b67
2026-10-08T22:01:23.799906Z,github.com/PrOmeTheuS/prometHeUS,v0.314.0-rc.0.0.20261008141710-21fd457f2b67
2026-10-08T22:01:24.100492Z,github.com/pRoMetheuS/PRoMeTHeuS,v0.314.0-rc.0.0.20261008141710-21fd457f2b67
2026-10-08T22:01:24.75516Z,github.com/proMetheUS/pRoMEthEUS,v0.314.0-rc.0.0.20261008141710-21fd457f2b67
2026-10-08T22:01:24.804798Z,github.com/PRomEtHEuS/prOmetHEUs,v0.314.0-rc.0.0.20261008141710-21fd457f2b67
2026-10-08T22:01:25.013002Z,github.com/prOmETHeUs/pROMETHEUs,v0.314.0-rc.0.0.20261008141710-21fd457f2b67
2026-10-08T22:01:25.460384Z,github.com/ProMeTheuS/PROMetHEus,v0.314.0-rc.0.0.20261008141710-21fd457f2b67
2026-10-08T22:01:25.523815Z,github.com/pROmeTheus/PrOmEThEUs,v0.314.0-rc.0.0.20261008141710-21fd457f2b67
2026-10-08T22:01:27.067862Z,github.com/pROmETHEuS/prOMEThEUs,v0.314.0-rc.0.0.20261008141710-21fd457f2b67
2026-10-08T22:01:28.882866Z,github.com/PrOMEtHeuS/PrOmEtHEus,v0.314.0-rc.0.0.20261008141710-21fd457f2b67
2026-10-08T22:01:29.653388Z,github.com/proMeTheUs/pRoMEThEus,v0.314.0-rc.0.0.20261008141710-21fd457f2b67
2026-10-08T22:01:29.834131Z,github.com/ProMETheus/PrOMETheUs,v0.314.0-rc.0.0.20261008141710-21fd457f2b67
2026-10-08T22:01:31.073691Z,github.com/PrOmeTheUs/pROmEtheuS,v0.314.0-rc.0.0.20261008141710-21fd457f2b67
2026-10-08T22:01:31.510429Z,github.com/ProMEtHEus/prOmEThEus,v0.314.0-rc.0.0.20261008141710-21fd457f2b67
2026-10-08T22:01:32.7885Z,github.com/ProMeTHeuS/pRomEthEUs,v0.314.0-rc.0.0.20261008141710-21fd457f2b67
2026-10-08T22:01:33.282734Z,github.com/PROmEThEUS/PromEthEus,v0.314.0-rc.0.0.20261008141710-21fd457f2b67
2026-10-08T22:01:33.845655Z,github.com/PrOmEtHeUs/pRoMetheUS,v0.314.0-rc.0.0.20261008141710-21fd457f2b67
2026-10-08T22:01:33.931446Z,github.com/PromEtHEuS/prOmEtHEus,v0.314.0-rc.0.0.20261008141710-21fd457f2b67
2026-10-08T22:01:34.35743Z,github.com/pROmetHEus/PROmEthEUs,v0.314.0-rc.0.0.20261008141710-21fd457f2b67
2026-10-08T22:01:34.505312Z,github.com/PRoMeThEus/pRomEtheuS,v0.314.0-rc.0.0.20261008141710-21fd457f2b67
2026-10-08T22:01:34.553782Z,github.com/proMEThEuS/proMeTHeUS,v0.314.0-rc.0.0.20261008141710-21fd457f2b67
2026-10-08T22:01:36.025713Z,github.com/prOMEtheus/prOmETHEUS,v0.314.0-rc.0.0.20261008141710-21fd457f2b67
2026-10-08T22:01:36.442616Z,github.com/pRomeTHEuS/pROmEtHeUs,v0.314.0-rc.0.0.20261008141710-21fd457f2b67
2026-10-08T22:01:36.93974Z,github.com/promeTheUS/ProMETHEus,v0.314.0-rc.0.0.20261008141710-21fd457f2b67
2026-10-08T22:01:37.518554Z,github.com/prometHEUS/PROMeThEuS,v0.314.0-rc.0.0.20261008141710-21fd457f2b67
2026-10-08T22:01:38.077269Z,github.com/prOMEtHeUS/prOmEtHEUs,v0.314.0-rc.0.0.20261008141710-21fd457f2b67
2026-10-08T22:01:38.146145Z,github.com/PRomeTHEUS/proMeTheUS,v0.314.0-rc.0.0.20261008141710-21fd457f2b67
2026-10-08T22:01:39.54008Z,github.com/PROmEthEUS/PrOMeThEUS,v0.314.0-rc.0.0.20261008141710-21fd457f2b67
2026-10-08T22:01:40.168818Z,github.com/prometHEUs/PRoMetheUS,v0.314.0-rc.0.0.20261008141710-21fd457f2b67
2026-10-08T22:01:40.3277Z,go.dokimi.dev/ergon/lang/rust,v0.2.1-0.20261008210312-f1364c2c22ad
2026-10-08T22:01:40.674571Z,github.com/proMetHEuS/prOMeTHEUs,v0.314.0-rc.0.0.20261008141710-21fd457f2b67
2026-10-08T22:01:40.716763Z,github.com/proMetHEUs/prOMetheUS,v0.314.0-rc.0.0.20261008141710-21fd457f2b67
2026-10-08T22:01:41.555379Z,github.com/prOMEthEUS/pRometheUs,v0.314.0-rc.0.0.20261008141710-21fd457f2b67
2026-10-08T22:01:43.273115Z,github.com/pRoMetHeUs/pRomeTHeUs,v0.314.0-rc.0.0.20261008141710-21fd457f2b67
2026-10-08T22:01:43.330725Z,github.com/pRomETheUS/PRomethEUS,v0.314.0-rc.0.0.20261008141710-21fd457f2b67
2026-10-08T22:01:43.581488Z,github.com/PRomEthEUS/PRoMetheUS,v0.314.0-rc.0.0.20261008141710-21fd457f2b67
2026-10-08T22:01:43.593131Z,github.com/PromETHeus/PromeTHeus,v0.314.0-rc.0.0.20261008141710-21fd457f2b67
2026-10-08T22:01:43.645054Z,github.com/promEThEUS/pROMETHeus,v0.314.0-rc.0.0.20261008141710-21fd457f2b67
2026-10-08T22:01:43.89403Z,github.com/PRoMethEuS/PRoMethEus,v0.314.0-rc.0.0.20261008141710-21fd457f2b67
2026-10-08T22:01:43.928166Z,github.com/pRoMetHeUs/PromeThEUs,v0.314.0-rc.0.0.20261008141710-21fd457f2b67
2026-10-08T22:01:44.809849Z,github.com/prOmeTHEus/PRomEtHeus,v0.314.0-rc.0.0.20261008141710-21fd457f2b67
2026-10-08T22:01:45.597126Z,github.com/ProMEtHeUs/PRoMETheUs,v0.314.0-rc.0.0.20261008141710-21fd457f2b67
2026-10-08T22:01:45.791846Z,github.com/pROmetHEUs/pROMeThEUS,v0.314.0-rc.0.0.20261008141710-21fd457f2b67
2026-10-08T22:01:46.519376Z,github.com/ProMEtheUS/pROmEthEUS,v0.314.0-rc.0.0.20261008141710-21fd457f2b67
2026-10-08T22:01:46.543382Z,github.com/pROmeTHeuS/PROMethEUS,v0.314.0-rc.0.0.20261008141710-21fd457f2b67
2026-10-08T22:01:47.135521Z,github.com/proMEThEUS/PRoMethEuS,v0.314.0-rc.0.0.20261008141710-21fd457f2b67
2026-10-08T22:01:47.713972Z,github.com/prOMeThEUs/pRoMethEuS,v0.314.0-rc.0.0.20261008141710-21fd457f2b67
2026-10-08T22:01:48.815644Z,github.com/PromEtHEuS/pROMeTHEUs,v0.314.0-rc.0.0.20261008141710-21fd457f2b67
2026-10-08T22:01:49.271376Z,github.com/PrOMetHeUS/PrOmeTheUs,v0.314.0-rc.0.0.20261008141710-21fd457f2b67
2026-10-08T22:01:49.656343Z,github.com/PRoMETheUs/PRoMEtHeus,v0.314.0-rc.0.0.20261008141710-21fd457f2b67
2026-10-08T22:01:50.299835Z,github.com/prOMEtheUs/pRoMEtHEUs,v0.314.0-rc.0.0.20261008141710-21fd457f2b67
2026-10-08T22:01:50.86813Z,github.com/PromeThEUs/promEThEUS,v0.314.0-rc.0.0.20261008141710-21fd457f2b67
2026-10-08T22:01:51.207792Z,github.com/pRomeThEUS/promETHEUS,v0.314.0-rc.0.0.20261008141710-21fd457f2b67
2026-10-08T22:01:52.425904Z,github.com/prOmethEUS/prOmETHEuS,v0.314.0-rc.0.0.20261008141710-21fd457f2b67
2026-10-08T22:01:53.190397Z,github.com/promeTHeUS/PROmeTheUs,v0.314.0-rc.0.0.20261008141710-21fd457f2b67
2026-10-08T22:01:53.693486Z,github.com/pROMEthEUs/PROMetheUS,v0.314.0-rc.0.0.20261008141710-21fd457f2b67
2026-10-08T22:01:53.806109Z,github.com/prOMETheus/proMeTheUS,v0.314.0-rc.0.0.20261008141710-21fd457f2b67
2026-10-08T22:01:54.009749Z,github.com/ProMETheUs/ProMETheus,v0.314.0-rc.0.0.20261008141710-21fd457f2b67
2026-10-08T22:01:55.082065Z,github.com/proMeTheus/PRomETheus,v0.314.0-rc.0.0.20261008141710-21fd457f2b67
2026-10-08T22:01:55.942644Z,github.com/proMeTheus/PRomETheuS,v0.314.0-rc.0.0.20261008141710-21fd457f2b67
2026-10-08T22:01:55.949414Z,github.com/proMetHeUS/prOMetHeUS,v0.314.0-rc.0.0.20261008141710-21fd457f2b67
2026-10-08T22:01:56.600247Z,github.com/pRoMeTHEUs/proMETHeus,v0.314.0-rc.0.0.20261008141710-21fd457f2b67
2026-10-08T22:01:57.026962Z,github.com/pROMETHEUS/pRomETheUs,v0.314.0-rc.0.0.20261008141710-21fd457f2b67
2026-10-08T22:01:57.109603Z,github.com/PromEtHEUS/promETHEUs,v0.314.0-rc.0.0.20261008141710-21fd457f2b67
2026-10-08T22:01:57.587721Z,github.com/PRometHeus/PrOMeTHEUs,v0.314.0-rc.0.0.20261008141710-21fd457f2b67
2026-10-08T22:01:57.734734Z,github.com/masami10/gocsv,v0.0.0-20261008204920-5160d438c487
2026-10-08T22:01:58.107786Z,github.com/proMEtHeuS/PRomEThEUS,v0.314.0-rc.0.0.20261008141710-21fd457f2b67
2026-10-08T22:01:58.221127Z,github.com/promethEuS/ProMEtheuS,v0.314.0-rc.0.0.20261008141710-21fd457f2b67
2026-10-08T22:01:58.734744Z,github.com/prOMEThEuS/pROMetheuS,v0.314.0-rc.0.0.20261008141710-21fd457f2b67
2026-10-08T22:01:59.749729Z,github.com/PROMeTHeus/prOmetHeUs,v0.314.0-rc.0.0.20261008141710-21fd457f2b67
2026-10-08T22:02:00.085864Z,github.com/PrOmEtHEuS/ProMeTheUS,v0.314.0-rc.0.0.20261008141710-21fd457f2b67
2026-10-08T22:02:00.171606Z,github.com/RadixIoT/BACnet4J,v5.0.0+incompatible
2026-10-08T22:02:01.065611Z,github.com/prOmEThEUS/prOMEtHEUS,v0.314.0-rc.0.0.20261008141710-21fd457f2b67
2026-10-08T22:02:01.330446Z,github.com/pRomeTHeus/prOMetHEUs,v0.314.0-rc.0.0.20261008141710-21fd457f2b67
2026-10-08T22:02:01.533053Z,github.com/PromETheuS/pRoMEtheus,v0.314.0-rc.0.0.20261008141710-21fd457f2b67
2026-10-08T22:02:01.668105Z,github.com/pRomeThEUs/pROMEtheuS,v0.314.0-rc.0.0.20261008141710-21fd457f2b67
2026-10-08T22:02:02.012284Z,go.dokimi.dev/ergon/lang/terraform,v0.2.1-0.20261008210312-f1364c2c22ad
2026-10-08T22:02:02.604306Z,github.com/ProMetHEuS/PrOmethEuS,v0.314.0-rc.0.0.20261008141710-21fd457f2b67
2026-10-08T22:02:03.17099Z,github.com/pRomeThEus/PromEthEuS,v0.314.0-rc.0.0.20261008141710-21fd457f2b67
2026-10-08T22:02:03.611937Z,github.com/PRometHEus/PROMEThEUs,v0.314.0-rc.0.0.20261008141710-21fd457f2b67
2026-10-08T22:02:03.643562Z,github.com/PrOmetHEuS/pRomeTheuS,v0.314.0-rc.0.0.20261008141710-21fd457f2b67
2026-10-08T22:02:04.918224Z,github.com/ProMETheUs/PRomEThEuS,v0.314.0-rc.0.0.20261008141710-21fd457f2b67
2026-10-08T22:02:05.032545Z,github.com/proMEtHeus/pROmEThEus,v0.314.0-rc.0.0.20261008141710-21fd457f2b67
2026-10-08T22:02:05.818626Z,github.com/promeTheus/ProMetHeUS,v0.314.0-rc.0.0.20261008141710-21fd457f2b67
2026-10-08T22:02:06.018263Z,github.com/prOMEThEus/prOmETHEUS,v0.314.0-rc.0.0.20261008141710-21fd457f2b67
2026-10-08T22:02:06.423117Z,github.com/prOMETHEus/PrOmeTHEUS,v0.314.0-rc.0.0.20261008141710-21fd457f2b67
2026-10-08T22:02:06.918757Z,github.com/prOmEtHeus/proMetheUS,v0.314.0-rc.0.0.20261008141710-21fd457f2b67
2026-10-08T22:02:07.432772Z,github.com/pROmETheuS/proMETHeUs,v0.314.0-rc.0.0.20261008141710-21fd457f2b67
2026-10-08T22:02:07.684016Z,github.com/PRoMetHeUs/proMEtHeUS,v0.314.0-rc.0.0.20261008141710-21fd457f2b67
2026-10-08T22:02:09.354668Z,github.com/promETHeUS/PrOmETHeus,v0.314.0-rc.0.0.20261008141710-21fd457f2b67
2026-10-08T22:02:10.825589Z,github.com/prometHeUS/PrOmEtheUs,v0.314.0-rc.0.0.20261008141710-21fd457f2b67
2026-10-08T22:02:11.065704Z,github.com/pROmetHEUs/promETheus,v0.314.0-rc.0.0.20261008141710-21fd457f2b67
2026-10-08T22:02:11.546675Z,github.com/proMEThEus/PRoMETHEUS,v0.314.0-rc.0.0.20261008141710-21fd457f2b67
2026-10-08T22:02:11.893303Z,github.com/PrOmEthEuS/promEtHEus,v0.314.0-rc.0.0.20261008141710-21fd457f2b67
2026-10-08T22:02:13.326486Z,github.com/PrOMEtheUS/prOmEThEuS,v0.314.0-rc.0.0.20261008141710-21fd457f2b67
2026-10-08T22:02:13.437449Z,github.com/pROmeTHEus/pROmeTheus,v0.314.0-rc.0.0.20261008141710-21fd457f2b67
2026-10-08T22:02:13.714234Z,github.com/pROMeTheuS/pRomEthEuS,v0.314.0-rc.0.0.20261008141710-21fd457f2b67
2026-10-08T22:02:13.721565Z,github.com/PRoMeTHEUS/pRomEtHeus,v0.314.0-rc.0.0.20261008141710-21fd457f2b67
2026-10-08T22:02:13.766289Z,github.com/prometHeus/PROmetHEus,v0.314.0-rc.0.0.20261008141710-21fd457f2b67
2026-10-08T22:02:13.954412Z,github.com/proMetHEuS/pROMetHEUS,v0.314.0-rc.0.0.20261008141710-21fd457f2b67
2026-10-08T22:02:14.739984Z,github.com/PRoMeTHeus/prOMeThEUS,v0.314.0-rc.0.0.20261008141710-21fd457f2b67
2026-10-08T22:02:14.949533Z,github.com/pRoMEtHEUS/ProMethEUs,v0.314.0-rc.0.0.20261008141710-21fd457f2b67
2026-10-08T22:02:15.203196Z,github.com/proMeTHEus/pROmetHEuS,v0.314.0-rc.0.0.20261008141710-21fd457f2b67
2026-10-08T22:02:15.941411Z,github.com/PromethEUs/PRoMEThEus,v0.314.0-rc.0.0.20261008141710-21fd457f2b67
2026-10-08T22:02:16.134385Z,github.com/prometHEUs/PrOMETHEUS,v0.314.0-rc.0.0.20261008141710-21fd457f2b67
2026-10-08T22:02:16.319401Z,github.com/PRoMeTheUs/PrOmeTHeus,v0.314.0-rc.0.0.20261008141710-21fd457f2b67
2026-10-08T22:02:16.730018Z,github.com/PrOmeTHEUS/PROmEthEuS,v0.314.0-rc.0.0.20261008141710-21fd457f2b67
2026-10-08T22:02:16.983857Z,github.com/PrOmEtheUS/prometHEus,v0.314.0-rc.0.0.20261008141710-21fd457f2b67
2026-10-08T22:02:17.176181Z,github.com/ProMETheUs/PRoMEThEus,v0.314.0-rc.0.0.20261008141710-21fd457f2b67
2026-10-08T22:02:17.397081Z,github.com/PRomeTHeus/PrOMEtheUs,v0.314.0-rc.0.0.20261008141710-21fd457f2b67
2026-10-08T22:02:17.760235Z,github.com/pRomEtheus/pRomEthEuS,v0.314.0-rc.0.0.20261008141710-21fd457f2b67
2026-10-08T22:02:18.065195Z,github.com/pRomEtheus/PROmetHEus,v0.314.0-rc.0.0.20261008141710-21fd457f2b67
2026-10-08T22:02:18.265381Z,github.com/PRomeThEuS/PROmEThEUS,v0.314.0-rc.0.0.20261008141710-21fd457f2b67
2026-10-08T22:02:18.439008Z,github.com/prOMeTHEUs/prOMETHeUs,v0.314.0-rc.0.0.20261008141710-21fd457f2b67
2026-10-08T22:02:18.553127Z,github.com/pRoMEtHEus/pRoMEtHEUS,v0.314.0-rc.0.0.20261008141710-21fd457f2b67
2026-10-08T22:02:18.555798Z,github.com/prOmeTHEUS/prometheUs,v0.314.0-rc.0.0.20261008141710-21fd457f2b67
2026-10-08T22:02:18.778788Z,github.com/ProMETHeUS/PrOmeThEUS,v0.314.0-rc.0.0.20261008141710-21fd457f2b67
2026-10-08T22:02:19.020694Z,github.com/pROmEtHEus/prOmEtHeuS,v0.314.0-rc.0.0.20261008141710-21fd457f2b67
2026-10-08T22:02:21.348565Z,github.com/promEtHEuS/PrOMETheUS,v0.314.0-rc.0.0.20261008141710-21fd457f2b67
2026-10-08T22:02:22.16431Z,github.com/PrOMetheUS/prOMeTHEuS,v0.314.0-rc.0.0.20261008141710-21fd457f2b67
2026-10-08T22:02:22.857176Z,github.com/faran-17/CTF,v0.0.0-20220614142839-124830a87e0e
2026-10-08T22:02:23.611234Z,github.com/PromETHEUs/PrOmeTHEus,v0.314.0-rc.0.0.20261008141710-21fd457f2b67
2026-10-08T22:02:23.930155Z,github.com/prOMEThEuS/pRoMETheUS,v0.314.0-rc.0.0.20261008141710-21fd457f2b67
2026-10-08T22:02:24.306806Z,github.com/pRomEThEuS/pRoMetheuS,v0.314.0-rc.0.0.20261008141710-21fd457f2b67
2026-10-08T22:02:24.337461Z,github.com/pROMetHeUs/PrOmeTheUS,v0.314.0-rc.0.0.20261008141710-21fd457f2b67
2026-10-08T22:02:24.934475Z,github.com/PromEThEUS/pROMETheUs,v0.314.0-rc.0.0.20261008141710-21fd457f2b67
2026-10-08T22:02:25.136102Z,github.com/proMetHeUs/proMEthEus,v0.314.0-rc.0.0.20261008141710-21fd457f2b67
2026-10-08T22:02:25.973329Z,github.com/pROMEthEUs/PRometHeUS,v0.314.0-rc.0.0.20261008141710-21fd457f2b67
2026-10-08T22:02:26.33902Z,github.com/PROmEtHEus/pROMetHEUs,v0.314.0-rc.0.0.20261008141710-21fd457f2b67
2026-10-08T22:02:26.600827Z,github.com/prOmetheuS/prOmeTHeUs,v0.314.0-rc.0.0.20261008141710-21fd457f2b67
2026-10-08T22:02:26.811223Z,github.com/prOmethEuS/pROmEThEUS,v0.314.0-rc.0.0.20261008141710-21fd457f2b67
2026-10-08T22:02:26.995081Z,github.com/PRometHeuS/pROmetheUs,v0.314.0-rc.0.0.20261008141710-21fd457f2b67
2026-10-08T22:02:27.100212Z,github.com/PrOmEtheUs/pROmETheUS,v0.314.0-rc.0.0.20261008141710-21fd457f2b67
2026-10-08T22:02:27.257259Z,github.com/promEThEUs/PromEtHEuS,v0.314.0-rc.0.0.20261008141710-21fd457f2b67
2026-10-08T22:02:27.397949Z,github.com/pRoMetheUs/pROmethEuS,v0.314.0-rc.0.0.20261008141710-21fd457f2b67
2026-10-08T22:02:28.726065Z,github.com/prOMETHeuS/PromEtHeus,v0.314.0-rc.0.0.20261008141710-21fd457f2b67
2026-10-08T22:02:30.65533Z,github.com/promethEUS/pRoMEtHeus,v0.314.0-rc.0.0.20261008141710-21fd457f2b67
2026-10-08T22:02:30.703144Z,github.com/PRometheuS/PrOMethEuS,v0.314.0-rc.0.0.20261008141710-21fd457f2b67
2026-10-08T22:02:31.566352Z,github.com/prOmEtHeuS/prOMEtHEUS,v0.314.0-rc.0.0.20261008141710-21fd457f2b67
2026-10-08T22:02:31.655202Z,github.com/pRoMeTHEUS/pRoMetheus,v0.314.0-rc.0.0.20261008141710-21fd457f2b67
2026-10-08T22:02:31.724689Z,github.com/promEthEuS/PROMethEus,v0.314.0-rc.0.0.20261008141710-21fd457f2b67
2026-10-08T22:02:32.497677Z,github.com/proMEtheUS/pROMetHEUs,v0.314.0-rc.0.0.20261008141710-21fd457f2b67
2026-10-08T22:02:32.734286Z,github.com/PRomEthEus/proMetheUs,v0.314.0-rc.0.0.20261008141710-21fd457f2b67
2026-10-08T22:02:33.032491Z,github.com/PRomEtheus/pROmETheuS,v0.314.0-rc.0.0.20261008141710-21fd457f2b67
2026-10-08T22:02:33.138681Z,github.com/PromeThEUs/PROmETHeUs,v0.314.0-rc.0.0.20261008141710-21fd457f2b67
2026-10-08T22:02:33.41808Z,github.com/PROMetHeuS/pROMEtheuS,v0.314.0-rc.0.0.20261008141710-21fd457f2b67
2026-10-08T22:02:33.814346Z,github.com/PrOMeTheuS/prOmetHEuS,v0.314.0-rc.0.0.20261008141710-21fd457f2b67
2026-10-08T22:02:34.818243Z,github.com/PrOmeThEuS/PrOmeTHeuS,v0.314.0-rc.0.0.20261008141710-21fd457f2b67
2026-10-08T22:02:34.877015Z,github.com/pROmeTheUs/PrOmetHeUs,v0.314.0-rc.0.0.20261008141710-21fd457f2b67
2026-10-08T22:02:35.557324Z,github.com/proMETHEUs/PRomeTheus,v0.314.0-rc.0.0.20261008141710-21fd457f2b67
2026-10-08T22:02:36.011286Z,github.com/prOMeThEus/PROMetheus,v0.314.0-rc.0.0.20261008141710-21fd457f2b67
2026-10-08T22:02:36.532718Z,github.com/promEtheus/prOMeThEUS,v0.314.0-rc.0.0.20261008141710-21fd457f2b67
2026-10-08T22:02:37.042788Z,github.com/prOmethEUs/PrOmEtHEUs,v0.314.0-rc.0.0.20261008141710-21fd457f2b67
2026-10-08T22:02:38.210269Z,github.com/ProMeTHEUS/PROMeThEus,v0.314.0-rc.0.0.20261008141710-21fd457f2b67
2026-10-08T22:02:38.292292Z,github.com/pRomeThEuS/PrOMetheus,v0.314.0-rc.0.0.20261008141710-21fd457f2b67
2026-10-08T22:02:38.527689Z,github.com/PromeThEUS/pROMeTHEUs,v0.314.0-rc.0.0.20261008141710-21fd457f2b67
2026-10-08T22:02:39.009344Z,github.com/PrOMetheuS/promETHeUs,v0.314.0-rc.0.0.20261008141710-21fd457f2b67
2026-10-08T22:02:39.090565Z,github.com/PrOmEThEuS/prOmeThEUS,v0.314.0-rc.0.0.20261008141710-21fd457f2b67
2026-10-08T22:02:39.174178Z,github.com/PromeTHeUs/proMetHeus,v0.314.0-rc.0.0.20261008141710-21fd457f2b67
2026-10-08T22:02:40.202193Z,github.com/PromEthEus/prOMEthEUs,v0.314.0-rc.0.0.20261008141710-21fd457f2b67
2026-10-08T22:02:40.431035Z,github.com/SVF-tools/PTABEN,v0.0.0-20261008122107-d63be177385e
2026-10-08T22:02:42.136704Z,github.com/PROMeThEUS/PrOmETHEuS,v0.314.0-rc.0.0.20261008141710-21fd457f2b67
2026-10-08T22:02:42.85118Z,github.com/proMeThEUs/PRoMeTHEUs,v0.314.0-rc.0.0.20261008141710-21fd457f2b67
2026-10-08T22:02:43.375209Z,github.com/PRoMethEuS/prOMetheUs,v0.314.0-rc.0.0.20261008141710-21fd457f2b67
2026-10-08T22:02:43.507868Z,github.com/PromEtHeUS/PromEtheuS,v0.314.0-rc.0.0.20261008141710-21fd457f2b67
2026-10-08T22:02:43.842894Z,github.com/PromeTHeus/PRoMetheus,v0.314.0-rc.0.0.20261008141710-21fd457f2b67
2026-10-08T22:02:43.88241Z,github.com/PromEthEus/ProMEtHEus,v0.314.0-rc.0.0.20261008141710-21fd457f2b67
2026-10-08T22:02:44.145463Z,github.com/pRomeTHEuS/pROmeTHeus,v0.314.0-rc.0.0.20261008141710-21fd457f2b67
2026-10-08T22:02:44.380276Z,github.com/PRoMEtHeuS/pROMetHEUS,v0.314.0-rc.0.0.20261008141710-21fd457f2b67
2026-10-08T22:02:44.682465Z,github.com/pRoMETheUS/pRometHEuS,v0.314.0-rc.0.0.20261008141710-21fd457f2b67
2026-10-08T22:02:44.913189Z,github.com/promeThEus/PromEtHEUs,v0.314.0-rc.0.0.20261008141710-21fd457f2b67
2026-10-08T22:02:45.484659Z,github.com/pRoMetHEUs/promEtHeus,v0.314.0-rc.0.0.20261008141710-21fd457f2b67
2026-10-08T22:02:45.921988Z,github.com/PRomETHeUS/pRomETHeUS,v0.314.0-rc.0.0.20261008141710-21fd457f2b67
2026-10-08T22:02:45.93251Z,github.com/pRomEThEuS/PROmEtHeUs,v0.314.0-rc.0.0.20261008141710-21fd457f2b67
2026-10-08T22:02:46.201909Z,github.com/pROmETheus/ProMetHeUs,v0.314.0-rc.0.0.20261008141710-21fd457f2b67
2026-10-08T22:02:46.403223Z,github.com/pRoMethEuS/PromEtHeuS,v0.314.0-rc.0.0.20261008141710-21fd457f2b67
2026-10-08T22:02:48.803783Z,github.com/prOmEtheUs/prOMethEus,v0.314.0-rc.0.0.20261008141710-21fd457f2b67
2026-10-08T22:02:49.48126Z,github.com/PromEthEus/PRoMeTHeuS,v0.314.0-rc.0.0.20261008141710-21fd457f2b67
2026-10-08T22:02:49.716176Z,github.com/pROMeTHeUS/PROMEThEuS,v0.314.0-rc.0.0.20261008141710-21fd457f2b67
2026-10-08T22:02:49.920103Z,github.com/proMEThEUs/ProMetHeus,v0.314.0-rc.0.0.20261008141710-21fd457f2b67
2026-10-08T22:02:50.786151Z,github.com/ProMetHEUS/PRoMeTHeus,v0.314.0-rc.0.0.20261008141710-21fd457f2b67
2026-10-08T22:02:50.936002Z,github.com/promEthEuS/promEThEus,v0.314.0-rc.0.0.20261008141710-21fd457f2b67
2026-10-08T22:02:51.931253Z,github.com/ProMEtheus/PROMeThEus,v0.314.0-rc.0.0.20261008141710-21fd457f2b67
2026-10-08T22:02:51.931795Z,github.com/pRoMetHeus/pRoMeTheuS,v0.314.0-rc.0.0.20261008141710-21fd457f2b67
2026-10-08T22:02:52.52477Z,github.com/ProMeThEUS/PRomeTheUs,v0.314.0-rc.0.0.20261008141710-21fd457f2b67
2026-10-08T22:02:52.728263Z,github.com/Alexedwards/argon2id,v1.0.0
2026-10-08T22:02:52.833554Z,github.com/PrOmEthEUS/PROmEtHEUs,v0.314.0-rc.0.0.20261008141710-21fd457f2b67
2026-10-08T22:02:54.261157Z,github.com/prOmeTheus/ProMeThEus,v0.314.0-rc.0.0.20261008141710-21fd457f2b67
2026-10-08T22:02:54.851576Z,github.com/prOmEthEUs/PRomEthEuS,v0.314.0-rc.0.0.20261008141710-21fd457f2b67
2026-10-08T22:02:55.246293Z,github.com/PrOmEtheuS/PRoMEtHeus,v0.314.0-rc.0.0.20261008141710-21fd457f2b67
2026-10-08T22:02:55.677328Z,github.com/ProMetHEUs/PrOMETheus,v0.314.0-rc.0.0.20261008141710-21fd457f2b67
2026-10-08T22:02:55.717859Z,github.com/promEtheUS/PRometHeUs,v0.314.0-rc.0.0.20261008141710-21fd457f2b67
2026-10-08T22:02:56.636637Z,github.com/promeThEUs/pROmEtheUS,v0.314.0-rc.0.0.20261008141710-21fd457f2b67
2026-10-08T22:02:57.279115Z,github.com/ProMeTheUs/PROMEthEUS,v0.314.0-rc.0.0.20261008141710-21fd457f2b67
2026-10-08T22:02:57.707756Z,github.com/ILiftALot/insta-toc,v0.0.0-20260325153934-f87215098588
2026-10-08T22:02:57.719478Z,github.com/PrOMethEuS/pRoMEtHeuS,v0.314.0-rc.0.0.20261008141710-21fd457f2b67
2026-10-08T22:02:57.819249Z,github.com/promEThEuS/pROmeTHEus,v0.314.0-rc.0.0.20261008141710-21fd457f2b67
2026-10-08T22:02:57.827849Z,github.com/PROmEthEUs/pROmetHeus,v0.314.0-rc.0.0.20261008141710-21fd457f2b67
2026-10-08T22:02:58.213482Z,github.com/PROmEtheuS/ProMeTheUS,v0.314.0-rc.0.0.20261008141710-21fd457f2b67
2026-10-08T22:02:58.876897Z,github.com/pROmEtHeuS/PRoMEThEuS,v0.314.0-rc.0.0.20261008141710-21fd457f2b67
2026-10-08T22:02:59.373758Z,github.com/PRoMeThEUS/PRometheus,v0.314.0-rc.0.0.20261008141710-21fd457f2b67
2026-10-08T22:02:59.578523Z,github.com/proMetheUS/PROmEtHEus,v0.314.0-rc.0.0.20261008141710-21fd457f2b67
2026-10-08T22:02:59.669941Z,github.com/pRoMetHEUS/pROMeTHEus,v0.314.0-rc.0.0.20261008141710-21fd457f2b67
2026-10-08T22:02:59.87469Z,github.com/PrOmEthEUS/pROMEtheUs,v0.314.0-rc.0.0.20261008141710-21fd457f2b67
2026-10-08T22:03:00.808206Z,github.com/thu-keg/agentif,v0.0.0-20251201124517-76662306ba5b
2026-10-08T22:03:01.090488Z,github.com/PROmeTHEus/ProMEtHeUs,v0.314.0-rc.0.0.20261008141710-21fd457f2b67
2026-10-08T22:03:01.270632Z,github.com/PrOMeTHEUs/prOmETHEUS,v0.314.0-rc.0.0.20261008141710-21fd457f2b67
2026-10-08T22:03:02.160278Z,github.com/ProMetHEuS/proMEtheuS,v0.314.0-rc.0.0.20261008141710-21fd457f2b67
2026-10-08T22:03:02.736426Z,github.com/prOMEthEUs/ProMetHEUs,v0.314.0-rc.0.0.20261008141710-21fd457f2b67
2026-10-08T22:03:04.189436Z,github.com/prometheuS/prometheuS,v0.314.0-rc.0.0.20261008141710-21fd457f2b67
2026-10-08T22:03:05.16971Z,github.com/pRoMetheus/prOmeTheuS,v0.314.0-rc.0.0.20261008141710-21fd457f2b67
2026-10-08T22:03:05.173863Z,github.com/pROmEtHeUs/PromeTHeuS,v0.314.0-rc.0.0.20261008141710-21fd457f2b67
2026-10-08T22:03:05.179122Z,github.com/pROmeTHEUs/pROmEtHeUs,v0.314.0-rc.0.0.20261008141710-21fd457f2b67
2026-10-08T22:03:05.637356Z,github.com/prometheUS/proMetHEus,v0.314.0-rc.0.0.20261008141710-21fd457f2b67
2026-10-08T22:03:05.711684Z,github.com/proMEthEus/PrOMeTheus,v0.314.0-rc.0.0.20261008141710-21fd457f2b67
2026-10-08T22:03:06.545942Z,github.com/pROmEtHeuS/proMethEUs,v0.314.0-rc.0.0.20261008141710-21fd457f2b67
2026-10-08T22:03:06.605186Z,github.com/PRoMEThEUs/pRomEThEUs,v0.314.0-rc.0.0.20261008141710-21fd457f2b67
2026-10-08T22:03:06.799934Z,github.com/PRomETHeus/PrOmEtHEUs,v0.314.0-rc.0.0.20261008141710-21fd457f2b67
2026-10-08T22:03:08.841498Z,github.com/pRomEtheuS/prOmetheus,v0.314.0-rc.0.0.20261008141710-21fd457f2b67
2026-10-08T22:03:08.886134Z,github.com/pROmeTHEuS/PrOMEthEus,v0.314.0-rc.0.0.20261008141710-21fd457f2b67
2026-10-08T22:03:09.088674Z,github.com/pROMETHEUs/proMeTHEUS,v0.314.0-rc.0.0.20261008141710-21fd457f2b67
2026-10-08T22:03:09.693084Z,github.com/prOmEtHeUS/PROMetHEUS,v0.314.0-rc.0.0.20261008141710-21fd457f2b67
2026-10-08T22:03:10.006419Z,github.com/PRomETheus/pRomETHeUS,v0.314.0-rc.0.0.20261008141710-21fd457f2b67
2026-10-08T22:03:10.838889Z,github.com/proMeTheUS/prOmetheUs,v0.314.0-rc.0.0.20261008141710-21fd457f2b67
2026-10-08T22:03:10.897819Z,github.com/pRomEthEUS/PROMetheUS,v0.314.0-rc.0.0.20261008141710-21fd457f2b67
2026-10-08T22:03:11.214996Z,github.com/prOMetheus/PROMeTheus,v0.314.0-rc.0.0.20261008141710-21fd457f2b67
2026-10-08T22:03:11.428402Z,github.com/xuebinqin/basnet,v0.0.0-20210505174815-56393818e239
2026-10-08T22:03:11.750967Z,github.com/PROmeTHEUS/prOmEtHeUS,v0.314.0-rc.0.0.20261008141710-21fd457f2b67
2026-10-08T22:03:12.003028Z,github.com/PRoMeTHEUS/PROMetheUs,v0.314.0-rc.0.0.20261008141710-21fd457f2b67
2026-10-08T22:03:12.823684Z,github.com/PRoMETHEUs/PROmeThEuS,v0.314.0-rc.0.0.20261008141710-21fd457f2b67
2026-10-08T22:03:13.071015Z,github.com/PROMEtHEUS/PromEtheus,v0.314.0-rc.0.0.20261008141710-21fd457f2b67
2026-10-08T22:03:14.374454Z,github.com/pRoMeThEUs/pRometHEUs,v0.314.0-rc.0.0.20261008141710-21fd457f2b67
2026-10-08T22:03:14.853436Z,github.com/proMEtHeUS/promeThEUS,v0.314.0-rc.0.0.20261008141710-21fd457f2b67
2026-10-08T22:03:15.207569Z,github.com/PrOmetHEUS/PRomEthEUS,v0.314.0-rc.0.0.20261008141710-21fd457f2b67
2026-10-08T22:03:15.437027Z,github.com/PromeTHEUs/PrOmetHeUS,v0.314.0-rc.0.0.20261008141710-21fd457f2b67
2026-10-08T22:03:15.597797Z,github.com/pROmetHeUs/PrOmethEUS,v0.314.0-rc.0.0.20261008141710-21fd457f2b67
2026-10-08T22:03:15.654663Z,github.com/PRomeTheUS/PrOMeThEUs,v0.314.0-rc.0.0.20261008141710-21fd457f2b67
2026-10-08T22:03:16.370688Z,github.com/PRomethEUS/prometHeUS,v0.314.0-rc.0.0.20261008141710-21fd457f2b67
2026-10-08T22:03:16.964539Z,github.com/PrOMeTHeuS/PrometheuS,v0.314.0-rc.0.0.20261008141710-21fd457f2b67
2026-10-08T22:03:17.642721Z,github.com/PrOmEtHEUs/PRomeTheuS,v0.314.0-rc.0.0.20261008141710-21fd457f2b67
2026-10-08T22:03:18.186521Z,github.com/prOMeTHEUS/PRomETHEUs,v0.314.0-rc.0.0.20261008141710-21fd457f2b67
2026-10-08T22:03:18.347512Z,github.com/PrOmetheUs/pRomETHEUs,v0.314.0-rc.0.0.20261008141710-21fd457f2b67
2026-10-08T22:03:18.439273Z,github.com/prOmEthEus/PROMETheUs,v0.314.0-rc.0.0.20261008141710-21fd457f2b67
2026-10-08T22:03:18.443348Z,github.com/proMeTHEuS/pROMETheus,v0.314.0-rc.0.0.20261008141710-21fd457f2b67
2026-10-08T22:03:19.733916Z,github.com/PROmEtHEUS/prOmeTHeUS,v0.314.0-rc.0.0.20261008141710-21fd457f2b67
2026-10-08T22:03:19.979116Z,github.com/PrOMeThEus/PrOMetHeUs,v0.314.0-rc.0.0.20261008141710-21fd457f2b67
2026-10-08T22:03:20.348298Z,github.com/proMeThEUS/pROMeThEuS,v0.314.0-rc.0.0.20261008141710-21fd457f2b67
2026-10-08T22:03:20.801506Z,github.com/pROmEtheus/PrOmetHeus,v0.314.0-rc.0.0.20261008141710-21fd457f2b67
2026-10-08T22:03:20.982387Z,github.com/prOmEThEUs/PROMEThEus,v0.314.0-rc.0.0.20261008141710-21fd457f2b67
2026-10-08T22:03:21.035691Z,github.com/PromEtHeUs/PrOmEthEus,v0.314.0-rc.0.0.20261008141710-21fd457f2b67
2026-10-08T22:03:21.281747Z,github.com/PRoMethEus/pRoMetHEus,v0.314.0-rc.0.0.20261008141710-21fd457f2b67
2026-10-08T22:03:21.859921Z,github.com/PRoMEtHEUS/pRoMEThEuS,v0.314.0-rc.0.0.20261008141710-21fd457f2b67
2026-10-08T22:03:22.394834Z,github.com/PROmeTHEUs/PRoMETheuS,v0.314.0-rc.0.0.20261008141710-21fd457f2b67
2026-10-08T22:03:23.402302Z,github.com/PrOmetHeuS/PrOMEthEuS,v0.314.0-rc.0.0.20261008141710-21fd457f2b67
2026-10-08T22:03:24.261513Z,github.com/PRoMEThEus/prOMEtHEUs,v0.314.0-rc.0.0.20261008141710-21fd457f2b67
2026-10-08T22:03:24.525869Z,github.com/PromEThEus/pRoMetHeuS,v0.314.0-rc.0.0.20261008141710-21fd457f2b67
2026-10-08T22:03:25.421285Z,github.com/PRomEThEUS/PrOmetheUs,v0.314.0-rc.0.0.20261008141710-21fd457f2b67
2026-10-08T22:03:26.92517Z,github.com/PRoMEtHEUs/PrOMeThEuS,v0.314.0-rc.0.0.20261008141710-21fd457f2b67
2026-10-08T22:03:26.996126Z,github.com/pROMEtHEuS/pRoMetHeUS,v0.314.0-rc.0.0.20261008141710-21fd457f2b67
2026-10-08T22:03:28.030251Z,github.com/pRoMEthEus/PrOmEtHeUS,v0.314.0-rc.0.0.20261008141710-21fd457f2b67
2026-10-08T22:03:29.030039Z,github.com/PRomEtHEus/proMEthEus,v0.314.0-rc.0.0.20261008141710-21fd457f2b67
2026-10-08T22:03:29.359515Z,github.com/PrOmeTHeus/ProMETheus,v0.314.0-rc.0.0.20261008141710-21fd457f2b67
2026-10-08T22:03:29.494662Z,github.com/promEtHeUs/PromEtheUS,v0.314.0-rc.0.0.20261008141710-21fd457f2b67
2026-10-08T22:03:30.150506Z,github.com/PRomEtheus/pRoMETHEuS,v0.314.0-rc.0.0.20261008141710-21fd457f2b67
2026-10-08T22:03:30.546724Z,github.com/Kong/Kong,v0.0.0-20261008080349-2d2e67ea7a90
2026-10-08T22:03:30.555178Z,github.com/proMethEUS/PrOmETheUs,v0.314.0-rc.0.0.20261008141710-21fd457f2b67
2026-10-08T22:03:30.723984Z,github.com/mashape/kong,v0.0.0-20261008080349-2d2e67ea7a90
2026-10-08T22:03:30.969162Z,github.com/proMetHEuS/PRoMEThEUS,v0.314.0-rc.0.0.20261008141710-21fd457f2b67
2026-10-08T22:03:31.742722Z,github.com/pRoMethEuS/pRoMETheus,v0.314.0-rc.0.0.20261008141710-21fd457f2b67
2026-10-08T22:03:31.82751Z,github.com/prOmETHEUs/PROmEthEus,v0.314.0-rc.0.0.20261008141710-21fd457f2b67
2026-10-08T22:03:32.560894Z,github.com/pRometHEuS/prOMeThEUS,v0.314.0-rc.0.0.20261008141710-21fd457f2b67
2026-10-08T22:03:33.373588Z,github.com/roadrunner-server/proxy_ip_parser/v6,v6.0.0
2026-10-08T22:03:33.470777Z,github.com/PRomethEus/PRomeTHEUS,v0.314.0-rc.0.0.20261008141710-21fd457f2b67
2026-10-08T22:03:33.838151Z,github.com/prOMEtHeuS/prOmEtHeuS,v0.314.0-rc.0.0.20261008141710-21fd457f2b67
2026-10-08T22:03:34.286614Z,github.com/PrOMEthEuS/pROmEthEus,v0.314.0-rc.0.0.20261008141710-21fd457f2b67
2026-10-08T22:03:34.6078Z,github.com/PRoMETHeus/PROMeTheuS,v0.314.0-rc.0.0.20261008141710-21fd457f2b67
2026-10-08T22:03:35.012729Z,github.com/pROmeTHEus/PRomeTheUS,v0.314.0-rc.0.0.20261008141710-21fd457f2b67
2026-10-08T22:03:37.520432Z,github.com/PrOmetHEuS/pRoMEtheUS,v0.314.0-rc.0.0.20261008141710-21fd457f2b67
2026-10-08T22:03:37.757137Z,github.com/prOMEtheUS/pRoMetHeuS,v0.314.0-rc.0.0.20261008141710-21fd457f2b67
2026-10-08T22:03:38.692955Z,github.com/prOMEtheuS/ProMeTHeUs,v0.314.0-rc.0.0.20261008141710-21fd457f2b67
2026-10-08T22:03:38.966032Z,github.com/PrOMeTHEUs/prOMeThEUS,v0.314.0-rc.0.0.20261008141710-21fd457f2b67
2026-10-08T22:03:39.53015Z,github.com/pRoMETheUS/prOmETheus,v0.314.0-rc.0.0.20261008141710-21fd457f2b67
2026-10-08T22:03:39.586391Z,github.com/PRometHEUs/PROMETHeus,v0.314.0-rc.0.0.20261008141710-21fd457f2b67
2026-10-08T22:03:39.90278Z,github.com/PRomeThEus/PROMetheUS,v0.314.0-rc.0.0.20261008141710-21fd457f2b67
2026-10-08T22:03:40.579621Z,github.com/PROmETHEuS/PRomethEuS,v0.314.0-rc.0.0.20261008141710-21fd457f2b67
2026-10-08T22:03:41.350955Z,github.com/pROMEtheus/pRomEthEus,v0.314.0-rc.0.0.20261008141710-21fd457f2b67
2026-10-08T22:03:41.357828Z,github.com/PROmEthEUS/pRomeTHEUS,v0.314.0-rc.0.0.20261008141710-21fd457f2b67
2026-10-08T22:03:41.579805Z,github.com/PROmetHeUS/PROmEThEUs,v0.314.0-rc.0.0.20261008141710-21fd457f2b67
2026-10-08T22:03:42.609174Z,github.com/pRomEthEUs/PRoMeTheUS,v0.314.0-rc.0.0.20261008141710-21fd457f2b67
2026-10-08T22:03:43.026187Z,github.com/pROMeThEuS/prOmEtHeUS,v0.314.0-rc.0.0.20261008141710-21fd457f2b67
2026-10-08T22:03:43.283163Z,github.com/proMethEus/ProMeThEUs,v0.314.0-rc.0.0.20261008141710-21fd457f2b67
2026-10-08T22:03:43.333298Z,github.com/PROmeTheUs/prOMetHEuS,v0.314.0-rc.0.0.20261008141710-21fd457f2b67
2026-10-08T22:03:43.346169Z,github.com/ProMETHEUS/pRoMeTheus,v0.314.0-rc.0.0.20261008141710-21fd457f2b67
2026-10-08T22:03:43.397947Z,github.com/PROMeTHeUs/PromETheus,v0.314.0-rc.0.0.20261008141710-21fd457f2b67
2026-10-08T22:03:43.49424Z,github.com/PROMeThEUs/PRomeTHeUS,v0.314.0-rc.0.0.20261008141710-21fd457f2b67
2026-10-08T22:03:43.544365Z,github.com/pROMetHeUS/proMETHEus,v0.314.0-rc.0.0.20261008141710-21fd457f2b67
2026-10-08T22:03:43.850786Z,github.com/roadrunner-server/nsq/v6,v6.0.0
2026-10-08T22:03:44.277442Z,github.com/PRoMEtHeuS/proMeThEUS,v0.314.0-rc.0.0.20261008141710-21fd457f2b67
2026-10-08T22:03:44.641316Z,github.com/proMetHeUS/PROmeTHEUS,v0.314.0-rc.0.0.20261008141710-21fd457f2b67
2026-10-08T22:03:44.694755Z,github.com/promethEUS/ProMeThEUS,v0.314.0-rc.0.0.20261008141710-21fd457f2b67
2026-10-08T22:03:45.404737Z,github.com/prOMETHeUS/pROmEtheUs,v0.314.0-rc.0.0.20261008141710-21fd457f2b67
2026-10-08T22:03:47.416886Z,github.com/PROMEThEUs/pRoMeTHeUS,v0.314.0-rc.0.0.20261008141710-21fd457f2b67
2026-10-08T22:03:48.912221Z,github.com/PROmetHEUS/pROMeTHeuS,v0.314.0-rc.0.0.20261008141710-21fd457f2b67
2026-10-08T22:03:49.03487Z,github.com/pROMethEUS/PrOmeTHEus,v0.314.0-rc.0.0.20261008141710-21fd457f2b67
2026-10-08T22:03:49.159658Z,github.com/ProMetheUS/pROmEThEus,v0.314.0-rc.0.0.20261008141710-21fd457f2b67
2026-10-08T22:03:49.367675Z,github.com/pROMEtHeUs/pROMEThEUS,v0.314.0-rc.0.0.20261008141710-21fd457f2b67
2026-10-08T22:03:49.509424Z,github.com/ProMEThEUS/PrometHeUs,v0.314.0-rc.0.0.20261008141710-21fd457f2b67
2026-10-08T22:03:49.659854Z,github.com/prOmETheUs/pROmeTHeus,v0.314.0-rc.0.0.20261008141710-21fd457f2b67
2026-10-08T22:03:49.751938Z,github.com/proMethEus/promEthEUs,v0.314.0-rc.0.0.20261008141710-21fd457f2b67
2026-10-08T22:03:49.871808Z,github.com/PRomEThEUs/PRomEtHeus,v0.314.0-rc.0.0.20261008141710-21fd457f2b67
2026-10-08T22:03:50.033804Z,github.com/PRoMEtHEuS/PRoMEtHEUs,v0.314.0-rc.0.0.20261008141710-21fd457f2b67
2026-10-08T22:03:51.044568Z,github.com/PRomEtHEuS/promEtHeus,v0.314.0-rc.0.0.20261008141710-21fd457f2b67
2026-10-08T22:03:51.077682Z,github.com/PrOmEtheuS/PrOMEtHeUS,v0.314.0-rc.0.0.20261008141710-21fd457f2b67
2026-10-08T22:03:52.149451Z,github.com/pROmEThEUS/PROmeTheuS,v0.314.0-rc.0.0.20261008141710-21fd457f2b67
2026-10-08T22:03:52.463961Z,github.com/PROMEtHeus/pRomEtheUS,v0.314.0-rc.0.0.20261008141710-21fd457f2b67
2026-10-08T22:03:53.063546Z,github.com/roadrunner-server/nats/v6,v6.0.0
2026-10-08T22:03:53.537178Z,github.com/PrOmeTheUs/pROMEtHeuS,v0.314.0-rc.0.0.20261008141710-21fd457f2b67
2026-10-08T22:03:53.751803Z,github.com/prOMeTHeUS/PROMethEUS,v0.314.0-rc.0.0.20261008141710-21fd457f2b67
2026-10-08T22:03:54.961958Z,github.com/PROmEThEus/promEthEuS,v0.314.0-rc.0.0.20261008141710-21fd457f2b67
2026-10-08T22:03:55.614336Z,github.com/pROMetHeUs/PrOMetHEuS,v0.314.0-rc.0.0.20261008141710-21fd457f2b67
2026-10-08T22:03:56.166989Z,github.com/prOmEtHeUS/pROmETHeUS,v0.314.0-rc.0.0.20261008141710-21fd457f2b67
2026-10-08T22:03:56.618714Z,github.com/PrOmetHEuS/promeTHeUs,v0.314.0-rc.0.0.20261008141710-21fd457f2b67
2026-10-08T22:03:56.657018Z,github.com/ProMEthEUs/PROmEThEUs,v0.314.0-rc.0.0.20261008141710-21fd457f2b67
2026-10-08T22:03:57.04681Z,github.com/PROmetHeUS/pRoMethEUS,v0.314.0-rc.0.0.20261008141710-21fd457f2b67
2026-10-08T22:03:57.137991Z,github.com/PromeThEUs/prOMeThEuS,v0.314.0-rc.0.0.20261008141710-21fd457f2b67
2026-10-08T22:03:57.25034Z,github.com/prOMeTHEUs/prOMETHeuS,v0.314.0-rc.0.0.20261008141710-21fd457f2b67
2026-10-08T22:03:57.392728Z,github.com/PRoMEthEUs/PRomeThEUS,v0.314.0-rc.0.0.20261008141710-21fd457f2b67
2026-10-08T22:03:58.394958Z,github.com/prOmethEUs/pRometHeUS,v0.314.0-rc.0.0.20261008141710-21fd457f2b67
2026-10-08T22:03:58.725316Z,github.com/PrOMEThEUS/PRoMeTHEUS,v0.314.0-rc.0.0.20261008141710-21fd457f2b67
2026-10-08T22:03:59.344461Z,github.com/PRomETHeus/ProMeThEUS,v0.314.0-rc.0.0.20261008141710-21fd457f2b67
2026-10-08T22:03:59.375985Z,github.com/pRoMeThEUS/PRomETHeus,v0.314.0-rc.0.0.20261008141710-21fd457f2b67
2026-10-08T22:03:59.845794Z,github.com/PRoMETHeUS/prOMetHEUs,v0.314.0-rc.0.0.20261008141710-21fd457f2b67
2026-10-08T22:03:59.948838Z,github.com/PrOMETHeus/pRoMetheus,v0.314.0-rc.0.0.20261008141710-21fd457f2b67
2026-10-08T22:04:00.022439Z,github.com/pRometheus/ProMetHeus,v0.314.0-rc.0.0.20261008141710-21fd457f2b67
2026-10-08T22:04:00.523368Z,sigs.k8s.io/multicluster-runtime/providers/kind,v0.25.2
2026-10-08T22:04:00.906829Z,github.com/PRoMETHeus/PRomEtHEUS,v0.314.0-rc.0.0.20261008141710-21fd457f2b67
2026-10-08T22:04:00.927372Z,github.com/PrOMEtHEUs/prOMeTheuS,v0.314.0-rc.0.0.20261008141710-21fd457f2b67
2026-10-08T22:04:02.130626Z,github.com/pROmEtHEuS/prometheUS,v0.314.0-rc.0.0.20261008141710-21fd457f2b67
2026-10-08T22:04:02.841518Z,github.com/PrOMEthEUs/ProMETHEuS,v0.314.0-rc.0.0.20261008141710-21fd457f2b67
2026-10-08T22:04:02.897779Z,github.com/PromEtHeus/promEtHeus,v0.314.0-rc.0.0.20261008141710-21fd457f2b67
2026-10-08T22:04:04.535511Z,github.com/prOmEtheUs/prOMEthEus,v0.314.0-rc.0.0.20261008141710-21fd457f2b67
2026-10-08T22:04:04.584369Z,github.com/pROMETHEUS/prOMETheus,v0.314.0-rc.0.0.20261008141710-21fd457f2b67
2026-10-08T22:04:04.829158Z,github.com/pROmetHeuS/PROMEtHEuS,v0.314.0-rc.0.0.20261008141710-21fd457f2b67
2026-10-08T22:04:05.001741Z,github.com/prOmEtHeUS/PrOmEthEUS,v0.314.0-rc.0.0.20261008141710-21fd457f2b67
2026-10-08T22:04:05.18884Z,github.com/PRoMetHEuS/pROMEtHeuS,v0.314.0-rc.0.0.20261008141710-21fd457f2b67
2026-10-08T22:04:06.409052Z,github.com/proMetHeUS/pRomEtHeuS,v0.314.0-rc.0.0.20261008141710-21fd457f2b67
2026-10-08T22:04:06.737815Z,github.com/PrOmetHeUS/prOmETHeuS,v0.314.0-rc.0.0.20261008141710-21fd457f2b67
2026-10-08T22:04:07.477079Z,github.com/pRoMETHeuS/PrOMETHeUs,v0.314.0-rc.0.0.20261008141710-21fd457f2b67
2026-10-08T22:04:07.54271Z,github.com/roadrunner-server/rate-limiter/v6,v6.0.0
2026-10-08T22:04:07.618823Z,github.com/prOmethEuS/prOmetHeUs,v0.314.0-rc.0.0.20261008141710-21fd457f2b67
2026-10-08T22:04:08.597284Z,github.com/PrOMETHEUs/pROMEThEUS,v0.314.0-rc.0.0.20261008141710-21fd457f2b67
2026-10-08T22:04:09.753861Z,github.com/PrOmeTHeUs/prOMeTHEus,v0.314.0-rc.0.0.20261008141710-21fd457f2b67
2026-10-08T22:04:10.733012Z,github.com/PromethEUs/prOmeTHEUS,v0.314.0-rc.0.0.20261008141710-21fd457f2b67
2026-10-08T22:04:11.074637Z,github.com/ProMethEUs/pRomeTHEUs,v0.314.0-rc.0.0.20261008141710-21fd457f2b67
2026-10-08T22:04:11.784692Z,github.com/pRoMEtHEUS/promEThEUS,v0.314.0-rc.0.0.20261008141710-21fd457f2b67
2026-10-08T22:04:12.381979Z,github.com/PrOMeTHeus/pROmeTHEUS,v0.314.0-rc.0.0.20261008141710-21fd457f2b67
2026-10-08T22:04:12.883076Z,github.com/PROMeTHEUS/PRomethEUs,v0.314.0-rc.0.0.20261008141710-21fd457f2b67
2026-10-08T22:04:13.327435Z,github.com/pROMEtHEus/pROMeTHeuS,v0.314.0-rc.0.0.20261008141710-21fd457f2b67
2026-10-08T22:04:14.067577Z,github.com/promEtHeUs/pROmeThEUs,v0.314.0-rc.0.0.20261008141710-21fd457f2b67
2026-10-08T22:04:14.127859Z,github.com/pRomETHeUS/PrOmEtHeuS,v0.314.0-rc.0.0.20261008141710-21fd457f2b67
2026-10-08T22:04:14.594256Z,github.com/PRoMethEus/PROmEtHEus,v0.314.0-rc.0.0.20261008141710-21fd457f2b67
2026-10-08T22:04:14.768654Z,github.com/darkhz/tview,v0.0.0-20260113155909-f71930c92114
2026-10-08T22:04:15.371822Z,github.com/pRomEThEus/PRometheuS,v0.314.0-rc.0.0.20261008141710-21fd457f2b67
2026-10-08T22:04:15.881064Z,github.com/PRoMEtHEus/PROMetHeuS,v0.314.0-rc.0.0.20261008141710-21fd457f2b67
2026-10-08T22:04:15.982Z,github.com/PromeTheUS/prOmETHeUS,v0.314.0-rc.0.0.20261008141710-21fd457f2b67
2026-10-08T22:04:17.472727Z,github.com/herbertmt978/python-scorpiontrack,v0.1.3-0.20260923181311-3b04959eacdd
2026-10-08T22:04:18.090997Z,github.com/PrOmEtheus/PRoMeThEUS,v0.314.0-rc.0.0.20261008141710-21fd457f2b67
2026-10-08T22:04:18.973925Z,github.com/prOmeTheuS/pRomeTheUs,v0.314.0-rc.0.0.20261008141710-21fd457f2b67
2026-10-08T22:04:19.293828Z,github.com/pRometheUS/pRomEthEUS,v0.314.0-rc.0.0.20261008141710-21fd457f2b67
2026-10-08T22:04:19.368178Z,github.com/pRoMetHeuS/PROMETheus,v0.314.0-rc.0.0.20261008141710-21fd457f2b67
2026-10-08T22:04:19.999762Z,github.com/PROMetHeUS/pROmeThEus,v0.314.0-rc.0.0.20261008141710-21fd457f2b67
2026-10-08T22:04:20.351645Z,github.com/pROmeThEUs/PRoMEThEUS,v0.314.0-rc.0.0.20261008141710-21fd457f2b67
2026-10-08T22:04:20.478695Z,github.com/prOmEtheUs/pRoMETHEus,v0.314.0-rc.0.0.20261008141710-21fd457f2b67
2026-10-08T22:04:21.289774Z,github.com/pRoMeThEUs/pROMETHEUs,v0.314.0-rc.0.0.20261008141710-21fd457f2b67
2026-10-08T22:04:21.344646Z,github.com/promEtHEUS/proMEthEus,v0.314.0-rc.0.0.20261008141710-21fd457f2b67
2026-10-08T22:04:22.553981Z,github.com/PrOmeTHEUS/proMETHEUs,v0.314.0-rc.0.0.20261008141710-21fd457f2b67
2026-10-08T22:04:22.821036Z,github.com/prOMEthEuS/ProMeTHEUs,v0.314.0-rc.0.0.20261008141710-21fd457f2b67
2026-10-08T22:04:23.139288Z,github.com/prOMEthEUs/PromEtHeuS,v0.314.0-rc.0.0.20261008141710-21fd457f2b67
2026-10-08T22:04:24.422795Z,github.com/PromethEUs/pRometHeUS,v0.314.0-rc.0.0.20261008141710-21fd457f2b67
2026-10-08T22:04:24.478668Z,github.com/pROmeTheUs/pRoMEtHEuS,v0.314.0-rc.0.0.20261008141710-21fd457f2b67
2026-10-08T22:04:24.984851Z,github.com/pROmeTHeUs/PROMetheUs,v0.314.0-rc.0.0.20261008141710-21fd457f2b67
2026-10-08T22:04:25.831779Z,github.com/PrOMetHEus/PRomeTheUS,v0.314.0-rc.0.0.20261008141710-21fd457f2b67
2026-10-08T22:04:26.108553Z,github.com/ProMEtheus/PrOMeThEUS,v0.314.0-rc.0.0.20261008141710-21fd457f2b67
2026-10-08T22:04:26.465741Z,github.com/pROMeTHeUS/pRomEtheUS,v0.314.0-rc.0.0.20261008141710-21fd457f2b67
2026-10-08T22:04:26.503985Z,github.com/roadrunner-server/lock/v6,v6.0.0
2026-10-08T22:04:27.477368Z,github.com/PRomETHEUS/PROMethEUs,v0.314.0-rc.0.0.20261008141710-21fd457f2b67
2026-10-08T22:04:27.603789Z,github.com/promEtHEus/PRomETHeus,v0.314.0-rc.0.0.20261008141710-21fd457f2b67
2026-10-08T22:04:27.796986Z,github.com/PROMeThEus/ProMeTHeuS,v0.314.0-rc.0.0.20261008141710-21fd457f2b67
2026-10-08T22:04:28.339858Z,github.com/PrOmethEUs/pRomEThEuS,v0.314.0-rc.0.0.20261008141710-21fd457f2b67
2026-10-08T22:04:28.487722Z,github.com/PRoMetheuS/PrOmeThEus,v0.314.0-rc.0.0.20261008141710-21fd457f2b67
2026-10-08T22:04:29.452556Z,github.com/PROmEtheUS/promeTHEUS,v0.314.0-rc.0.0.20261008141710-21fd457f2b67
2026-10-08T22:04:30.697308Z,github.com/PROMETheus/pROMetHEUs,v0.314.0-rc.0.0.20261008141710-21fd457f2b67
2026-10-08T22:04:31.361959Z,github.com/prOmEtheUS/prOmeTheUS,v0.314.0-rc.0.0.20261008141710-21fd457f2b67
2026-10-08T22:04:31.98024Z,github.com/PrOMETheus/PROMetHEus,v0.314.0-rc.0.0.20261008141710-21fd457f2b67
2026-10-08T22:04:33.608097Z,github.com/pRomeTHEuS/PROMEthEUS,v0.314.0-rc.0.0.20261008141710-21fd457f2b67
2026-10-08T22:04:33.761217Z,github.com/PromETHEus/prOMETHeus,v0.314.0-rc.0.0.20261008141710-21fd457f2b67
2026-10-08T22:04:34.292997Z,github.com/pRoMETheUS/pROMETHeus,v0.314.0-rc.0.0.20261008141710-21fd457f2b67
2026-10-08T22:04:34.621267Z,github.com/pRomeTheus/proMEtHEus,v0.314.0-rc.0.0.20261008141710-21fd457f2b67
2026-10-08T22:04:37.385249Z,github.com/pRomETHeUs/PrOmeThEus,v0.314.0-rc.0.0.20261008141710-21fd457f2b67
2026-10-08T22:04:38.192886Z,github.com/ShiMigui/simple-api-spec,v0.0.0-20261008220321-a619ac0ab0dd
2026-10-08T22:04:38.312506Z,github.com/PROMetHEUS/proMEtHeuS,v0.314.0-rc.0.0.20261008141710-21fd457f2b67
2026-10-08T22:04:38.545623Z,github.com/pROmEtheus/PRomETHeuS,v0.314.0-rc.0.0.20261008141710-21fd457f2b67
2026-10-08T22:04:38.912289Z,github.com/pRoMETHeUs/ProMeTHEuS,v0.314.0-rc.0.0.20261008141710-21fd457f2b67
2026-10-08T22:04:39.197822Z,github.com/pRomEtHEUs/PRomethEUs,v0.314.0-rc.0.0.20261008141710-21fd457f2b67
2026-10-08T22:04:39.232642Z,github.com/pROMEThEus/promEtHEuS,v0.314.0-rc.0.0.20261008141710-21fd457f2b67
2026-10-08T22:04:39.843626Z,github.com/promEthEuS/prOMetHEUS,v0.314.0-rc.0.0.20261008141710-21fd457f2b67
2026-10-08T22:04:40.202101Z,github.com/pRoMEtHEus/PrOmetHEUs,v0.314.0-rc.0.0.20261008141710-21fd457f2b67
2026-10-08T22:04:40.330102Z,github.com/pROMetHeus/PrOMetHeUs,v0.314.0-rc.0.0.20261008141710-21fd457f2b67
2026-10-08T22:04:40.442806Z,github.com/PROMEtHeUS/PromETheus,v0.314.0-rc.0.0.20261008141710-21fd457f2b67
2026-10-08T22:04:40.690652Z,github.com/prOmEThEus/PROmeTHeUs,v0.314.0-rc.0.0.20261008141710-21fd457f2b67
2026-10-08T22:04:41.353159Z,github.com/roadrunner-server/static/v6,v6.0.0
2026-10-08T22:04:41.840155Z,github.com/prOmEthEUS/PRomETheUS,v0.314.0-rc.0.0.20261008141710-21fd457f2b67
2026-10-08T22:04:41.914467Z,github.com/pROMETheuS/PROmeTHEuS,v0.314.0-rc.0.0.20261008141710-21fd457f2b67
2026-10-08T22:04:42.590266Z,github.com/PrOMEtHEUs/pRomEthEUS,v0.314.0-rc.0.0.20261008141710-21fd457f2b67
2026-10-08T22:04:42.949381Z,github.com/ProMEthEUS/prOMetHeuS,v0.314.0-rc.0.0.20261008141710-21fd457f2b67
2026-10-08T22:04:43.185741Z,github.com/pRometHeuS/PROmeTHeUs,v0.314.0-rc.0.0.20261008141710-21fd457f2b67
2026-10-08T22:04:43.29164Z,github.com/pRoMEtHEUS/PrOmeTHEuS,v0.314.0-rc.0.0.20261008141710-21fd457f2b67
2026-10-08T22:04:43.4933Z,github.com/BowTiedDevil/degenbot,v0.0.0-20261008175924-b7cf8b4822ce
2026-10-08T22:04:44.328119Z,github.com/prOmeTheus/PROmEtHeUS,v0.314.0-rc.0.0.20261008141710-21fd457f2b67
2026-10-08T22:04:44.619414Z,github.com/PROmeThEus/proMetHEuS,v0.314.0-rc.0.0.20261008141710-21fd457f2b67
2026-10-08T22:04:44.928681Z,github.com/PRomEtheUs/PROMeTHeus,v0.314.0-rc.0.0.20261008141710-21fd457f2b67
2026-10-08T22:04:45.734774Z,github.com/proMETHEuS/PRoMEtHeUS,v0.314.0-rc.0.0.20261008141710-21fd457f2b67
2026-10-08T22:04:45.815367Z,github.com/prOMEThEus/PrOmeTheus,v0.314.0-rc.0.0.20261008141710-21fd457f2b67
2026-10-08T22:04:45.85222Z,github.com/Kong/kong-pongo,v0.0.0-20260925021034-d4a5b9a22e2a
2026-10-08T22:04:45.935272Z,github.com/pRoMEThEus/pROmetHeus,v0.314.0-rc.0.0.20261008141710-21fd457f2b67
2026-10-08T22:04:46.000266Z,github.com/prOmeTheUS/prOMethEUS,v0.314.0-rc.0.0.20261008141710-21fd457f2b67
2026-10-08T22:04:46.166922Z,github.com/promeThEuS/pRoMEThEUs,v0.314.0-rc.0.0.20261008141710-21fd457f2b67
2026-10-08T22:04:46.370251Z,github.com/PrOMetHEus/prOMETheUs,v0.314.0-rc.0.0.20261008141710-21fd457f2b67
2026-10-08T22:04:46.401723Z,github.com/proMeThEUs/PromETHeus,v0.314.0-rc.0.0.20261008141710-21fd457f2b67
2026-10-08T22:04:46.419949Z,github.com/PROMethEUS/PromeTHeus,v0.314.0-rc.0.0.20261008141710-21fd457f2b67
2026-10-08T22:04:46.956949Z,github.com/ProMEtheUS/PROMeTheus,v0.314.0-rc.0.0.20261008141710-21fd457f2b67
2026-10-08T22:04:46.996018Z,github.com/PROMetheuS/pROMetheUs,v0.314.0-rc.0.0.20261008141710-21fd457f2b67
2026-10-08T22:04:47.311472Z,github.com/pROMETHeus/PROMETHeUS,v0.314.0-rc.0.0.20261008141710-21fd457f2b67
2026-10-08T22:04:47.891637Z,github.com/proMeThEUs/pROMetHEUs,v0.314.0-rc.0.0.20261008141710-21fd457f2b67
2026-10-08T22:04:47.936405Z,github.com/PRometheus/ProMEtHEuS,v0.314.0-rc.0.0.20261008141710-21fd457f2b67
2026-10-08T22:04:48.354649Z,github.com/PROmETHeUs/pROmetHEUs,v0.314.0-rc.0.0.20261008141710-21fd457f2b67
2026-10-08T22:04:48.371889Z,github.com/proMEthEUs/proMeTheUs,v0.314.0-rc.0.0.20261008141710-21fd457f2b67
2026-10-08T22:04:48.492763Z,github.com/pROMEThEUS/prOMETHEUS,v0.314.0-rc.0.0.20261008141710-21fd457f2b67
2026-10-08T22:04:48.732795Z,github.com/pROmeThEUS/PRomeTHeuS,v0.314.0-rc.0.0.20261008141710-21fd457f2b67
2026-10-08T22:04:48.829501Z,github.com/pROmetHEUS/proMEThEUs,v0.314.0-rc.0.0.20261008141710-21fd457f2b67
2026-10-08T22:04:49.222929Z,github.com/promeTheuS/PRoMEthEuS,v0.314.0-rc.0.0.20261008141710-21fd457f2b67
2026-10-08T22:04:49.298624Z,github.com/PROMeThEUs/prOMeTheuS,v0.314.0-rc.0.0.20261008141710-21fd457f2b67
2026-10-08T22:04:50.108253Z,github.com/PROmEtHeuS/promeThEus,v0.314.0-rc.0.0.20261008141710-21fd457f2b67
2026-10-08T22:04:51.844249Z,github.com/derrickhinz/-shopify-shopify_api,v3.2.3+incompatible
2026-10-08T22:04:52.329467Z,github.com/PROmEthEUs/PRoMETHeUS,v0.314.0-rc.0.0.20261008141710-21fd457f2b67
2026-10-08T22:04:52.639394Z,github.com/pRomeThEus/PrometHEUS,v0.314.0-rc.0.0.20261008141710-21fd457f2b67
2026-10-08T22:04:52.74258Z,github.com/prOMeTHeus/PROMETHeUS,v0.314.0-rc.0.0.20261008141710-21fd457f2b67
2026-10-08T22:04:52.871134Z,github.com/pRoMEThEUs/pRomeTHEUs,v0.314.0-rc.0.0.20261008141710-21fd457f2b67
2026-10-08T22:04:53.354503Z,github.com/prOmeTHEus/ProMETheUs,v0.314.0-rc.0.0.20261008141710-21fd457f2b67
2026-10-08T22:04:53.788185Z,github.com/PrOmETHEUs/PROmetheuS,v0.314.0-rc.0.0.20261008141710-21fd457f2b67
2026-10-08T22:04:53.862535Z,github.com/PRoMEthEus/PRomEThEuS,v0.314.0-rc.0.0.20261008141710-21fd457f2b67
2026-10-08T22:04:54.305874Z,github.com/pRoMeTHeus/proMEtheUS,v0.314.0-rc.0.0.20261008141710-21fd457f2b67
2026-10-08T22:04:54.815784Z,github.com/AlekseyLeshko/pneumatic-pipelines,v1.3.1
2026-10-08T22:04:54.949866Z,github.com/pROMeTHEuS/PRomEThEUS,v0.314.0-rc.0.0.20261008141710-21fd457f2b67
2026-10-08T22:04:54.97132Z,github.com/PrometHEus/PrometHEUS,v0.314.0-rc.0.0.20261008141710-21fd457f2b67
2026-10-08T22:04:55.307699Z,github.com/PromEtheUs/pROMEThEUs,v0.314.0-rc.0.0.20261008141710-21fd457f2b67
2026-10-08T22:04:55.622238Z,github.com/pROmEtHeuS/prOMeThEUs,v0.314.0-rc.0.0.20261008141710-21fd457f2b67
2026-10-08T22:04:56.037286Z,github.com/roadrunner-server/service/v6,v6.0.0
2026-10-08T22:04:57.258781Z,github.com/PrOMEtHEUS/pROmeTHEUS,v0.314.0-rc.0.0.20261008141710-21fd457f2b67
2026-10-08T22:04:58.067292Z,github.com/promEtheUS/promETHeuS,v0.314.0-rc.0.0.20261008141710-21fd457f2b67
2026-10-08T22:04:58.363851Z,github.com/PRoMeTHEus/PRomEthEUs,v0.314.0-rc.0.0.20261008141710-21fd457f2b67
2026-10-08T22:04:59.66164Z,github.com/PrOMeTHEuS/PrOMeTheUs,v0.314.0-rc.0.0.20261008141710-21fd457f2b67
2026-10-08T22:04:59.828163Z,github.com/PROmETHEuS/pRoMEThEUs,v0.314.0-rc.0.0.20261008141710-21fd457f2b67
2026-10-08T22:04:59.835122Z,github.com/PrOmETHEuS/ProMetHeUs,v0.314.0-rc.0.0.20261008141710-21fd457f2b67
2026-10-08T22:05:00.22786Z,github.com/pROMeTheUs/PRoMEtHEUS,v0.314.0-rc.0.0.20261008141710-21fd457f2b67
2026-10-08T22:05:00.730288Z,github.com/prOmEtheUs/ProMEtHeUs,v0.314.0-rc.0.0.20261008141710-21fd457f2b67
2026-10-08T22:05:00.732755Z,github.com/AlexLerman/moment-business-time,v0.6.1
2026-10-08T22:05:01.026466Z,github.com/PRoMEtHeUs/prOMEthEUs,v0.314.0-rc.0.0.20261008141710-21fd457f2b67
2026-10-08T22:05:02.364844Z,github.com/proMEthEuS/prOMEthEUS,v0.314.0-rc.0.0.20261008141710-21fd457f2b67
2026-10-08T22:05:02.376692Z,github.com/PromethEUS/prOMetHeuS,v0.314.0-rc.0.0.20261008141710-21fd457f2b67
2026-10-08T22:05:02.579564Z,github.com/PROmETheUS/PROMEtHEuS,v0.314.0-rc.0.0.20261008141710-21fd457f2b67
2026-10-08T22:05:04.246986Z,github.com/PRomEtHeuS/pRomETHeus,v0.314.0-rc.0.0.20261008141710-21fd457f2b67
2026-10-08T22:05:04.691196Z,github.com/PromeTheus/PROmeThEUs,v0.314.0-rc.0.0.20261008141710-21fd457f2b67
2026-10-08T22:05:05.057896Z,github.com/proMETHeUs/PROMEtheUs,v0.314.0-rc.0.0.20261008141710-21fd457f2b67
2026-10-08T22:05:05.514996Z,github.com/proMetHEus/PROmEthEuS,v0.314.0-rc.0.0.20261008141710-21fd457f2b67
2026-10-08T22:05:05.583043Z,github.com/PROMeThEuS/PRomEtHEUS,v0.314.0-rc.0.0.20261008141710-21fd457f2b67
2026-10-08T22:05:05.680236Z,github.com/PROmEThEUS/PROmEtheuS,v0.314.0-rc.0.0.20261008141710-21fd457f2b67
2026-10-08T22:05:05.840384Z,github.com/jvaeyhcd/algorithm,v0.0.0-20240918013639-361266ed8b0a
2026-10-08T22:05:06.404082Z,github.com/ldlornd/acm,v0.0.0-20211014031849-e0106d703924
2026-10-08T22:05:06.701541Z,github.com/PROMethEus/PRoMeTheUS,v0.314.0-rc.0.0.20261008141710-21fd457f2b67
2026-10-08T22:05:06.999299Z,github.com/proMetheuS/PromETHEus,v0.314.0-rc.0.0.20261008141710-21fd457f2b67
2026-10-08T22:05:07.637175Z,github.com/PROmEthEus/proMeTHEUS,v0.314.0-rc.0.0.20261008141710-21fd457f2b67
2026-10-08T22:05:07.822958Z,github.com/roadrunner-server/http/v6,v6.0.0
2026-10-08T22:05:08.258325Z,github.com/pRomeThEUs/PRoMeThEUS,v0.314.0-rc.0.0.20261008141710-21fd457f2b67
2026-10-08T22:05:08.370884Z,github.com/promEThEus/pRoMethEus,v0.314.0-rc.0.0.20261008141710-21fd457f2b67
2026-10-08T22:05:08.644969Z,github.com/pROMETheuS/PROMethEus,v0.314.0-rc.0.0.20261008141710-21fd457f2b67
2026-10-08T22:05:08.886076Z,github.com/pROMetheUs/prOmeTHeUS,v0.314.0-rc.0.0.20261008141710-21fd457f2b67
2026-10-08T22:05:09.532324Z,github.com/pROMetHEUS/proMeTheUS,v0.314.0-rc.0.0.20261008141710-21fd457f2b67
2026-10-08T22:05:09.67703Z,github.com/promETHeus/pRometheus,v0.314.0-rc.0.0.20261008141710-21fd457f2b67
2026-10-08T22:05:10.056009Z,github.com/PROMETHEUs/prOmeTHEuS,v0.314.0-rc.0.0.20261008141710-21fd457f2b67
2026-10-08T22:05:10.369654Z,github.com/PrOmETHEus/PROMeTHeus,v0.314.0-rc.0.0.20261008141710-21fd457f2b67
2026-10-08T22:05:11.462147Z,github.com/pROMetHeUs/PrOmeTHEus,v0.314.0-rc.0.0.20261008141710-21fd457f2b67
2026-10-08T22:05:11.830227Z,github.com/PromEtHeuS/PRoMETHeuS,v0.314.0-rc.0.0.20261008141710-21fd457f2b67
2026-10-08T22:05:12.273188Z,github.com/lynricsy/blog,v0.0.0-20230629121910-62325f644832
2026-10-08T22:05:12.618909Z,github.com/pRometHEus/pRoMeTHeuS,v0.314.0-rc.0.0.20261008141710-21fd457f2b67
2026-10-08T22:05:13.631233Z,github.com/codyhartsook/kagent/go,v0.0.0-20261008162959-61342ab56f95
2026-10-08T22:05:14.509991Z,github.com/PROmEThEuS/pROMeTHeuS,v0.314.0-rc.0.0.20261008141710-21fd457f2b67
2026-10-08T22:05:14.564156Z,github.com/pRomEthEuS/pRoMetHEus,v0.314.0-rc.0.0.20261008141710-21fd457f2b67
2026-10-08T22:05:15.044266Z,github.com/promEtHeus/proMeTHeus,v0.314.0-rc.0.0.20261008141710-21fd457f2b67
2026-10-08T22:05:15.639709Z,github.com/promeTHEus/proMetHeUS,v0.314.0-rc.0.0.20261008141710-21fd457f2b67
2026-10-08T22:05:16.816253Z,github.com/PrOmEThEus/promEtHEUS,v0.314.0-rc.0.0.20261008141710-21fd457f2b67
2026-10-08T22:05:16.896523Z,github.com/ProMEThEuS/prometHEuS,v0.314.0-rc.0.0.20261008141710-21fd457f2b67
2026-10-08T22:05:17.154619Z,github.com/ProMetHeus/ProMethEuS,v0.314.0-rc.0.0.20261008141710-21fd457f2b67
2026-10-08T22:05:18.072059Z,github.com/pROMeThEuS/pRoMetheuS,v0.314.0-rc.0.0.20261008141710-21fd457f2b67
2026-10-08T22:05:18.1467Z,github.com/pROMeTHEuS/PrOMEthEus,v0.314.0-rc.0.0.20261008141710-21fd457f2b67
2026-10-08T22:05:18.339754Z,github.com/pROMEthEUs/proMETheus,v0.314.0-rc.0.0.20261008141710-21fd457f2b67
2026-10-08T22:05:19.114721Z,github.com/PrOMeThEuS/promEtHeuS,v0.314.0-rc.0.0.20261008141710-21fd457f2b67
2026-10-08T22:05:19.610033Z,github.com/PRomethEus/PROMeTheuS,v0.314.0-rc.0.0.20261008141710-21fd457f2b67
2026-10-08T22:05:19.641366Z,github.com/pRometHEUS/PROMETHeuS,v0.314.0-rc.0.0.20261008141710-21fd457f2b67
2026-10-08T22:05:20.000334Z,github.com/PromEtHeuS/PRoMeTHeuS,v0.314.0-rc.0.0.20261008141710-21fd457f2b67
2026-10-08T22:05:20.399116Z,github.com/prOMETHeus/pRoMEtheUs,v0.314.0-rc.0.0.20261008141710-21fd457f2b67
2026-10-08T22:05:21.54805Z,github.com/ProMEthEUs/PRoMeTheuS,v0.314.0-rc.0.0.20261008141710-21fd457f2b67
2026-10-08T22:05:21.591609Z,github.com/PrOMEtheUs/pRomEThEuS,v0.314.0-rc.0.0.20261008141710-21fd457f2b67
2026-10-08T22:05:21.801976Z,github.com/pROMeTHEuS/pRomEtHeUS,v0.314.0-rc.0.0.20261008141710-21fd457f2b67
2026-10-08T22:05:22.150068Z,github.com/pROmEtheUs/prOMeTHeUS,v0.314.0-rc.0.0.20261008141710-21fd457f2b67
2026-10-08T22:05:22.507153Z,github.com/prOMeThEUs/proMetHEUs,v0.314.0-rc.0.0.20261008141710-21fd457f2b67
2026-10-08T22:05:22.942552Z,github.com/PRoMethEus/pRoMEtHeus,v0.314.0-rc.0.0.20261008141710-21fd457f2b67
2026-10-08T22:05:23.477977Z,github.com/PrOMEtHEUS/pROMETheus,v0.314.0-rc.0.0.20261008141710-21fd457f2b67
2026-10-08T22:05:24.754145Z,github.com/pRoMetHeuS/pROMetHeus,v0.314.0-rc.0.0.20261008141710-21fd457f2b67
2026-10-08T22:05:24.811997Z,github.com/proMEthEUS/pRoMETHeuS,v0.314.0-rc.0.0.20261008141710-21fd457f2b67
2026-10-08T22:05:25.411566Z,github.com/promethEUS/PrOMEtheuS,v0.314.0-rc.0.0.20261008141710-21fd457f2b67
2026-10-08T22:05:26.62169Z,github.com/PRoMETHeuS/promEthEuS,v0.314.0-rc.0.0.20261008141710-21fd457f2b67
2026-10-08T22:05:27.249776Z,github.com/prOMetHeus/PROMethEuS,v0.314.0-rc.0.0.20261008141710-21fd457f2b67
2026-10-08T22:05:27.96929Z,github.com/pRoMEtheUS/promeTheUs,v0.314.0-rc.0.0.20261008141710-21fd457f2b67
2026-10-08T22:05:28.464819Z,github.com/PromethEus/prOMETHeUs,v0.314.0-rc.0.0.20261008141710-21fd457f2b67
2026-10-08T22:05:29.360916Z,github.com/proMEtheuS/pROMETheUs,v0.314.0-rc.0.0.20261008141710-21fd457f2b67
2026-10-08T22:05:31.03068Z,github.com/pROMETHEuS/ProMeThEuS,v0.314.0-rc.0.0.20261008141710-21fd457f2b67
2026-10-08T22:05:31.580343Z,github.com/PrOmeThEUS/PRomeTheus,v0.314.0-rc.0.0.20261008141710-21fd457f2b67
2026-10-08T22:05:31.731328Z,github.com/PROmEthEUS/proMEThEuS,v0.314.0-rc.0.0.20261008141710-21fd457f2b67
2026-10-08T22:05:31.937446Z,github.com/promEtHEus/pROmethEUS,v0.314.0-rc.0.0.20261008141710-21fd457f2b67
2026-10-08T22:05:33.078915Z,github.com/roadrunner-server/sqs/v6,v6.0.0
2026-10-08T22:05:36.708798Z,github.com/PrOMetHEUs/promEtheUs,v0.314.0-rc.0.0.20261008141710-21fd457f2b67
2026-10-08T22:05:37.062093Z,github.com/pRomeTHeUs/prOMeTHEuS,v0.314.0-rc.0.0.20261008141710-21fd457f2b67
2026-10-08T22:05:37.376979Z,github.com/PrOMetHEUS/PROmEtHeuS,v0.314.0-rc.0.0.20261008141710-21fd457f2b67
2026-10-08T22:05:37.983681Z,github.com/AndersonGuilherme/genesis,v1.3.0
2026-10-08T22:05:38.211779Z,github.com/pROMetHEus/pRomEthEUS,v0.314.0-rc.0.0.20261008141710-21fd457f2b67
2026-10-08T22:05:40.00374Z,github.com/PRometHEUs/PRoMEthEus,v0.314.0-rc.0.0.20261008141710-21fd457f2b67
2026-10-08T22:05:40.120398Z,github.com/AlexandruPaun4Ness/ngx-stripe,v14.3.0+incompatible
2026-10-08T22:05:42.926702Z,github.com/roadrunner-server/centrifuge/v6,v6.0.0
2026-10-08T22:05:44.57381Z,github.com/PROmEtHEUs/pROmetheUS,v0.314.0-rc.0.0.20261008141710-21fd457f2b67
2026-10-08T22:05:47.428948Z,github.com/AliceLJY/recallnest,v2.5.4+incompatible
2026-10-08T22:05:53.814273Z,github.com/roadrunner-server/otel/v6,v6.0.0
2026-10-08T22:06:03.569219Z,github.com/prOMETHeuS/PrOmetHEUs,v0.314.0-rc.0.0.20261008141710-21fd457f2b67
2026-10-08T22:06:03.611255Z,github.com/goto/optimus,v0.29.4
2026-10-08T22:06:03.752387Z,github.com/roadrunner-server/beanstalk/v6,v6.0.0
2026-10-08T22:06:09.217383Z,github.com/zeldaret/oot,v0.0.0-20261008185117-ceeb6f35cf69
2026-10-08T22:06:14.59356Z,github.com/Ancienttwo/agentic-dev,v0.19.5
2026-10-08T22:06:16.364524Z,github.com/roadrunner-server/amqp/v6,v6.0.0
2026-10-08T22:06:18.845372Z,github.com/rocq-prover/rocq,v0.0.0-20261008140218-33ec1b11dbf2
2026-10-08T22:06:21.902778Z,github.com/AndyOGo/tailwindcss-nested-groups,v1.2.1
2026-10-08T22:06:31.543354Z,github.com/PromEThEUs/pRoMeTHeuS,v0.314.0-rc.0.0.20261008141710-21fd457f2b67
2026-10-08T22:06:33.718816Z,github.com/twigex/twigex,v0.0.0-20261008214352-8b1d5e3aee8f
2026-10-08T22:06:37.697462Z,github.com/Ancienttwo/repo-harness,v0.19.5
2026-10-08T22:06:49.891853Z,github.com/AndyBeat/clothingshop-nestjs,v3.0.0+incompatible
2026-10-08T22:07:05.456311Z,github.com/Angael/dunes-node,v4.0.0+incompatible
2026-10-08T22:07:16.608327Z,github.com/gt-tech-ai/knowledge-engine,v0.3.1
2026-10-08T22:07:24.238163Z,github.com/AngryKiller/iTunes-bridge,v0.3.0-alpha
2026-10-08T22:07:32.304283Z,github.com/sazardev/wr,v0.0.0-20261008220718-093a0239d1d0
2026-10-08T22:07:55.292166Z,github.com/dolthub/doltlite-driver,v0.50.16
2026-10-08T22:07:57.231498Z,github.com/crydensync/api,v1.9.0
2026-10-08T22:08:13.074141Z,github.com/MaratBR/openlibrary,v0.0.0-20261008154434-43d1c9e6b664
2026-10-08T22:08:30.930075Z,github.com/cybergarage/go-postgresql,v1.6.6-0.20260929055109-3a8773c23383
2026-10-08T22:08:32.733016Z,github.com/AlexanderMoskovkin/qunit-harness,v1.3.7
2026-10-08T22:08:36.464619Z,github.com/rimelabs/rime-api/go,v0.3.0
2026-10-08T22:08:45.062742Z,mcdonnell.dev/JacobMcDonnell.com,v1.3.0
2026-10-08T22:08:54.961854Z,huggingface.co/datasets/tiger-lab/webinstructsub.git,v0.0.0-20241027031923-559b33b6bcd3
2026-10-08T22:08:55.973719Z,huggingface.co/datasets/zwhe99/deepmath-103k.git,v0.0.0-20250529033707-5cf055d1fe3d
2026-10-08T22:08:56.007257Z,github.com/tsynik/torrent,v1.2.32
2026-10-08T22:09:05.874074Z,github.com/parashdev/stock-market-analyzer,v0.0.0-20261008182546-4435475de571
2026-10-08T22:09:09.134366Z,github.com/Google/XNNPACK,v0.0.0-20261008201127-64609c30ea4e
2026-10-08T22:09:12.366211Z,github.com/gael-obin/solution-runtime-go,v0.0.12-0.20261008155648-2f52c97f030a
2026-10-08T22:09:14.828832Z,github.com/AlexanderC/nestjs-iacry,v0.0.9
2026-10-08T22:09:16.948624Z,huggingface.co/datasets/ise-uiuc/Magicoder-OSS-Instruct-75K.git,v0.0.0-20231204103504-5f839b1f368a
2026-10-08T22:09:17.131995Z,huggingface.co/datasets/ise-uiuc/Magicoder-Evol-Instruct-110K.git,v0.0.0-20231228032317-b0079beaa036
2026-10-08T22:09:19.732966Z,huggingface.co/datasets/OpenCoder-llm/opc-sft-stage2.git,v0.0.0-20241124064113-7d28f40d579e
2026-10-08T22:09:19.86817Z,github.com/gael-obin/saas-sdk-go,v0.0.3-0.20261008172929-903f0256c942
2026-10-08T22:09:20.001226Z,huggingface.co/datasets/m-a-p/Code-Feedback.git,v0.0.0-20240226054512-f411b16a97c9
2026-10-08T22:09:44.164184Z,github.com/barthezslavik/reserve,v0.0.0-20261008141809-3b56818a2e74
2026-10-08T22:09:46.975611Z,github.com/tsx97/ink3,v0.0.0-20261008212038-dfa6a44a1d8c
2026-10-08T22:09:48.052969Z,github.com/PesT-ParseR/peSt,v2.9.3-0.20261008082932-3cdfaceadc22+incompatible
2026-10-08T22:09:51.611975Z,github.com/AUSTICCQUALS/CHALLENGES2025,v0.0.0-20250208074009-6a70b25a6c89
2026-10-08T22:10:11.274264Z,github.com/zenta-dev/zever/adapters/billing/stripe,v0.6.2-0.20261008180049-cea8044e9d09
2026-10-08T22:10:12.954272Z,github.com/kaeawc/spectra,v0.0.0-20261008152930-cff0164471ac
2026-10-08T22:10:13.834556Z,github.com/zenta-dev/zever/adapters/notification/twilio,v0.6.2-0.20261008180049-cea8044e9d09
2026-10-08T22:10:28.964793Z,github.com/jehoctor/snadcat,v0.0.1
2026-10-08T22:10:31.900131Z,mcdonnell.dev/sizeof,v1.0.1
2026-10-08T22:10:42.500572Z,github.com/Zearin/bunster,v0.14.1-0.20250824212047-49879cb83998
2026-10-08T22:10:50.747222Z,github.com/MaterializeInc/rust-postgres,v0.13.5-0.20250409123323-c4b473b478b3
2026-10-08T22:11:09.44953Z,github.com/dscho/bunster,v0.0.0-20250205081849-47b2f5d109cf
2026-10-08T22:11:28.903555Z,github.com/pepa65/bunster,v0.13.1-0.20250821033831-d803d993fab7
2026-10-08T22:11:29.814184Z,github.com/PagerDuty/terraform-provider-pagerduty,v1.11.1-0.20260225195526-0df8bf98431b
2026-10-08T22:11:29.87354Z,github.com/Mibokess/grapes,v0.1.11-0.20261008221052-0bfdcd19e79d
2026-10-08T22:11:40.44338Z,github.com/simonw/bunster,v0.7.1-0.20250123162620-4af8b3b5b0c3
2026-10-08T22:11:40.542733Z,github.com/roatienza/deep-text-recognition-benchmark,v0.0.1-experimental
2026-10-08T22:11:44.960598Z,github.com/pwconsultant/fabric,v1.4.114
2026-10-08T22:11:45.303406Z,github.com/prothegee/erposfnb-protobuf,v0.0.0-20261008215731-96bb3a19e578
2026-10-08T22:11:54.629185Z,github.com/sitedata/bunster,v0.0.0-20250124132644-5aa5fc79b12f
2026-10-08T22:12:07.979522Z,github.com/uli-heller/bunster,v0.13.1-0.20250430194926-46d0447d1147
2026-10-08T22:12:09.92407Z,github.com/meterd-io/meterd-go,v0.0.0-20260321235540-cc86864576cf
2026-10-08T22:12:29.026401Z,github.com/angrykiller/itunes-bridge,v0.1.6-alpha
2026-10-08T22:12:34.06695Z,github.com/yunz-dev/bunster,v0.0.0-20250323002117-8214eb4b0390
2026-10-08T22:12:42.708946Z,github.com/olekukonko/tablewriter,v0.0.0-20150227063747-df60f69466cb
2026-10-08T22:13:29.901158Z,github.com/grest-ts/grest-ts,v0.0.71
2026-10-08T22:13:32.201867Z,github.com/prizmalai/prizmal-cli,v0.2.1-0.20261008101705-e5dad243dba4
2026-10-08T22:13:41.749133Z,github.com/i582/noverify,v0.4.2-0.20210829153228-693e3c03a2b7
2026-10-08T22:14:20.452621Z,github.com/SoftKiwiGames/zen,v0.11.1
2026-10-08T22:14:41.033872Z,github.com/moby/docker/v2,v2.0.0-20260930191151-8af9fe3a36ba
2026-10-08T22:14:49.399899Z,github.com/openfrontio/OpenFrontIO,v0.12.5
2026-10-08T22:15:02.960929Z,github.com/Multiprocessio/go-sqlite3-stdlib,v0.0.0-20220822170115-9f6825a1cd25
2026-10-08T22:15:14.600829Z,github.com/zearin/bunster,v0.14.0
2026-10-08T22:15:21.525068Z,github.com/softkiwigames/zen,v0.11.1
2026-10-08T22:15:23.896269Z,github.com/carbon-design-system/carbon-components-svelte,v0.113.1
2026-10-08T22:15:43.441992Z,github.com/andyogo/tailwindcss-nested-groups,v1.2.1
2026-10-08T22:16:10.601028Z,github.com/dramforever/crc-reveng,v0.0.0-20211230141622-a530ca0510d0
2026-10-08T22:16:17.3312Z,github.com/brmaccath/Table-of-Contents,v0.0.0-20261008191925-a670c340a9fa
2026-10-08T22:16:22.708776Z,github.com/hanser0521/Wave-TOC,v0.0.0-20260929023728-2aca1db5cabb
2026-10-08T22:16:22.836798Z,github.com/muzi-xiaoren/Obsidian--TOC--reader,v0.0.0-20260903140937-f87b828640e7
2026-10-08T22:16:23.36884Z,github.com/canonical/ubuntu-pro-for-wsl/end-to-end,v0.0.0-20261008195507-2939ebef4d7a
2026-10-08T22:17:25.269218Z,github.com/open4go/model,v0.0.25
2026-10-08T22:17:41.328368Z,github.com/Amsterdam/design-system,v0.0.0-20261008142403-cdda588cb774
2026-10-08T22:17:43.026807Z,github.com/ruby/uri,v1.1.2
2026-10-08T22:17:47.104795Z,github.com/thedemons/opentele,v0.0.0-20240715034939-1a6f0816eac4
2026-10-08T22:17:59.035076Z,github.com/it-at-M/Wahllokalsystem,v0.0.0-20261008152750-fba96d3a68d9
2026-10-08T22:18:38.752926Z,github.com/vectorizedio/redpanda,v0.0.0-20261008141047-4254992f6115
2026-10-08T22:19:02.351325Z,github.com/PESt-PArser/PEst,v2.0.1-pest+incompatible
2026-10-08T22:19:07.36789Z,github.com/PEST-pArSer/PeSt,v2.0.1-pest+incompatible
2026-10-08T22:19:16.286234Z,github.com/PEsT-PaRSeR/PeST,v2.0.1-pest+incompatible
2026-10-08T22:19:16.865851Z,github.com/kubernetes-csi/csi-proxy/client,v1.2.1-0.20261007171601-786b126284c0
2026-10-08T22:19:17.94924Z,gopkg.in/AustICCQuals/Challenges2025.v0,v0.0.0-20250208074009-6a70b25a6c89
2026-10-08T22:19:25.301501Z,github.com/PEst-pARSER/pESt,v2.0.1-pest+incompatible
2026-10-08T22:19:28.570145Z,go.nyet.org/xdfkit,v0.0.2
